__time,/tool_pose/header/header/stamp,/tool_pose/pose/orientation/pitch,/tool_pose/pose/orientation/roll,/tool_pose/pose/orientation/w,/tool_pose/pose/orientation/x,/tool_pose/pose/orientation/y,/tool_pose/pose/orientation/yaw,/tool_pose/pose/orientation/z,/tool_pose/pose/position/x,/tool_pose/pose/position/y,/tool_pose/pose/position/z
1766484208.140611,1766484208.140489101,0.000001193,3.141585197,0.000001978,0.382688845,0.923877290,2.356182772,0.000003216,0.433718414,0.078290161,0.440002655
1766484208.155617,1766484208.155491114,0.000001193,3.141585197,0.000001978,0.382688845,0.923877290,2.356182772,0.000003216,0.433718414,0.078290161,0.440002655
1766484208.170906,1766484208.170589209,0.000001193,3.141585197,0.000001978,0.382688845,0.923877290,2.356182772,0.000003216,0.433718414,0.078290161,0.440002655
1766484208.185651,1766484208.185497522,0.000001193,3.141585197,0.000001978,0.382688845,0.923877290,2.356182772,0.000003216,0.433718414,0.078290161,0.440002655
1766484208.200592,1766484208.200488329,0.000001193,3.141585197,0.000001978,0.382688845,0.923877290,2.356182772,0.000003216,0.433718414,0.078290161,0.440002655
1766484208.215618,1766484208.215499401,0.000001193,3.141585197,0.000001978,0.382688845,0.923877290,2.356182772,0.000003216,0.433718414,0.078290161,0.440002655
1766484208.230619,1766484208.230496168,0.000001193,3.141585197,0.000001978,0.382688845,0.923877290,2.356182772,0.000003216,0.433718414,0.078290161,0.440002655
1766484208.245599,1766484208.245491982,0.000001193,3.141585197,0.000001978,0.382688845,0.923877290,2.356182772,0.000003216,0.433718414,0.078290161,0.440002655
1766484208.260595,1766484208.260487318,0.000001193,3.141585197,0.000001978,0.382688845,0.923877290,2.356182772,0.000003216,0.433718414,0.078290161,0.440002655
1766484208.275662,1766484208.275502920,0.000001193,3.141585197,0.000001978,0.382688845,0.923877290,2.356182772,0.000003216,0.433718414,0.078290161,0.440002655
1766484208.290655,1766484208.290498972,0.000001193,3.141585197,0.000001978,0.382688845,0.923877290,2.356182772,0.000003216,0.433718414,0.078290161,0.440002655
1766484208.305630,1766484208.305501699,0.000001193,3.141585197,0.000001978,0.382688845,0.923877290,2.356182772,0.000003216,0.433718414,0.078290161,0.440002655
1766484208.320567,1766484208.320482731,0.000001193,3.141585197,0.000001978,0.382688845,0.923877290,2.356182772,0.000003216,0.433718414,0.078290161,0.440002655
1766484208.335668,1766484208.335497141,0.000001193,3.141585197,0.000001978,0.382688845,0.923877290,2.356182772,0.000003216,0.433718414,0.078290161,0.440002655
1766484208.350549,1766484208.350481033,0.000001193,3.141585197,0.000001978,0.382688845,0.923877290,2.356182772,0.000003216,0.433718414,0.078290161,0.440002655
1766484208.365658,1766484208.365507603,0.000001193,3.141585197,0.000001978,0.382688845,0.923877290,2.356182772,0.000003216,0.433718414,0.078290161,0.440002655
1766484208.380613,1766484208.380500555,0.000001193,3.141585197,0.000001978,0.382688845,0.923877290,2.356182772,0.000003216,0.433718414,0.078290161,0.440002655
1766484208.395572,1766484208.395487070,0.000001193,3.141585197,0.000001978,0.382688845,0.923877290,2.356182772,0.000003216,0.433718414,0.078290161,0.440002655
1766484208.410826,1766484208.410550594,0.000001193,3.141585197,0.000001978,0.382688845,0.923877290,2.356182772,0.000003216,0.433718414,0.078290161,0.440002655
1766484208.425599,1766484208.425498009,0.000001193,3.141585197,0.000001978,0.382688845,0.923877290,2.356182772,0.000003216,0.433718414,0.078290161,0.440002655
1766484208.440596,1766484208.440499783,0.000001193,3.141585197,0.000001978,0.382688845,0.923877290,2.356182772,0.000003216,0.433718414,0.078290161,0.440002655
1766484208.455599,1766484208.455497742,0.000001193,3.141585197,0.000001978,0.382688845,0.923877290,2.356182772,0.000003216,0.433718414,0.078290161,0.440002655
1766484208.470668,1766484208.470513821,0.000001193,3.141585197,0.000001978,0.382688845,0.923877290,2.356182772,0.000003216,0.433718414,0.078290161,0.440002655
1766484208.485625,1766484208.485505104,0.000001193,3.141585197,0.000001978,0.382688845,0.923877290,2.356182772,0.000003216,0.433718414,0.078290161,0.440002655
1766484208.500630,1766484208.500511169,0.000001193,3.141585197,0.000001978,0.382688845,0.923877290,2.356182772,0.000003216,0.433718414,0.078290161,0.440002655
1766484208.515586,1766484208.515493631,0.000001193,3.141585197,0.000001978,0.382688845,0.923877290,2.356182772,0.000003216,0.433718414,0.078290161,0.440002655
1766484208.530582,1766484208.530496836,0.000001193,3.141585197,0.000001978,0.382688845,0.923877290,2.356182772,0.000003216,0.433718414,0.078290161,0.440002655
1766484208.545621,1766484208.545515060,0.000001193,3.141585197,0.000001978,0.382688845,0.923877290,2.356182772,0.000003216,0.433718414,0.078290161,0.440002655
1766484208.560732,1766484208.560541630,0.000001193,3.141585197,0.000001978,0.382688845,0.923877290,2.356182772,0.000003216,0.433718414,0.078290161,0.440002655
1766484208.575660,1766484208.575518131,0.000001193,3.141585197,0.000001978,0.382688845,0.923877290,2.356182772,0.000003216,0.433718414,0.078290161,0.440002655
1766484208.590633,1766484208.590515852,0.000001193,3.141585197,0.000001978,0.382688845,0.923877290,2.356182772,0.000003216,0.433718414,0.078290161,0.440002655
1766484208.605622,1766484208.605514526,0.000001193,3.141585197,0.000001978,0.382688845,0.923877290,2.356182772,0.000003216,0.433718414,0.078290161,0.440002655
1766484208.620631,1766484208.620519876,0.000001193,3.141585197,0.000001978,0.382688845,0.923877290,2.356182772,0.000003216,0.433718414,0.078290161,0.440002655
1766484208.635623,1766484208.635520458,0.000001193,3.141585197,0.000001978,0.382688845,0.923877290,2.356182772,0.000003216,0.433718414,0.078290161,0.440002655
1766484208.650562,1766484208.650501490,0.000001193,3.141585197,0.000001978,0.382688845,0.923877290,2.356182772,0.000003216,0.433718414,0.078290161,0.440002655
1766484208.665912,1766484208.665616989,0.000001193,3.141585197,0.000001978,0.382688845,0.923877290,2.356182772,0.000003216,0.433718414,0.078290161,0.440002655
1766484208.680679,1766484208.680536032,0.000001193,3.141585197,0.000001978,0.382688845,0.923877290,2.356182772,0.000003216,0.433718414,0.078290161,0.440002655
1766484208.695661,1766484208.695530891,0.000001193,3.141585197,0.000001978,0.382688845,0.923877290,2.356182772,0.000003216,0.433718414,0.078290161,0.440002655
1766484208.710633,1766484208.710525036,0.000001193,3.141585197,0.000001978,0.382688845,0.923877290,2.356182772,0.000003216,0.433718414,0.078290161,0.440002655
1766484208.725625,1766484208.725518227,0.000001193,3.141585197,0.000001978,0.382688845,0.923877290,2.356182772,0.000003216,0.433718414,0.078290161,0.440002655
1766484208.740643,1766484208.740526915,0.000001193,3.141585197,0.000001978,0.382688845,0.923877290,2.356182772,0.000003216,0.433718414,0.078290161,0.440002655
1766484208.755621,1766484208.755517483,0.000001193,3.141585197,0.000001978,0.382688845,0.923877290,2.356182772,0.000003216,0.433718414,0.078290161,0.440002655
1766484208.770640,1766484208.770526171,0.000001193,3.141585197,0.000001978,0.382688845,0.923877290,2.356182772,0.000003216,0.433718414,0.078290161,0.440002655
1766484208.785596,1766484208.785512686,0.000001193,3.141585197,0.000001978,0.382688845,0.923877290,2.356182772,0.000003216,0.433718414,0.078290161,0.440002655
1766484208.800622,1766484208.800525188,0.000001193,3.141585197,0.000001978,0.382688845,0.923877290,2.356182772,0.000003216,0.433718414,0.078290161,0.440002655
1766484208.815666,1766484208.815525770,0.000001193,3.141585197,0.000001978,0.382688845,0.923877290,2.356182772,0.000003216,0.433718414,0.078290161,0.440002655
1766484208.830589,1766484208.830514908,0.000001193,3.141585197,0.000001978,0.382688845,0.923877290,2.356182772,0.000003216,0.433718414,0.078290161,0.440002655
1766484208.845639,1766484208.845529795,0.000001193,3.141585197,0.000001978,0.382688845,0.923877290,2.356182772,0.000003216,0.433718414,0.078290161,0.440002655
1766484208.860622,1766484208.860525131,0.000001193,3.141585197,0.000001978,0.382688845,0.923877290,2.356182772,0.000003216,0.433718414,0.078290161,0.440002655
1766484208.875630,1766484208.875533581,0.000001193,3.141585197,0.000001978,0.382688845,0.923877290,2.356182772,0.000003216,0.433718414,0.078290161,0.440002655
1766484208.890632,1766484208.890531063,0.000000000,3.141591056,0.000000306,0.382688845,0.923877290,2.356182772,0.000000738,0.433717712,0.078289833,0.439999420
1766484208.905619,1766484208.905532122,0.000000000,3.141591056,0.000000306,0.382688845,0.923877290,2.356182772,0.000000738,0.433717712,0.078289833,0.439999420
1766484208.920607,1766484208.920527697,0.000000000,3.141591056,0.000000306,0.382688845,0.923877290,2.356182772,0.000000738,0.433717712,0.078289833,0.439999420
1766484208.935616,1766484208.935523510,0.000000000,3.141591056,0.000000306,0.382688845,0.923877290,2.356182772,0.000000738,0.433717712,0.078289833,0.439999420
1766484208.950598,1766484208.950524569,0.000000000,3.141591056,0.000000306,0.382688845,0.923877290,2.356182772,0.000000738,0.433717712,0.078289833,0.439999420
1766484208.965786,1766484208.965579510,0.000000000,3.141591056,0.000000306,0.382688845,0.923877290,2.356182772,0.000000738,0.433717712,0.078289833,0.439999420
1766484208.980615,1766484208.980532408,0.000000000,3.141591056,0.000000306,0.382688845,0.923877290,2.356182772,0.000000738,0.433717712,0.078289833,0.439999420
1766484208.995619,1766484208.995534182,0.000000000,3.141591056,0.000000306,0.382688845,0.923877290,2.356182772,0.000000738,0.433717712,0.078289833,0.439999420
1766484209.010643,1766484209.010536432,0.000000000,3.141591056,0.000000306,0.382688845,0.923877290,2.356182772,0.000000738,0.433717712,0.078289833,0.439999420
1766484209.025635,1766484209.025538683,0.000000000,3.141591056,0.000000306,0.382688845,0.923877290,2.356182772,0.000000738,0.433717712,0.078289833,0.439999420
1766484209.040677,1766484209.040551901,0.000000000,3.141591056,0.000000306,0.382688845,0.923877290,2.356182772,0.000000738,0.433717712,0.078289833,0.439999420
1766484209.055740,1766484209.055566788,0.000000000,3.141591056,0.000000306,0.382688845,0.923877290,2.356182772,0.000000738,0.433717712,0.078289833,0.439999420
1766484209.070643,1766484209.070540667,0.000000000,3.141591056,0.000000306,0.382688845,0.923877290,2.356182772,0.000000738,0.433717712,0.078289833,0.439999420
1766484209.085636,1766484209.085536003,0.000000000,3.141591056,0.000000306,0.382688845,0.923877290,2.356182772,0.000000738,0.433717712,0.078289833,0.439999420
1766484209.100646,1766484209.100536823,0.000000000,3.141591056,0.000000306,0.382688845,0.923877290,2.356182772,0.000000738,0.433717712,0.078289833,0.439999420
1766484209.115622,1766484209.115531445,0.000000000,3.141591056,0.000000306,0.382688845,0.923877290,2.356182772,0.000000738,0.433717712,0.078289833,0.439999420
1766484209.130615,1766484209.130536795,0.000000000,3.141591056,0.000000306,0.382688845,0.923877290,2.356182772,0.000000738,0.433717712,0.078289833,0.439999420
1766484209.145706,1766484209.145562887,0.000000000,3.141591056,0.000000306,0.382688845,0.923877290,2.356182772,0.000000738,0.433717712,0.078289833,0.439999420
1766484209.160626,1766484209.160545349,0.000000000,3.141591056,0.000000306,0.382688845,0.923877290,2.356182772,0.000000738,0.433717712,0.078289833,0.439999420
1766484209.175626,1766484209.175543308,0.000000000,3.141591056,0.000000306,0.382688845,0.923877290,2.356182772,0.000000738,0.433717712,0.078289833,0.439999420
1766484209.190626,1766484209.190542698,0.000000000,3.141591056,0.000000306,0.382688845,0.923877290,2.356182772,0.000000738,0.433717712,0.078289833,0.439999420
1766484209.205848,1766484209.205598354,0.000000000,3.141591056,0.000000306,0.382688845,0.923877290,2.356182772,0.000000738,0.433717712,0.078289833,0.439999420
1766484209.220763,1766484209.220573187,0.000000000,3.141591056,0.000000306,0.382688845,0.923877290,2.356182772,0.000000738,0.433717712,0.078289833,0.439999420
1766484209.235679,1766484209.235566616,0.000000000,3.141591056,0.000000306,0.382688845,0.923877290,2.356182772,0.000000738,0.433717712,0.078289833,0.439999420
1766484209.250629,1766484209.250545263,0.000000000,3.141591056,0.000000306,0.382688845,0.923877290,2.356182772,0.000000738,0.433717712,0.078289833,0.439999420
1766484209.265630,1766484209.265546560,0.000000000,3.141591056,0.000000306,0.382688845,0.923877290,2.356182772,0.000000738,0.433717712,0.078289833,0.439999420
1766484209.280610,1766484209.280543566,0.000000000,3.141591056,0.000000306,0.382688845,0.923877290,2.356182772,0.000000738,0.433717712,0.078289833,0.439999420
1766484209.295602,1766484209.295540333,0.000000000,3.141591056,0.000000306,0.382688845,0.923877290,2.356182772,0.000000738,0.433717712,0.078289833,0.439999420
1766484209.310623,1766484209.310549736,0.000000000,3.141591056,0.000000306,0.382688845,0.923877290,2.356182772,0.000000738,0.433717712,0.078289833,0.439999420
1766484209.325631,1766484209.325550556,0.000000000,3.141591056,0.000000306,0.382688845,0.923877290,2.356182772,0.000000738,0.433717712,0.078289833,0.439999420
1766484209.340665,1766484209.340559483,0.000000000,3.141591056,0.000000306,0.382688845,0.923877290,2.356182772,0.000000738,0.433717712,0.078289833,0.439999420
1766484209.355655,1766484209.355557919,0.000000000,3.141591056,0.000000306,0.382688845,0.923877290,2.356182772,0.000000738,0.433717712,0.078289833,0.439999420
1766484209.370662,1766484209.370564938,0.000000000,3.141591056,0.000000306,0.382688845,0.923877290,2.356182772,0.000000738,0.433717712,0.078289833,0.439999420
1766484209.385644,1766484209.385556936,0.000000000,3.141591056,0.000000306,0.382688845,0.923877290,2.356182772,0.000000738,0.433717712,0.078289833,0.439999420
1766484209.400675,1766484209.400566578,0.000000000,3.141591056,0.000000306,0.382688845,0.923877290,2.356182772,0.000000738,0.433717712,0.078289833,0.439999420
1766484209.415686,1766484209.415569544,0.000000000,3.141591056,0.000000306,0.382688845,0.923877290,2.356182772,0.000000738,0.433717712,0.078289833,0.439999420
1766484209.430657,1766484209.430564642,0.000000000,3.141591056,0.000000306,0.382688845,0.923877290,2.356182772,0.000000738,0.433717712,0.078289833,0.439999420
1766484209.445674,1766484209.445568323,0.000000000,3.141591056,0.000000306,0.382688845,0.923877290,2.356182772,0.000000738,0.433717712,0.078289833,0.439999420
1766484209.460652,1766484209.460564137,0.000000000,3.141591056,0.000000306,0.382688845,0.923877290,2.356182772,0.000000738,0.433717712,0.078289833,0.439999420
1766484209.475710,1766484209.475582600,0.000000000,3.141591056,0.000000306,0.382688845,0.923877290,2.356182772,0.000000738,0.433717712,0.078289833,0.439999420
1766484209.490638,1766484209.490560770,0.000000000,3.141591056,0.000000306,0.382688845,0.923877290,2.356182772,0.000000738,0.433717712,0.078289833,0.439999420
1766484209.505702,1766484209.505569935,0.000000000,3.141591056,0.000000306,0.382688845,0.923877290,2.356182772,0.000000738,0.433717712,0.078289833,0.439999420
1766484209.520667,1766484209.520567179,0.000000000,3.141591056,0.000000306,0.382688845,0.923877290,2.356182772,0.000000738,0.433717712,0.078289833,0.439999420
1766484209.535681,1766484209.535577297,0.000000000,3.141591056,0.000000306,0.382688845,0.923877290,2.356182772,0.000000738,0.433717712,0.078289833,0.439999420
1766484209.550662,1766484209.550563335,0.000000000,3.141591056,0.000000306,0.382688845,0.923877290,2.356182772,0.000000738,0.433717712,0.078289833,0.439999420
1766484209.565674,1766484209.565571308,0.000000000,3.141591056,0.000000306,0.382688845,0.923877290,2.356182772,0.000000738,0.433717712,0.078289833,0.439999420
1766484209.580654,1766484209.580566645,0.000000000,3.141591056,0.000000306,0.382688845,0.923877290,2.356182772,0.000000738,0.433717712,0.078289833,0.439999420
1766484209.595647,1766484209.595568419,0.000000000,3.141591056,0.000000306,0.382688845,0.923877290,2.356182772,0.000000738,0.433717712,0.078289833,0.439999420
1766484209.610661,1766484209.610566139,0.000000000,3.141591056,0.000000306,0.382688845,0.923877290,2.356182772,0.000000738,0.433717712,0.078289833,0.439999420
1766484209.625627,1766484209.625563383,0.000000000,3.141591056,0.000000306,0.382688845,0.923877290,2.356182772,0.000000738,0.433717712,0.078289833,0.439999420
1766484209.640684,1766484209.640582323,0.000000000,3.141591056,0.000000306,0.382688845,0.923877290,2.356182772,0.000000738,0.433717712,0.078289833,0.439999420
1766484209.655657,1766484209.655572414,0.000000000,3.141591056,0.000000306,0.382688845,0.923877290,2.356182772,0.000000738,0.433717712,0.078289833,0.439999420
1766484209.670690,1766484209.670586824,0.000000000,3.141591056,0.000000306,0.382688845,0.923877290,2.356182772,0.000000738,0.433717712,0.078289833,0.439999420
1766484209.685633,1766484209.685566902,0.000000000,3.141591056,0.000000306,0.382688845,0.923877290,2.356182772,0.000000738,0.433717712,0.078289833,0.439999420
1766484209.700665,1766484209.700578690,0.000000000,3.141591056,0.000000306,0.382688845,0.923877290,2.356182772,0.000000738,0.433717712,0.078289833,0.439999420
1766484209.715709,1766484209.715599060,0.000000000,3.141591056,0.000000306,0.382688845,0.923877290,2.356182772,0.000000738,0.433717712,0.078289833,0.439999420
1766484209.730682,1766484209.730587721,0.000000000,3.141591056,0.000000306,0.382688845,0.923877290,2.356182772,0.000000738,0.433717712,0.078289833,0.439999420
1766484209.745672,1766484209.745583773,0.000000000,3.141591056,0.000000306,0.382688845,0.923877290,2.356182772,0.000000738,0.433717712,0.078289833,0.439999420
1766484209.760680,1766484209.760590076,0.000000000,3.141591056,0.000000306,0.382688845,0.923877290,2.356182772,0.000000738,0.433717712,0.078289833,0.439999420
1766484209.775666,1766484209.775583267,0.000000000,3.141591056,0.000000306,0.382688845,0.923877290,2.356182772,0.000000738,0.433717712,0.078289833,0.439999420
1766484209.790663,1766484209.790584326,0.000000000,3.141591056,0.000000306,0.382688845,0.923877290,2.356182772,0.000000738,0.433717712,0.078289833,0.439999420
1766484209.805705,1766484209.805593967,0.000000000,3.141591056,0.000000306,0.382688845,0.923877290,2.356182772,0.000000738,0.433717712,0.078289833,0.439999420
1766484209.820737,1766484209.820611000,0.000000000,3.141591056,0.000000306,0.382688845,0.923877290,2.356182772,0.000000738,0.433717712,0.078289833,0.439999420
1766484209.835708,1766484209.835600615,0.000000000,3.141591056,0.000000306,0.382688845,0.923877290,2.356182772,0.000000738,0.433717712,0.078289833,0.439999420
1766484209.850660,1766484209.850583553,0.000000000,3.141591056,0.000000306,0.382688845,0.923877290,2.356182772,0.000000738,0.433717712,0.078289833,0.439999420
1766484209.865830,1766484209.865608692,0.000000000,3.141591056,0.000000306,0.382688845,0.923877290,2.356182772,0.000000738,0.433717712,0.078289833,0.439999420
1766484209.880688,1766484209.880594969,0.000000000,3.141591056,0.000000306,0.382688845,0.923877290,2.356182772,0.000000738,0.433717712,0.078289833,0.439999420
1766484209.895686,1766484209.895596743,0.000000000,3.141591056,0.000000306,0.382688845,0.923877290,2.356182772,0.000000738,0.433717712,0.078289833,0.439999420
1766484209.910743,1766484209.910611391,0.000000000,3.141591056,0.000000306,0.382688845,0.923877290,2.356182772,0.000000738,0.433717712,0.078289833,0.439999420
1766484209.925737,1766484209.925609350,0.000000000,3.141591056,0.000000306,0.382688845,0.923877290,2.356182772,0.000000738,0.433717712,0.078289833,0.439999420
1766484209.940720,1766484209.940608263,0.000000000,3.141591056,0.000000306,0.382688845,0.923877290,2.356182772,0.000000738,0.433717712,0.078289833,0.439999420
1766484209.955696,1766484209.955599308,0.000000000,3.141591056,0.000000306,0.382688845,0.923877290,2.356182772,0.000000738,0.433717712,0.078289833,0.439999420
1766484209.970680,1766484209.970597506,0.000000000,3.141591056,0.000000306,0.382688845,0.923877290,2.356182772,0.000000738,0.433717712,0.078289833,0.439999420
1766484209.985675,1766484209.985592604,0.000000000,3.141591056,0.000000306,0.382688845,0.923877290,2.356182772,0.000000738,0.433717712,0.078289833,0.439999420
1766484210.000670,1766484210.000597477,0.000000000,3.141591056,0.000000306,0.382688845,0.923877290,2.356182772,0.000000738,0.433717712,0.078289833,0.439999420
1766484210.015731,1766484210.015609503,0.000000000,3.141591056,0.000000306,0.382688845,0.923877290,2.356182772,0.000000738,0.433717712,0.078289833,0.439999420
1766484210.030693,1766484210.030606508,0.000000000,3.141591056,0.000000306,0.382688845,0.923877290,2.356182772,0.000000738,0.433717712,0.078289833,0.439999420
1766484210.045710,1766484210.045608521,0.000000000,3.141591056,0.000000306,0.382688845,0.923877290,2.356182772,0.000000738,0.433717712,0.078289833,0.439999420
1766484210.060699,1766484210.060611963,0.000000000,3.141591056,0.000000306,0.382688845,0.923877290,2.356182772,0.000000738,0.433717712,0.078289833,0.439999420
1766484210.075686,1766484210.075604677,0.000000000,3.141591056,0.000000306,0.382688845,0.923877290,2.356182772,0.000000738,0.433717712,0.078289833,0.439999420
1766484210.090706,1766484210.090614319,0.000000000,3.141591056,0.000000306,0.382688845,0.923877290,2.356182772,0.000000738,0.433717712,0.078289833,0.439999420
1766484210.105781,1766484210.105637074,0.000000000,3.141591056,0.000000306,0.382688845,0.923877290,2.356182772,0.000000738,0.433717712,0.078289833,0.439999420
1766484210.120724,1766484210.120620012,0.000000000,3.141591056,0.000000306,0.382688845,0.923877290,2.356182772,0.000000738,0.433717712,0.078289833,0.439999420
1766484210.135774,1766484210.135630846,0.000000000,3.141591056,0.000000306,0.382688845,0.923877290,2.356182772,0.000000738,0.433717712,0.078289833,0.439999420
1766484210.150696,1766484210.150612116,0.000000000,3.141591056,0.000000306,0.382688845,0.923877290,2.356182772,0.000000738,0.433717712,0.078289833,0.439999420
1766484210.165786,1766484210.165637732,0.000000000,3.141591056,0.000000306,0.382688845,0.923877290,2.356182772,0.000000738,0.433717712,0.078289833,0.439999420
1766484210.180721,1766484210.180622101,0.000000000,3.141591056,0.000000306,0.382688845,0.923877290,2.356182772,0.000000738,0.433717712,0.078289833,0.439999420
1766484210.195686,1766484210.195615053,0.000000000,3.141591056,0.000000306,0.382688845,0.923877290,2.356182772,0.000000738,0.433717712,0.078289833,0.439999420
1766484210.210906,1766484210.210676193,0.000000000,3.141591056,0.000000306,0.382688845,0.923877290,2.356182772,0.000000738,0.433717712,0.078289833,0.439999420
1766484210.225746,1766484210.225629568,0.000000000,3.141591056,0.000000306,0.382688845,0.923877290,2.356182772,0.000000738,0.433717712,0.078289833,0.439999420
1766484210.240718,1766484210.240622759,0.000000000,3.141591056,0.000000306,0.382688845,0.923877290,2.356182772,0.000000738,0.433717712,0.078289833,0.439999420
1766484210.255672,1766484210.255609989,0.000000000,3.141591056,0.000000306,0.382688845,0.923877290,2.356182772,0.000000738,0.433717712,0.078289833,0.439999420
1766484210.270706,1766484210.270617962,0.000000000,3.141591056,0.000000306,0.382688845,0.923877290,2.356182772,0.000000738,0.433717712,0.078289833,0.439999420
1766484210.285677,1766484210.285614014,0.000000000,3.141591056,0.000000306,0.382688845,0.923877290,2.356182772,0.000000738,0.433717712,0.078289833,0.439999420
1766484210.300732,1766484210.300627708,0.000000000,3.141591056,0.000000306,0.382688845,0.923877290,2.356182772,0.000000738,0.433717712,0.078289833,0.439999420
1766484210.315682,1766484210.315615177,0.000000000,3.141591056,0.000000306,0.382688845,0.923877290,2.356182772,0.000000738,0.433717712,0.078289833,0.439999420
1766484210.330685,1766484210.330617428,0.000000000,3.141591056,0.000000306,0.382688845,0.923877290,2.356182772,0.000000738,0.433717712,0.078289833,0.439999420
1766484210.345734,1766484210.345632076,0.000000000,3.141591056,0.000000306,0.382688845,0.923877290,2.356182772,0.000000738,0.433717712,0.078289833,0.439999420
1766484210.360784,1766484210.360644341,0.000000000,3.141591056,0.000000306,0.382688845,0.923877290,2.356182772,0.000000738,0.433717712,0.078289833,0.439999420
1766484210.375781,1766484210.375646114,0.000000000,3.141591056,0.000000306,0.382688845,0.923877290,2.356182772,0.000000738,0.433717712,0.078289833,0.439999420
1766484210.390687,1766484210.390619516,0.000000000,3.141591056,0.000000306,0.382688845,0.923877290,2.356182772,0.000000738,0.433717712,0.078289833,0.439999420
1766484210.405727,1766484210.405632496,0.000000000,3.141591056,0.000000306,0.382688845,0.923877290,2.356182772,0.000000738,0.433717712,0.078289833,0.439999420
1766484210.420712,1766484210.420621157,0.000000000,3.141591056,0.000000306,0.382688845,0.923877290,2.356182772,0.000000738,0.433717712,0.078289833,0.439999420
1766484210.435713,1766484210.435625076,0.000000000,3.141591056,0.000000306,0.382688845,0.923877290,2.356182772,0.000000738,0.433717712,0.078289833,0.439999420
1766484210.450686,1766484210.450623274,0.000000000,3.141591056,0.000000306,0.382688845,0.923877290,2.356182772,0.000000738,0.433717712,0.078289833,0.439999420
1766484210.465671,1766484210.465622902,0.000000000,3.141591056,0.000000306,0.382688845,0.923877290,2.356182772,0.000000738,0.433717712,0.078289833,0.439999420
1766484210.480699,1766484210.480629206,0.000000000,3.141591056,0.000000306,0.382688845,0.923877290,2.356182772,0.000000738,0.433717712,0.078289833,0.439999420
1766484210.495772,1766484210.495656490,0.000000000,3.141591056,0.000000306,0.382688845,0.923877290,2.356182772,0.000000738,0.433717712,0.078289833,0.439999420
1766484210.510711,1766484210.510635376,0.000000000,3.141591056,0.000000306,0.382688845,0.923877290,2.356182772,0.000000738,0.433717712,0.078289833,0.439999420
1766484210.525711,1766484210.525635719,0.000000000,3.141591056,0.000000306,0.382688845,0.923877290,2.356182772,0.000000738,0.433717712,0.078289833,0.439999420
1766484210.540707,1766484210.540634871,0.000000000,3.141591056,0.000000306,0.382688845,0.923877290,2.356182772,0.000000738,0.433717712,0.078289833,0.439999420
1766484210.555699,1766484210.555631161,0.000000000,3.141591056,0.000000306,0.382688845,0.923877290,2.356182772,0.000000738,0.433717712,0.078289833,0.439999420
1766484210.570688,1766484210.570629597,0.000000000,3.141591056,0.000000306,0.382688845,0.923877290,2.356182772,0.000000738,0.433717712,0.078289833,0.439999420
1766484210.585705,1766484210.585634470,0.000000000,3.141591056,0.000000306,0.382688845,0.923877290,2.356182772,0.000000738,0.433717712,0.078289833,0.439999420
1766484210.600718,1766484210.600641727,0.000000000,3.141591056,0.000000306,0.382688845,0.923877290,2.356182772,0.000000738,0.433717712,0.078289833,0.439999420
1766484210.615804,1766484210.615651369,0.000000000,3.141591056,0.000000306,0.382688845,0.923877290,2.356182772,0.000000738,0.433717712,0.078289833,0.439999420
1766484210.630712,1766484210.630639553,0.000000000,3.141591056,0.000000306,0.382688845,0.923877290,2.356182772,0.000000738,0.433717712,0.078289833,0.439999420
1766484210.645741,1766484210.645644903,0.000000000,3.141591056,0.000000306,0.382688845,0.923877290,2.356182772,0.000000738,0.433717712,0.078289833,0.439999420
1766484210.660720,1766484210.660642624,0.000000000,3.141591056,0.000000306,0.382688845,0.923877290,2.356182772,0.000000738,0.433717712,0.078289833,0.439999420
1766484210.675731,1766484210.675642729,0.000000000,3.141591056,0.000000306,0.382688845,0.923877290,2.356182772,0.000000738,0.433717712,0.078289833,0.439999420
1766484210.690739,1766484210.690643072,0.000000000,3.141591056,0.000000306,0.382688845,0.923877290,2.356182772,0.000000738,0.433717712,0.078289833,0.439999420
1766484210.705790,1766484210.705659866,0.000000000,3.141591056,0.000000306,0.382688845,0.923877290,2.356182772,0.000000738,0.433717712,0.078289833,0.439999420
1766484210.720757,1766484210.720653296,0.000000000,3.141591056,0.000000306,0.382688845,0.923877290,2.356182772,0.000000738,0.433717712,0.078289833,0.439999420
1766484210.735781,1766484210.735661268,0.000000000,3.141591056,0.000000306,0.382688845,0.923877290,2.356182772,0.000000738,0.433717712,0.078289833,0.439999420
1766484210.750699,1766484210.750640869,0.000000000,3.141591056,0.000000306,0.382688845,0.923877290,2.356182772,0.000000738,0.433717712,0.078289833,0.439999420
1766484210.765764,1766484210.765662432,0.000000000,3.141591056,0.000000306,0.382688845,0.923877290,2.356182772,0.000000738,0.433717712,0.078289833,0.439999420
1766484210.780718,1766484210.780650854,0.000000000,3.141591056,0.000000306,0.382688845,0.923877290,2.356182772,0.000000738,0.433717712,0.078289833,0.439999420
1766484210.795706,1766484210.795646429,0.000000000,3.141591056,0.000000306,0.382688845,0.923877290,2.356182772,0.000000738,0.433717712,0.078289833,0.439999420
1766484210.810761,1766484210.810654879,0.000000000,3.141591056,0.000000306,0.382688845,0.923877290,2.356182772,0.000000738,0.433717712,0.078289833,0.439999420
1766484210.825735,1766484210.825650454,0.000000000,3.141591056,0.000000306,0.382688845,0.923877290,2.356182772,0.000000738,0.433717712,0.078289833,0.439999420
1766484210.840733,1766484210.840656042,0.000000000,3.141591056,0.000000306,0.382688845,0.923877290,2.356182772,0.000000738,0.433717712,0.078289833,0.439999420
1766484210.855705,1766484210.855648518,0.000000000,3.141591056,0.000000306,0.382688845,0.923877290,2.356182772,0.000000738,0.433717712,0.078289833,0.439999420
1766484210.870763,1766484210.870660067,0.000000000,3.141591056,0.000000306,0.382688845,0.923877290,2.356182772,0.000000738,0.433717712,0.078289833,0.439999420
1766484210.885710,1766484210.885652542,0.000000000,3.141591056,0.000000306,0.382688845,0.923877290,2.356182772,0.000000738,0.433717712,0.078289833,0.439999420
1766484210.900784,1766484210.900668859,0.000000000,3.141591056,0.000000306,0.382688845,0.923877290,2.356182772,0.000000738,0.433717712,0.078289833,0.439999420
1766484210.915804,1766484210.915675163,0.000000000,3.141591056,0.000000306,0.382688845,0.923877290,2.356182772,0.000000738,0.433717712,0.078289833,0.439999420
1766484210.930743,1766484210.930664063,0.000000000,3.141591056,0.000000306,0.382688845,0.923877290,2.356182772,0.000000738,0.433717712,0.078289833,0.439999420
1766484210.945768,1766484210.945668459,0.000000000,3.141591056,0.000000306,0.382688845,0.923877290,2.356182772,0.000000738,0.433717712,0.078289833,0.439999420
1766484210.960725,1766484210.960659981,0.000000000,3.141591056,0.000000306,0.382688845,0.923877290,2.356182772,0.000000738,0.433717712,0.078289833,0.439999420
1766484210.975746,1766484210.975663424,0.000000000,3.141591056,0.000000306,0.382688845,0.923877290,2.356182772,0.000000738,0.433717712,0.078289833,0.439999420
1766484210.990778,1766484210.990668058,0.000000000,3.141591056,0.000000306,0.382688845,0.923877290,2.356182772,0.000000738,0.433717712,0.078289833,0.439999420
1766484211.005758,1766484211.005666971,0.000000000,3.141591056,0.000000306,0.382688845,0.923877290,2.356182772,0.000000738,0.433717712,0.078289833,0.439999420
1766484211.020741,1766484211.020662069,0.000000000,3.141591056,0.000000306,0.382688845,0.923877290,2.356182772,0.000000738,0.433717712,0.078289833,0.439999420
1766484211.035919,1766484211.035689592,0.000000000,3.141591056,0.000000306,0.382688845,0.923877290,2.356182772,0.000000738,0.433717712,0.078289833,0.439999420
1766484211.050749,1766484211.050666809,0.000000000,3.141591056,0.000000306,0.382688845,0.923877290,2.356182772,0.000000738,0.433717712,0.078289833,0.439999420
1766484211.065722,1766484211.065665960,0.000000000,3.141591056,0.000000306,0.382688845,0.923877290,2.356182772,0.000000738,0.433717712,0.078289833,0.439999420
1766484211.080751,1766484211.080671072,0.000000000,3.141591056,0.000000306,0.382688845,0.923877290,2.356182772,0.000000738,0.433717712,0.078289833,0.439999420
1766484211.095726,1766484211.095668077,0.000000000,3.141591056,0.000000306,0.382688845,0.923877290,2.356182772,0.000000738,0.433717712,0.078289833,0.439999420
1766484211.110758,1766484211.110673666,0.000000000,3.141591056,0.000000306,0.382688845,0.923877290,2.356182772,0.000000738,0.433717712,0.078289833,0.439999420
1766484211.125782,1766484211.125681400,0.000000000,3.141591056,0.000000306,0.382688845,0.923877290,2.356182772,0.000000738,0.433717712,0.078289833,0.439999420
1766484211.140794,1766484211.140691996,0.000000000,3.141591056,0.000000306,0.382688845,0.923877290,2.356182772,0.000000738,0.433717712,0.078289833,0.439999420
1766484211.155781,1766484211.155685902,0.000000000,3.141591056,0.000000306,0.382688845,0.923877290,2.356182772,0.000000738,0.433717712,0.078289833,0.439999420
1766484211.170810,1766484211.170695305,0.000000000,3.141591056,0.000000306,0.382688845,0.923877290,2.356182772,0.000000738,0.433717712,0.078289833,0.439999420
1766484211.185833,1766484211.185693026,0.000000000,3.141591056,0.000000306,0.382688845,0.923877290,2.356182772,0.000000738,0.433717712,0.078289833,0.439999420
1766484211.200856,1766484211.200691700,0.000000000,3.141591056,0.000000306,0.382688845,0.923877290,2.356182772,0.000000738,0.433717712,0.078289833,0.439999420
1766484211.215845,1766484211.215695858,0.000000000,3.141591056,0.000000306,0.382688845,0.923877290,2.356182772,0.000000738,0.433717712,0.078289833,0.439999420
1766484211.230797,1766484211.230690718,0.000000000,3.141591056,0.000000306,0.382688845,0.923877290,2.356182772,0.000000738,0.433717712,0.078289833,0.439999420
1766484211.245821,1766484211.245699167,0.000000000,3.141591056,0.000000306,0.382688845,0.923877290,2.356182772,0.000000738,0.433717712,0.078289833,0.439999420
1766484211.260804,1766484211.260697603,0.000000000,3.141591056,0.000000306,0.382688845,0.923877290,2.356182772,0.000000738,0.433717712,0.078289833,0.439999420
1766484211.275812,1766484211.275700808,0.000000000,3.141591056,0.000000306,0.382688845,0.923877290,2.356182772,0.000000738,0.433717712,0.078289833,0.439999420
1766484211.290854,1766484211.290709019,0.000000000,3.141591056,0.000000306,0.382688845,0.923877290,2.356182772,0.000000738,0.433717712,0.078289833,0.439999420
1766484211.305841,1766484211.305705070,0.000000000,3.141591056,0.000000306,0.382688845,0.923877290,2.356182772,0.000000738,0.433717712,0.078289833,0.439999420
1766484211.320844,1766484211.320706606,0.000000000,3.141591056,0.000000306,0.382688845,0.923877290,2.356182772,0.000000738,0.433717712,0.078289833,0.439999420
1766484211.335817,1766484211.335702181,0.000000000,3.141591056,0.000000306,0.382688845,0.923877290,2.356182772,0.000000738,0.433717712,0.078289833,0.439999420
1766484211.350777,1766484211.350693703,0.000000000,3.141591056,0.000000306,0.382688845,0.923877290,2.356182772,0.000000738,0.433717712,0.078289833,0.439999420
1766484211.365775,1766484211.365696669,0.000000000,3.141591056,0.000000306,0.382688845,0.923877290,2.356182772,0.000000738,0.433717712,0.078289833,0.439999420
1766484211.380801,1766484211.380704403,0.000000000,3.141591056,0.000000306,0.382688845,0.923877290,2.356182772,0.000000738,0.433717712,0.078289833,0.439999420
1766484211.395786,1766484211.395699024,0.000000000,3.141591056,0.000000306,0.382688845,0.923877290,2.356182772,0.000000738,0.433717712,0.078289833,0.439999420
1766484211.410884,1766484211.410714626,0.000000000,3.141591056,0.000000306,0.382688845,0.923877290,2.356182772,0.000000738,0.433717712,0.078289833,0.439999420
1766484211.425808,1766484211.425703526,0.000000000,3.141591056,0.000000306,0.382688845,0.923877290,2.356182772,0.000000738,0.433717712,0.078289833,0.439999420
1766484211.440785,1766484211.440702438,0.000000000,3.141591056,0.000000306,0.382688845,0.923877290,2.356182772,0.000000738,0.433717712,0.078289833,0.439999420
1766484211.455790,1766484211.455703497,0.000000000,3.141591056,0.000000306,0.382688845,0.923877290,2.356182772,0.000000738,0.433717712,0.078289833,0.439999420
1766484211.470803,1766484211.470707893,0.000000000,3.141591056,0.000000306,0.382688845,0.923877290,2.356182772,0.000000738,0.433717712,0.078289833,0.439999420
1766484211.485790,1766484211.485697985,0.000000000,3.141591056,0.000000306,0.382688845,0.923877290,2.356182772,0.000000738,0.433717712,0.078289833,0.439999420
1766484211.500793,1766484211.500705957,0.000000000,3.141591056,0.000000306,0.382688845,0.923877290,2.356182772,0.000000738,0.433717712,0.078289833,0.439999420
1766484211.515832,1766484211.515716553,0.000000000,3.141591056,0.000000306,0.382688845,0.923877290,2.356182772,0.000000738,0.433717712,0.078289833,0.439999420
1766484211.530790,1766484211.530708551,0.000000000,3.141591056,0.000000306,0.382688845,0.923877290,2.356182772,0.000000738,0.433717712,0.078289833,0.439999420
1766484211.545813,1766484211.545718431,0.000000000,3.141591056,0.000000306,0.382688845,0.923877290,2.356182772,0.000000738,0.433717712,0.078289833,0.439999420
1766484211.560811,1766484211.560711384,0.000000000,3.141591056,0.000000306,0.382688845,0.923877290,2.356182772,0.000000738,0.433717712,0.078289833,0.439999420
1766484211.575806,1766484211.575713634,0.000000000,3.141591056,0.000000306,0.382688845,0.923877290,2.356182772,0.000000738,0.433717712,0.078289833,0.439999420
1766484211.590798,1766484211.590712070,0.000000000,3.141591056,0.000000306,0.382688845,0.923877290,2.356182772,0.000000738,0.433717712,0.078289833,0.439999420
1766484211.605809,1766484211.605717182,0.000000000,3.141591056,0.000000306,0.382688845,0.923877290,2.356182772,0.000000738,0.433717712,0.078289833,0.439999420
1766484211.620833,1766484211.620709658,0.000000000,3.141591056,0.000000306,0.382688845,0.923877290,2.356182772,0.000000738,0.433717712,0.078289833,0.439999420
1766484211.635832,1766484211.635722160,0.000000000,3.141591056,0.000000306,0.382688845,0.923877290,2.356182772,0.000000738,0.433717712,0.078289833,0.439999420
1766484211.650782,1766484211.650709629,0.000000000,3.141591056,0.000000306,0.382688845,0.923877290,2.356182772,0.000000738,0.433717712,0.078289833,0.439999420
1766484211.665758,1766484211.665706635,0.000000000,3.141591056,0.000000306,0.382688845,0.923877290,2.356182772,0.000000738,0.433717712,0.078289833,0.439999420
1766484211.680799,1766484211.680717468,0.000000000,3.141591056,0.000000306,0.382688845,0.923877290,2.356182772,0.000000738,0.433717712,0.078289833,0.439999420
1766484211.695875,1766484211.695736170,0.000000000,3.141591056,0.000000306,0.382688845,0.923877290,2.356182772,0.000000738,0.433717712,0.078289833,0.439999420
1766484211.710906,1766484211.710738420,0.000000000,3.141591056,0.000000306,0.382688845,0.923877290,2.356182772,0.000000738,0.433717712,0.078289833,0.439999420
1766484211.725806,1766484211.725715876,0.000000000,3.141591056,0.000000306,0.382688845,0.923877290,2.356182772,0.000000738,0.433717712,0.078289833,0.439999420
1766484211.740830,1766484211.740727901,0.000000000,3.141591056,0.000000306,0.382688845,0.923877290,2.356182772,0.000000738,0.433717712,0.078289833,0.439999420
1766484211.755808,1766484211.755721569,0.000000000,3.141591056,0.000000306,0.382688845,0.923877290,2.356182772,0.000000738,0.433717712,0.078289833,0.439999420
1766484211.770808,1766484211.770732641,0.000000000,3.141591056,0.000000306,0.382688845,0.923877290,2.356182772,0.000000738,0.433717712,0.078289833,0.439999420
1766484211.785789,1766484211.785716295,0.000000000,3.141591056,0.000000306,0.382688845,0.923877290,2.356182772,0.000000738,0.433717712,0.078289833,0.439999420
1766484211.800789,1766484211.800722122,0.000000000,3.141591056,0.000000306,0.382688845,0.923877290,2.356182772,0.000000738,0.433717712,0.078289833,0.439999420
1766484211.815975,1766484211.815739870,0.000000000,3.141591056,0.000000306,0.382688845,0.923877290,2.356182772,0.000000738,0.433717712,0.078289833,0.439999420
1766484211.830790,1766484211.830722570,0.000000000,3.141591056,0.000000306,0.382688845,0.923877290,2.356182772,0.000000738,0.433717712,0.078289833,0.439999420
1766484211.845789,1766484211.845721722,0.000000000,3.141591056,0.000000306,0.382688845,0.923877290,2.356182772,0.000000738,0.433717712,0.078289833,0.439999420
1766484211.860826,1766484211.860725403,0.000000000,3.141591056,0.000000306,0.382688845,0.923877290,2.356182772,0.000000738,0.433717712,0.078289833,0.439999420
1766484211.875814,1766484211.875727892,0.000000000,3.141591056,0.000000306,0.382688845,0.923877290,2.356182772,0.000000738,0.433717712,0.078289833,0.439999420
1766484211.890793,1766484211.890723944,0.000000000,3.141591056,0.000000306,0.382688845,0.923877290,2.356182772,0.000000738,0.433717712,0.078289833,0.439999420
1766484211.905806,1766484211.905728817,0.000000000,3.141591056,0.000000306,0.382688845,0.923877290,2.356182772,0.000000738,0.433717712,0.078289833,0.439999420
1766484211.920848,1766484211.920741558,0.000000000,3.141591056,0.000000306,0.382688845,0.923877290,2.356182772,0.000000738,0.433717712,0.078289833,0.439999420
1766484211.935803,1766484211.935732126,0.000000000,3.141591056,0.000000306,0.382693274,0.923875456,2.356173185,0.000000738,0.433717712,0.078289833,0.439999420
1766484211.950811,1766484211.950732231,0.000000000,3.141591056,0.000000306,0.382693274,0.923875456,2.356173185,0.000000738,0.433717712,0.078289833,0.439999420
1766484211.965882,1766484211.965754032,0.000000000,3.141591056,0.000000306,0.382693274,0.923875456,2.356173185,0.000000738,0.433717712,0.078289833,0.439999420
1766484211.980821,1766484211.980735540,0.000000000,3.141591056,0.000000306,0.382693274,0.923875456,2.356173185,0.000000738,0.433717712,0.078289833,0.439999420
1766484211.995847,1766484211.995743990,0.000000000,3.141591056,0.000000306,0.382693274,0.923875456,2.356173185,0.000000738,0.433717712,0.078289833,0.439999420
1766484212.010851,1766484212.010740995,0.000000000,3.141591056,0.000000306,0.382693274,0.923875456,2.356173185,0.000000738,0.433717712,0.078289833,0.439999420
1766484212.025856,1766484212.025740862,0.000000000,3.141591056,0.000000306,0.382693274,0.923875456,2.356173185,0.000000738,0.433717712,0.078289833,0.439999420
1766484212.040849,1766484212.040746212,0.000000000,3.141591056,0.000000306,0.382693274,0.923875456,2.356173185,0.000000738,0.433717712,0.078289833,0.439999420
1766484212.055838,1766484212.055737734,0.000000000,3.141591056,0.000000306,0.382693274,0.923875456,2.356173185,0.000000738,0.433717712,0.078289833,0.439999420
1766484212.070864,1766484212.070744753,0.000000000,3.141591056,0.000000306,0.382693274,0.923875456,2.356173185,0.000000738,0.433717712,0.078289833,0.439999420
1766484212.085827,1766484212.085744381,0.000000000,3.141591056,0.000000306,0.382693274,0.923875456,2.356173185,0.000000738,0.433717712,0.078289833,0.439999420
1766484212.100866,1766484212.100755453,0.000000000,3.141591056,0.000000306,0.382693274,0.923875456,2.356173185,0.000000738,0.433717712,0.078289833,0.439999420
1766484212.115861,1766484212.115754366,0.000000000,3.141591056,0.000000306,0.382693274,0.923875456,2.356173185,0.000000738,0.433717712,0.078289833,0.439999420
1766484212.130854,1766484212.130753994,0.000000000,3.141591056,0.000000306,0.382693274,0.923875456,2.356173185,0.000000738,0.433717712,0.078289833,0.439999420
1766484212.145862,1766484212.145757675,0.000000000,3.141591056,0.000000306,0.382693274,0.923875456,2.356173185,0.000000738,0.433717712,0.078289833,0.439999420
1766484212.160830,1766484212.160749674,0.000000000,3.141591056,0.000000306,0.382693274,0.923875456,2.356173185,0.000000738,0.433717712,0.078289833,0.439999420
1766484212.175844,1766484212.175757408,0.000000000,3.141591056,0.000000306,0.382693274,0.923875456,2.356173185,0.000000738,0.433717712,0.078289833,0.439999420
1766484212.190853,1766484212.190750122,0.000000000,3.141591056,0.000000306,0.382693274,0.923875456,2.356173185,0.000000738,0.433717712,0.078289833,0.439999420
1766484212.205988,1766484212.205779314,0.000000000,3.141591056,0.000000306,0.382693274,0.923875456,2.356173185,0.000000738,0.433717712,0.078289833,0.439999420
1766484212.220924,1766484212.220776081,0.000000000,3.141591056,0.000000306,0.382693274,0.923875456,2.356173185,0.000000738,0.433717712,0.078289833,0.439999420
1766484212.235871,1766484212.235756159,0.000000000,3.141591056,0.000000306,0.382693274,0.923875456,2.356173185,0.000000738,0.433717712,0.078289833,0.439999420
1766484212.250874,1766484212.250763893,0.000000000,3.141591056,0.000000306,0.382693274,0.923875456,2.356173185,0.000000738,0.433717712,0.078289833,0.439999420
1766484212.265867,1766484212.265761614,0.000000000,3.141591056,0.000000306,0.382693274,0.923875456,2.356173185,0.000000738,0.433717712,0.078289833,0.439999420
1766484212.280886,1766484212.280771971,0.000000000,3.141591056,0.000000306,0.382693274,0.923875456,2.356173185,0.000000738,0.433717712,0.078289833,0.439999420
1766484212.295846,1766484212.295758247,0.000000000,3.141591056,0.000000306,0.382693274,0.923875456,2.356173185,0.000000738,0.433717712,0.078289833,0.439999420
1766484212.310861,1766484212.310765266,0.000000000,3.141591056,0.000000306,0.382693274,0.923875456,2.356173185,0.000000738,0.433717712,0.078289833,0.439999420
1766484212.325850,1766484212.325762510,0.000000000,3.141591056,0.000000306,0.382693274,0.923875456,2.356173185,0.000000738,0.433717712,0.078289833,0.439999420
1766484212.340833,1766484212.340759277,0.000000000,3.141591056,0.000000306,0.382693274,0.923875456,2.356173185,0.000000738,0.433717712,0.078289833,0.439999420
1766484212.355840,1766484212.355761528,0.000000000,3.141591056,0.000000306,0.382693274,0.923875456,2.356173185,0.000000738,0.433717712,0.078289833,0.439999420
1766484212.371172,1766484212.370895147,0.000000000,3.141591056,0.000000306,0.382693274,0.923875456,2.356173185,0.000000738,0.433717712,0.078289833,0.439999420
1766484212.385869,1766484212.385769844,0.000000000,3.141591056,0.000000306,0.382693274,0.923875456,2.356173185,0.000000738,0.433717712,0.078289833,0.439999420
1766484212.400891,1766484212.400776863,0.000000000,3.141591056,0.000000306,0.382693274,0.923875456,2.356173185,0.000000738,0.433717712,0.078289833,0.439999420
1766484212.415882,1766484212.415772438,0.000000000,3.141591056,0.000000306,0.382693274,0.923875456,2.356173185,0.000000738,0.433717712,0.078289833,0.439999420
1766484212.430866,1766484212.430770636,0.000000000,3.141591056,0.000000306,0.382693274,0.923875456,2.356173185,0.000000738,0.433717712,0.078289833,0.439999420
1766484212.445868,1766484212.445772648,0.000000000,3.141591056,0.000000306,0.382693274,0.923875456,2.356173185,0.000000738,0.433717712,0.078289833,0.439999420
1766484212.460850,1766484212.460769653,0.000000000,3.141591056,0.000000306,0.382693274,0.923875456,2.356173185,0.000000738,0.433717712,0.078289833,0.439999420
1766484212.475872,1766484212.475775480,0.000000000,3.141591056,0.000000306,0.382693274,0.923875456,2.356173185,0.000000738,0.433717712,0.078289833,0.439999420
1766484212.490829,1766484212.490766764,0.000000000,3.141591056,0.000000306,0.382693274,0.923875456,2.356173185,0.000000738,0.433717712,0.078289833,0.439999420
1766484212.505940,1766484212.505793333,0.000000000,3.141591056,0.000000306,0.382693274,0.923875456,2.356173185,0.000000738,0.433717712,0.078289833,0.439999420
1766484212.520845,1766484212.520769596,0.000000000,3.141591056,0.000000306,0.382693274,0.923875456,2.356173185,0.000000738,0.433717712,0.078289833,0.439999420
1766484212.535892,1766484212.535780907,0.000000000,3.141591056,0.000000306,0.382693274,0.923875456,2.356173185,0.000000738,0.433717712,0.078289833,0.439999420
1766484212.550844,1766484212.550773621,0.000000000,3.141591056,0.000000306,0.382693274,0.923875456,2.356173185,0.000000738,0.433717712,0.078289833,0.439999420
1766484212.565846,1766484212.565773249,0.000000000,3.141591056,0.000000306,0.382693274,0.923875456,2.356173185,0.000000738,0.433717712,0.078289833,0.439999420
1766484212.580871,1766484212.580777407,0.000000000,3.141591056,0.000000306,0.382693274,0.923875456,2.356173185,0.000000738,0.433717712,0.078289833,0.439999420
1766484212.595833,1766484212.595770597,0.000000000,3.141591056,0.000000306,0.382693274,0.923875456,2.356173185,0.000000738,0.433717712,0.078289833,0.439999420
1766484212.610886,1766484212.610784769,0.000000000,3.141591056,0.000000306,0.382693274,0.923875456,2.356173185,0.000000738,0.433717712,0.078289833,0.439999420
1766484212.625854,1766484212.625776291,0.000000000,3.141591056,0.000000306,0.382693274,0.923875456,2.356173185,0.000000738,0.433717712,0.078289833,0.439999420
1766484212.640898,1766484212.640785694,0.000000000,3.141591056,0.000000306,0.382693274,0.923875456,2.356173185,0.000000738,0.433717712,0.078289833,0.439999420
1766484212.655873,1766484212.655783892,0.000000000,3.141591056,0.000000306,0.382693274,0.923875456,2.356173185,0.000000738,0.433717712,0.078289833,0.439999420
1766484212.670899,1766484212.670794249,0.000000000,3.141591056,0.000000306,0.382693274,0.923875456,2.356173185,0.000000738,0.433717712,0.078289833,0.439999420
1766484212.685847,1766484212.685777426,0.000000000,3.141591056,0.000000306,0.382693274,0.923875456,2.356173185,0.000000738,0.433717712,0.078289833,0.439999420
1766484212.700845,1766484212.700777531,0.000000000,3.141591056,0.000000306,0.382693274,0.923875456,2.356173185,0.000000738,0.433717712,0.078289833,0.439999420
1766484212.715894,1766484212.715795755,0.000000000,3.141591056,0.000000306,0.382693274,0.923875456,2.356173185,0.000000738,0.433717712,0.078289833,0.439999420
1766484212.730891,1766484212.730787039,0.000000000,3.141591056,0.000000306,0.382693274,0.923875456,2.356173185,0.000000738,0.433717712,0.078289833,0.439999420
1766484212.745889,1766484212.745786428,0.000000000,3.141591056,0.000000306,0.382693274,0.923875456,2.356173185,0.000000738,0.433717712,0.078289833,0.439999420
1766484212.760865,1766484212.760778666,0.000000000,3.141591056,0.000000306,0.382693274,0.923875456,2.356173185,0.000000738,0.433717712,0.078289833,0.439999420
1766484212.775903,1766484212.775796652,0.000000000,3.141591056,0.000000306,0.382693274,0.923875456,2.356173185,0.000000738,0.433717712,0.078289833,0.439999420
1766484212.790909,1766484212.790795803,0.000000000,3.141591056,0.000000306,0.382693274,0.923875456,2.356173185,0.000000738,0.433717712,0.078289833,0.439999420
1766484212.805889,1766484212.805796146,0.000000000,3.141591056,0.000000306,0.382693274,0.923875456,2.356173185,0.000000738,0.433717712,0.078289833,0.439999420
1766484212.820937,1766484212.820799589,0.000000000,3.141591056,0.000000306,0.382693274,0.923875456,2.356173185,0.000000738,0.433717712,0.078289833,0.439999420
1766484212.835909,1766484212.835801125,0.000000000,3.141591056,0.000000306,0.382693274,0.923875456,2.356173185,0.000000738,0.433717712,0.078289833,0.439999420
1766484212.850872,1766484212.850793362,0.000000000,3.141591056,0.000000306,0.382693274,0.923875456,2.356173185,0.000000738,0.433717712,0.078289833,0.439999420
1766484212.865863,1766484212.865796089,0.000000000,3.141591056,0.000000306,0.382693274,0.923875456,2.356173185,0.000000738,0.433717712,0.078289833,0.439999420
1766484212.880901,1766484212.880804300,0.000000000,3.141591056,0.000000306,0.382693274,0.923875456,2.356173185,0.000000738,0.433717712,0.078289833,0.439999420
1766484212.895877,1766484212.895801067,0.000000000,3.141591056,0.000000306,0.382693274,0.923875456,2.356173185,0.000000738,0.433717712,0.078289833,0.439999420
1766484212.910924,1766484212.910815001,0.000000000,3.141591056,0.000000306,0.382693274,0.923875456,2.356173185,0.000000738,0.433717712,0.078289833,0.439999420
1766484212.925933,1766484212.925813198,0.000000000,3.141591056,0.000000306,0.382693274,0.923875456,2.356173185,0.000000738,0.433717712,0.078289833,0.439999420
1766484212.940927,1766484212.940809965,0.000000000,3.141591056,0.000000306,0.382693274,0.923875456,2.356173185,0.000000738,0.433717712,0.078289833,0.439999420
1766484212.955870,1766484212.955799103,0.000000000,3.141591056,0.000000306,0.382693274,0.923875456,2.356173185,0.000000738,0.433717712,0.078289833,0.439999420
1766484212.970886,1766484212.970803261,0.000000000,3.141591056,0.000000306,0.382693274,0.923875456,2.356173185,0.000000738,0.433717712,0.078289833,0.439999420
1766484212.985885,1766484212.985797882,0.000000000,3.141591056,0.000000306,0.382693274,0.923875456,2.356173185,0.000000738,0.433717712,0.078289833,0.439999420
1766484213.000899,1766484213.000808239,0.000000000,3.141591056,0.000000306,0.382693274,0.923875456,2.356173185,0.000000738,0.433717712,0.078289833,0.439999420
1766484213.015920,1766484213.015816689,0.000000000,3.141591056,0.000000306,0.382693274,0.923875456,2.356173185,0.000000738,0.433717712,0.078289833,0.439999420
1766484213.031011,1766484213.030847549,0.000000000,3.141591056,0.000000306,0.382693274,0.923875456,2.356173185,0.000000738,0.433717712,0.078289833,0.439999420
1766484213.045964,1766484213.045832157,0.000000000,3.141591056,0.000000306,0.382693274,0.923875456,2.356173185,0.000000738,0.433717712,0.078289833,0.439999420
1766484213.061034,1766484213.060854435,0.000000000,3.141591056,0.000000306,0.382693274,0.923875456,2.356173185,0.000000738,0.433717712,0.078289833,0.439999420
1766484213.075953,1766484213.075830698,0.000000000,3.141591056,0.000000306,0.382693274,0.923875456,2.356173185,0.000000738,0.433717712,0.078289833,0.439999420
1766484213.090938,1766484213.090829849,0.000000000,3.141591056,0.000000306,0.382693274,0.923875456,2.356173185,0.000000738,0.433717712,0.078289833,0.439999420
1766484213.106016,1766484213.105839014,0.000000000,3.141591056,0.000000306,0.382693274,0.923875456,2.356173185,0.000000738,0.433717712,0.078289833,0.439999420
1766484213.120893,1766484213.120814800,0.000000000,3.141591056,0.000000306,0.382693274,0.923875456,2.356173185,0.000000738,0.433717712,0.078289833,0.439999420
1766484213.135942,1766484213.135832071,0.000000000,3.141591056,0.000000306,0.382693274,0.923875456,2.356173185,0.000000738,0.433717712,0.078289833,0.439999420
1766484213.150920,1766484213.150819540,0.000000000,3.141591056,0.000000306,0.382693274,0.923875456,2.356173185,0.000000738,0.433717712,0.078289833,0.439999420
1766484213.165925,1766484213.165826321,0.000000000,3.141591056,0.000000306,0.382693274,0.923875456,2.356173185,0.000000738,0.433717712,0.078289833,0.439999420
1766484213.180932,1766484213.180823326,0.000000000,3.141591056,0.000000306,0.382693274,0.923875456,2.356173185,0.000000738,0.433717712,0.078289833,0.439999420
1766484213.195938,1766484213.195824146,0.000000000,3.141591056,0.000000306,0.382693274,0.923875456,2.356173185,0.000000738,0.433717712,0.078289833,0.439999420
1766484213.211015,1766484213.210854292,0.000000000,3.141591056,0.000000306,0.382693274,0.923875456,2.356173185,0.000000738,0.433717712,0.078289833,0.439999420
1766484213.226015,1766484213.225849867,0.000000000,3.141591056,0.000000306,0.382693274,0.923875456,2.356173185,0.000000738,0.433717712,0.078289833,0.439999420
1766484213.241040,1766484213.240869761,0.000000000,3.141591056,0.000000306,0.382693274,0.923875456,2.356173185,0.000000738,0.433717712,0.078289833,0.439999420
1766484213.255898,1766484213.255821466,0.000000000,3.141591056,0.000000306,0.382693274,0.923875456,2.356173185,0.000000738,0.433717712,0.078289833,0.439999420
1766484213.270973,1766484213.270854712,0.000000000,3.141591056,0.000000306,0.382693274,0.923875456,2.356173185,0.000000738,0.433717712,0.078289833,0.439999420
1766484213.285897,1766484213.285822392,0.000000000,3.141591056,0.000000306,0.382693274,0.923875456,2.356173185,0.000000738,0.433717712,0.078289833,0.439999420
1766484213.300919,1766484213.300829649,0.000000000,3.141591056,0.000000306,0.382693274,0.923875456,2.356173185,0.000000738,0.433717712,0.078289833,0.439999420
1766484213.316000,1766484213.315853357,0.000000000,3.141591056,0.000000306,0.382693274,0.923875456,2.356173185,0.000000738,0.433717712,0.078289833,0.439999420
1766484213.330946,1766484213.330846071,0.000000000,3.141591056,0.000000306,0.382693274,0.923875456,2.356173185,0.000000738,0.433717712,0.078289833,0.439999420
1766484213.345965,1766484213.345849991,0.000000000,3.141591056,0.000000306,0.382693274,0.923875456,2.356173185,0.000000738,0.433717712,0.078289833,0.439999420
1766484213.360979,1766484213.360854149,0.000000000,3.141591056,0.000000306,0.382693274,0.923875456,2.356173185,0.000000738,0.433717712,0.078289833,0.439999420
1766484213.375989,1766484213.375861406,0.000000000,3.141591056,0.000000306,0.382693274,0.923875456,2.356173185,0.000000738,0.433717712,0.078289833,0.439999420
1766484213.390922,1766484213.390833378,0.000000000,3.141591056,0.000000306,0.382693274,0.923875456,2.356173185,0.000000738,0.433717712,0.078289833,0.439999420
1766484213.406064,1766484213.405879259,0.000000000,3.141591056,0.000000306,0.382693274,0.923875456,2.356173185,0.000000738,0.433717712,0.078289833,0.439999420
1766484213.420979,1766484213.420849800,0.000000000,3.141591056,0.000000306,0.382693274,0.923875456,2.356173185,0.000000738,0.433717712,0.078289833,0.439999420
1766484213.435945,1766484213.435848713,0.000000000,3.141591056,0.000000306,0.382693274,0.923875456,2.356173185,0.000000738,0.433717712,0.078289833,0.439999420
1766484213.450928,1766484213.450841665,0.000000000,3.141591056,0.000000306,0.382693274,0.923875456,2.356173185,0.000000738,0.433717712,0.078289833,0.439999420
1766484213.465972,1766484213.465859175,0.000000000,3.141591056,0.000000306,0.382693274,0.923875456,2.356173185,0.000000738,0.433717712,0.078289833,0.439999420
1766484213.480957,1766484213.480855942,0.000000000,3.141591056,0.000000306,0.382693274,0.923875456,2.356173185,0.000000738,0.433717712,0.078289833,0.439999420
1766484213.495938,1766484213.495842934,0.000000000,3.141591056,0.000000306,0.382693274,0.923875456,2.356173185,0.000000738,0.433717712,0.078289833,0.439999420
1766484213.511055,1766484213.510896444,0.000000000,3.141591056,0.000000306,0.382693274,0.923875456,2.356173185,0.000000738,0.433717712,0.078289833,0.439999420
1766484213.525959,1766484213.525850773,0.000000000,3.141591056,0.000000306,0.382693274,0.923875456,2.356173185,0.000000738,0.433717712,0.078289833,0.439999420
1766484213.541003,1766484213.540874958,0.000000000,3.141591056,0.000000306,0.382693274,0.923875456,2.356173185,0.000000738,0.433717712,0.078289833,0.439999420
1766484213.555929,1766484213.555845737,0.000000000,3.141591056,0.000000306,0.382693274,0.923875456,2.356173185,0.000000738,0.433717712,0.078289833,0.439999420
1766484213.570952,1766484213.570859671,0.000000000,3.141591056,0.000000306,0.382693274,0.923875456,2.356173185,0.000000738,0.433717712,0.078289833,0.439999420
1766484213.585950,1766484213.585846901,0.000000000,3.141591056,0.000000306,0.382693274,0.923875456,2.356173185,0.000000738,0.433717712,0.078289833,0.439999420
1766484213.600910,1766484213.600848198,0.000000000,3.141591056,0.000000306,0.382693274,0.923875456,2.356173185,0.000000738,0.433717712,0.078289833,0.439999420
1766484213.616019,1766484213.615865469,0.000000000,3.141591056,0.000000306,0.382693274,0.923875456,2.356173185,0.000000738,0.433717712,0.078289833,0.439999420
1766484213.630904,1766484213.630845547,0.000000000,3.141591056,0.000000306,0.382693274,0.923875456,2.356173185,0.000000738,0.433717712,0.078289833,0.439999420
1766484213.646010,1766484213.645878792,0.000000000,3.141591056,0.000000306,0.382693274,0.923875456,2.356173185,0.000000738,0.433717712,0.078289833,0.439999420
1766484213.660974,1766484213.660861492,0.000000000,3.141591056,0.000000306,0.382693274,0.923875456,2.356173185,0.000000738,0.433717712,0.078289833,0.439999420
1766484213.675947,1766484213.675853252,0.000000000,3.141591056,0.000000306,0.382693274,0.923875456,2.356173185,0.000000738,0.433717712,0.078289833,0.439999420
1766484213.690957,1766484213.690865040,0.000000000,3.141591056,0.000000306,0.382693274,0.923875456,2.356173185,0.000000738,0.433717712,0.078289833,0.439999420
1766484213.705972,1766484213.705864191,0.000000000,3.141591056,0.000000306,0.382693274,0.923875456,2.356173185,0.000000738,0.433717712,0.078289833,0.439999420
1766484213.720976,1766484213.720860481,0.000000000,3.141591056,0.000000306,0.382693274,0.923875456,2.356173185,0.000000738,0.433717712,0.078289833,0.439999420
1766484213.735983,1766484213.735858440,0.000000000,3.141591056,0.000000306,0.382693274,0.923875456,2.356173185,0.000000738,0.433717712,0.078289833,0.439999420
1766484213.750947,1766484213.750852108,0.000000000,3.141591056,0.000000306,0.382693274,0.923875456,2.356173185,0.000000738,0.433717712,0.078289833,0.439999420
1766484213.765944,1766484213.765856743,0.000000000,3.141591056,0.000000306,0.382693274,0.923875456,2.356173185,0.000000738,0.433717712,0.078289833,0.439999420
1766484213.780934,1766484213.780849934,0.000000000,3.141591056,0.000000306,0.382693274,0.923875456,2.356173185,0.000000738,0.433717712,0.078289833,0.439999420
1766484213.795945,1766484213.795851231,0.000000000,3.141591056,0.000000306,0.382693274,0.923875456,2.356173185,0.000000738,0.433717712,0.078289833,0.439999420
1766484213.810952,1766484213.810858011,0.000000000,3.141591056,0.000000306,0.382693274,0.923875456,2.356173185,0.000000738,0.433717712,0.078289833,0.439999420
1766484213.825967,1766484213.825859308,0.000000000,3.141591056,0.000000306,0.382693274,0.923875456,2.356173185,0.000000738,0.433717712,0.078289833,0.439999420
1766484213.840957,1766484213.840860844,0.000000000,3.141591056,0.000000306,0.382693274,0.923875456,2.356173185,0.000000738,0.433717712,0.078289833,0.439999420
1766484213.855947,1766484213.855857134,0.000000000,3.141591056,0.000000306,0.382693274,0.923875456,2.356173185,0.000000738,0.433717712,0.078289833,0.439999420
1766484213.871032,1766484213.870879650,0.000000000,3.141591056,0.000000306,0.382693274,0.923875456,2.356173185,0.000000738,0.433717712,0.078289833,0.439999420
1766484213.885952,1766484213.885858774,0.000000000,3.141591056,0.000000306,0.382693274,0.923875456,2.356173185,0.000000738,0.433717712,0.078289833,0.439999420
1766484213.900946,1766484213.900855303,0.000000000,3.141591056,0.000000306,0.382693274,0.923875456,2.356173185,0.000000738,0.433717712,0.078289833,0.439999420
1766484213.916009,1766484213.915870190,0.000000000,3.141591056,0.000000306,0.382693274,0.923875456,2.356173185,0.000000738,0.433717712,0.078289833,0.439999420
1766484213.930970,1766484213.930861235,0.000000000,3.141591056,0.000000306,0.382693274,0.923875456,2.356173185,0.000000738,0.433717712,0.078289833,0.439999420
1766484213.945978,1766484213.945867777,0.000000000,3.141591056,0.000000306,0.382693274,0.923875456,2.356173185,0.000000738,0.433717712,0.078289833,0.439999420
1766484213.961012,1766484213.960878134,0.000000000,3.141591056,0.000000306,0.382693274,0.923875456,2.356173185,0.000000738,0.433717712,0.078289833,0.439999420
1766484213.975985,1766484213.975869894,0.000000000,3.141591056,0.000000306,0.382693274,0.923875456,2.356173185,0.000000738,0.433717712,0.078289833,0.439999420
1766484213.990934,1766484213.990846634,0.000000000,3.141591056,0.000000306,0.382693274,0.923875456,2.356173185,0.000000738,0.433717712,0.078289833,0.439999420
1766484214.005958,1766484214.005864143,0.000000000,3.141591056,0.000000306,0.382693274,0.923875456,2.356173185,0.000000738,0.433717712,0.078289833,0.439999420
1766484214.020929,1766484214.020849228,0.000000000,3.141591056,0.000000306,0.382693274,0.923875456,2.356173185,0.000000738,0.433717712,0.078289833,0.439999420
1766484214.036027,1766484214.035869837,0.000000000,3.141591056,0.000000306,0.382693274,0.923875456,2.356173185,0.000000738,0.433717712,0.078289833,0.439999420
1766484214.050987,1766484214.050870657,0.000000000,3.141591056,0.000000306,0.382693274,0.923875456,2.356173185,0.000000738,0.433717712,0.078289833,0.439999420
1766484214.065973,1766484214.065861940,0.000000000,3.141591056,0.000000306,0.382693274,0.923875456,2.356173185,0.000000738,0.433717712,0.078289833,0.439999420
1766484214.080995,1766484214.080863953,0.000000000,3.141591056,0.000000306,0.382693274,0.923875456,2.356173185,0.000000738,0.433717712,0.078289833,0.439999420
1766484214.095950,1766484214.095857859,0.000000000,3.141591056,0.000000306,0.382693274,0.923875456,2.356173185,0.000000738,0.433717712,0.078289833,0.439999420
1766484214.111024,1766484214.110872984,0.000000000,3.141591056,0.000000306,0.382693274,0.923875456,2.356173185,0.000000738,0.433717712,0.078289833,0.439999420
1766484214.125925,1766484214.125853300,0.000000000,3.141591056,0.000000306,0.382693274,0.923875456,2.356173185,0.000000738,0.433717712,0.078289833,0.439999420
1766484214.140949,1766484214.140858173,0.000000000,3.141591056,0.000000306,0.382693274,0.923875456,2.356173185,0.000000738,0.433717712,0.078289833,0.439999420
1766484214.155951,1766484214.155858278,0.000000000,3.141591056,0.000000306,0.382693274,0.923875456,2.356173185,0.000000738,0.433717712,0.078289833,0.439999420
1766484214.170980,1766484214.170866728,0.000000000,3.141591056,0.000000306,0.382693274,0.923875456,2.356173185,0.000000738,0.433717712,0.078289833,0.439999420
1766484214.185950,1766484214.185863972,0.000000000,3.141591056,0.000000306,0.382688845,0.923877290,2.356182772,0.000000738,0.433717712,0.078289833,0.439999420
1766484214.200946,1766484214.200861454,0.000000000,3.141591056,0.000000306,0.382688845,0.923877290,2.356182772,0.000000738,0.433717712,0.078289833,0.439999420
1766484214.216023,1766484214.215879440,0.000000000,3.141591056,0.000000306,0.382688845,0.923877290,2.356182772,0.000000738,0.433717712,0.078289833,0.439999420
1766484214.230971,1766484214.230867147,0.000000000,3.141591056,0.000000306,0.382688845,0.923877290,2.356182772,0.000000738,0.433717712,0.078289833,0.439999420
1766484214.245990,1766484214.245869637,0.000000000,3.141591056,0.000000306,0.382688845,0.923877290,2.356182772,0.000000738,0.433717712,0.078289833,0.439999420
1766484214.260993,1766484214.260870218,0.000000000,3.141591056,0.000000306,0.382688845,0.923877290,2.356182772,0.000000738,0.433717712,0.078289833,0.439999420
1766484214.275987,1766484214.275870800,0.000000000,3.141591056,0.000000306,0.382688845,0.923877290,2.356182772,0.000000738,0.433717712,0.078289833,0.439999420
1766484214.290940,1766484214.290863514,0.000000000,3.141591056,0.000000306,0.382688845,0.923877290,2.356182772,0.000000738,0.433717712,0.078289833,0.439999420
1766484214.306140,1766484214.305891037,0.000000000,3.141591056,0.000000306,0.382688845,0.923877290,2.356182772,0.000000738,0.433717712,0.078289833,0.439999420
1766484214.320951,1766484214.320863247,0.000000000,3.141591056,0.000000306,0.382688845,0.923877290,2.356182772,0.000000738,0.433717712,0.078289833,0.439999420
1766484214.336015,1766484214.335914612,0.000000000,3.141591056,0.000000306,0.382688845,0.923877290,2.356182772,0.000000738,0.433717712,0.078289833,0.439999420
1766484214.350919,1766484214.350850344,0.000000000,3.141591056,0.000000306,0.382688845,0.923877290,2.356182772,0.000000738,0.433717712,0.078289833,0.439999420
1766484214.365974,1766484214.365900993,0.000000000,3.141591056,0.000000306,0.382688845,0.923877290,2.356182772,0.000000738,0.433717712,0.078289833,0.439999420
1766484214.380977,1766484214.380863667,0.000000000,3.141591056,0.000000306,0.382688845,0.923877290,2.356182772,0.000000738,0.433717712,0.078289833,0.439999420
1766484214.395989,1766484214.395867586,0.000000000,3.141591056,0.000000306,0.382688845,0.923877290,2.356182772,0.000000738,0.433717712,0.078289833,0.439999420
1766484214.410992,1766484214.410884142,0.000000000,3.141591056,0.000000306,0.382688845,0.923877290,2.356182772,0.000000738,0.433717712,0.078289833,0.439999420
1766484214.425970,1766484214.425903320,0.000000000,3.141591056,0.000000306,0.382688845,0.923877290,2.356182772,0.000000738,0.433717712,0.078289833,0.439999420
1766484214.441039,1766484214.440923214,0.000000000,3.141591056,0.000000306,0.382688845,0.923877290,2.356182772,0.000000738,0.433717712,0.078289833,0.439999420
1766484214.455994,1766484214.455907106,0.000000000,3.141591056,0.000000306,0.382688845,0.923877290,2.356182772,0.000000738,0.433717712,0.078289833,0.439999420
1766484214.471046,1766484214.470925570,0.000000000,3.141591056,0.000000306,0.382688845,0.923877290,2.356182772,0.000000738,0.433717712,0.078289833,0.439999420
1766484214.485995,1766484214.485912323,0.000000000,3.141591056,0.000000306,0.382688845,0.923877290,2.356182772,0.000000738,0.433717712,0.078289833,0.439999420
1766484214.501013,1766484214.500916958,0.000000000,3.141591056,0.000000306,0.382688845,0.923877290,2.356182772,0.000000738,0.433717712,0.078289833,0.439999420
1766484214.516071,1766484214.515938282,0.000000000,3.141591056,0.000000306,0.382688845,0.923877290,2.356182772,0.000000738,0.433717712,0.078289833,0.439999420
1766484214.531015,1766484214.530891418,0.000000000,3.141591056,0.000000306,0.382688845,0.923877290,2.356182772,0.000000738,0.433717712,0.078289833,0.439999420
1766484214.546065,1766484214.545937538,0.000000000,3.141591056,0.000000306,0.382688845,0.923877290,2.356182772,0.000000738,0.433717712,0.078289833,0.439999420
1766484214.561030,1766484214.560925961,0.000000000,3.141591056,0.000000306,0.382688845,0.923877290,2.356182772,0.000000738,0.433717712,0.078289833,0.439999420
1766484214.576045,1766484214.575930834,0.000000000,3.141591056,0.000000306,0.382688845,0.923877290,2.356182772,0.000000738,0.433717712,0.078289833,0.439999420
1766484214.591005,1766484214.590919495,0.000000000,3.141591056,0.000000306,0.382688845,0.923877290,2.356182772,0.000000738,0.433717712,0.078289833,0.439999420
1766484214.606231,1766484214.605969429,0.000000000,3.141591056,0.000000306,0.382688845,0.923877290,2.356182772,0.000000738,0.433717712,0.078289833,0.439999420
1766484214.621036,1766484214.620927572,0.000000000,3.141591056,0.000000306,0.382688845,0.923877290,2.356182772,0.000000738,0.433717712,0.078289833,0.439999420
1766484214.636102,1766484214.635941029,0.000000000,3.141591056,0.000000306,0.382688845,0.923877290,2.356182772,0.000000738,0.433717712,0.078289833,0.439999420
1766484214.651039,1766484214.650931358,0.000000000,3.141591056,0.000000306,0.382688845,0.923877290,2.356182772,0.000000738,0.433717712,0.078289833,0.439999420
1766484214.665998,1766484214.665920258,0.000000000,3.141591056,0.000000306,0.382688845,0.923877290,2.356182772,0.000000738,0.433717712,0.078289833,0.439999420
1766484214.681017,1766484214.680921316,0.000000000,3.141591056,0.000000306,0.382688845,0.923877290,2.356182772,0.000000738,0.433717712,0.078289833,0.439999420
1766484214.696021,1766484214.695928097,0.000000000,3.141591056,0.000000306,0.382688845,0.923877290,2.356182772,0.000000738,0.433717712,0.078289833,0.439999420
1766484214.711099,1766484214.710947275,0.000000000,3.141591056,0.000000306,0.382688845,0.923877290,2.356182772,0.000000738,0.433717712,0.078289833,0.439999420
1766484214.726024,1766484214.725933790,0.000000000,3.141591056,0.000000306,0.382688845,0.923877290,2.356182772,0.000000738,0.433717712,0.078289833,0.439999420
1766484214.741094,1766484214.740957260,0.000000000,3.141591056,0.000000306,0.382688845,0.923877290,2.356182772,0.000000738,0.433717712,0.078289833,0.439999420
1766484214.756014,1766484214.755932570,0.000000000,3.141591056,0.000000306,0.382688845,0.923877290,2.356182772,0.000000738,0.433717712,0.078289833,0.439999420
1766484214.771084,1766484214.770947218,0.000000000,3.141591056,0.000000306,0.382688845,0.923877290,2.356182772,0.000000738,0.433717712,0.078289833,0.439999420
1766484214.786018,1766484214.785929918,0.000000000,3.141591056,0.000000306,0.382688845,0.923877290,2.356182772,0.000000738,0.433717712,0.078289833,0.439999420
1766484214.801011,1766484214.800930977,0.000000000,3.141591056,0.000000306,0.382688845,0.923877290,2.356182772,0.000000738,0.433717712,0.078289833,0.439999420
1766484214.816049,1766484214.815938234,0.000000000,3.141591056,0.000000306,0.382688845,0.923877290,2.356182772,0.000000738,0.433717712,0.078289833,0.439999420
1766484214.831016,1766484214.830931664,0.000000000,3.141591056,0.000000306,0.382688845,0.923877290,2.356182772,0.000000738,0.433717712,0.078289833,0.439999420
1766484214.846032,1766484214.845934153,0.000000000,3.141591056,0.000000306,0.382688845,0.923877290,2.356182772,0.000000738,0.433717712,0.078289833,0.439999420
1766484214.861046,1766484214.860936403,0.000000000,3.141591056,0.000000306,0.382688845,0.923877290,2.356182772,0.000000738,0.433717712,0.078289833,0.439999420
1766484214.876057,1766484214.875943661,0.000000000,3.141591056,0.000000306,0.382688845,0.923877290,2.356182772,0.000000738,0.433717712,0.078289833,0.439999420
1766484214.891003,1766484214.890931606,0.000000000,3.141591056,0.000000306,0.382688845,0.923877290,2.356182772,0.000000738,0.433717712,0.078289833,0.439999420
1766484214.906028,1766484214.905935049,0.000000000,3.141591056,0.000000306,0.382688845,0.923877290,2.356182772,0.000000738,0.433717712,0.078289833,0.439999420
1766484214.921014,1766484214.920937538,0.000000000,3.141591056,0.000000306,0.382688845,0.923877290,2.356182772,0.000000738,0.433717712,0.078289833,0.439999420
1766484214.936056,1766484214.935953140,0.000000000,3.141591056,0.000000306,0.382688845,0.923877290,2.356182772,0.000000738,0.433717712,0.078289833,0.439999420
1766484214.951078,1766484214.950957298,0.000000000,3.141591056,0.000000306,0.382688845,0.923877290,2.356182772,0.000000738,0.433717712,0.078289833,0.439999420
1766484214.966066,1766484214.965955734,0.000000000,3.141591056,0.000000306,0.382688845,0.923877290,2.356182772,0.000000738,0.433717712,0.078289833,0.439999420
1766484214.981072,1766484214.980959177,0.000000000,3.141591056,0.000000306,0.382688845,0.923877290,2.356182772,0.000000738,0.433717712,0.078289833,0.439999420
1766484214.996057,1766484214.995952129,0.000000000,3.141591056,0.000000306,0.382688845,0.923877290,2.356182772,0.000000738,0.433717712,0.078289833,0.439999420
1766484215.011084,1766484215.010958195,0.000000000,3.141591056,0.000000306,0.382688845,0.923877290,2.356182772,0.000000738,0.433717712,0.078289833,0.439999420
1766484215.026031,1766484215.025947571,0.000000000,3.141591056,0.000000306,0.382688845,0.923877290,2.356182772,0.000000738,0.433717712,0.078289833,0.439999420
1766484215.041061,1766484215.040956259,0.000000000,3.141591056,0.000000306,0.382688845,0.923877290,2.356182772,0.000000738,0.433717712,0.078289833,0.439999420
1766484215.056005,1766484215.055943489,0.000000000,3.141591056,0.000000306,0.382688845,0.923877290,2.356182772,0.000000738,0.433717712,0.078289833,0.439999420
1766484215.071026,1766484215.070958614,0.000000000,3.141591056,0.000000306,0.382688845,0.923877290,2.356182772,0.000000738,0.433717712,0.078289833,0.439999420
1766484215.086080,1766484215.085963726,0.000000000,3.141591056,0.000000306,0.382688845,0.923877290,2.356182772,0.000000738,0.433717712,0.078289833,0.439999420
1766484215.101043,1766484215.100952387,0.000000000,3.141591056,0.000000306,0.382688845,0.923877290,2.356182772,0.000000738,0.433717712,0.078289833,0.439999420
1766484215.116093,1766484215.115967035,0.000000000,3.141591056,0.000000306,0.382688845,0.923877290,2.356182772,0.000000738,0.433717712,0.078289833,0.439999420
1766484215.131052,1766484215.130956888,0.000000000,3.141591056,0.000000306,0.382688845,0.923877290,2.356182772,0.000000738,0.433717712,0.078289833,0.439999420
1766484215.146055,1766484215.145956278,0.000000000,3.141591056,0.000000306,0.382688845,0.923877290,2.356182772,0.000000738,0.433717712,0.078289833,0.439999420
1766484215.161073,1766484215.160961628,0.000000000,3.141591056,0.000000306,0.382688845,0.923877290,2.356182772,0.000000738,0.433717712,0.078289833,0.439999420
1766484215.176079,1766484215.175965309,0.000000000,3.141591056,0.000000306,0.382688845,0.923877290,2.356182772,0.000000738,0.433717712,0.078289833,0.439999420
1766484215.191049,1766484215.190959692,0.000000000,3.141591056,0.000000306,0.382688845,0.923877290,2.356182772,0.000000738,0.433717712,0.078289833,0.439999420
1766484215.206277,1766484215.205982924,0.000000000,3.141591056,0.000000306,0.382688845,0.923877290,2.356182772,0.000000738,0.433717712,0.078289833,0.439999420
1766484215.221079,1766484215.220972061,0.000000000,3.141591056,0.000000306,0.382688845,0.923877290,2.356182772,0.000000738,0.433717712,0.078289833,0.439999420
1766484215.236058,1766484215.235960722,0.000000000,3.141591056,0.000000306,0.382688845,0.923877290,2.356182772,0.000000738,0.433717712,0.078289833,0.439999420
1766484215.251058,1766484215.250967979,0.000000000,3.141591056,0.000000306,0.382688845,0.923877290,2.356182772,0.000000738,0.433717712,0.078289833,0.439999420
1766484215.266026,1766484215.265958309,0.000000000,3.141591056,0.000000306,0.382688845,0.923877290,2.356182772,0.000000738,0.433717712,0.078289833,0.439999420
1766484215.281066,1766484215.280964613,0.000000000,3.141591056,0.000000306,0.382688845,0.923877290,2.356182772,0.000000738,0.433717712,0.078289833,0.439999420
1766484215.296123,1766484215.295977116,0.000000000,3.141591056,0.000000306,0.382688845,0.923877290,2.356182772,0.000000738,0.433717712,0.078289833,0.439999420
1766484215.311116,1766484215.310984135,0.000000000,3.141591056,0.000000306,0.382688845,0.923877290,2.356182772,0.000000738,0.433717712,0.078289833,0.439999420
1766484215.326033,1766484215.325963736,0.000000000,3.141591056,0.000000306,0.382688845,0.923877290,2.356182772,0.000000738,0.433717712,0.078289833,0.439999420
1766484215.341071,1766484215.340974808,0.000000000,3.141591056,0.000000306,0.382688845,0.923877290,2.356182772,0.000000738,0.433717712,0.078289833,0.439999420
1766484215.356044,1766484215.355964184,0.000000000,3.141591056,0.000000306,0.382688845,0.923877290,2.356182772,0.000000738,0.433717712,0.078289833,0.439999420
1766484215.371111,1766484215.370993376,0.000000000,3.141591056,0.000000306,0.382688845,0.923877290,2.356182772,0.000000738,0.433717712,0.078289833,0.439999420
1766484215.386081,1766484215.385975838,0.000000000,3.141591056,0.000000306,0.382688845,0.923877290,2.356182772,0.000000738,0.433717712,0.078289833,0.439999420
1766484215.401081,1766484215.400973558,0.000000000,3.141591056,0.000000306,0.382688845,0.923877290,2.356182772,0.000000738,0.433717712,0.078289833,0.439999420
1766484215.416100,1766484215.415980816,0.000000000,3.141591056,0.000000306,0.382688845,0.923877290,2.356182772,0.000000738,0.433717712,0.078289833,0.439999420
1766484215.431062,1766484215.430971861,0.000000000,3.141591056,0.000000306,0.382688845,0.923877290,2.356182772,0.000000738,0.433717712,0.078289833,0.439999420
1766484215.446071,1766484215.445981503,0.000000000,3.141591056,0.000000306,0.382688845,0.923877290,2.356182772,0.000000738,0.433717712,0.078289833,0.439999420
1766484215.461108,1766484215.460989714,0.000000000,3.141591056,0.000000306,0.382688845,0.923877290,2.356182772,0.000000738,0.433717712,0.078289833,0.439999420
1766484215.476097,1766484215.475986719,0.000000000,3.141591056,0.000000306,0.382688845,0.923877290,2.356182772,0.000000738,0.433717712,0.078289833,0.439999420
1766484215.491074,1766484215.490983248,0.000000000,3.141591056,0.000000306,0.382688845,0.923877290,2.356182772,0.000000738,0.433717712,0.078289833,0.439999420
1766484215.506157,1766484215.505989552,0.000000000,3.141591056,0.000000306,0.382688845,0.923877290,2.356182772,0.000000738,0.433717712,0.078289833,0.439999420
1766484215.521073,1766484215.520978212,0.000000000,3.141591056,0.000000306,0.382688845,0.923877290,2.356182772,0.000000738,0.433717712,0.078289833,0.439999420
1766484215.536086,1766484215.535977840,0.000000000,3.141591056,0.000000306,0.382688845,0.923877290,2.356182772,0.000000738,0.433717712,0.078289833,0.439999420
1766484215.551092,1766484215.550989628,0.000000000,3.141591056,0.000000306,0.382688845,0.923877290,2.356182772,0.000000738,0.433717712,0.078289833,0.439999420
1766484215.566072,1766484215.565985203,0.000000000,3.141591056,0.000000306,0.382688845,0.923877290,2.356182772,0.000000738,0.433717712,0.078289833,0.439999420
1766484215.581071,1766484215.580985785,0.000000000,3.141591056,0.000000306,0.382688845,0.923877290,2.356182772,0.000000738,0.433717712,0.078289833,0.439999420
1766484215.596178,1766484215.596002579,0.000000000,3.141591056,0.000000306,0.382688845,0.923877290,2.356182772,0.000000738,0.433717712,0.078289833,0.439999420
1766484215.611155,1766484215.611005068,0.000000000,3.141591056,0.000000306,0.382688845,0.923877290,2.356182772,0.000000738,0.433717712,0.078289833,0.439999420
1766484215.626100,1766484215.625999212,0.000000000,3.141591056,0.000000306,0.382688845,0.923877290,2.356182772,0.000000738,0.433717712,0.078289833,0.439999420
1766484215.641126,1766484215.641002893,0.000000000,3.141591056,0.000000306,0.382688845,0.923877290,2.356182772,0.000000738,0.433717712,0.078289833,0.439999420
1766484215.656067,1766484215.655981064,0.000000000,3.141591056,0.000000306,0.382688845,0.923877290,2.356182772,0.000000738,0.433717712,0.078289833,0.439999420
1766484215.671104,1766484215.671006918,0.000000000,3.141591056,0.000000306,0.382688845,0.923877290,2.356182772,0.000000738,0.433717712,0.078289833,0.439999420
1766484215.686082,1766484215.685994148,0.000000000,3.141591056,0.000000306,0.382688845,0.923877290,2.356182772,0.000000738,0.433717712,0.078289833,0.439999420
1766484215.701064,1766484215.700990200,0.000000000,3.141591056,0.000000306,0.382688845,0.923877290,2.356182772,0.000000738,0.433717712,0.078289833,0.439999420
1766484215.716118,1766484215.716012955,0.000000000,3.141591056,0.000000306,0.382688845,0.923877290,2.356182772,0.000000738,0.433717712,0.078289833,0.439999420
1766484215.731091,1766484215.731001854,0.000000000,3.141591056,0.000000306,0.382688845,0.923877290,2.356182772,0.000000738,0.433717712,0.078289833,0.439999420
1766484215.746117,1766484215.746011257,0.000000000,3.141591056,0.000000306,0.382688845,0.923877290,2.356182772,0.000000738,0.433717712,0.078289833,0.439999420
1766484215.761136,1766484215.761007786,0.000000000,3.141591056,0.000000306,0.382688845,0.923877290,2.356182772,0.000000738,0.433717712,0.078289833,0.439999420
1766484215.776110,1766484215.776007652,0.000000000,3.141591056,0.000000306,0.382688845,0.923877290,2.356182772,0.000000738,0.433717712,0.078289833,0.439999420
1766484215.791087,1766484215.791001320,0.000000000,3.141591056,0.000000306,0.382688845,0.923877290,2.356182772,0.000000738,0.433717712,0.078289833,0.439999420
1766484215.806202,1766484215.806033134,0.000000000,3.141591056,0.000000306,0.382688845,0.923877290,2.356182772,0.000000738,0.433717712,0.078289833,0.439999420
1766484215.821079,1766484215.821001530,0.000000000,3.141591056,0.000000306,0.382688845,0.923877290,2.356182772,0.000000738,0.433717712,0.078289833,0.439999420
1766484215.836146,1766484215.836017847,0.000000000,3.141591056,0.000000306,0.382688845,0.923877290,2.356182772,0.000000738,0.433717712,0.078289833,0.439999420
1766484215.851112,1766484215.851010084,0.000000000,3.141591056,0.000000306,0.382688845,0.923877290,2.356182772,0.000000738,0.433717712,0.078289833,0.439999420
1766484215.866122,1766484215.866015911,0.000000000,3.141591056,0.000000306,0.382688845,0.923877290,2.356182772,0.000000738,0.433717712,0.078289833,0.439999420
1766484215.881129,1766484215.881012678,0.000000000,3.141591056,0.000000306,0.382688845,0.923877290,2.356182772,0.000000738,0.433717712,0.078289833,0.439999420
1766484215.896112,1766484215.896010876,0.000000000,3.141591056,0.000000306,0.382688845,0.923877290,2.356182772,0.000000738,0.433717712,0.078289833,0.439999420
1766484215.911195,1766484215.911035538,0.000000000,3.141591056,0.000000306,0.382688845,0.923877290,2.356182772,0.000000738,0.433717712,0.078289833,0.439999420
1766484215.926115,1766484215.926011562,0.000000000,3.141591056,0.000000306,0.382688845,0.923877290,2.356182772,0.000000738,0.433717712,0.078289833,0.439999420
1766484215.941103,1766484215.941008329,0.000000000,3.141591056,0.000000306,0.382688845,0.923877290,2.356182772,0.000000738,0.433717712,0.078289833,0.439999420
1766484215.956115,1766484215.956006765,0.000000000,3.141591056,0.000000306,0.382688845,0.923877290,2.356182772,0.000000738,0.433717712,0.078289833,0.439999420
1766484215.971106,1766484215.971013784,0.000000000,3.141591056,0.000000306,0.382688845,0.923877290,2.356182772,0.000000738,0.433717712,0.078289833,0.439999420
1766484215.986115,1766484215.986014128,0.000000000,3.141591056,0.000000306,0.382688845,0.923877290,2.356182772,0.000000738,0.433717712,0.078289833,0.439999420
1766484216.001300,1766484216.001062870,0.000000000,3.141591056,0.000000306,0.382688845,0.923877290,2.356182772,0.000000738,0.433717712,0.078289833,0.439999420
1766484216.016140,1766484216.016025543,0.000000000,3.141591056,0.000000306,0.382688845,0.923877290,2.356182772,0.000000738,0.433717712,0.078289833,0.439999420
1766484216.031104,1766484216.031014919,0.000000000,3.141591056,0.000000306,0.382688845,0.923877290,2.356182772,0.000000738,0.433717712,0.078289833,0.439999420
1766484216.046133,1766484216.046028137,0.000000000,3.141591056,0.000000306,0.382688845,0.923877290,2.356182772,0.000000738,0.433717712,0.078289833,0.439999420
1766484216.061137,1766484216.061027765,0.000000000,3.141591056,0.000000306,0.382688845,0.923877290,2.356182772,0.000000738,0.433717712,0.078289833,0.439999420
1766484216.076115,1766484216.076021910,0.000000000,3.141591056,0.000000306,0.382688845,0.923877290,2.356182772,0.000000738,0.433717712,0.078289833,0.439999420
1766484216.091096,1766484216.091016293,0.000000000,3.141591056,0.000000306,0.382688845,0.923877290,2.356182772,0.000000738,0.433717712,0.078289833,0.439999420
1766484216.106129,1766484216.106025219,0.000000000,3.141591056,0.000000306,0.382688845,0.923877290,2.356182772,0.000000738,0.433717712,0.078289833,0.439999420
1766484216.121123,1766484216.121025801,0.000000000,3.141591056,0.000000306,0.382688845,0.923877290,2.356182772,0.000000738,0.433717712,0.078289833,0.439999420
1766484216.136103,1766484216.136023760,0.000000000,3.141591056,0.000000306,0.382688845,0.923877290,2.356182772,0.000000738,0.433717712,0.078289833,0.439999420
1766484216.151141,1766484216.151029587,0.000000000,3.141591056,0.000000306,0.382688845,0.923877290,2.356182772,0.000000738,0.433717712,0.078289833,0.439999420
1766484216.166102,1766484216.166021824,0.000000000,3.141591056,0.000000306,0.382688845,0.923877290,2.356182772,0.000000738,0.433717712,0.078289833,0.439999420
1766484216.181102,1766484216.181023836,0.000000000,3.141591056,0.000000306,0.382688845,0.923877290,2.356182772,0.000000738,0.433717712,0.078289833,0.439999420
1766484216.196114,1766484216.196025372,0.000000000,3.141591056,0.000000306,0.382688845,0.923877290,2.356182772,0.000000738,0.433717712,0.078289833,0.439999420
1766484216.211187,1766484216.211055517,0.000000000,3.141591056,0.000000306,0.382688845,0.923877290,2.356182772,0.000000738,0.433717712,0.078289833,0.439999420
1766484216.226140,1766484216.226030588,0.000000000,3.141591056,0.000000306,0.382688845,0.923877290,2.356182772,0.000000738,0.433717712,0.078289833,0.439999420
1766484216.241118,1766484216.241031408,0.000000000,3.141591056,0.000000306,0.382688845,0.923877290,2.356182772,0.000000738,0.433717712,0.078289833,0.439999420
1766484216.256104,1766484216.256030321,0.000000000,3.141591056,0.000000306,0.382688845,0.923877290,2.356182772,0.000000738,0.433717712,0.078289833,0.439999420
1766484216.271150,1766484216.271036148,0.000000000,3.141591056,0.000000306,0.382688845,0.923877290,2.356182772,0.000000738,0.433717712,0.078289833,0.439999420
1766484216.286139,1766484216.286041021,0.000000000,3.141591056,0.000000306,0.382688845,0.923877290,2.356182772,0.000000738,0.433717712,0.078289833,0.439999420
1766484216.301106,1766484216.301035166,0.000000000,3.141591056,0.000000306,0.382688845,0.923877290,2.356182772,0.000000738,0.433717712,0.078289833,0.439999420
1766484216.316154,1766484216.316047907,0.000000000,3.141591056,0.000000306,0.382688845,0.923877290,2.356182772,0.000000738,0.433717712,0.078289833,0.439999420
1766484216.331122,1766484216.331040621,0.000000000,3.141591056,0.000000306,0.382688845,0.923877290,2.356182772,0.000000738,0.433717712,0.078289833,0.439999420
1766484216.346147,1766484216.346046448,0.000000000,3.141591056,0.000000306,0.382688845,0.923877290,2.356182772,0.000000738,0.433717712,0.078289833,0.439999420
1766484216.361126,1766484216.361036539,0.000000000,3.141591056,0.000000306,0.382688845,0.923877290,2.356182772,0.000000738,0.433717712,0.078289833,0.439999420
1766484216.376133,1766484216.376044512,0.000000000,3.141591056,0.000000306,0.382688845,0.923877290,2.356182772,0.000000738,0.433717712,0.078289833,0.439999420
1766484216.391175,1766484216.391047955,0.000000000,3.141591056,0.000000306,0.382688845,0.923877290,2.356182772,0.000000738,0.433717712,0.078289833,0.439999420
1766484216.406140,1766484216.406051874,0.000000000,3.141591056,0.000000306,0.382688845,0.923877290,2.356182772,0.000000738,0.433717712,0.078289833,0.439999420
1766484216.421172,1766484216.421057701,0.000000000,3.141591056,0.000000306,0.382688845,0.923877290,2.356182772,0.000000738,0.433717712,0.078289833,0.439999420
1766484216.436151,1766484216.436055422,0.000000000,3.141591056,0.000000306,0.382688845,0.923877290,2.356182772,0.000000738,0.433717712,0.078289833,0.439999420
1766484216.451162,1766484216.451056719,0.000000000,3.141591056,0.000000306,0.382688845,0.923877290,2.356182772,0.000000738,0.433717712,0.078289833,0.439999420
1766484216.466149,1766484216.466052055,0.000000000,3.141591056,0.000000306,0.382688845,0.923877290,2.356182772,0.000000738,0.433717712,0.078289833,0.439999420
1766484216.481149,1766484216.481052876,0.000000000,3.141591056,0.000000306,0.382688845,0.923877290,2.356182772,0.000000738,0.433717712,0.078289833,0.439999420
1766484216.496160,1766484216.496055126,0.000000000,3.141591056,0.000000306,0.382688845,0.923877290,2.356182772,0.000000738,0.433717712,0.078289833,0.439999420
1766484216.511281,1766484216.511129141,0.000000000,3.141591056,0.000000306,0.382688845,0.923877290,2.356182772,0.000000738,0.433717712,0.078289833,0.439999420
1766484216.526108,1766484216.526040792,0.000000000,3.141591056,0.000000306,0.382688845,0.923877290,2.356182772,0.000000738,0.433717712,0.078289833,0.439999420
1766484216.541193,1766484216.541070461,0.000000000,3.141591056,0.000000306,0.382688845,0.923877290,2.356182772,0.000000738,0.433717712,0.078289833,0.439999420
1766484216.556195,1766484216.556067944,0.000000000,3.141591056,0.000000306,0.382688845,0.923877290,2.356182772,0.000000738,0.433717712,0.078289833,0.439999420
1766484216.571220,1766484216.571058750,0.000000000,3.141591056,0.000000306,0.382688845,0.923877290,2.356182772,0.000000738,0.433717712,0.078289833,0.439999420
1766484216.586547,1766484216.586122513,0.000000000,3.141591056,0.000000306,0.382688845,0.923877290,2.356182772,0.000000738,0.433717712,0.078289833,0.439999420
1766484216.601398,1766484216.601113558,0.000000000,3.141591056,0.000000306,0.382688845,0.923877290,2.356182772,0.000000738,0.433717712,0.078289833,0.439999420
1766484216.616189,1766484216.616072893,0.000000000,3.141591056,0.000000306,0.382688845,0.923877290,2.356182772,0.000000738,0.433717712,0.078289833,0.439999420
1766484216.631158,1766484216.631067276,0.000000000,3.141591056,0.000000306,0.382688845,0.923877290,2.356182772,0.000000738,0.433717712,0.078289833,0.439999420
1766484216.646293,1766484216.646106482,0.000000000,3.141591056,0.000000306,0.382688845,0.923877290,2.356182772,0.000000738,0.433717712,0.078289833,0.439999420
1766484216.661184,1766484216.661076307,0.000000000,3.141591056,0.000000306,0.382688845,0.923877290,2.356182772,0.000000738,0.433717712,0.078289833,0.439999420
1766484216.676202,1766484216.676079273,0.000000000,3.141591056,0.000000306,0.382688845,0.923877290,2.356182772,0.000000738,0.433717712,0.078289833,0.439999420
1766484216.691133,1766484216.691064119,0.000000000,3.141591056,0.000000306,0.382688845,0.923877290,2.356182772,0.000000738,0.433717712,0.078289833,0.439999420
1766484216.706280,1766484216.706106901,0.000000000,3.141591056,0.000000306,0.382688845,0.923877290,2.356182772,0.000000738,0.433717712,0.078289833,0.439999420
1766484216.721190,1766484216.721081257,0.000000000,3.141591056,0.000000306,0.382688845,0.923877290,2.356182772,0.000000738,0.433717712,0.078289833,0.439999420
1766484216.736177,1766484216.736078501,0.000000000,3.141591056,0.000000306,0.382688845,0.923877290,2.356182772,0.000000738,0.433717712,0.078289833,0.439999420
1766484216.751243,1766484216.751086473,0.000000000,3.141591056,0.000000306,0.382688845,0.923877290,2.356182772,0.000000738,0.433717712,0.078289833,0.439999420
1766484216.766190,1766484216.766081572,0.000000000,3.141591056,0.000000306,0.382688845,0.923877290,2.356182772,0.000000738,0.433717712,0.078289833,0.439999420
1766484216.781203,1766484216.781087160,0.000000000,3.141591056,0.000000306,0.382688845,0.923877290,2.356182772,0.000000738,0.433717712,0.078289833,0.439999420
1766484216.796211,1766484216.796088934,0.000000000,3.141591056,0.000000306,0.382688845,0.923877290,2.356182772,0.000000738,0.433717712,0.078289833,0.439999420
1766484216.811213,1766484216.811084032,0.000000000,3.141591056,0.000000306,0.382688845,0.923877290,2.356182772,0.000000738,0.433717712,0.078289833,0.439999420
1766484216.826194,1766484216.826073885,0.000000000,3.141591056,0.000000306,0.382688845,0.923877290,2.356182772,0.000000738,0.433717712,0.078289833,0.439999420
1766484216.841218,1766484216.841097593,0.000000000,3.141591056,0.000000306,0.382688845,0.923877290,2.356182772,0.000000738,0.433717712,0.078289833,0.439999420
1766484216.856151,1766484216.856073856,0.000000000,3.141591056,0.000000306,0.382688845,0.923877290,2.356182772,0.000000738,0.433717712,0.078289833,0.439999420
1766484216.871204,1766484216.871088266,0.000000000,3.141591056,0.000000306,0.382688845,0.923877290,2.356182772,0.000000738,0.433717712,0.078289833,0.439999420
1766484216.886197,1766484216.886089087,0.000000000,3.141591056,0.000000306,0.382688845,0.923877290,2.356182772,0.000000738,0.433717712,0.078289833,0.439999420
1766484216.901187,1766484216.901082754,0.000000000,3.141591056,0.000000306,0.382688845,0.923877290,2.356182772,0.000000738,0.433717712,0.078289833,0.439999420
1766484216.916489,1766484216.916168451,0.000000000,3.141591056,0.000000306,0.382688845,0.923877290,2.356182772,0.000000738,0.433717712,0.078289833,0.439999420
1766484216.931231,1766484216.931101322,0.000000000,3.141591056,0.000000306,0.382688845,0.923877290,2.356182772,0.000000738,0.433717712,0.078289833,0.439999420
1766484216.946210,1766484216.946095705,0.000000000,3.141591056,0.000000306,0.382688845,0.923877290,2.356182772,0.000000738,0.433717712,0.078289833,0.439999420
1766484216.961192,1766484216.961087227,0.000000000,3.141591056,0.000000306,0.382688845,0.923877290,2.356182772,0.000000738,0.433717712,0.078289833,0.439999420
1766484216.976234,1766484216.976106882,0.000000000,3.141591056,0.000000306,0.382688845,0.923877290,2.356182772,0.000000738,0.433717712,0.078289833,0.439999420
1766484216.991190,1766484216.991090298,0.000000000,3.141591056,0.000000306,0.382688845,0.923877290,2.356182772,0.000000738,0.433717712,0.078289833,0.439999420
1766484217.006189,1766484217.006088495,0.000000000,3.141591056,0.000000306,0.382688845,0.923877290,2.356182772,0.000000738,0.433717712,0.078289833,0.439999420
1766484217.021237,1766484217.021100998,0.000000000,3.141591056,0.000000306,0.382688845,0.923877290,2.356182772,0.000000738,0.433717712,0.078289833,0.439999420
1766484217.036216,1766484217.036100149,0.000000000,3.141591056,0.000000306,0.382688845,0.923877290,2.356182772,0.000000738,0.433717712,0.078289833,0.439999420
1766484217.051221,1766484217.051107645,0.000000000,3.141591056,0.000000306,0.382688845,0.923877290,2.356182772,0.000000738,0.433717712,0.078289833,0.439999420
1766484217.066437,1766484217.066166401,0.000000000,3.141591056,0.000000306,0.382688845,0.923877290,2.356182772,0.000000738,0.433717712,0.078289833,0.439999420
1766484217.081206,1766484217.081102371,0.000000000,3.141591056,0.000000306,0.382688845,0.923877290,2.356182772,0.000000738,0.433717712,0.078289833,0.439999420
1766484217.096203,1766484217.096096754,0.000000000,3.141591056,0.000000306,0.382688845,0.923877290,2.356182772,0.000000738,0.433717712,0.078289833,0.439999420
1766484217.111217,1766484217.111105442,0.000000000,3.141591056,0.000000306,0.382688845,0.923877290,2.356182772,0.000000738,0.433717712,0.078289833,0.439999420
1766484217.126206,1766484217.126101255,0.000000000,3.141591056,0.000000306,0.382688845,0.923877290,2.356182772,0.000000738,0.433717712,0.078289833,0.439999420
1766484217.141258,1766484217.141118288,0.000000000,3.141591056,0.000000306,0.382688845,0.923877290,2.356182772,0.000000738,0.433717712,0.078289833,0.439999420
1766484217.156186,1766484217.156093121,0.000000000,3.141591056,0.000000306,0.382688845,0.923877290,2.356182772,0.000000738,0.433717712,0.078289833,0.439999420
1766484217.171211,1766484217.171109200,0.000000000,3.141591056,0.000000306,0.382688845,0.923877290,2.356182772,0.000000738,0.433717712,0.078289833,0.439999420
1766484217.186205,1766484217.186103344,0.000000000,3.141591056,0.000000306,0.382688845,0.923877290,2.356182772,0.000000738,0.433717712,0.078289833,0.439999420
1766484217.201563,1766484217.201189041,0.000000000,3.141591056,0.000000306,0.382688845,0.923877290,2.356182772,0.000000738,0.433717712,0.078289833,0.439999420
1766484217.216230,1766484217.216115713,0.000000000,3.141591056,0.000000306,0.382688845,0.923877290,2.356182772,0.000000738,0.433717712,0.078289833,0.439999420
1766484217.231189,1766484217.231103659,0.000000000,3.141591056,0.000000306,0.382688845,0.923877290,2.356182772,0.000000738,0.433717712,0.078289833,0.439999420
1766484217.246294,1766484217.246114254,0.000000000,3.141591056,0.000000306,0.382688845,0.923877290,2.356182772,0.000000738,0.433717712,0.078289833,0.439999420
1766484217.261175,1766484217.261096954,0.000000000,3.141591056,0.000000306,0.382688845,0.923877290,2.356182772,0.000000738,0.433717712,0.078289833,0.439999420
1766484217.276217,1766484217.276109934,0.000000000,3.141591056,0.000000306,0.382688845,0.923877290,2.356182772,0.000000738,0.433717712,0.078289833,0.439999420
1766484217.291200,1766484217.291101217,0.000000000,3.141591056,0.000000306,0.382688845,0.923877290,2.356182772,0.000000738,0.433717712,0.078289833,0.439999420
1766484217.306377,1766484217.306163311,0.000000000,3.141591056,0.000000306,0.382688845,0.923877290,2.356182772,0.000000738,0.433717712,0.078289833,0.439999420
1766484217.321257,1766484217.321125984,0.000000000,3.141591056,0.000000306,0.382688845,0.923877290,2.356182772,0.000000738,0.433717712,0.078289833,0.439999420
1766484217.336222,1766484217.336117268,0.000000000,3.141591056,0.000000306,0.382688845,0.923877290,2.356182772,0.000000738,0.433717712,0.078289833,0.439999420
1766484217.351259,1766484217.351130962,0.000000000,3.141591056,0.000000306,0.382688845,0.923877290,2.356182772,0.000000738,0.433717712,0.078289833,0.439999420
1766484217.366240,1766484217.366125345,0.000000000,3.141591056,0.000000306,0.382688845,0.923877290,2.356182772,0.000000738,0.433717712,0.078289833,0.439999420
1766484217.381238,1766484217.381123543,0.000000000,3.141591056,0.000000306,0.382688845,0.923877290,2.356182772,0.000000738,0.433717712,0.078289833,0.439999420
1766484217.396248,1766484217.396122932,0.000000000,3.141591056,0.000000306,0.382688845,0.923877290,2.356182772,0.000000738,0.433717712,0.078289833,0.439999420
1766484217.411572,1766484217.411257982,0.000000000,3.141591056,0.000000306,0.382688845,0.923877290,2.356182772,0.000000738,0.433717712,0.078289833,0.439999420
1766484217.426209,1766484217.426113605,0.000000000,3.141591056,0.000000306,0.382688845,0.923877290,2.356182772,0.000000738,0.433717712,0.078289833,0.439999420
1766484217.441226,1766484217.441124201,0.000000000,3.141591056,0.000000306,0.382688845,0.923877290,2.356182772,0.000000738,0.433717712,0.078289833,0.439999420
1766484217.456264,1766484217.456138372,0.000000000,3.141591056,0.000000306,0.382688845,0.923877290,2.356182772,0.000000738,0.433717712,0.078289833,0.439999420
1766484217.471255,1766484217.471136093,0.000000000,3.141591056,0.000000306,0.382688845,0.923877290,2.356182772,0.000000738,0.433717712,0.078289833,0.439999420
1766484217.486228,1766484217.486121655,0.000000000,3.141591056,0.000000306,0.382688845,0.923877290,2.356182772,0.000000738,0.433717712,0.078289833,0.439999420
1766484217.501188,1766484217.501112223,0.000000000,3.141591056,0.000000306,0.382688845,0.923877290,2.356182772,0.000000738,0.433717712,0.078289833,0.439999420
1766484217.516281,1766484217.516140699,0.000000000,3.141591056,0.000000306,0.382688845,0.923877290,2.356182772,0.000000738,0.433717712,0.078289833,0.439999420
1766484217.531207,1766484217.531111717,0.000000000,3.141591056,0.000000306,0.382688845,0.923877290,2.356182772,0.000000738,0.433717712,0.078289833,0.439999420
1766484217.546252,1766484217.546123743,0.000000000,3.141591056,0.000000306,0.382688845,0.923877290,2.356182772,0.000000738,0.433717712,0.078289833,0.439999420
1766484217.561471,1766484217.561180353,0.000000000,3.141591056,0.000000306,0.382688845,0.923877290,2.356182772,0.000000738,0.433717712,0.078289833,0.439999420
1766484217.576229,1766484217.576127052,0.000000000,3.141591056,0.000000306,0.382688845,0.923877290,2.356182772,0.000000738,0.433717712,0.078289833,0.439999420
1766484217.591222,1766484217.591131926,0.000000000,3.141591056,0.000000306,0.382688845,0.923877290,2.356182772,0.000000738,0.433717712,0.078289833,0.439999420
1766484217.606278,1766484217.606143951,0.000000000,3.141591056,0.000000306,0.382688845,0.923877290,2.356182772,0.000000738,0.433717712,0.078289833,0.439999420
1766484217.621277,1766484217.621141434,0.000000000,3.141591056,0.000000306,0.382688845,0.923877290,2.356182772,0.000000738,0.433717712,0.078289833,0.439999420
1766484217.636290,1766484217.636146784,0.000000000,3.141591056,0.000000306,0.382688845,0.923877290,2.356182772,0.000000738,0.433717712,0.078289833,0.439999420
1766484217.651215,1766484217.651130438,0.000000000,3.141591056,0.000000306,0.382688845,0.923877290,2.356182772,0.000000738,0.433717712,0.078289833,0.439999420
1766484217.666248,1766484217.666144609,0.000000000,3.141591056,0.000000306,0.382688845,0.923877290,2.356182772,0.000000738,0.433717712,0.078289833,0.439999420
1766484217.681223,1766484217.681134462,0.000000000,3.141591056,0.000000306,0.382688845,0.923877290,2.356182772,0.000000738,0.433717712,0.078289833,0.439999420
1766484217.696216,1766484217.696132183,0.000000000,3.141591056,0.000000306,0.382688845,0.923877290,2.356182772,0.000000738,0.433717712,0.078289833,0.439999420
1766484217.711347,1766484217.711159945,0.000000000,3.141591056,0.000000306,0.382688845,0.923877290,2.356182772,0.000000738,0.433717712,0.078289833,0.439999420
1766484217.726243,1766484217.726143122,0.000000000,3.141591056,0.000000306,0.382688845,0.923877290,2.356182772,0.000000738,0.433717712,0.078289833,0.439999420
1766484217.741285,1766484217.741156101,0.000000000,3.141591056,0.000000306,0.382688845,0.923877290,2.356182772,0.000000738,0.433717712,0.078289833,0.439999420
1766484217.756230,1766484217.756136179,0.000000000,3.141591056,0.000000306,0.382688845,0.923877290,2.356182772,0.000000738,0.433717712,0.078289833,0.439999420
1766484217.771242,1766484217.771151304,0.000000000,3.141591056,0.000000306,0.382688845,0.923877290,2.356182772,0.000000738,0.433717712,0.078289833,0.439999420
1766484217.786249,1766484217.786147356,0.000000000,3.141591056,0.000000306,0.382688845,0.923877290,2.356182772,0.000000738,0.433717712,0.078289833,0.439999420
1766484217.801259,1766484217.801148653,0.000000000,3.141591056,0.000000306,0.382688845,0.923877290,2.356182772,0.000000738,0.433717712,0.078289833,0.439999420
1766484217.816325,1766484217.816164970,0.000000000,3.141591056,0.000000306,0.382688845,0.923877290,2.356182772,0.000000738,0.433717712,0.078289833,0.439999420
1766484217.831253,1766484217.831147909,0.000000000,3.141591056,0.000000306,0.382688845,0.923877290,2.356182772,0.000000738,0.433717712,0.078289833,0.439999420
1766484217.846256,1766484217.846149921,0.000000000,3.141591056,0.000000306,0.382688845,0.923877290,2.356182772,0.000000738,0.433717712,0.078289833,0.439999420
1766484217.861378,1766484217.861195564,0.000000000,3.141591056,0.000000306,0.382688845,0.923877290,2.356182772,0.000000738,0.433717712,0.078289833,0.439999420
1766484217.876423,1766484217.876185179,0.000000000,3.141591056,0.000000306,0.382688845,0.923877290,2.356182772,0.000000738,0.433717712,0.078289833,0.439999420
1766484217.891268,1766484217.891155481,0.000000000,3.141591056,0.000000306,0.382688845,0.923877290,2.356182772,0.000000738,0.433717712,0.078289833,0.439999420
1766484217.906311,1766484217.906166792,0.000000000,3.141591056,0.000000306,0.382688845,0.923877290,2.356182772,0.000000738,0.433717712,0.078289833,0.439999420
1766484217.921288,1766484217.921164274,0.000000000,3.141591056,0.000000306,0.382688845,0.923877290,2.356182772,0.000000738,0.433717712,0.078289833,0.439999420
1766484217.936245,1766484217.936156750,0.000000000,3.141591056,0.000000306,0.382688845,0.923877290,2.356182772,0.000000738,0.433717712,0.078289833,0.439999420
1766484217.951260,1766484217.951159000,0.000000000,3.141591056,0.000000306,0.382688845,0.923877290,2.356182772,0.000000738,0.433717712,0.078289833,0.439999420
1766484217.966476,1766484217.966200829,0.000000000,3.141591056,0.000000306,0.382688845,0.923877290,2.356182772,0.000000738,0.433717712,0.078289833,0.439999420
1766484217.981295,1766484217.981171131,0.000000000,3.141591056,0.000000306,0.382688845,0.923877290,2.356182772,0.000000738,0.433717712,0.078289833,0.439999420
1766484217.996281,1766484217.996158600,0.000000000,3.141591056,0.000000306,0.382688845,0.923877290,2.356182772,0.000000738,0.433717712,0.078289833,0.439999420
1766484218.011344,1766484218.011184454,0.000000000,3.141591056,0.000000306,0.382688845,0.923877290,2.356182772,0.000000738,0.433717712,0.078289833,0.439999420
1766484218.026290,1766484218.026170254,0.000000000,3.141591056,0.000000306,0.382688845,0.923877290,2.356182772,0.000000738,0.433717712,0.078289833,0.439999420
1766484218.041291,1766484218.041172266,0.000000000,3.141591056,0.000000306,0.382688845,0.923877290,2.356182772,0.000000738,0.433717712,0.078289833,0.439999420
1766484218.056300,1766484218.056174517,0.000000000,3.141591056,0.000000306,0.382688845,0.923877290,2.356182772,0.000000738,0.433717712,0.078289833,0.439999420
1766484218.071283,1766484218.071171522,0.000000000,3.141591056,0.000000306,0.382688845,0.923877290,2.356182772,0.000000738,0.433717712,0.078289833,0.439999420
1766484218.086269,1766484218.086165905,0.000000000,3.141591056,0.000000306,0.382688845,0.923877290,2.356182772,0.000000738,0.433717712,0.078289833,0.439999420
1766484218.101238,1766484218.101157904,0.000000000,3.141591056,0.000000306,0.382688845,0.923877290,2.356182772,0.000000738,0.433717712,0.078289833,0.439999420
1766484218.116369,1766484218.116187572,0.000000000,3.141591056,0.000000306,0.382688845,0.923877290,2.356182772,0.000000738,0.433717712,0.078289833,0.439999420
1766484218.131325,1766484218.131182432,0.000000000,3.141591056,0.000000306,0.382688845,0.923877290,2.356182772,0.000000738,0.433717712,0.078289833,0.439999420
1766484218.146282,1766484218.146168947,0.000000000,3.141591056,0.000000306,0.382688845,0.923877290,2.356182772,0.000000738,0.433717712,0.078289833,0.439999420
1766484218.161268,1766484218.161168098,0.000000000,3.141591056,0.000000306,0.382688845,0.923877290,2.356182772,0.000000738,0.433717712,0.078289833,0.439999420
1766484218.176330,1766484218.176188469,0.000000000,3.141591056,0.000000306,0.382688845,0.923877290,2.356182772,0.000000738,0.433717712,0.078289833,0.439999420
1766484218.191245,1766484218.191164255,0.000000000,3.141591056,0.000000306,0.382688845,0.923877290,2.356182772,0.000000738,0.433717712,0.078289833,0.439999420
1766484218.206316,1766484218.206177473,0.000000000,3.141591056,0.000000306,0.382688845,0.923877290,2.356182772,0.000000738,0.433717712,0.078289833,0.439999420
1766484218.221340,1766484218.221208572,0.000000000,3.141591056,0.000000306,0.382688845,0.923877290,2.356182772,0.000000738,0.433717712,0.078289833,0.439999420
1766484218.236275,1766484218.236175537,0.000000000,3.141591056,0.000000306,0.382688845,0.923877290,2.356182772,0.000000738,0.433717712,0.078289833,0.439999420
1766484218.251317,1766484218.251187086,0.000000000,3.141591056,0.000000306,0.382688845,0.923877290,2.356182772,0.000000738,0.433717712,0.078289833,0.439999420
1766484218.266314,1766484218.266190529,0.000000000,3.141591056,0.000000306,0.382688845,0.923877290,2.356182772,0.000000738,0.433717712,0.078289833,0.439999420
1766484218.281300,1766484218.281186819,0.000000000,3.141591056,0.000000306,0.382688845,0.923877290,2.356182772,0.000000738,0.433717712,0.078289833,0.439999420
1766484218.296285,1766484218.296181679,0.000000000,3.141591056,0.000000306,0.382688845,0.923877290,2.356182772,0.000000738,0.433717712,0.078289833,0.439999420
1766484218.311387,1766484218.311236620,0.000000000,3.141591056,0.000000306,0.382688845,0.923877290,2.356182772,0.000000738,0.433717712,0.078289833,0.439999420
1766484218.326332,1766484218.326203346,0.000000000,3.141591056,0.000000306,0.382688845,0.923877290,2.356182772,0.000000738,0.433717712,0.078289833,0.439999420
1766484218.341311,1766484218.341187000,0.000000000,3.141591056,0.000000306,0.382688845,0.923877290,2.356182772,0.000000738,0.433717712,0.078289833,0.439999420
1766484218.356263,1766484218.356171131,0.000000000,3.141591056,0.000000306,0.382688845,0.923877290,2.356182772,0.000000738,0.433717712,0.078289833,0.439999420
1766484218.371491,1766484218.371222973,0.000000000,3.141591056,0.000000306,0.382688845,0.923877290,2.356182772,0.000000738,0.433717712,0.078289833,0.439999420
1766484218.386312,1766484218.386191845,0.000000000,3.141591056,0.000000306,0.382688845,0.923877290,2.356182772,0.000000738,0.433717712,0.078289833,0.439999420
1766484218.401280,1766484218.401184559,0.000000000,3.141591056,0.000000306,0.382688845,0.923877290,2.356182772,0.000000738,0.433717712,0.078289833,0.439999420
1766484218.416293,1766484218.416188478,0.000000000,3.141591056,0.000000306,0.382688845,0.923877290,2.356182772,0.000000738,0.433717712,0.078289833,0.439999420
1766484218.431363,1766484218.431185007,0.000000000,3.141591056,0.000000306,0.382688845,0.923877290,2.356182772,0.000000738,0.433717712,0.078289833,0.439999420
1766484218.446295,1766484218.446191311,0.000000000,3.141591056,0.000000306,0.382688845,0.923877290,2.356182772,0.000000738,0.433717712,0.078289833,0.439999420
1766484218.461259,1766484218.461182833,0.000000000,3.141591056,0.000000306,0.382688845,0.923877290,2.356182772,0.000000738,0.433717712,0.078289833,0.439999420
1766484218.476409,1766484218.476227522,0.000000000,3.141591056,0.000000306,0.382688845,0.923877290,2.356182772,0.000000738,0.433717712,0.078289833,0.439999420
1766484218.491285,1766484218.491185665,0.000000000,3.141591056,0.000000306,0.382688845,0.923877290,2.356182772,0.000000738,0.433717712,0.078289833,0.439999420
1766484218.506373,1766484218.506225586,0.000000000,3.141591056,0.000000306,0.382688845,0.923877290,2.356182772,0.000000738,0.433717712,0.078289833,0.439999420
1766484218.521346,1766484218.521203995,0.000000000,3.141591056,0.000000306,0.382688845,0.923877290,2.356182772,0.000000738,0.433717712,0.078289833,0.439999420
1766484218.536329,1766484218.536209822,0.000000000,3.141591056,0.000000306,0.382688845,0.923877290,2.356182772,0.000000738,0.433717712,0.078289833,0.439999420
1766484218.551332,1766484218.551211596,0.000000000,3.141591056,0.000000306,0.382688845,0.923877290,2.356182772,0.000000738,0.433717712,0.078289833,0.439999420
1766484218.566403,1766484218.566221714,0.000000000,3.141591056,0.000000306,0.382688845,0.923877290,2.356182772,0.000000738,0.433717712,0.078289833,0.439999420
1766484218.581327,1766484218.581210613,0.000000000,3.141591056,0.000000306,0.382688845,0.923877290,2.356182772,0.000000738,0.433717712,0.078289833,0.439999420
1766484218.596303,1766484218.596199512,0.000000000,3.141591056,0.000000306,0.382688845,0.923877290,2.356182772,0.000000738,0.433717712,0.078289833,0.439999420
1766484218.611357,1766484218.611220121,0.000000000,3.141591056,0.000000306,0.382688845,0.923877290,2.356182772,0.000000738,0.433717712,0.078289833,0.439999420
1766484218.626335,1766484218.626209021,0.000000000,3.141591056,0.000000306,0.382688845,0.923877290,2.356182772,0.000000738,0.433717712,0.078289833,0.439999420
1766484218.641278,1766484218.641191959,0.000000000,3.141591056,0.000000306,0.382688845,0.923877290,2.356182772,0.000000738,0.433717712,0.078289833,0.439999420
1766484218.656262,1766484218.656191587,0.000000000,3.141591056,0.000000306,0.382688845,0.923877290,2.356182772,0.000000738,0.433717712,0.078289833,0.439999420
1766484218.671297,1766484218.671202898,0.000000000,3.141591056,0.000000306,0.382688845,0.923877290,2.356182772,0.000000738,0.433717712,0.078289833,0.439999420
1766484218.686267,1766484218.686191559,0.000000000,3.141591056,0.000000306,0.382688845,0.923877290,2.356182772,0.000000738,0.433717712,0.078289833,0.439999420
1766484218.701266,1766484218.701195717,0.000000000,3.141591056,0.000000306,0.382688845,0.923877290,2.356182772,0.000000738,0.433717712,0.078289833,0.439999420
1766484218.716416,1766484218.716228962,0.000000000,3.141591056,0.000000306,0.382688845,0.923877290,2.356182772,0.000000738,0.433717712,0.078289833,0.439999420
1766484218.731395,1766484218.731223345,0.000000000,3.141591056,0.000000306,0.382688845,0.923877290,2.356182772,0.000000738,0.433717712,0.078289833,0.439999420
1766484218.746339,1766484218.746215582,0.000000000,3.141591056,0.000000306,0.382688845,0.923877290,2.356182772,0.000000738,0.433717712,0.078289833,0.439999420
1766484218.761352,1766484218.761218071,0.000000000,3.141591056,0.000000306,0.382688845,0.923877290,2.356182772,0.000000738,0.433717712,0.078289833,0.439999420
1766484218.776397,1766484218.776253462,0.000000000,3.141591056,0.000000306,0.382688845,0.923877290,2.356182772,0.000000738,0.433717712,0.078289833,0.439999420
1766484218.791340,1766484218.791213751,0.000000000,3.141591056,0.000000306,0.382688845,0.923877290,2.356182772,0.000000738,0.433717712,0.078289833,0.439999420
1766484218.806520,1766484218.806257725,0.000000000,3.141591056,0.000000306,0.382688845,0.923877290,2.356182772,0.000000738,0.433717712,0.078289833,0.439999420
1766484218.821359,1766484218.821223259,0.000000000,3.141591056,0.000000306,0.382688845,0.923877290,2.356182772,0.000000738,0.433717712,0.078289833,0.439999420
1766484218.836300,1766484218.836210966,0.000000000,3.141591056,0.000000306,0.382688845,0.923877290,2.356182772,0.000000738,0.433717712,0.078289833,0.439999420
1766484218.851325,1766484218.851219177,0.000000000,3.141591056,0.000000306,0.382688845,0.923877290,2.356182772,0.000000738,0.433717712,0.078289833,0.439999420
1766484218.866449,1766484218.866244078,0.000000000,3.141591056,0.000000306,0.382688845,0.923877290,2.356182772,0.000000738,0.433717712,0.078289833,0.439999420
1766484218.881431,1766484218.881245613,0.000000000,3.141591056,0.000000306,0.382688845,0.923877290,2.356182772,0.000000738,0.433717712,0.078289833,0.439999420
1766484218.896299,1766484218.896212578,0.000000000,3.141591056,0.000000306,0.382688845,0.923877290,2.356182772,0.000000738,0.433717712,0.078289833,0.439999420
1766484218.911378,1766484218.911239147,0.000000000,3.141591056,0.000000306,0.382688845,0.923877290,2.356182772,0.000000738,0.433717712,0.078289833,0.439999420
1766484218.926350,1766484218.926223278,0.000000000,3.141591056,0.000000306,0.382688845,0.923877290,2.356182772,0.000000738,0.433717712,0.078289833,0.439999420
1766484218.941350,1766484218.941228628,0.000000000,3.141591056,0.000000306,0.382688845,0.923877290,2.356182772,0.000000738,0.433717712,0.078289833,0.439999420
1766484218.956359,1766484218.956229925,0.000000000,3.141591056,0.000000306,0.382688845,0.923877290,2.356182772,0.000000738,0.433717712,0.078289833,0.439999420
1766484218.971321,1766484218.971224546,0.000000000,3.141591056,0.000000306,0.382688845,0.923877290,2.356182772,0.000000738,0.433717712,0.078289833,0.439999420
1766484218.986470,1766484218.986254692,0.000000000,3.141591056,0.000000306,0.382688845,0.923877290,2.356182772,0.000000738,0.433717712,0.078289833,0.439999420
1766484219.001411,1766484219.001261950,0.000000000,3.141591056,0.000000306,0.382688845,0.923877290,2.356182772,0.000000738,0.433717712,0.078289833,0.439999420
1766484219.016360,1766484219.016237974,0.000000000,3.141591056,0.000000306,0.382688845,0.923877290,2.356182772,0.000000738,0.433717712,0.078289833,0.439999420
1766484219.031331,1766484219.031234264,0.000000000,3.141591056,0.000000306,0.382688845,0.923877290,2.356182772,0.000000738,0.433717712,0.078289833,0.439999420
1766484219.046361,1766484219.046241045,0.000000000,3.141591056,0.000000306,0.382688845,0.923877290,2.356182772,0.000000738,0.433717712,0.078289833,0.439999420
1766484219.061325,1766484219.061226845,0.000000000,3.141591056,0.000000306,0.382688845,0.923877290,2.356182772,0.000000738,0.433717712,0.078289833,0.439999420
1766484219.076615,1766484219.076309204,0.000000000,3.141591056,0.000000306,0.382688845,0.923877290,2.356182772,0.000000738,0.433717712,0.078289833,0.439999420
1766484219.091303,1766484219.091223478,0.000000000,3.141591056,0.000000306,0.382688845,0.923877290,2.356182772,0.000000738,0.433717712,0.078289833,0.439999420
1766484219.106325,1766484219.106235266,0.000000000,3.141591056,0.000000306,0.382688845,0.923877290,2.356182772,0.000000738,0.433717712,0.078289833,0.439999420
1766484219.121308,1766484219.121222258,0.000000000,3.141591056,0.000000306,0.382688845,0.923877290,2.356182772,0.000000738,0.433717712,0.078289833,0.439999420
1766484219.136313,1766484219.136226892,0.000000000,3.141591056,0.000000306,0.382688845,0.923877290,2.356182772,0.000000738,0.433717712,0.078289833,0.439999420
1766484219.151429,1766484219.151256800,0.000000000,3.141591056,0.000000306,0.382688845,0.923877290,2.356182772,0.000000738,0.433717712,0.078289833,0.439999420
1766484219.166348,1766484219.166241169,0.000000000,3.141591056,0.000000306,0.382688845,0.923877290,2.356182772,0.000000738,0.433717712,0.078289833,0.439999420
1766484219.181387,1766484219.181254625,0.000000000,3.141591056,0.000000306,0.382688845,0.923877290,2.356182772,0.000000738,0.433717712,0.078289833,0.439999420
1766484219.196317,1766484219.196232796,0.000000000,3.141591056,0.000000306,0.382688845,0.923877290,2.356182772,0.000000738,0.433717712,0.078289833,0.439999420
1766484219.211451,1766484219.211269855,0.000000000,3.141591056,0.000000306,0.382693274,0.923875456,2.356173185,0.000000738,0.433717712,0.078289833,0.439999420
1766484219.226400,1766484219.226268291,0.000000000,3.141591056,0.000000306,0.382693274,0.923875456,2.356173185,0.000000738,0.433717712,0.078289833,0.439999420
1766484219.241343,1766484219.241242886,0.000000000,3.141591056,0.000000306,0.382693274,0.923875456,2.356173185,0.000000738,0.433717712,0.078289833,0.439999420
1766484219.256351,1766484219.256247759,0.000000000,3.141591056,0.000000306,0.382693274,0.923875456,2.356173185,0.000000738,0.433717712,0.078289833,0.439999420
1766484219.271338,1766484219.271241903,0.000000000,3.141591056,0.000000306,0.382693274,0.923875456,2.356173185,0.000000738,0.433717712,0.078289833,0.439999420
1766484219.286425,1766484219.286261797,0.000000000,3.141591056,0.000000306,0.382693274,0.923875456,2.356173185,0.000000738,0.433717712,0.078289833,0.439999420
1766484219.301721,1766484219.301364899,0.000000000,3.141591056,0.000000306,0.382693274,0.923875456,2.356173185,0.000000738,0.433717712,0.078289833,0.439999420
1766484219.316372,1766484219.316254616,0.000000000,3.141591056,0.000000306,0.382693274,0.923875456,2.356173185,0.000000738,0.433717712,0.078289833,0.439999420
1766484219.331382,1766484219.331252813,0.000000000,3.141591056,0.000000306,0.382693274,0.923875456,2.356173185,0.000000738,0.433717712,0.078289833,0.439999420
1766484219.346600,1766484219.346304178,0.000000000,3.141591056,0.000000306,0.382693274,0.923875456,2.356173185,0.000000738,0.433717712,0.078289833,0.439999420
1766484219.361376,1766484219.361249685,0.000000000,3.141591056,0.000000306,0.382693274,0.923875456,2.356173185,0.000000738,0.433717712,0.078289833,0.439999420
1766484219.376429,1766484219.376285315,0.000000000,3.141591056,0.000000306,0.382693274,0.923875456,2.356173185,0.000000738,0.433717712,0.078289833,0.439999420
1766484219.391535,1766484219.391329765,0.000000000,3.141591056,0.000000306,0.382693274,0.923875456,2.356173185,0.000000738,0.433717712,0.078289833,0.439999420
1766484219.406428,1766484219.406264782,0.000000000,3.141591056,0.000000306,0.382693274,0.923875456,2.356173185,0.000000738,0.433717712,0.078289833,0.439999420
1766484219.421375,1766484219.421263695,0.000000000,3.141591056,0.000000306,0.382693274,0.923875456,2.356173185,0.000000738,0.433717712,0.078289833,0.439999420
1766484219.436420,1766484219.436272383,0.000000000,3.141591056,0.000000306,0.382693274,0.923875456,2.356173185,0.000000738,0.433717712,0.078289833,0.439999420
1766484219.451415,1766484219.451274395,0.000000000,3.141591056,0.000000306,0.382693274,0.923875456,2.356173185,0.000000738,0.433717712,0.078289833,0.439999420
1766484219.466389,1766484219.466278076,0.000000000,3.141591056,0.000000306,0.382693274,0.923875456,2.356173185,0.000000738,0.433717712,0.078289833,0.439999420
1766484219.481375,1766484219.481266260,0.000000000,3.141591056,0.000000306,0.382693274,0.923875456,2.356173185,0.000000738,0.433717712,0.078289833,0.439999420
1766484219.496353,1766484219.496252060,0.000000000,3.141591056,0.000000306,0.382693274,0.923875456,2.356173185,0.000000738,0.433717712,0.078289833,0.439999420
1766484219.511387,1766484219.511268616,0.000000000,3.141591056,0.000000306,0.382693274,0.923875456,2.356173185,0.000000738,0.433717712,0.078289833,0.439999420
1766484219.526428,1766484219.526254416,0.000000000,3.141591056,0.000000306,0.382693274,0.923875456,2.356173185,0.000000738,0.433717712,0.078289833,0.439999420
1766484219.541342,1766484219.541252375,0.000000000,3.141591056,0.000000306,0.382693274,0.923875456,2.356173185,0.000000738,0.433717712,0.078289833,0.439999420
1766484219.556316,1766484219.556244373,0.000000000,3.141591056,0.000000306,0.382693274,0.923875456,2.356173185,0.000000738,0.433717712,0.078289833,0.439999420
1766484219.571305,1766484219.571245193,0.000000000,3.141591056,0.000000306,0.382693274,0.923875456,2.356173185,0.000000738,0.433717712,0.078289833,0.439999420
1766484219.586307,1766484219.586245298,0.000000000,3.141591056,0.000000306,0.382693274,0.923875456,2.356173185,0.000000738,0.433717712,0.078289833,0.439999420
1766484219.601317,1766484219.601246595,0.000000000,3.141591056,0.000000306,0.382693274,0.923875456,2.356173185,0.000000738,0.433717712,0.078289833,0.439999420
1766484219.616326,1766484219.616250515,0.000000000,3.141591056,0.000000306,0.382693274,0.923875456,2.356173185,0.000000738,0.433717712,0.078289833,0.439999420
1766484219.631303,1766484219.631249428,0.000000000,3.141591056,0.000000306,0.382693274,0.923875456,2.356173185,0.000000738,0.433717712,0.078289833,0.439999420
1766484219.646316,1766484219.646250248,0.000000000,3.141591056,0.000000306,0.382693274,0.923875456,2.356173185,0.000000738,0.433717712,0.078289833,0.439999420
1766484219.661325,1766484219.661253691,0.000000000,3.141591056,0.000000306,0.382693274,0.923875456,2.356173185,0.000000738,0.433717712,0.078289833,0.439999420
1766484219.676308,1766484219.676251888,0.000000000,3.141591056,0.000000306,0.382693274,0.923875456,2.356173185,0.000000738,0.433717712,0.078289833,0.439999420
1766484219.691307,1766484219.691252232,0.000000000,3.141591056,0.000000306,0.382693274,0.923875456,2.356173185,0.000000738,0.433717712,0.078289833,0.439999420
1766484219.706337,1766484219.706258774,0.000000000,3.141591056,0.000000306,0.382693274,0.923875456,2.356173185,0.000000738,0.433717712,0.078289833,0.439999420
1766484219.721329,1766484219.721256256,0.000000000,3.141591056,0.000000306,0.382693274,0.923875456,2.356173185,0.000000738,0.433717712,0.078289833,0.439999420
1766484219.736326,1766484219.736256599,0.000000000,3.141591056,0.000000306,0.382693274,0.923875456,2.356173185,0.000000738,0.433717712,0.078289833,0.439999420
1766484219.751347,1766484219.751256466,0.000000000,3.141591056,0.000000306,0.382693274,0.923875456,2.356173185,0.000000738,0.433717712,0.078289833,0.439999420
1766484219.766386,1766484219.766259670,0.000000000,3.141591056,0.000000306,0.382693274,0.923875456,2.356173185,0.000000738,0.433717712,0.078289833,0.439999420
1766484219.781337,1766484219.781258345,0.000000000,3.141591056,0.000000306,0.382693274,0.923875456,2.356173185,0.000000738,0.433717712,0.078289833,0.439999420
1766484219.796329,1766484219.796263933,0.000000000,3.141591056,0.000000306,0.382693274,0.923875456,2.356173185,0.000000738,0.433717712,0.078289833,0.439999420
1766484219.811324,1766484219.811263800,0.000000000,3.141591056,0.000000306,0.382693274,0.923875456,2.356173185,0.000000738,0.433717712,0.078289833,0.439999420
1766484219.826328,1766484219.826264381,0.000000000,3.141591056,0.000000306,0.382693274,0.923875456,2.356173185,0.000000738,0.433717712,0.078289833,0.439999420
1766484219.841347,1766484219.841280222,0.000000000,3.141591056,0.000000306,0.382693274,0.923875456,2.356173185,0.000000738,0.433717712,0.078289833,0.439999420
1766484219.856334,1766484219.856267929,0.000000000,3.141591056,0.000000306,0.382693274,0.923875456,2.356173185,0.000000738,0.433717712,0.078289833,0.439999420
1766484219.871361,1766484219.871271372,0.000000000,3.141591056,0.000000306,0.382693274,0.923875456,2.356173185,0.000000738,0.433717712,0.078289833,0.439999420
1766484219.886338,1766484219.886267900,0.000000000,3.141591056,0.000000306,0.382693274,0.923875456,2.356173185,0.000000738,0.433717712,0.078289833,0.439999420
1766484219.901334,1766484219.901267767,0.000000000,3.141591056,0.000000306,0.382693274,0.923875456,2.356173185,0.000000738,0.433717712,0.078289833,0.439999420
1766484219.916362,1766484219.916270733,0.000000000,3.141591056,0.000000306,0.382693274,0.923875456,2.356173185,0.000000738,0.433717712,0.078289833,0.439999420
1766484219.931340,1766484219.931267500,0.000000000,3.141591056,0.000000306,0.382693274,0.923875456,2.356173185,0.000000738,0.433717712,0.078289833,0.439999420
1766484219.946330,1766484219.946269512,0.000000000,3.141591056,0.000000306,0.382693274,0.923875456,2.356173185,0.000000738,0.433717712,0.078289833,0.439999420
1766484219.961322,1766484219.961270094,0.000000000,3.141591056,0.000000306,0.382693274,0.923875456,2.356173185,0.000000738,0.433717712,0.078289833,0.439999420
1766484219.976340,1766484219.976271629,0.000000000,3.141591056,0.000000306,0.382693274,0.923875456,2.356173185,0.000000738,0.433717712,0.078289833,0.439999420
1766484219.991351,1766484219.991274357,0.000000000,3.141591056,0.000000306,0.382693274,0.923875456,2.356173185,0.000000738,0.433717712,0.078289833,0.439999420
1766484220.006360,1766484220.006275177,0.000000000,3.141591056,0.000000306,0.382693274,0.923875456,2.356173185,0.000000738,0.433717712,0.078289833,0.439999420
1766484220.021377,1766484220.021277428,0.000000000,3.141591056,0.000000306,0.382693274,0.923875456,2.356173185,0.000000738,0.433717712,0.078289833,0.439999420
1766484220.036364,1766484220.036278248,0.000000000,3.141591056,0.000000306,0.382693274,0.923875456,2.356173185,0.000000738,0.433717712,0.078289833,0.439999420
1766484220.051365,1766484220.051279306,0.000000000,3.141591056,0.000000306,0.382693274,0.923875456,2.356173185,0.000000738,0.433717712,0.078289833,0.439999420
1766484220.066356,1766484220.066280365,0.000000000,3.141591056,0.000000306,0.382693274,0.923875456,2.356173185,0.000000738,0.433717712,0.078289833,0.439999420
1766484220.081380,1766484220.081283808,0.000000000,3.141591056,0.000000306,0.382693274,0.923875456,2.356173185,0.000000738,0.433717712,0.078289833,0.439999420
1766484220.096414,1766484220.096288919,0.000000000,3.141591056,0.000000306,0.382693274,0.923875456,2.356173185,0.000000738,0.433717712,0.078289833,0.439999420
1766484220.111406,1766484220.111283064,0.000000000,3.141591056,0.000000306,0.382693274,0.923875456,2.356173185,0.000000738,0.433717712,0.078289833,0.439999420
1766484220.126372,1766484220.126283646,0.000000000,3.141591056,0.000000306,0.382693274,0.923875456,2.356173185,0.000000738,0.433717712,0.078289833,0.439999420
1766484220.141377,1766484220.141284704,0.000000000,3.141591056,0.000000306,0.382693274,0.923875456,2.356173185,0.000000738,0.433717712,0.078289833,0.439999420
1766484220.156360,1766484220.156282187,0.000000000,3.141591056,0.000000306,0.382693274,0.923875456,2.356173185,0.000000738,0.433717712,0.078289833,0.439999420
1766484220.171362,1766484220.171283484,0.000000000,3.141591056,0.000000306,0.382693274,0.923875456,2.356173185,0.000000738,0.433717712,0.078289833,0.439999420
1766484220.186354,1766484220.186285734,0.000000000,3.141591056,0.000000306,0.382693274,0.923875456,2.356173185,0.000000738,0.433717712,0.078289833,0.439999420
1766484220.201344,1766484220.201287270,0.000000000,3.141591056,0.000000306,0.382693274,0.923875456,2.356173185,0.000000738,0.433717712,0.078289833,0.439999420
1766484220.216349,1766484220.216288090,0.000000000,3.141591056,0.000000306,0.382693274,0.923875456,2.356173185,0.000000738,0.433717712,0.078289833,0.439999420
1766484220.231371,1766484220.231288671,0.000000000,3.141591056,0.000000306,0.382693274,0.923875456,2.356173185,0.000000738,0.433717712,0.078289833,0.439999420
1766484220.246364,1766484220.246290684,0.000000000,3.141591056,0.000000306,0.382693274,0.923875456,2.356173185,0.000000738,0.433717712,0.078289833,0.439999420
1766484220.261363,1766484220.261292696,0.000000000,3.141591056,0.000000306,0.382693274,0.923875456,2.356173185,0.000000738,0.433717712,0.078289833,0.439999420
1766484220.276392,1766484220.276294470,0.000000000,3.141591056,0.000000306,0.382693274,0.923875456,2.356173185,0.000000738,0.433717712,0.078289833,0.439999420
1766484220.291390,1766484220.291299343,0.000000000,3.141591056,0.000000306,0.382693274,0.923875456,2.356173185,0.000000738,0.433717712,0.078289833,0.439999420
1766484220.306360,1766484220.306297541,0.000000000,3.141591056,0.000000306,0.382693274,0.923875456,2.356173185,0.000000738,0.433717712,0.078289833,0.439999420
1766484220.321368,1766484220.321297169,0.000000000,3.141591056,0.000000306,0.382693274,0.923875456,2.356173185,0.000000738,0.433717712,0.078289833,0.439999420
1766484220.336393,1766484220.336300135,0.000000000,3.141591056,0.000000306,0.382693274,0.923875456,2.356173185,0.000000738,0.433717712,0.078289833,0.439999420
1766484220.351390,1766484220.351299286,0.000000000,3.141591056,0.000000306,0.382693274,0.923875456,2.356173185,0.000000738,0.433717712,0.078289833,0.439999420
1766484220.366395,1766484220.366301298,0.000000000,3.141591056,0.000000306,0.382693274,0.923875456,2.356173185,0.000000738,0.433717712,0.078289833,0.439999420
1766484220.381366,1766484220.381300211,0.000000000,3.141591056,0.000000306,0.382693274,0.923875456,2.356173185,0.000000738,0.433717712,0.078289833,0.439999420
1766484220.396385,1766484220.396302700,0.000000000,3.141591056,0.000000306,0.382693274,0.923875456,2.356173185,0.000000738,0.433717712,0.078289833,0.439999420
1766484220.411394,1766484220.411301613,0.000000000,3.141591056,0.000000306,0.382693274,0.923875456,2.356173185,0.000000738,0.433717712,0.078289833,0.439999420
1766484220.426381,1766484220.426301241,0.000000000,3.141591056,0.000000306,0.382693274,0.923875456,2.356173185,0.000000738,0.433717712,0.078289833,0.439999420
1766484220.441401,1766484220.441307783,0.000000000,3.141591056,0.000000306,0.382693274,0.923875456,2.356173185,0.000000738,0.433717712,0.078289833,0.439999420
1766484220.456389,1766484220.456305265,0.000000000,3.141591056,0.000000306,0.382693274,0.923875456,2.356173185,0.000000738,0.433717712,0.078289833,0.439999420
1766484220.471403,1766484220.471307278,0.000000000,3.141591056,0.000000306,0.382693274,0.923875456,2.356173185,0.000000738,0.433717712,0.078289833,0.439999420
1766484220.486389,1766484220.486307144,0.000000000,3.141591056,0.000000306,0.382693274,0.923875456,2.356173185,0.000000738,0.433717712,0.078289833,0.439999420
1766484220.501398,1766484220.501308680,0.000000000,3.141591056,0.000000306,0.382693274,0.923875456,2.356173185,0.000000738,0.433717712,0.078289833,0.439999420
1766484220.516392,1766484220.516309023,0.000000000,3.141591056,0.000000306,0.382693274,0.923875456,2.356173185,0.000000738,0.433717712,0.078289833,0.439999420
1766484220.531405,1766484220.531311274,0.000000000,3.141591056,0.000000306,0.382693274,0.923875456,2.356173185,0.000000738,0.433717712,0.078289833,0.439999420
1766484220.546429,1766484220.546319485,0.000000000,3.141591056,0.000000306,0.382693274,0.923875456,2.356173185,0.000000738,0.433717712,0.078289833,0.439999420
1766484220.561413,1766484220.561316967,0.000000000,3.141591056,0.000000306,0.382693274,0.923875456,2.356173185,0.000000738,0.433717712,0.078289833,0.439999420
1766484220.576407,1766484220.576314211,0.000000000,3.141591056,0.000000306,0.382693274,0.923875456,2.356173185,0.000000738,0.433717712,0.078289833,0.439999420
1766484220.591405,1766484220.591316223,0.000000000,3.141591056,0.000000306,0.382693274,0.923875456,2.356173185,0.000000738,0.433717712,0.078289833,0.439999420
1766484220.606408,1766484220.606315613,0.000000000,3.141591056,0.000000306,0.382693274,0.923875456,2.356173185,0.000000738,0.433717712,0.078289833,0.439999420
1766484220.621423,1766484220.621318579,0.000000000,3.141591056,0.000000306,0.382693274,0.923875456,2.356173185,0.000000738,0.433717712,0.078289833,0.439999420
1766484220.636363,1766484220.636315346,0.000000000,3.141591056,0.000000306,0.382693274,0.923875456,2.356173185,0.000000738,0.433717712,0.078289833,0.439999420
1766484220.651405,1766484220.651318789,0.000000000,3.141591056,0.000000306,0.382693274,0.923875456,2.356173185,0.000000738,0.433717712,0.078289833,0.439999420
1766484220.666409,1766484220.666320086,0.000000000,3.141591056,0.000000306,0.382693274,0.923875456,2.356173185,0.000000738,0.433717712,0.078289833,0.439999420
1766484220.681422,1766484220.681322813,0.000000000,3.141591056,0.000000306,0.382693274,0.923875456,2.356173185,0.000000738,0.433717712,0.078289833,0.439999420
1766484220.696383,1766484220.696319342,0.000000000,3.141591056,0.000000306,0.382693274,0.923875456,2.356173185,0.000000738,0.433717712,0.078289833,0.439999420
1766484220.711408,1766484220.711323023,0.000000000,3.141591056,0.000000306,0.382693274,0.923875456,2.356173185,0.000000738,0.433717712,0.078289833,0.439999420
1766484220.726393,1766484220.726321936,0.000000000,3.141591056,0.000000306,0.382693274,0.923875456,2.356173185,0.000000738,0.433717712,0.078289833,0.439999420
1766484220.741394,1766484220.741323948,0.000000000,3.141591056,0.000000306,0.382693274,0.923875456,2.356173185,0.000000738,0.433717712,0.078289833,0.439999420
1766484220.756398,1766484220.756324291,0.000000000,3.141591056,0.000000306,0.382693274,0.923875456,2.356173185,0.000000738,0.433717712,0.078289833,0.439999420
1766484220.771414,1766484220.771327496,0.000000000,3.141591056,0.000000306,0.382693274,0.923875456,2.356173185,0.000000738,0.433717712,0.078289833,0.439999420
1766484220.786393,1766484220.786326170,0.000000000,3.141591056,0.000000306,0.382693274,0.923875456,2.356173185,0.000000738,0.433717712,0.078289833,0.439999420
1766484220.801415,1766484220.801328897,0.000000000,3.141591056,0.000000306,0.382693274,0.923875456,2.356173185,0.000000738,0.433717712,0.078289833,0.439999420
1766484220.816414,1766484220.816328764,0.000000000,3.141591056,0.000000306,0.382693274,0.923875456,2.356173185,0.000000738,0.433717712,0.078289833,0.439999420
1766484220.831405,1766484220.831333637,0.000000000,3.141591056,0.000000306,0.382693274,0.923875456,2.356173185,0.000000738,0.433717712,0.078289833,0.439999420
1766484220.846409,1766484220.846330404,0.000000000,3.141591056,0.000000306,0.382693274,0.923875456,2.356173185,0.000000738,0.433717712,0.078289833,0.439999420
1766484220.861415,1766484220.861332417,0.000000000,3.141591056,0.000000306,0.382693274,0.923875456,2.356173185,0.000000738,0.433717712,0.078289833,0.439999420
1766484220.876419,1766484220.876335382,0.000000000,3.141591056,0.000000306,0.382693274,0.923875456,2.356173185,0.000000738,0.433717712,0.078289833,0.439999420
1766484220.891419,1766484220.891337633,0.000000000,3.141591056,0.000000306,0.382693274,0.923875456,2.356173185,0.000000738,0.433717712,0.078289833,0.439999420
1766484220.906432,1766484220.906337261,0.000000000,3.141591056,0.000000306,0.382693274,0.923875456,2.356173185,0.000000738,0.433717712,0.078289833,0.439999420
1766484220.921431,1766484220.921338797,0.000000000,3.141591056,0.000000306,0.382693274,0.923875456,2.356173185,0.000000738,0.433717712,0.078289833,0.439999420
1766484220.936406,1766484220.936337709,0.000000000,3.141591056,0.000000306,0.382693274,0.923875456,2.356173185,0.000000738,0.433717712,0.078289833,0.439999420
1766484220.951437,1766484220.951341629,0.000000000,3.141591056,0.000000306,0.382693274,0.923875456,2.356173185,0.000000738,0.433717712,0.078289833,0.439999420
1766484220.966430,1766484220.966341496,0.000000000,3.141591056,0.000000306,0.382693274,0.923875456,2.356173185,0.000000738,0.433717712,0.078289833,0.439999420
1766484220.981436,1766484220.981341839,0.000000000,3.141591056,0.000000306,0.382693274,0.923875456,2.356173185,0.000000738,0.433717712,0.078289833,0.439999420
1766484220.996428,1766484220.996342182,0.000000000,3.141591056,0.000000306,0.382693274,0.923875456,2.356173185,0.000000738,0.433717712,0.078289833,0.439999420
1766484221.011431,1766484221.011343718,0.000000000,3.141591056,0.000000306,0.382693274,0.923875456,2.356173185,0.000000738,0.433717712,0.078289833,0.439999420
1766484221.026442,1766484221.026345730,0.000000000,3.141591056,0.000000306,0.382693274,0.923875456,2.356173185,0.000000738,0.433717712,0.078289833,0.439999420
1766484221.041426,1766484221.041347265,0.000000000,3.141591056,0.000000306,0.382693274,0.923875456,2.356173185,0.000000738,0.433717712,0.078289833,0.439999420
1766484221.056438,1766484221.056346893,0.000000000,3.141591056,0.000000306,0.382693274,0.923875456,2.356173185,0.000000738,0.433717712,0.078289833,0.439999420
1766484221.071435,1766484221.071347952,0.000000000,3.141591056,0.000000306,0.382693274,0.923875456,2.356173185,0.000000738,0.433717712,0.078289833,0.439999420
1766484221.086459,1766484221.086352587,0.000000000,3.141591056,0.000000306,0.382693274,0.923875456,2.356173185,0.000000738,0.433717712,0.078289833,0.439999420
1766484221.101479,1766484221.101356745,0.000000000,3.141591056,0.000000306,0.382693274,0.923875456,2.356173185,0.000000738,0.433717712,0.078289833,0.439999420
1766484221.116459,1766484221.116353035,0.000000000,3.141591056,0.000000306,0.382693274,0.923875456,2.356173185,0.000000738,0.433717712,0.078289833,0.439999420
1766484221.131457,1766484221.131352425,0.000000000,3.141591056,0.000000306,0.382693274,0.923875456,2.356173185,0.000000738,0.433717712,0.078289833,0.439999420
1766484221.146457,1766484221.146354437,0.000000000,3.141591056,0.000000306,0.382693274,0.923875456,2.356173185,0.000000738,0.433717712,0.078289833,0.439999420
1766484221.161448,1766484221.161355019,0.000000000,3.141591056,0.000000306,0.382693274,0.923875456,2.356173185,0.000000738,0.433717712,0.078289833,0.439999420
1766484221.176450,1766484221.176355362,0.000000000,3.141591056,0.000000306,0.382693274,0.923875456,2.356173185,0.000000738,0.433717712,0.078289833,0.439999420
1766484221.191435,1766484221.191353321,0.000000000,3.141591056,0.000000306,0.382693274,0.923875456,2.356173185,0.000000738,0.433717712,0.078289833,0.439999420
1766484221.206440,1766484221.206354856,0.000000000,3.141591056,0.000000306,0.382693274,0.923875456,2.356173185,0.000000738,0.433717712,0.078289833,0.439999420
1766484221.221429,1766484221.221355200,0.000000000,3.141591056,0.000000306,0.382693274,0.923875456,2.356173185,0.000000738,0.433717712,0.078289833,0.439999420
1766484221.236440,1766484221.236357212,0.000000000,3.141591056,0.000000306,0.382693274,0.923875456,2.356173185,0.000000738,0.433717712,0.078289833,0.439999420
1766484221.251438,1766484221.251357555,0.000000000,3.141591056,0.000000306,0.382693274,0.923875456,2.356173185,0.000000738,0.433717712,0.078289833,0.439999420
1766484221.266453,1766484221.266360760,0.000000000,3.141591056,0.000000306,0.382693274,0.923875456,2.356173185,0.000000738,0.433717712,0.078289833,0.439999420
1766484221.281457,1766484221.281360865,0.000000000,3.141591056,0.000000306,0.382693274,0.923875456,2.356173185,0.000000738,0.433717712,0.078289833,0.439999420
1766484221.296430,1766484221.296361685,0.000000000,3.141591056,0.000000306,0.382693274,0.923875456,2.356173185,0.000000738,0.433717712,0.078289833,0.439999420
1766484221.311444,1766484221.311362267,0.000000000,3.141591056,0.000000306,0.382693274,0.923875456,2.356173185,0.000000738,0.433717712,0.078289833,0.439999420
1766484221.326429,1766484221.326363087,0.000000000,3.141591056,0.000000306,0.382688845,0.923877290,2.356182772,0.000000738,0.433717712,0.078289833,0.439999420
1766484221.341466,1766484221.341366291,0.000000000,3.141591056,0.000000306,0.382688845,0.923877290,2.356182772,0.000000738,0.433717712,0.078289833,0.439999420
1766484221.356443,1766484221.356364250,0.000000000,3.141591056,0.000000306,0.382688845,0.923877290,2.356182772,0.000000738,0.433717712,0.078289833,0.439999420
1766484221.371431,1766484221.371365309,0.000000000,3.141591056,0.000000306,0.382688845,0.923877290,2.356182772,0.000000738,0.433717712,0.078289833,0.439999420
1766484221.386463,1766484221.386370182,0.000000000,3.141591056,0.000000306,0.382688845,0.923877290,2.356182772,0.000000738,0.433717712,0.078289833,0.439999420
1766484221.401461,1766484221.401370049,0.000000000,3.141591056,0.000000306,0.382688845,0.923877290,2.356182772,0.000000738,0.433717712,0.078289833,0.439999420
1766484221.416475,1766484221.416372538,0.000000000,3.141591056,0.000000306,0.382688845,0.923877290,2.356182772,0.000000738,0.433717712,0.078289833,0.439999420
1766484221.431465,1766484221.431371689,0.000000000,3.141591056,0.000000306,0.382688845,0.923877290,2.356182772,0.000000738,0.433717712,0.078289833,0.439999420
1766484221.446458,1766484221.446372271,0.000000000,3.141591056,0.000000306,0.382688845,0.923877290,2.356182772,0.000000738,0.433717712,0.078289833,0.439999420
1766484221.461466,1766484221.461374044,0.000000000,3.141591056,0.000000306,0.382688845,0.923877290,2.356182772,0.000000738,0.433717712,0.078289833,0.439999420
1766484221.476445,1766484221.476376295,0.000000000,3.141591056,0.000000306,0.382688845,0.923877290,2.356182772,0.000000738,0.433717712,0.078289833,0.439999420
1766484221.491469,1766484221.491376162,0.000000000,3.141591056,0.000000306,0.382688845,0.923877290,2.356182772,0.000000738,0.433717712,0.078289833,0.439999420
1766484221.506488,1766484221.506381750,0.000000000,3.141591056,0.000000306,0.382688845,0.923877290,2.356182772,0.000000738,0.433717712,0.078289833,0.439999420
1766484221.521478,1766484221.521382570,0.000000000,3.141591056,0.000000306,0.382688845,0.923877290,2.356182772,0.000000738,0.433717712,0.078289833,0.439999420
1766484221.536469,1766484221.536383152,0.000000000,3.141591056,0.000000306,0.382688845,0.923877290,2.356182772,0.000000738,0.433717712,0.078289833,0.439999420
1766484221.551463,1766484221.551377773,0.000000000,3.141591056,0.000000306,0.382688845,0.923877290,2.356182772,0.000000738,0.433717712,0.078289833,0.439999420
1766484221.566472,1766484221.566381454,0.000000000,3.141591056,0.000000306,0.382688845,0.923877290,2.356182772,0.000000738,0.433717712,0.078289833,0.439999420
1766484221.581466,1766484221.581383228,0.000000000,3.141591056,0.000000306,0.382688845,0.923877290,2.356182772,0.000000738,0.433717712,0.078289833,0.439999420
1766484221.596472,1766484221.596382380,0.000000000,3.141591056,0.000000306,0.382688845,0.923877290,2.356182772,0.000000738,0.433717712,0.078289833,0.439999420
1766484221.611476,1766484221.611383438,0.000000000,3.141591056,0.000000306,0.382688845,0.923877290,2.356182772,0.000000738,0.433717712,0.078289833,0.439999420
1766484221.626465,1766484221.626383066,0.000000000,3.141591056,0.000000306,0.382688845,0.923877290,2.356182772,0.000000738,0.433717712,0.078289833,0.439999420
1766484221.641477,1766484221.641387939,0.000000000,3.141591056,0.000000306,0.382688845,0.923877290,2.356182772,0.000000738,0.433717712,0.078289833,0.439999420
1766484221.656472,1766484221.656385422,0.000000000,3.141591056,0.000000306,0.382688845,0.923877290,2.356182772,0.000000738,0.433717712,0.078289833,0.439999420
1766484221.671479,1766484221.671388149,0.000000000,3.141591056,0.000000306,0.382688845,0.923877290,2.356182772,0.000000738,0.433717712,0.078289833,0.439999420
1766484221.686492,1766484221.686390400,0.000000000,3.141591056,0.000000306,0.382688845,0.923877290,2.356182772,0.000000738,0.433717712,0.078289833,0.439999420
1766484221.701491,1766484221.701394081,0.000000000,3.141591056,0.000000306,0.382688845,0.923877290,2.356182772,0.000000738,0.433717712,0.078289833,0.439999420
1766484221.716480,1766484221.716392040,0.000000000,3.141591056,0.000000306,0.382688845,0.923877290,2.356182772,0.000000738,0.433717712,0.078289833,0.439999420
1766484221.731456,1766484221.731390715,0.000000000,3.141591056,0.000000306,0.382688845,0.923877290,2.356182772,0.000000738,0.433717712,0.078289833,0.439999420
1766484221.746477,1766484221.746393681,0.000000000,3.141591056,0.000000306,0.382688845,0.923877290,2.356182772,0.000000738,0.433717712,0.078289833,0.439999420
1766484221.761468,1766484221.761392355,0.000000000,3.141591056,0.000000306,0.382688845,0.923877290,2.356182772,0.000000738,0.433717712,0.078289833,0.439999420
1766484221.776476,1766484221.776397228,0.000000000,3.141591056,0.000000306,0.382688845,0.923877290,2.356182772,0.000000738,0.433717712,0.078289833,0.439999420
1766484221.791474,1766484221.791395903,0.000000000,3.141591056,0.000000306,0.382688845,0.923877290,2.356182772,0.000000738,0.433717712,0.078289833,0.439999420
1766484221.806500,1766484221.806405783,0.000000000,3.141591056,0.000000306,0.382688845,0.923877290,2.356182772,0.000000738,0.433717712,0.078289833,0.439999420
1766484221.821471,1766484221.821396351,0.000000000,3.141591056,0.000000306,0.382688845,0.923877290,2.356182772,0.000000738,0.433717712,0.078289833,0.439999420
1766484221.836475,1766484221.836402178,0.000000000,3.141591056,0.000000306,0.382688845,0.923877290,2.356182772,0.000000738,0.433717712,0.078289833,0.439999420
1766484221.851480,1766484221.851401091,0.000000000,3.141591056,0.000000306,0.382688845,0.923877290,2.356182772,0.000000738,0.433717712,0.078289833,0.439999420
1766484221.866466,1766484221.866398573,0.000000000,3.141591056,0.000000306,0.382688845,0.923877290,2.356182772,0.000000738,0.433717712,0.078289833,0.439999420
1766484221.881482,1766484221.881410599,0.000000000,3.141591056,0.000000306,0.382688845,0.923877290,2.356182772,0.000000738,0.433717712,0.078289833,0.439999420
1766484221.896476,1766484221.896402121,0.000000000,3.141591056,0.000000306,0.382688845,0.923877290,2.356182772,0.000000738,0.433717712,0.078289833,0.439999420
1766484221.911471,1766484221.911401749,0.000000000,3.141591056,0.000000306,0.382688845,0.923877290,2.356182772,0.000000738,0.433717712,0.078289833,0.439999420
1766484221.926462,1766484221.926403046,0.000000000,3.141591056,0.000000306,0.382688845,0.923877290,2.356182772,0.000000738,0.433717712,0.078289833,0.439999420
1766484221.941470,1766484221.941403627,0.000000000,3.141591056,0.000000306,0.382688845,0.923877290,2.356182772,0.000000738,0.433717712,0.078289833,0.439999420
1766484221.956472,1766484221.956407070,0.000000000,3.141591056,0.000000306,0.382688845,0.923877290,2.356182772,0.000000738,0.433717712,0.078289833,0.439999420
1766484221.971474,1766484221.971405506,0.000000000,3.141591056,0.000000306,0.382688845,0.923877290,2.356182772,0.000000738,0.433717712,0.078289833,0.439999420
1766484221.986464,1766484221.986406565,0.000000000,3.141591056,0.000000306,0.382688845,0.923877290,2.356182772,0.000000738,0.433717712,0.078289833,0.439999420
1766484222.001489,1766484222.001410723,0.000000000,3.141591056,0.000000306,0.382688845,0.923877290,2.356182772,0.000000738,0.433717712,0.078289833,0.439999420
1766484222.016559,1766484222.016428471,0.000000000,3.141591056,0.000000306,0.382688845,0.923877290,2.356182772,0.000000738,0.433717712,0.078289833,0.439999420
1766484222.031485,1766484222.031412840,0.000000000,3.141591056,0.000000306,0.382688845,0.923877290,2.356182772,0.000000738,0.433717712,0.078289833,0.439999420
1766484222.046485,1766484222.046413183,0.000000000,3.141591056,0.000000306,0.382688845,0.923877290,2.356182772,0.000000738,0.433717712,0.078289833,0.439999420
1766484222.061488,1766484222.061413527,0.000000000,3.141591056,0.000000306,0.382688845,0.923877290,2.356182772,0.000000738,0.433717712,0.078289833,0.439999420
1766484222.076523,1766484222.076423407,0.000000000,3.141591056,0.000000306,0.382688845,0.923877290,2.356182772,0.000000738,0.433717712,0.078289833,0.439999420
1766484222.091506,1766484222.091418266,0.000000000,3.141591056,0.000000306,0.382688845,0.923877290,2.356182772,0.000000738,0.433717712,0.078289833,0.439999420
1766484222.106498,1766484222.106417418,0.000000000,3.141591056,0.000000306,0.382688845,0.923877290,2.356182772,0.000000738,0.433717712,0.078289833,0.439999420
1766484222.121493,1766484222.121417761,0.000000000,3.141591056,0.000000306,0.382688845,0.923877290,2.356182772,0.000000738,0.433717712,0.078289833,0.439999420
1766484222.136503,1766484222.136419535,0.000000000,3.141591056,0.000000306,0.382688845,0.923877290,2.356182772,0.000000738,0.433717712,0.078289833,0.439999420
1766484222.151493,1766484222.151419878,0.000000000,3.141591056,0.000000306,0.382688845,0.923877290,2.356182772,0.000000738,0.433717712,0.078289833,0.439999420
1766484222.166499,1766484222.166423559,0.000000000,3.141591056,0.000000306,0.382688845,0.923877290,2.356182772,0.000000738,0.433717712,0.078289833,0.439999420
1766484222.181494,1766484222.181422472,0.000000000,3.141591056,0.000000306,0.382688845,0.923877290,2.356182772,0.000000738,0.433717712,0.078289833,0.439999420
1766484222.196500,1766484222.196421623,0.000000000,3.141591056,0.000000306,0.382688845,0.923877290,2.356182772,0.000000738,0.433717712,0.078289833,0.439999420
1766484222.211489,1766484222.211421967,0.000000000,3.141591056,0.000000306,0.382688845,0.923877290,2.356182772,0.000000738,0.433717712,0.078289833,0.439999420
1766484222.226511,1766484222.226424694,0.000000000,3.141591056,0.000000306,0.382688845,0.923877290,2.356182772,0.000000738,0.433717712,0.078289833,0.439999420
1766484222.241508,1766484222.241427183,0.000000000,3.141591056,0.000000306,0.382688845,0.923877290,2.356182772,0.000000738,0.433717712,0.078289833,0.439999420
1766484222.256511,1766484222.256426811,0.000000000,3.141591056,0.000000306,0.382688845,0.923877290,2.356182772,0.000000738,0.433717712,0.078289833,0.439999420
1766484222.271506,1766484222.271426201,0.000000000,3.141591056,0.000000306,0.382688845,0.923877290,2.356182772,0.000000738,0.433717712,0.078289833,0.439999420
1766484222.286503,1766484222.286426544,0.000000000,3.141591056,0.000000306,0.382688845,0.923877290,2.356182772,0.000000738,0.433717712,0.078289833,0.439999420
1766484222.301493,1766484222.301428318,0.000000000,3.141591056,0.000000306,0.382688845,0.923877290,2.356182772,0.000000738,0.433717712,0.078289833,0.439999420
1766484222.316514,1766484222.316431761,0.000000000,3.141591056,0.000000306,0.382688845,0.923877290,2.356182772,0.000000738,0.433717712,0.078289833,0.439999420
1766484222.331493,1766484222.331430435,0.000000000,3.141591056,0.000000306,0.382688845,0.923877290,2.356182772,0.000000738,0.433717712,0.078289833,0.439999420
1766484222.346490,1766484222.346431255,0.000000000,3.141591056,0.000000306,0.382688845,0.923877290,2.356182772,0.000000738,0.433717712,0.078289833,0.439999420
1766484222.361521,1766484222.361433744,0.000000000,3.141591056,0.000000306,0.382688845,0.923877290,2.356182772,0.000000738,0.433717712,0.078289833,0.439999420
1766484222.376518,1766484222.376433849,0.000000000,3.141591056,0.000000306,0.382688845,0.923877290,2.356182772,0.000000738,0.433717712,0.078289833,0.439999420
1766484222.391515,1766484222.391433716,0.000000000,3.141591056,0.000000306,0.382688845,0.923877290,2.356182772,0.000000738,0.433717712,0.078289833,0.439999420
1766484222.406536,1766484222.406440020,0.000000000,3.141591056,0.000000306,0.382688845,0.923877290,2.356182772,0.000000738,0.433717712,0.078289833,0.439999420
1766484222.421505,1766484222.421436548,0.000000000,3.141591056,0.000000306,0.382688845,0.923877290,2.356182772,0.000000738,0.433717712,0.078289833,0.439999420
1766484222.436522,1766484222.436437607,0.000000000,3.141591056,0.000000306,0.382688845,0.923877290,2.356182772,0.000000738,0.433717712,0.078289833,0.439999420
1766484222.451524,1766484222.451442242,0.000000000,3.141591056,0.000000306,0.382688845,0.923877290,2.356182772,0.000000738,0.433717712,0.078289833,0.439999420
1766484222.466526,1766484222.466446638,0.000000000,3.141591056,0.000000306,0.382688845,0.923877290,2.356182772,0.000000738,0.433717712,0.078289833,0.439999420
1766484222.481518,1766484222.481444359,0.000000000,3.141591056,0.000000306,0.382688845,0.923877290,2.356182772,0.000000738,0.433717712,0.078289833,0.439999420
1766484222.496501,1766484222.496441364,0.000000000,3.141591056,0.000000306,0.382688845,0.923877290,2.356182772,0.000000738,0.433717712,0.078289833,0.439999420
1766484222.511537,1766484222.511444092,0.000000000,3.141591056,0.000000306,0.382688845,0.923877290,2.356182772,0.000000738,0.433717712,0.078289833,0.439999420
1766484222.526522,1766484222.526445627,0.000000000,3.141591056,0.000000306,0.382688845,0.923877290,2.356182772,0.000000738,0.433717712,0.078289833,0.439999420
1766484222.541528,1766484222.541447401,0.000000000,3.141591056,0.000000306,0.382688845,0.923877290,2.356182772,0.000000738,0.433717712,0.078289833,0.439999420
1766484222.556540,1766484222.556457758,0.000000000,3.141591056,0.000000306,0.382688845,0.923877290,2.356182772,0.000000738,0.433717712,0.078289833,0.439999420
1766484222.571507,1766484222.571453333,0.000000000,3.141591056,0.000000306,0.382688845,0.923877290,2.356182772,0.000000738,0.433717712,0.078289833,0.439999420
1766484222.586505,1766484222.586451769,0.000000000,3.141591056,0.000000306,0.382688845,0.923877290,2.356182772,0.000000738,0.433717712,0.078289833,0.439999420
1766484222.601545,1766484222.601451159,0.000000000,3.141591056,0.000000306,0.382688845,0.923877290,2.356182772,0.000000738,0.433717712,0.078289833,0.439999420
1766484222.616540,1766484222.616452932,0.000000000,3.141591056,0.000000306,0.382688845,0.923877290,2.356182772,0.000000738,0.433717712,0.078289833,0.439999420
1766484222.631566,1766484222.631472826,0.000000000,3.141591056,0.000000306,0.382688845,0.923877290,2.356182772,0.000000738,0.433717712,0.078289833,0.439999420
1766484222.646562,1766484222.646460295,0.000000000,3.141591056,0.000000306,0.382688845,0.923877290,2.356182772,0.000000738,0.433717712,0.078289833,0.439999420
1766484222.661552,1766484222.661461115,0.000000000,3.141591056,0.000000306,0.382688845,0.923877290,2.356182772,0.000000738,0.433717712,0.078289833,0.439999420
1766484222.676543,1766484222.676462889,0.000000000,3.141591056,0.000000306,0.382688845,0.923877290,2.356182772,0.000000738,0.433717712,0.078289833,0.439999420
1766484222.691535,1766484222.691456318,0.000000000,3.141591056,0.000000306,0.382688845,0.923877290,2.356182772,0.000000738,0.433717712,0.078289833,0.439999420
1766484222.706531,1766484222.706457615,0.000000000,3.141591056,0.000000306,0.382688845,0.923877290,2.356182772,0.000000738,0.433717712,0.078289833,0.439999420
1766484222.721527,1766484222.721457720,0.000000000,3.141591056,0.000000306,0.382688845,0.923877290,2.356182772,0.000000738,0.433717712,0.078289833,0.439999420
1766484222.736550,1766484222.736461401,0.000000000,3.141591056,0.000000306,0.382688845,0.923877290,2.356182772,0.000000738,0.433717712,0.078289833,0.439999420
1766484222.751525,1766484222.751460075,0.000000000,3.141591056,0.000000306,0.382688845,0.923877290,2.356182772,0.000000738,0.433717712,0.078289833,0.439999420
1766484222.766548,1766484222.766467333,0.000000000,3.141591056,0.000000306,0.382688845,0.923877290,2.356182772,0.000000738,0.433717712,0.078289833,0.439999420
1766484222.781582,1766484222.781470299,0.000000000,3.141591056,0.000000306,0.382688845,0.923877290,2.356182772,0.000000738,0.433717712,0.078289833,0.439999420
1766484222.796633,1766484222.796482801,0.000000000,3.141591056,0.000000306,0.382688845,0.923877290,2.356182772,0.000000738,0.433717712,0.078289833,0.439999420
1766484222.811595,1766484222.811488628,0.000000000,3.141591056,0.000000306,0.382688845,0.923877290,2.356182772,0.000000738,0.433717712,0.078289833,0.439999420
1766484222.826642,1766484222.826493979,0.000000000,3.141591056,0.000000306,0.382688845,0.923877290,2.356182772,0.000000738,0.433717712,0.078289833,0.439999420
1766484222.841563,1766484222.841477156,0.000000000,3.141591056,0.000000306,0.382688845,0.923877290,2.356182772,0.000000738,0.433717712,0.078289833,0.439999420
1766484222.856594,1766484222.856483459,0.000000000,3.141591056,0.000000306,0.382688845,0.923877290,2.356182772,0.000000738,0.433717712,0.078289833,0.439999420
1766484222.871629,1766484222.871496916,0.000000000,3.141591056,0.000000306,0.382688845,0.923877290,2.356182772,0.000000738,0.433717712,0.078289833,0.439999420
1766484222.886652,1766484222.886502981,0.000000000,3.141591056,0.000000306,0.382688845,0.923877290,2.356182772,0.000000738,0.433717712,0.078289833,0.439999420
1766484222.901628,1766484222.901493073,0.000000000,3.141591056,0.000000306,0.382688845,0.923877290,2.356182772,0.000000738,0.433717712,0.078289833,0.439999420
1766484222.916638,1766484222.916494846,0.000000000,3.141591056,0.000000306,0.382688845,0.923877290,2.356182772,0.000000738,0.433717712,0.078289833,0.439999420
1766484222.931645,1766484222.931500912,0.000000000,3.141591056,0.000000306,0.382688845,0.923877290,2.356182772,0.000000738,0.433717712,0.078289833,0.439999420
1766484222.946639,1766484222.946503639,0.000000000,3.141591056,0.000000306,0.382688845,0.923877290,2.356182772,0.000000738,0.433717712,0.078289833,0.439999420
1766484222.961594,1766484222.961483717,0.000000000,3.141591056,0.000000306,0.382688845,0.923877290,2.356182772,0.000000738,0.433717712,0.078289833,0.439999420
1766484222.976745,1766484222.976532459,0.000000000,3.141591056,0.000000306,0.382688845,0.923877290,2.356182772,0.000000738,0.433717712,0.078289833,0.439999420
1766484222.991641,1766484222.991498947,0.000000000,3.141591056,0.000000306,0.382688845,0.923877290,2.356182772,0.000000738,0.433717712,0.078289833,0.439999420
1766484223.006706,1766484223.006502867,0.000000000,3.141591056,0.000000306,0.382688845,0.923877290,2.356182772,0.000000738,0.433717712,0.078289833,0.439999420
1766484223.021662,1766484223.021503210,0.000000000,3.141591056,0.000000306,0.382688845,0.923877290,2.356182772,0.000000738,0.433717712,0.078289833,0.439999420
1766484223.036639,1766484223.036505938,0.000000000,3.141591056,0.000000306,0.382688845,0.923877290,2.356182772,0.000000738,0.433717712,0.078289833,0.439999420
1766484223.051643,1766484223.051513433,0.000000000,3.141591056,0.000000306,0.382688845,0.923877290,2.356182772,0.000000738,0.433717712,0.078289833,0.439999420
1766484223.066567,1766484223.066491604,0.000000000,3.141591056,0.000000306,0.382688845,0.923877290,2.356182772,0.000000738,0.433717712,0.078289833,0.439999420
1766484223.081642,1766484223.081506014,0.000000000,3.141591056,0.000000306,0.382688845,0.923877290,2.356182772,0.000000738,0.433717712,0.078289833,0.439999420
1766484223.096583,1766484223.096489191,0.000000000,3.141591056,0.000000306,0.382688845,0.923877290,2.356182772,0.000000738,0.433717712,0.078289833,0.439999420
1766484223.111616,1766484223.111508846,0.000000000,3.141591056,0.000000306,0.382688845,0.923877290,2.356182772,0.000000738,0.433717712,0.078289833,0.439999420
1766484223.126609,1766484223.126493692,0.000000000,3.141591056,0.000000306,0.382688845,0.923877290,2.356182772,0.000000738,0.433717712,0.078289833,0.439999420
1766484223.141609,1766484223.141503334,0.000000000,3.141591056,0.000000306,0.382688845,0.923877290,2.356182772,0.000000738,0.433717712,0.078289833,0.439999420
1766484223.156606,1766484223.156503439,0.000000000,3.141591056,0.000000306,0.382688845,0.923877290,2.356182772,0.000000738,0.433717712,0.078289833,0.439999420
1766484223.171571,1766484223.171494484,0.000000000,3.141591056,0.000000306,0.382688845,0.923877290,2.356182772,0.000000738,0.433717712,0.078289833,0.439999420
1766484223.186637,1766484223.186515570,0.000000000,3.141591056,0.000000306,0.382688845,0.923877290,2.356182772,0.000000738,0.433717712,0.078289833,0.439999420
1766484223.201614,1766484223.201500654,0.000000000,3.141591056,0.000000306,0.382688845,0.923877290,2.356182772,0.000000738,0.433717712,0.078289833,0.439999420
1766484223.216662,1766484223.216527224,0.000000000,3.141591056,0.000000306,0.382688845,0.923877290,2.356182772,0.000000738,0.433717712,0.078289833,0.439999420
1766484223.231616,1766484223.231508017,0.000000000,3.141591056,0.000000306,0.382688845,0.923877290,2.356182772,0.000000738,0.433717712,0.078289833,0.439999420
1766484223.246967,1766484223.246612072,0.000000000,3.141591056,0.000000306,0.382688845,0.923877290,2.356182772,0.000000738,0.433717712,0.078289833,0.439999420
1766484223.261635,1766484223.261516094,0.000000000,3.141591056,0.000000306,0.382688845,0.923877290,2.356182772,0.000000738,0.433717712,0.078289833,0.439999420
1766484223.276661,1766484223.276539326,0.000000000,3.141591056,0.000000306,0.382688845,0.923877290,2.356182772,0.000000738,0.433717712,0.078289833,0.439999420
1766484223.291668,1766484223.291526318,0.000000000,3.141591056,0.000000306,0.382688845,0.923877290,2.356182772,0.000000738,0.433717712,0.078289833,0.439999420
1766484223.306779,1766484223.306551695,0.000000000,3.141591056,0.000000306,0.382688845,0.923877290,2.356182772,0.000000738,0.433717712,0.078289833,0.439999420
1766484223.321632,1766484223.321521997,0.000000000,3.141591056,0.000000306,0.382688845,0.923877290,2.356182772,0.000000738,0.433717712,0.078289833,0.439999420
1766484223.336813,1766484223.336581230,0.000000000,3.141591056,0.000000306,0.382688845,0.923877290,2.356182772,0.000000738,0.433717712,0.078289833,0.439999420
1766484223.351770,1766484223.351568699,0.000000000,3.141591056,0.000000306,0.382688845,0.923877290,2.356182772,0.000000738,0.433717712,0.078289833,0.439999420
1766484223.366682,1766484223.366525650,0.000000000,3.141591056,0.000000306,0.382688845,0.923877290,2.356182772,0.000000738,0.433717712,0.078289833,0.439999420
1766484223.381642,1766484223.381527901,0.000000000,3.141591056,0.000000306,0.382688845,0.923877290,2.356182772,0.000000738,0.433717712,0.078289833,0.439999420
1766484223.396717,1766484223.396531343,0.000000000,3.141591056,0.000000306,0.382688845,0.923877290,2.356182772,0.000000738,0.433717712,0.078289833,0.439999420
1766484223.411646,1766484223.411531210,0.000000000,3.141591056,0.000000306,0.382688845,0.923877290,2.356182772,0.000000738,0.433717712,0.078289833,0.439999420
1766484223.426622,1766484223.426525354,0.000000000,3.141591056,0.000000306,0.382688845,0.923877290,2.356182772,0.000000738,0.433717712,0.078289833,0.439999420
1766484223.441642,1766484223.441532373,0.000000000,3.141591056,0.000000306,0.382688845,0.923877290,2.356182772,0.000000738,0.433717712,0.078289833,0.439999420
1766484223.456689,1766484223.456544638,0.000000000,3.141591056,0.000000306,0.382688845,0.923877290,2.356182772,0.000000738,0.433717712,0.078289833,0.439999420
1766484223.471641,1766484223.471529722,0.000000000,3.141591056,0.000000306,0.382688845,0.923877290,2.356182772,0.000000738,0.433717712,0.078289833,0.439999420
1766484223.486629,1766484223.486526728,0.000000000,3.141591056,0.000000306,0.382688845,0.923877290,2.356182772,0.000000738,0.433717712,0.078289833,0.439999420
1766484223.501685,1766484223.501536369,0.000000000,3.141591056,0.000000306,0.382688845,0.923877290,2.356182772,0.000000738,0.433717712,0.078289833,0.439999420
1766484223.516666,1766484223.516537189,0.000000000,3.141591056,0.000000306,0.382688845,0.923877290,2.356182772,0.000000738,0.433717712,0.078289833,0.439999420
1766484223.531622,1766484223.531518698,0.000000000,3.141591056,0.000000306,0.382688845,0.923877290,2.356182772,0.000000738,0.433717712,0.078289833,0.439999420
1766484223.546710,1766484223.546541929,0.000000000,3.141591056,0.000000306,0.382688845,0.923877290,2.356182772,0.000000738,0.433717712,0.078289833,0.439999420
1766484223.561678,1766484223.561542034,0.000000000,3.141591056,0.000000306,0.382688845,0.923877290,2.356182772,0.000000738,0.433717712,0.078289833,0.439999420
1766484223.576607,1766484223.576527596,0.000000000,3.141591056,0.000000306,0.382688845,0.923877290,2.356182772,0.000000738,0.433717712,0.078289833,0.439999420
1766484223.591615,1766484223.591531754,0.000000000,3.141591056,0.000000306,0.382688845,0.923877290,2.356182772,0.000000738,0.433717712,0.078289833,0.439999420
1766484223.606631,1766484223.606535912,0.000000000,3.141591056,0.000000306,0.382688845,0.923877290,2.356182772,0.000000738,0.433717712,0.078289833,0.439999420
1766484223.621683,1766484223.621543407,0.000000000,3.141591056,0.000000306,0.382688845,0.923877290,2.356182772,0.000000738,0.433717712,0.078289833,0.439999420
1766484223.636623,1766484223.636531830,0.000000000,3.141591056,0.000000306,0.382688845,0.923877290,2.356182772,0.000000738,0.433717712,0.078289833,0.439999420
1766484223.651658,1766484223.651546717,0.000000000,3.141591056,0.000000306,0.382688845,0.923877290,2.356182772,0.000000738,0.433717712,0.078289833,0.439999420
1766484223.666827,1766484223.666584730,0.000000000,3.141591056,0.000000306,0.382688845,0.923877290,2.356182772,0.000000738,0.433717712,0.078289833,0.439999420
1766484223.681684,1766484223.681555510,0.000000000,3.141591056,0.000000306,0.382688845,0.923877290,2.356182772,0.000000738,0.433717712,0.078289833,0.439999420
1766484223.696622,1766484223.696533442,0.000000000,3.141591056,0.000000306,0.382688845,0.923877290,2.356182772,0.000000738,0.433717712,0.078289833,0.439999420
1766484223.711811,1766484223.711617470,0.000000000,3.141591056,0.000000306,0.382688845,0.923877290,2.356182772,0.000000738,0.433717712,0.078289833,0.439999420
1766484223.726748,1766484223.726576567,0.000000000,3.141591056,0.000000306,0.382688845,0.923877290,2.356182772,0.000000738,0.433717712,0.078289833,0.439999420
1766484223.741642,1766484223.741546869,0.000000000,3.141591056,0.000000306,0.382688845,0.923877290,2.356182772,0.000000738,0.433717712,0.078289833,0.439999420
1766484223.756658,1766484223.756549358,0.000000000,3.141591056,0.000000306,0.382688845,0.923877290,2.356182772,0.000000738,0.433717712,0.078289833,0.439999420
1766484223.771672,1766484223.771553278,0.000000000,3.141591056,0.000000306,0.382688845,0.923877290,2.356182772,0.000000738,0.433717712,0.078289833,0.439999420
1766484223.786668,1766484223.786551714,0.000000000,3.141591056,0.000000306,0.382688845,0.923877290,2.356182772,0.000000738,0.433717712,0.078289833,0.439999420
1766484223.801666,1766484223.801544905,0.000000000,3.141591056,0.000000306,0.382688845,0.923877290,2.356182772,0.000000738,0.433717712,0.078289833,0.439999420
1766484223.816652,1766484223.816548347,0.000000000,3.141591056,0.000000306,0.382688845,0.923877290,2.356182772,0.000000738,0.433717712,0.078289833,0.439999420
1766484223.831674,1766484223.831559420,0.000000000,3.141591056,0.000000306,0.382688845,0.923877290,2.356182772,0.000000738,0.433717712,0.078289833,0.439999420
1766484223.846687,1766484223.846551895,0.000000000,3.141591056,0.000000306,0.382688845,0.923877290,2.356182772,0.000000738,0.433717712,0.078289833,0.439999420
1766484223.861599,1766484223.861533880,0.000000000,3.141591056,0.000000306,0.382688845,0.923877290,2.356182772,0.000000738,0.433717712,0.078289833,0.439999420
1766484223.876739,1766484223.876582146,0.000000000,3.141591056,0.000000306,0.382688845,0.923877290,2.356182772,0.000000738,0.433717712,0.078289833,0.439999420
1766484223.891673,1766484223.891559839,0.000000000,3.141591056,0.000000306,0.382688845,0.923877290,2.356182772,0.000000738,0.433717712,0.078289833,0.439999420
1766484223.906653,1766484223.906558275,0.000000000,3.141591056,0.000000306,0.382688845,0.923877290,2.356182772,0.000000738,0.433717712,0.078289833,0.439999420
1766484223.921721,1766484223.921572924,0.000000000,3.141591056,0.000000306,0.382688845,0.923877290,2.356182772,0.000000738,0.433717712,0.078289833,0.439999420
1766484223.936663,1766484223.936551809,0.000000000,3.141591056,0.000000306,0.382688845,0.923877290,2.356182772,0.000000738,0.433717712,0.078289833,0.439999420
1766484223.951662,1766484223.951561213,0.000000000,3.141591056,0.000000306,0.382688845,0.923877290,2.356182772,0.000000738,0.433717712,0.078289833,0.439999420
1766484223.966601,1766484223.966543674,0.000000000,3.141591056,0.000000306,0.382688845,0.923877290,2.356182772,0.000000738,0.433717712,0.078289833,0.439999420
1766484223.981775,1766484223.981608629,0.000000000,3.141591056,0.000000306,0.382688845,0.923877290,2.356182772,0.000000738,0.433717712,0.078289833,0.439999420
1766484223.996607,1766484223.996543407,0.000000000,3.141591056,0.000000306,0.382688845,0.923877290,2.356182772,0.000000738,0.433717712,0.078289833,0.439999420
1766484224.011651,1766484224.011555672,0.000000000,3.141591056,0.000000306,0.382688845,0.923877290,2.356182772,0.000000738,0.433717712,0.078289833,0.439999420
1766484224.026706,1766484224.026569366,0.000000000,3.141591056,0.000000306,0.382688845,0.923877290,2.356182772,0.000000738,0.433717712,0.078289833,0.439999420
1766484224.041641,1766484224.041555643,0.000000000,3.141591056,0.000000306,0.382688845,0.923877290,2.356182772,0.000000738,0.433717712,0.078289833,0.439999420
1766484224.056653,1766484224.056566715,0.000000000,3.141591056,0.000000306,0.382688845,0.923877290,2.356182772,0.000000738,0.433717712,0.078289833,0.439999420
1766484224.071650,1766484224.071557999,0.000000000,3.141591056,0.000000306,0.382688845,0.923877290,2.356182772,0.000000738,0.433717712,0.078289833,0.439999420
1766484224.086699,1766484224.086575508,0.000000000,3.141591056,0.000000306,0.382688845,0.923877290,2.356182772,0.000000738,0.433717712,0.078289833,0.439999420
1766484224.101668,1766484224.101565123,0.000000000,3.141591056,0.000000306,0.382688845,0.923877290,2.356182772,0.000000738,0.433717712,0.078289833,0.439999420
1766484224.116689,1766484224.116571903,0.000000000,3.141591056,0.000000306,0.382688845,0.923877290,2.356182772,0.000000738,0.433717712,0.078289833,0.439999420
1766484224.131731,1766484224.131581545,0.000000000,3.141591056,0.000000306,0.382688845,0.923877290,2.356182772,0.000000738,0.433717712,0.078289833,0.439999420
1766484224.146730,1766484224.146595716,0.000000000,3.141591056,0.000000306,0.382688845,0.923877290,2.356182772,0.000000738,0.433717712,0.078289833,0.439999420
1766484224.161622,1766484224.161560059,0.000000000,3.141591056,0.000000306,0.382688845,0.923877290,2.356182772,0.000000738,0.433717712,0.078289833,0.439999420
1766484224.176646,1766484224.176566362,0.000000000,3.141591056,0.000000306,0.382688845,0.923877290,2.356182772,0.000000738,0.433717712,0.078289833,0.439999420
1766484224.191696,1766484224.191573620,0.000000000,3.141591056,0.000000306,0.382688845,0.923877290,2.356182772,0.000000738,0.433717712,0.078289833,0.439999420
1766484224.206620,1766484224.206562281,0.000000000,3.141591056,0.000000306,0.382688845,0.923877290,2.356182772,0.000000738,0.433717712,0.078289833,0.439999420
1766484224.221684,1766484224.221584320,0.000000000,3.141591056,0.000000306,0.382688845,0.923877290,2.356182772,0.000000738,0.433717712,0.078289833,0.439999420
1766484224.236846,1766484224.236599684,0.000000000,3.141591056,0.000000306,0.382688845,0.923877290,2.356182772,0.000000738,0.433717712,0.078289833,0.439999420
1766484224.251735,1766484224.251595020,0.000000000,3.141591056,0.000000306,0.382688845,0.923877290,2.356182772,0.000000738,0.433717712,0.078289833,0.439999420
1766484224.266644,1766484224.266568422,0.000000000,3.141591056,0.000000306,0.382688845,0.923877290,2.356182772,0.000000738,0.433717712,0.078289833,0.439999420
1766484224.281679,1766484224.281576157,0.000000000,3.141591056,0.000000306,0.382688845,0.923877290,2.356182772,0.000000738,0.433717712,0.078289833,0.439999420
1766484224.296704,1766484224.296588898,0.000000000,3.141591056,0.000000306,0.382688845,0.923877290,2.356182772,0.000000738,0.433717712,0.078289833,0.439999420
1766484224.311732,1766484224.311588526,0.000000000,3.141591056,0.000000306,0.382688845,0.923877290,2.356182772,0.000000738,0.433717712,0.078289833,0.439999420
1766484224.326867,1766484224.326622009,0.000000000,3.141591056,0.000000306,0.382688845,0.923877290,2.356182772,0.000000738,0.433717712,0.078289833,0.439999420
1766484224.341735,1766484224.341603994,0.000000000,3.141591056,0.000000306,0.382688845,0.923877290,2.356182772,0.000000738,0.433717712,0.078289833,0.439999420
1766484224.356761,1766484224.356597424,0.000000000,3.141591056,0.000000306,0.382688845,0.923877290,2.356182772,0.000000738,0.433717712,0.078289833,0.439999420
1766484224.371677,1766484224.371578455,0.000000000,3.141591056,0.000000306,0.382688845,0.923877290,2.356182772,0.000000738,0.433717712,0.078289833,0.439999420
1766484224.386688,1766484224.386584282,0.000000000,3.141591056,0.000000306,0.382688845,0.923877290,2.356182772,0.000000738,0.433717712,0.078289833,0.439999420
1766484224.401743,1766484224.401591301,0.000000000,3.141591056,0.000000306,0.382688845,0.923877290,2.356182772,0.000000738,0.433717712,0.078289833,0.439999420
1766484224.416690,1766484224.416595936,0.000000000,3.141591056,0.000000306,0.382688845,0.923877290,2.356182772,0.000000738,0.433717712,0.078289833,0.439999420
1766484224.431816,1766484224.431622028,0.000000000,3.141591056,0.000000306,0.382688845,0.923877290,2.356182772,0.000000738,0.433717712,0.078289833,0.439999420
1766484224.446702,1766484224.446587563,0.000000000,3.141591056,0.000000306,0.382688845,0.923877290,2.356182772,0.000000738,0.433717712,0.078289833,0.439999420
1766484224.461684,1766484224.461580515,0.000000000,3.141591056,0.000000306,0.382688845,0.923877290,2.356182772,0.000000738,0.433717712,0.078289833,0.439999420
1766484224.476641,1766484224.476579428,0.000000000,3.141591056,0.000000306,0.382688845,0.923877290,2.356182772,0.000000738,0.433717712,0.078289833,0.439999420
1766484224.491641,1766484224.491577148,0.000000000,3.141591056,0.000000306,0.382688845,0.923877290,2.356182772,0.000000738,0.433717712,0.078289833,0.439999420
1766484224.506795,1766484224.506600618,0.000000000,3.141591056,0.000000306,0.382688845,0.923877290,2.356182772,0.000000738,0.433717712,0.078289833,0.439999420
1766484224.521693,1766484224.521596670,0.000000000,3.141591056,0.000000306,0.382688845,0.923877290,2.356182772,0.000000738,0.433717712,0.078289833,0.439999420
1766484224.536682,1766484224.536584377,0.000000000,3.141591056,0.000000306,0.382688845,0.923877290,2.356182772,0.000000738,0.433717712,0.078289833,0.439999420
1766484224.551761,1766484224.551607132,0.000000000,3.141591056,0.000000306,0.382688845,0.923877290,2.356182772,0.000000738,0.433717712,0.078289833,0.439999420
1766484224.566707,1766484224.566588402,0.000000000,3.141591056,0.000000306,0.382688845,0.923877290,2.356182772,0.000000738,0.433717712,0.078289833,0.439999420
1766484224.581709,1766484224.581597090,0.000000000,3.141591056,0.000000306,0.382688845,0.923877290,2.356182772,0.000000738,0.433717712,0.078289833,0.439999420
1766484224.596677,1766484224.596585512,0.000000000,3.141591056,0.000000306,0.382688845,0.923877290,2.356182772,0.000000738,0.433717712,0.078289833,0.439999420
1766484224.611834,1766484224.611630201,0.000000000,3.141591056,0.000000306,0.382688845,0.923877290,2.356182772,0.000000738,0.433717712,0.078289833,0.439999420
1766484224.626765,1766484224.626618385,0.000000000,3.141591056,0.000000306,0.382688845,0.923877290,2.356182772,0.000000738,0.433717712,0.078289833,0.439999420
1766484224.641684,1766484224.641597271,0.000000000,3.141591056,0.000000306,0.382688845,0.923877290,2.356182772,0.000000738,0.433717712,0.078289833,0.439999420
1766484224.656744,1766484224.656616449,0.000000000,3.141591056,0.000000306,0.382688845,0.923877290,2.356182772,0.000000738,0.433717712,0.078289833,0.439999420
1766484224.671697,1766484224.671601772,0.000000000,3.141591056,0.000000306,0.382688845,0.923877290,2.356182772,0.000000738,0.433717712,0.078289833,0.439999420
1766484224.686712,1766484224.686608791,0.000000000,3.141591056,0.000000306,0.382688845,0.923877290,2.356182772,0.000000738,0.433717712,0.078289833,0.439999420
1766484224.701746,1766484224.701604605,0.000000000,3.141591056,0.000000306,0.382688845,0.923877290,2.356182772,0.000000738,0.433717712,0.078289833,0.439999420
1766484224.716914,1766484224.716636419,0.000000000,3.141591056,0.000000306,0.382688845,0.923877290,2.356182772,0.000000738,0.433717712,0.078289833,0.439999420
1766484224.731692,1766484224.731604815,0.000000000,3.141591056,0.000000306,0.382688845,0.923877290,2.356182772,0.000000738,0.433717712,0.078289833,0.439999420
1766484224.746697,1766484224.746604681,0.000000000,3.141591056,0.000000306,0.382688845,0.923877290,2.356182772,0.000000738,0.433717712,0.078289833,0.439999420
1766484224.761740,1766484224.761613607,0.000000000,3.141591056,0.000000306,0.382688845,0.923877290,2.356182772,0.000000738,0.433717712,0.078289833,0.439999420
1766484224.776758,1766484224.776628494,0.000000000,3.141591056,0.000000306,0.382688845,0.923877290,2.356182772,0.000000738,0.433717712,0.078289833,0.439999420
1766484224.791743,1766484224.791622162,0.000000000,3.141591056,0.000000306,0.382688845,0.923877290,2.356182772,0.000000738,0.433717712,0.078289833,0.439999420
1766484224.806703,1766484224.806610346,0.000000000,3.141591056,0.000000306,0.382688845,0.923877290,2.356182772,0.000000738,0.433717712,0.078289833,0.439999420
1766484224.821748,1766484224.821624517,0.000000000,3.141591056,0.000000306,0.382688845,0.923877290,2.356182772,0.000000738,0.433717712,0.078289833,0.439999420
1766484224.836766,1766484224.836626053,0.000000000,3.141591056,0.000000306,0.382688845,0.923877290,2.356182772,0.000000738,0.433717712,0.078289833,0.439999420
1766484224.851734,1766484224.851622820,0.000000000,3.141591056,0.000000306,0.382688845,0.923877290,2.356182772,0.000000738,0.433717712,0.078289833,0.439999420
1766484224.866708,1766484224.866609573,0.000000000,3.141591056,0.000000306,0.382688845,0.923877290,2.356182772,0.000000738,0.433717712,0.078289833,0.439999420
1766484224.881805,1766484224.881652594,0.000000000,3.141591056,0.000000306,0.382688845,0.923877290,2.356182772,0.000000738,0.433717712,0.078289833,0.439999420
1766484224.896703,1766484224.896608353,0.000000000,3.141591056,0.000000306,0.382688845,0.923877290,2.356182772,0.000000738,0.433717712,0.078289833,0.439999420
1766484224.911698,1766484224.911614418,0.000000000,3.141591056,0.000000306,0.382688845,0.923877290,2.356182772,0.000000738,0.433717712,0.078289833,0.439999420
1766484224.926779,1766484224.926638603,0.000000000,3.141591056,0.000000306,0.382688845,0.923877290,2.356182772,0.000000738,0.433717712,0.078289833,0.439999420
1766484224.941694,1766484224.941616058,0.000000000,3.141591056,0.000000306,0.382688845,0.923877290,2.356182772,0.000000738,0.433717712,0.078289833,0.439999420
1766484224.956688,1766484224.956614256,0.000000000,3.141591056,0.000000306,0.382688845,0.923877290,2.356182772,0.000000738,0.433717712,0.078289833,0.439999420
1766484224.971683,1766484224.971615791,0.000000000,3.141591056,0.000000306,0.382688845,0.923877290,2.356182772,0.000000738,0.433717712,0.078289833,0.439999420
1766484224.986745,1766484224.986624002,0.000000000,3.141591056,0.000000306,0.382688845,0.923877290,2.356182772,0.000000738,0.433717712,0.078289833,0.439999420
1766484225.001706,1766484225.001618147,0.000000000,3.141591056,0.000000306,0.382688845,0.923877290,2.356182772,0.000000738,0.433717712,0.078289833,0.439999420
1766484225.016738,1766484225.016634941,0.000000000,3.141591056,0.000000306,0.382688845,0.923877290,2.356182772,0.000000738,0.433717712,0.078289833,0.439999420
1766484225.031761,1766484225.031636477,0.000000000,3.141591056,0.000000306,0.382688845,0.923877290,2.356182772,0.000000738,0.433717712,0.078289833,0.439999420
1766484225.046781,1766484225.046649694,0.000000000,3.141591056,0.000000306,0.382688845,0.923877290,2.356182772,0.000000738,0.433717712,0.078289833,0.439999420
1766484225.061733,1766484225.061625481,0.000000000,3.141591056,0.000000306,0.382688845,0.923877290,2.356182772,0.000000738,0.433717712,0.078289833,0.439999420
1766484225.076724,1766484225.076625109,0.000000000,3.141591056,0.000000306,0.382688845,0.923877290,2.356182772,0.000000738,0.433717712,0.078289833,0.439999420
1766484225.091758,1766484225.091629982,0.000000000,3.141591056,0.000000306,0.382688845,0.923877290,2.356182772,0.000000738,0.433717712,0.078289833,0.439999420
1766484225.106744,1766484225.106632710,0.000000000,3.141591056,0.000000306,0.382688845,0.923877290,2.356182772,0.000000738,0.433717712,0.078289833,0.439999420
1766484225.121746,1766484225.121633053,0.000000000,3.141591056,0.000000306,0.382688845,0.923877290,2.356182772,0.000000738,0.433717712,0.078289833,0.439999420
1766484225.136729,1766484225.136623621,0.000000000,3.141591056,0.000000306,0.382688845,0.923877290,2.356182772,0.000000738,0.433717712,0.078289833,0.439999420
1766484225.151737,1766484225.151628971,0.000000000,3.141591056,0.000000306,0.382688845,0.923877290,2.356182772,0.000000738,0.433717712,0.078289833,0.439999420
1766484225.166737,1766484225.166630745,0.000000000,3.141591056,0.000000306,0.382688845,0.923877290,2.356182772,0.000000738,0.433717712,0.078289833,0.439999420
1766484225.181784,1766484225.181656361,0.000000000,3.141591056,0.000000306,0.382688845,0.923877290,2.356182772,0.000000738,0.433717712,0.078289833,0.439999420
1766484225.196804,1766484225.196650267,0.000000000,3.141591056,0.000000306,0.382688845,0.923877290,2.356182772,0.000000738,0.433717712,0.078289833,0.439999420
1766484225.211866,1766484225.211689472,0.000000000,3.141591056,0.000000306,0.382688845,0.923877290,2.356182772,0.000000738,0.433717712,0.078289833,0.439999420
1766484225.227064,1766484225.226747274,0.000000000,3.141591056,0.000000306,0.382688845,0.923877290,2.356182772,0.000000738,0.433717712,0.078289833,0.439999420
1766484225.241894,1766484225.241693258,0.000000000,3.141591056,0.000000306,0.382688845,0.923877290,2.356182772,0.000000738,0.433717712,0.078289833,0.439999420
1766484225.256750,1766484225.256638765,0.000000000,3.141591056,0.000000306,0.382688845,0.923877290,2.356182772,0.000000738,0.433717712,0.078289833,0.439999420
1766484225.271740,1766484225.271642685,0.000000000,3.141591056,0.000000306,0.382688845,0.923877290,2.356182772,0.000000738,0.433717712,0.078289833,0.439999420
1766484225.286785,1766484225.286649227,0.000000000,3.141591056,0.000000306,0.382688845,0.923877290,2.356182772,0.000000738,0.433717712,0.078289833,0.439999420
1766484225.301804,1766484225.301648617,0.000000000,3.141591056,0.000000306,0.382688845,0.923877290,2.356182772,0.000000738,0.433717712,0.078289833,0.439999420
1766484225.316755,1766484225.316628456,0.000000000,3.141591056,0.000000306,0.382688845,0.923877290,2.356182772,0.000000738,0.433717712,0.078289833,0.439999420
1766484225.331800,1766484225.331656694,0.000000000,3.141591056,0.000000306,0.382688845,0.923877290,2.356182772,0.000000738,0.433717712,0.078289833,0.439999420
1766484225.346796,1766484225.346660376,0.000000000,3.141591056,0.000000306,0.382688845,0.923877290,2.356182772,0.000000738,0.433717712,0.078289833,0.439999420
1766484225.361725,1766484225.361645460,0.000000000,3.141591056,0.000000306,0.382688845,0.923877290,2.356182772,0.000000738,0.433717712,0.078289833,0.439999420
1766484225.376691,1766484225.376636982,0.000000000,3.141591056,0.000000306,0.382688845,0.923877290,2.356182772,0.000000738,0.433717712,0.078289833,0.439999420
1766484225.391823,1766484225.391683340,0.000000000,3.141591056,0.000000306,0.382688845,0.923877290,2.356182772,0.000000738,0.433717712,0.078289833,0.439999420
1766484225.406925,1766484225.406708241,0.000000000,3.141591056,0.000000306,0.382688845,0.923877290,2.356182772,0.000000738,0.433717712,0.078289833,0.439999420
1766484225.421768,1766484225.421659708,0.000000000,3.141591056,0.000000306,0.382688845,0.923877290,2.356182772,0.000000738,0.433717712,0.078289833,0.439999420
1766484225.436802,1766484225.436675787,0.000000000,3.141591056,0.000000306,0.382688845,0.923877290,2.356182772,0.000000738,0.433717712,0.078289833,0.439999420
1766484225.451812,1766484225.451677322,0.000000000,3.141591056,0.000000306,0.382688845,0.923877290,2.356182772,0.000000738,0.433717712,0.078289833,0.439999420
1766484225.466715,1766484225.466647625,0.000000000,3.141591056,0.000000306,0.382688845,0.923877290,2.356182772,0.000000738,0.433717712,0.078289833,0.439999420
1766484225.481747,1766484225.481652021,0.000000000,3.141591056,0.000000306,0.382688845,0.923877290,2.356182772,0.000000738,0.433717712,0.078289833,0.439999420
1766484225.496747,1766484225.496649504,0.000000000,3.141591056,0.000000306,0.382688845,0.923877290,2.356182772,0.000000738,0.433717712,0.078289833,0.439999420
1766484225.511757,1766484225.511662722,0.000000000,3.141591056,0.000000306,0.382688845,0.923877290,2.356182772,0.000000738,0.433717712,0.078289833,0.439999420
1766484225.526754,1766484225.526662588,0.000000000,3.141591056,0.000000306,0.382688845,0.923877290,2.356182772,0.000000738,0.433717712,0.078289833,0.439999420
1766484225.541779,1766484225.541673660,0.000000000,3.141591056,0.000000306,0.382688845,0.923877290,2.356182772,0.000000738,0.433717712,0.078289833,0.439999420
1766484225.556875,1766484225.556692600,0.000000000,3.141591056,0.000000306,0.382688845,0.923877290,2.356182772,0.000000738,0.433717712,0.078289833,0.439999420
1766484225.571812,1766484225.571682453,0.000000000,3.141591056,0.000000306,0.382688845,0.923877290,2.356182772,0.000000738,0.433717712,0.078289833,0.439999420
1766484225.586770,1766484225.586668491,0.000000000,3.141591056,0.000000306,0.382688845,0.923877290,2.356182772,0.000000738,0.433717712,0.078289833,0.439999420
1766484225.601768,1766484225.601665974,0.000000000,3.141591056,0.000000306,0.382688845,0.923877290,2.356182772,0.000000738,0.433717712,0.078289833,0.439999420
1766484225.616825,1766484225.616685152,0.000000000,3.141591056,0.000000306,0.382688845,0.923877290,2.356182772,0.000000738,0.433717712,0.078289833,0.439999420
1766484225.631731,1766484225.631654501,0.000000000,3.141591056,0.000000306,0.382688845,0.923877290,2.356182772,0.000000738,0.433717712,0.078289833,0.439999420
1766484225.646805,1766484225.646680117,0.000000000,3.141591056,0.000000306,0.382688845,0.923877290,2.356182772,0.000000738,0.433717712,0.078289833,0.439999420
1766484225.661906,1766484225.661713123,0.000000000,3.141591056,0.000000306,0.382688845,0.923877290,2.356182772,0.000000738,0.433717712,0.078289833,0.439999420
1766484225.676785,1766484225.676672697,0.000000000,3.141591056,0.000000306,0.382688845,0.923877290,2.356182772,0.000000738,0.433717712,0.078289833,0.439999420
1766484225.691790,1766484225.691672087,0.000000000,3.141591056,0.000000306,0.382688845,0.923877290,2.356182772,0.000000738,0.433717712,0.078289833,0.439999420
1766484225.706793,1766484225.706672430,0.000000000,3.141591056,0.000000306,0.382688845,0.923877290,2.356182772,0.000000738,0.433717712,0.078289833,0.439999420
1766484225.721848,1766484225.721696854,0.000000000,3.141591056,0.000000306,0.382688845,0.923877290,2.356182772,0.000000738,0.433717712,0.078289833,0.439999420
1766484225.736775,1766484225.736666918,0.000000000,3.141591056,0.000000306,0.382688845,0.923877290,2.356182772,0.000000738,0.433717712,0.078289833,0.439999420
1766484225.751959,1766484225.751726389,0.000000000,3.141591056,0.000000306,0.382688845,0.923877290,2.356182772,0.000000738,0.433717712,0.078289833,0.439999420
1766484225.766748,1766484225.766669512,0.000000000,3.141591056,0.000000306,0.382688845,0.923877290,2.356182772,0.000000738,0.433717712,0.078289833,0.439999420
1766484225.781820,1766484225.781702518,0.000000000,3.141591056,0.000000306,0.382688845,0.923877290,2.356182772,0.000000738,0.433717712,0.078289833,0.439999420
1766484225.796768,1766484225.796669483,0.000000000,3.141591056,0.000000306,0.382688845,0.923877290,2.356182772,0.000000738,0.433717712,0.078289833,0.439999420
1766484225.811907,1766484225.811713219,0.000000000,3.141591056,0.000000306,0.382688845,0.923877290,2.356182772,0.000000738,0.433717712,0.078289833,0.439999420
1766484225.826782,1766484225.826678514,0.000000000,3.141591056,0.000000306,0.382688845,0.923877290,2.356182772,0.000000738,0.433717712,0.078289833,0.439999420
1766484225.841730,1766484225.841670036,0.000000000,3.141591056,0.000000306,0.382688845,0.923877290,2.356182772,0.000000738,0.433717712,0.078289833,0.439999420
1766484225.856739,1766484225.856673479,0.000000000,3.141591056,0.000000306,0.382688845,0.923877290,2.356182772,0.000000738,0.433717712,0.078289833,0.439999420
1766484225.872177,1766484225.871767521,0.000000000,3.141591056,0.000000306,0.382688845,0.923877290,2.356182772,0.000000738,0.433717712,0.078289833,0.439999420
1766484225.886802,1766484225.886693478,0.000000000,3.141591056,0.000000306,0.382688845,0.923877290,2.356182772,0.000000738,0.433717712,0.078289833,0.439999420
1766484225.901726,1766484225.901670933,0.000000000,3.141591056,0.000000306,0.382688845,0.923877290,2.356182772,0.000000738,0.433717712,0.078289833,0.439999420
1766484225.916821,1766484225.916697264,0.000000000,3.141591056,0.000000306,0.382688845,0.923877290,2.356182772,0.000000738,0.433717712,0.078289833,0.439999420
1766484225.931772,1766484225.931686401,0.000000000,3.141591056,0.000000306,0.382688845,0.923877290,2.356182772,0.000000738,0.433717712,0.078289833,0.439999420
1766484225.946806,1766484225.946693659,0.000000000,3.141591056,0.000000306,0.382688845,0.923877290,2.356182772,0.000000738,0.433717712,0.078289833,0.439999420
1766484225.961800,1766484225.961688519,0.000000000,3.141591056,0.000000306,0.382688845,0.923877290,2.356182772,0.000000738,0.433717712,0.078289833,0.439999420
1766484225.976831,1766484225.976707458,0.000000000,3.141591056,0.000000306,0.382688845,0.923877290,2.356182772,0.000000738,0.433717712,0.078289833,0.439999420
1766484225.991807,1766484225.991698265,0.000000000,3.141591056,0.000000306,0.382688845,0.923877290,2.356182772,0.000000738,0.433717712,0.078289833,0.439999420
1766484226.006784,1766484226.006693840,0.000000000,3.141591056,0.000000306,0.382688845,0.923877290,2.356182772,0.000000738,0.433717712,0.078289833,0.439999420
1766484226.021884,1766484226.021723747,0.000000000,3.141591056,0.000000306,0.382688845,0.923877290,2.356182772,0.000000738,0.433717712,0.078289833,0.439999420
1766484226.036879,1766484226.036728859,0.000000000,3.141591056,0.000000306,0.382688845,0.923877290,2.356182772,0.000000738,0.433717712,0.078289833,0.439999420
1766484226.051876,1766484226.051717758,0.000000000,3.141591056,0.000000306,0.382688845,0.923877290,2.356182772,0.000000738,0.433717712,0.078289833,0.439999420
1766484226.066768,1766484226.066688061,0.000000000,3.141591056,0.000000306,0.382688845,0.923877290,2.356182772,0.000000738,0.433717712,0.078289833,0.439999420
1766484226.081894,1766484226.081714630,0.000000000,3.141591056,0.000000306,0.382688845,0.923877290,2.356182772,0.000000738,0.433717712,0.078289833,0.439999420
1766484226.096778,1766484226.096691608,0.000000000,3.141591056,0.000000306,0.382688845,0.923877290,2.356182772,0.000000738,0.433717712,0.078289833,0.439999420
1766484226.111912,1766484226.111724854,0.000000000,3.141591056,0.000000306,0.382688845,0.923877290,2.356182772,0.000000738,0.433717712,0.078289833,0.439999420
1766484226.126904,1766484226.126709223,0.000000000,3.141591056,0.000000306,0.382688845,0.923877290,2.356182772,0.000000738,0.433717712,0.078289833,0.439999420
1766484226.141784,1766484226.141703367,0.000000000,3.141591056,0.000000306,0.382688845,0.923877290,2.356182772,0.000000738,0.433717712,0.078289833,0.439999420
1766484226.156817,1766484226.156709433,0.000000000,3.141591056,0.000000306,0.382688845,0.923877290,2.356182772,0.000000738,0.433717712,0.078289833,0.439999420
1766484226.171786,1766484226.171695709,0.000000000,3.141591056,0.000000306,0.382688845,0.923877290,2.356182772,0.000000738,0.433717712,0.078289833,0.439999420
1766484226.186842,1766484226.186715841,0.000000000,3.141591056,0.000000306,0.382688845,0.923877290,2.356182772,0.000000738,0.433717712,0.078289833,0.439999420
1766484226.201778,1766484226.201695442,0.000000000,3.141591056,0.000000306,0.382688845,0.923877290,2.356182772,0.000000738,0.433717712,0.078289833,0.439999420
1766484226.216991,1766484226.216742039,0.000000000,3.141591056,0.000000306,0.382688845,0.923877290,2.356182772,0.000000738,0.433717712,0.078289833,0.439999420
1766484226.231908,1766484226.231718302,0.000000000,3.141591056,0.000000306,0.382688845,0.923877290,2.356182772,0.000000738,0.433717712,0.078289833,0.439999420
1766484226.246785,1766484226.246702909,0.000000000,3.141591056,0.000000306,0.382688845,0.923877290,2.356182772,0.000000738,0.433717712,0.078289833,0.439999420
1766484226.261811,1766484226.261705875,0.000000000,3.141591056,0.000000306,0.382688845,0.923877290,2.356182772,0.000000738,0.433717712,0.078289833,0.439999420
1766484226.276831,1766484226.276716471,0.000000000,3.141591056,0.000000306,0.382688845,0.923877290,2.356182772,0.000000738,0.433717712,0.078289833,0.439999420
1766484226.291852,1766484226.291726112,0.000000000,3.141591056,0.000000306,0.382688845,0.923877290,2.356182772,0.000000738,0.433717712,0.078289833,0.439999420
1766484226.307022,1766484226.306775331,0.000000000,3.141591056,0.000000306,0.382688845,0.923877290,2.356182772,0.000000738,0.433717712,0.078289833,0.439999420
1766484226.321913,1766484226.321735144,0.000000000,3.141591056,0.000000306,0.382688845,0.923877290,2.356182772,0.000000738,0.433717712,0.078289833,0.439999420
1766484226.336847,1766484226.336712837,0.000000000,3.141591056,0.000000306,0.382693274,0.923875456,2.356173185,0.000000738,0.433717712,0.078289833,0.439999420
1766484226.351858,1766484226.351722956,0.000000000,3.141591056,0.000000306,0.382693274,0.923875456,2.356173185,0.000000738,0.433717712,0.078289833,0.439999420
1766484226.366796,1766484226.366714716,0.000000000,3.141591056,0.000000306,0.382693274,0.923875456,2.356173185,0.000000738,0.433717712,0.078289833,0.439999420
1766484226.382029,1766484226.381755114,0.000000000,3.141591056,0.000000306,0.382693274,0.923875456,2.356173185,0.000000738,0.433717712,0.078289833,0.439999420
1766484226.396867,1766484226.396731377,0.000000000,3.141591056,0.000000306,0.382693274,0.923875456,2.356173185,0.000000738,0.433717712,0.078289833,0.439999420
1766484226.411844,1766484226.411726952,0.000000000,3.141591056,0.000000306,0.382693274,0.923875456,2.356173185,0.000000738,0.433717712,0.078289833,0.439999420
1766484226.426877,1766484226.426734686,0.000000000,3.141591056,0.000000306,0.382693274,0.923875456,2.356173185,0.000000738,0.433717712,0.078289833,0.439999420
1766484226.441996,1766484226.441769600,0.000000000,3.141591056,0.000000306,0.382693274,0.923875456,2.356173185,0.000000738,0.433717712,0.078289833,0.439999420
1766484226.456827,1766484226.456722260,0.000000000,3.141591056,0.000000306,0.382693274,0.923875456,2.356173185,0.000000738,0.433717712,0.078289833,0.439999420
1766484226.471810,1766484226.471717358,0.000000000,3.141591056,0.000000306,0.382693274,0.923875456,2.356173185,0.000000738,0.433717712,0.078289833,0.439999420
1766484226.486809,1766484226.486720085,0.000000000,3.141591056,0.000000306,0.382693274,0.923875456,2.356173185,0.000000738,0.433717712,0.078289833,0.439999420
1766484226.501785,1766484226.501712322,0.000000000,3.141591056,0.000000306,0.382693274,0.923875456,2.356173185,0.000000738,0.433717712,0.078289833,0.439999420
1766484226.516825,1766484226.516727448,0.000000000,3.141591056,0.000000306,0.382693274,0.923875456,2.356173185,0.000000738,0.433717712,0.078289833,0.439999420
1766484226.531829,1766484226.531726360,0.000000000,3.141591056,0.000000306,0.382693274,0.923875456,2.356173185,0.000000738,0.433717712,0.078289833,0.439999420
1766484226.546984,1766484226.546750784,0.000000000,3.141591056,0.000000306,0.382693274,0.923875456,2.356173185,0.000000738,0.433717712,0.078289833,0.439999420
1766484226.561804,1766484226.561717033,0.000000000,3.141591056,0.000000306,0.382693274,0.923875456,2.356173185,0.000000738,0.433717712,0.078289833,0.439999420
1766484226.576820,1766484226.576729059,0.000000000,3.141591056,0.000000306,0.382693274,0.923875456,2.356173185,0.000000738,0.433717712,0.078289833,0.439999420
1766484226.591896,1766484226.591734886,0.000000000,3.141591056,0.000000306,0.382693274,0.923875456,2.356173185,0.000000738,0.433717712,0.078289833,0.439999420
1766484226.606940,1766484226.606765270,0.000000000,3.141591056,0.000000306,0.382693274,0.923875456,2.356173185,0.000000738,0.433717712,0.078289833,0.439999420
1766484226.621819,1766484226.621727228,0.000000000,3.141591056,0.000000306,0.382693274,0.923875456,2.356173185,0.000000738,0.433717712,0.078289833,0.439999420
1766484226.636860,1766484226.636729717,0.000000000,3.141591056,0.000000306,0.382693274,0.923875456,2.356173185,0.000000738,0.433717712,0.078289833,0.439999420
1766484226.651869,1766484226.651738167,0.000000000,3.141591056,0.000000306,0.382693274,0.923875456,2.356173185,0.000000738,0.433717712,0.078289833,0.439999420
1766484226.666795,1766484226.666722536,0.000000000,3.141591056,0.000000306,0.382693274,0.923875456,2.356173185,0.000000738,0.433717712,0.078289833,0.439999420
1766484226.681889,1766484226.681767225,0.000000000,3.141591056,0.000000306,0.382693274,0.923875456,2.356173185,0.000000738,0.433717712,0.078289833,0.439999420
1766484226.696846,1766484226.696734667,0.000000000,3.141591056,0.000000306,0.382693274,0.923875456,2.356173185,0.000000738,0.433717712,0.078289833,0.439999420
1766484226.711832,1766484226.711734772,0.000000000,3.141591056,0.000000306,0.382693274,0.923875456,2.356173185,0.000000738,0.433717712,0.078289833,0.439999420
1766484226.726846,1766484226.726739883,0.000000000,3.141591056,0.000000306,0.382693274,0.923875456,2.356173185,0.000000738,0.433717712,0.078289833,0.439999420
1766484226.741817,1766484226.741729498,0.000000000,3.141591056,0.000000306,0.382693274,0.923875456,2.356173185,0.000000738,0.433717712,0.078289833,0.439999420
1766484226.756880,1766484226.756749630,0.000000000,3.141591056,0.000000306,0.382693274,0.923875456,2.356173185,0.000000738,0.433717712,0.078289833,0.439999420
1766484226.771852,1766484226.771734953,0.000000000,3.141591056,0.000000306,0.382693274,0.923875456,2.356173185,0.000000738,0.433717712,0.078289833,0.439999420
1766484226.786839,1766484226.786741495,0.000000000,3.141591056,0.000000306,0.382693274,0.923875456,2.356173185,0.000000738,0.433717712,0.078289833,0.439999420
1766484226.801856,1766484226.801751137,0.000000000,3.141591056,0.000000306,0.382693274,0.923875456,2.356173185,0.000000738,0.433717712,0.078289833,0.439999420
1766484226.816885,1766484226.816759348,0.000000000,3.141591056,0.000000306,0.382693274,0.923875456,2.356173185,0.000000738,0.433717712,0.078289833,0.439999420
1766484226.831813,1766484226.831734419,0.000000000,3.141591056,0.000000306,0.382693274,0.923875456,2.356173185,0.000000738,0.433717712,0.078289833,0.439999420
1766484226.846851,1766484226.846745014,0.000000000,3.141591056,0.000000306,0.382693274,0.923875456,2.356173185,0.000000738,0.433717712,0.078289833,0.439999420
1766484226.861843,1766484226.861743927,0.000000000,3.141591056,0.000000306,0.382693274,0.923875456,2.356173185,0.000000738,0.433717712,0.078289833,0.439999420
1766484226.876794,1766484226.876735210,0.000000000,3.141591056,0.000000306,0.382693274,0.923875456,2.356173185,0.000000738,0.433717712,0.078289833,0.439999420
1766484226.891860,1766484226.891752481,0.000000000,3.141591056,0.000000306,0.382693274,0.923875456,2.356173185,0.000000738,0.433717712,0.078289833,0.439999420
1766484226.906830,1766484226.906743288,0.000000000,3.141591056,0.000000306,0.382693274,0.923875456,2.356173185,0.000000738,0.433717712,0.078289833,0.439999420
1766484226.921894,1766484226.921758890,0.000000000,3.141591056,0.000000306,0.382693274,0.923875456,2.356173185,0.000000738,0.433717712,0.078289833,0.439999420
1766484226.936874,1766484226.936753988,0.000000000,3.141591056,0.000000306,0.382693274,0.923875456,2.356173185,0.000000738,0.433717712,0.078289833,0.439999420
1766484226.951892,1766484226.951763153,0.000000000,3.141591056,0.000000306,0.382693274,0.923875456,2.356173185,0.000000738,0.433717712,0.078289833,0.439999420
1766484226.966833,1766484226.966743708,0.000000000,3.141591056,0.000000306,0.382693274,0.923875456,2.356173185,0.000000738,0.433717712,0.078289833,0.439999420
1766484226.981846,1766484226.981754303,0.000000000,3.141591056,0.000000306,0.382693274,0.923875456,2.356173185,0.000000738,0.433717712,0.078289833,0.439999420
1766484226.996801,1766484226.996741533,0.000000000,3.141591056,0.000000306,0.382693274,0.923875456,2.356173185,0.000000738,0.433717712,0.078289833,0.439999420
1766484227.012021,1766484227.011775255,0.000000000,3.141591056,0.000000306,0.382693274,0.923875456,2.356173185,0.000000738,0.433717712,0.078289833,0.439999420
1766484227.026852,1766484227.026752472,0.000000000,3.141591056,0.000000306,0.382693274,0.923875456,2.356173185,0.000000738,0.433717712,0.078289833,0.439999420
1766484227.041813,1766484227.041751385,0.000000000,3.141591056,0.000000306,0.382693274,0.923875456,2.356173185,0.000000738,0.433717712,0.078289833,0.439999420
1766484227.056850,1766484227.056756973,0.000000000,3.141591056,0.000000306,0.382693274,0.923875456,2.356173185,0.000000738,0.433717712,0.078289833,0.439999420
1766484227.071826,1766484227.071751833,0.000000000,3.141591056,0.000000306,0.382693274,0.923875456,2.356173185,0.000000738,0.433717712,0.078289833,0.439999420
1766484227.086869,1766484227.086764336,0.000000000,3.141591056,0.000000306,0.382693274,0.923875456,2.356173185,0.000000738,0.433717712,0.078289833,0.439999420
1766484227.101818,1766484227.101752043,0.000000000,3.141591056,0.000000306,0.382693274,0.923875456,2.356173185,0.000000738,0.433717712,0.078289833,0.439999420
1766484227.116918,1766484227.116772890,0.000000000,3.141591056,0.000000306,0.382693274,0.923875456,2.356173185,0.000000738,0.433717712,0.078289833,0.439999420
1766484227.131849,1766484227.131758690,0.000000000,3.141591056,0.000000306,0.382693274,0.923875456,2.356173185,0.000000738,0.433717712,0.078289833,0.439999420
1766484227.146869,1766484227.146770954,0.000000000,3.141591056,0.000000306,0.382693274,0.923875456,2.356173185,0.000000738,0.433717712,0.078289833,0.439999420
1766484227.161849,1766484227.161755800,0.000000000,3.141591056,0.000000306,0.382693274,0.923875456,2.356173185,0.000000738,0.433717712,0.078289833,0.439999420
1766484227.176887,1766484227.176766872,0.000000000,3.141591056,0.000000306,0.382693274,0.923875456,2.356173185,0.000000738,0.433717712,0.078289833,0.439999420
1766484227.191865,1766484227.191766739,0.000000000,3.141591056,0.000000306,0.382693274,0.923875456,2.356173185,0.000000738,0.433717712,0.078289833,0.439999420
1766484227.206840,1766484227.206760168,0.000000000,3.141591056,0.000000306,0.382693274,0.923875456,2.356173185,0.000000738,0.433717712,0.078289833,0.439999420
1766484227.221930,1766484227.221784115,0.000000000,3.141591056,0.000000306,0.382693274,0.923875456,2.356173185,0.000000738,0.433717712,0.078289833,0.439999420
1766484227.236887,1766484227.236766815,0.000000000,3.141591056,0.000000306,0.382693274,0.923875456,2.356173185,0.000000738,0.433717712,0.078289833,0.439999420
1766484227.251870,1766484227.251769304,0.000000000,3.141591056,0.000000306,0.382693274,0.923875456,2.356173185,0.000000738,0.433717712,0.078289833,0.439999420
1766484227.266855,1766484227.266771317,0.000000000,3.141591056,0.000000306,0.382693274,0.923875456,2.356173185,0.000000738,0.433717712,0.078289833,0.439999420
1766484227.281936,1766484227.281798601,0.000000000,3.141591056,0.000000306,0.382693274,0.923875456,2.356173185,0.000000738,0.433717712,0.078289833,0.439999420
1766484227.296896,1766484227.296780586,0.000000000,3.141591056,0.000000306,0.382693274,0.923875456,2.356173185,0.000000738,0.433717712,0.078289833,0.439999420
1766484227.311835,1766484227.311765671,0.000000000,3.141591056,0.000000306,0.382693274,0.923875456,2.356173185,0.000000738,0.433717712,0.078289833,0.439999420
1766484227.326970,1766484227.326802254,0.000000000,3.141591056,0.000000306,0.382693274,0.923875456,2.356173185,0.000000738,0.433717712,0.078289833,0.439999420
1766484227.341904,1766484227.341790915,0.000000000,3.141591056,0.000000306,0.382693274,0.923875456,2.356173185,0.000000738,0.433717712,0.078289833,0.439999420
1766484227.356926,1766484227.356795788,0.000000000,3.141591056,0.000000306,0.382693274,0.923875456,2.356173185,0.000000738,0.433717712,0.078289833,0.439999420
1766484227.371971,1766484227.371800184,0.000000000,3.141591056,0.000000306,0.382693274,0.923875456,2.356173185,0.000000738,0.433717712,0.078289833,0.439999420
1766484227.386966,1766484227.386806488,0.000000000,3.141591056,0.000000306,0.382693274,0.923875456,2.356173185,0.000000738,0.433717712,0.078289833,0.439999420
1766484227.401868,1766484227.401778221,0.000000000,3.141591056,0.000000306,0.382693274,0.923875456,2.356173185,0.000000738,0.433717712,0.078289833,0.439999420
1766484227.417134,1766484227.416869879,0.000000000,3.141591056,0.000000306,0.382693274,0.923875456,2.356173185,0.000000738,0.433717712,0.078289833,0.439999420
1766484227.432146,1766484227.431846857,0.000000000,3.141591056,0.000000306,0.382693274,0.923875456,2.356173185,0.000000738,0.433717712,0.078289833,0.439999420
1766484227.446923,1766484227.446787834,0.000000000,3.141591056,0.000000306,0.382693274,0.923875456,2.356173185,0.000000738,0.433717712,0.078289833,0.439999420
1766484227.461862,1766484227.461783648,0.000000000,3.141591056,0.000000306,0.382693274,0.923875456,2.356173185,0.000000738,0.433717712,0.078289833,0.439999420
1766484227.476933,1766484227.476812601,0.000000000,3.141591056,0.000000306,0.382693274,0.923875456,2.356173185,0.000000738,0.433717712,0.078289833,0.439999420
1766484227.491951,1766484227.491800308,0.000000000,3.141591056,0.000000306,0.382693274,0.923875456,2.356173185,0.000000738,0.433717712,0.078289833,0.439999420
1766484227.506871,1766484227.506784439,0.000000000,3.141591056,0.000000306,0.382693274,0.923875456,2.356173185,0.000000738,0.433717712,0.078289833,0.439999420
1766484227.521947,1766484227.521804094,0.000000000,3.141591056,0.000000306,0.382693274,0.923875456,2.356173185,0.000000738,0.433717712,0.078289833,0.439999420
1766484227.537202,1766484227.536877632,0.000000000,3.141591056,0.000000306,0.382693274,0.923875456,2.356173185,0.000000738,0.433717712,0.078289833,0.439999420
1766484227.551993,1766484227.551828384,0.000000000,3.141591056,0.000000306,0.382693274,0.923875456,2.356173185,0.000000738,0.433717712,0.078289833,0.439999420
1766484227.566915,1766484227.566799879,0.000000000,3.141591056,0.000000306,0.382693274,0.923875456,2.356173185,0.000000738,0.433717712,0.078289833,0.439999420
1766484227.581983,1766484227.581824780,0.000000000,3.141591056,0.000000306,0.382693274,0.923875456,2.356173185,0.000000738,0.433717712,0.078289833,0.439999420
1766484227.596948,1766484227.596808910,0.000000000,3.141591056,0.000000306,0.382693274,0.923875456,2.356173185,0.000000738,0.433717712,0.078289833,0.439999420
1766484227.611899,1766484227.611800671,0.000000000,3.141591056,0.000000306,0.382693274,0.923875456,2.356173185,0.000000738,0.433717712,0.078289833,0.439999420
1766484227.626972,1766484227.626817703,0.000000000,3.141591056,0.000000306,0.382693274,0.923875456,2.356173185,0.000000738,0.433717712,0.078289833,0.439999420
1766484227.641936,1766484227.641810179,0.000000000,3.141591056,0.000000306,0.382693274,0.923875456,2.356173185,0.000000738,0.433717712,0.078289833,0.439999420
1766484227.656968,1766484227.656819582,0.000000000,3.141591056,0.000000306,0.382693274,0.923875456,2.356173185,0.000000738,0.433717712,0.078289833,0.439999420
1766484227.671948,1766484227.671811581,0.000000000,3.141591056,0.000000306,0.382693274,0.923875456,2.356173185,0.000000738,0.433717712,0.078289833,0.439999420
1766484227.686924,1766484227.686808825,0.000000000,3.141591056,0.000000306,0.382693274,0.923875456,2.356173185,0.000000738,0.433717712,0.078289833,0.439999420
1766484227.702011,1766484227.701820612,0.000000000,3.141591056,0.000000306,0.382693274,0.923875456,2.356173185,0.000000738,0.433717712,0.078289833,0.439999420
1766484227.716984,1766484227.716825008,0.000000000,3.141591056,0.000000306,0.382693274,0.923875456,2.356173185,0.000000738,0.433717712,0.078289833,0.439999420
1766484227.731944,1766484227.731806755,0.000000000,3.141591056,0.000000306,0.382693274,0.923875456,2.356173185,0.000000738,0.433717712,0.078289833,0.439999420
1766484227.746945,1766484227.746816158,0.000000000,3.141591056,0.000000306,0.382693274,0.923875456,2.356173185,0.000000738,0.433717712,0.078289833,0.439999420
1766484227.761988,1766484227.761826754,0.000000000,3.141591056,0.000000306,0.382693274,0.923875456,2.356173185,0.000000738,0.433717712,0.078289833,0.439999420
1766484227.776917,1766484227.776812792,0.000000000,3.141591056,0.000000306,0.382693274,0.923875456,2.356173185,0.000000738,0.433717712,0.078289833,0.439999420
1766484227.791935,1766484227.791815519,0.000000000,3.141591056,0.000000306,0.382693274,0.923875456,2.356173185,0.000000738,0.433717712,0.078289833,0.439999420
1766484227.807018,1766484227.806844234,0.000000000,3.141591056,0.000000306,0.382693274,0.923875456,2.356173185,0.000000738,0.433717712,0.078289833,0.439999420
1766484227.822140,1766484227.821863651,0.000000000,3.141591056,0.000000306,0.382693274,0.923875456,2.356173185,0.000000738,0.433717712,0.078289833,0.439999420
1766484227.836930,1766484227.836813450,0.000000000,3.141591056,0.000000306,0.382693274,0.923875456,2.356173185,0.000000738,0.433717712,0.078289833,0.439999420
1766484227.851998,1766484227.851854324,0.000000000,3.141591056,0.000000306,0.382693274,0.923875456,2.356173185,0.000000738,0.433717712,0.078289833,0.439999420
1766484227.866994,1766484227.866830587,0.000000000,3.141591056,0.000000306,0.382693274,0.923875456,2.356173185,0.000000738,0.433717712,0.078289833,0.439999420
1766484227.882015,1766484227.881836891,0.000000000,3.141591056,0.000000306,0.382693274,0.923875456,2.356173185,0.000000738,0.433717712,0.078289833,0.439999420
1766484227.896927,1766484227.896819353,0.000000000,3.141591056,0.000000306,0.382693274,0.923875456,2.356173185,0.000000738,0.433717712,0.078289833,0.439999420
1766484227.911949,1766484227.911833286,0.000000000,3.141591056,0.000000306,0.382693274,0.923875456,2.356173185,0.000000738,0.433717712,0.078289833,0.439999420
1766484227.926948,1766484227.926830530,0.000000000,3.141591056,0.000000306,0.382693274,0.923875456,2.356173185,0.000000738,0.433717712,0.078289833,0.439999420
1766484227.941946,1766484227.941825390,0.000000000,3.141591056,0.000000306,0.382693274,0.923875456,2.356173185,0.000000738,0.433717712,0.078289833,0.439999420
1766484227.957006,1766484227.956845999,0.000000000,3.141591056,0.000000306,0.382693274,0.923875456,2.356173185,0.000000738,0.433717712,0.078289833,0.439999420
1766484227.971957,1766484227.971840620,0.000000000,3.141591056,0.000000306,0.382693274,0.923875456,2.356173185,0.000000738,0.433717712,0.078289833,0.439999420
1766484227.986969,1766484227.986839771,0.000000000,3.141591056,0.000000306,0.382693274,0.923875456,2.356173185,0.000000738,0.433717712,0.078289833,0.439999420
1766484228.001888,1766484228.001812935,0.000000000,3.141591056,0.000000306,0.382693274,0.923875456,2.356173185,0.000000738,0.433717712,0.078289833,0.439999420
1766484228.017000,1766484228.016843319,0.000000000,3.141591056,0.000000306,0.382693274,0.923875456,2.356173185,0.000000738,0.433717712,0.078289833,0.439999420
1766484228.031953,1766484228.031827927,0.000000000,3.141591056,0.000000306,0.382693274,0.923875456,2.356173185,0.000000738,0.433717712,0.078289833,0.439999420
1766484228.047137,1766484228.046896219,0.000000000,3.141591056,0.000000306,0.382693274,0.923875456,2.356173185,0.000000738,0.433717712,0.078289833,0.439999420
1766484228.061921,1766484228.061825991,0.000000000,3.141591056,0.000000306,0.382693274,0.923875456,2.356173185,0.000000738,0.433717712,0.078289833,0.439999420
1766484228.076971,1766484228.076845407,0.000000000,3.141591056,0.000000306,0.382693274,0.923875456,2.356173185,0.000000738,0.433717712,0.078289833,0.439999420
1766484228.091912,1766484228.091822863,0.000000000,3.141591056,0.000000306,0.382693274,0.923875456,2.356173185,0.000000738,0.433717712,0.078289833,0.439999420
1766484228.106956,1766484228.106847048,0.000000000,3.141591056,0.000000306,0.382693274,0.923875456,2.356173185,0.000000738,0.433717712,0.078289833,0.439999420
1766484228.121985,1766484228.121853352,0.000000000,3.141591056,0.000000306,0.382693274,0.923875456,2.356173185,0.000000738,0.433717712,0.078289833,0.439999420
1766484228.136892,1766484228.136817455,0.000000000,3.141591056,0.000000306,0.382693274,0.923875456,2.356173185,0.000000738,0.433717712,0.078289833,0.439999420
1766484228.151966,1766484228.151856184,0.000000000,3.141591056,0.000000306,0.382693274,0.923875456,2.356173185,0.000000738,0.433717712,0.078289833,0.439999420
1766484228.166987,1766484228.166861773,0.000000000,3.141591056,0.000000306,0.382693274,0.923875456,2.356173185,0.000000738,0.433717712,0.078289833,0.439999420
1766484228.181963,1766484228.181854248,0.000000000,3.141591056,0.000000306,0.382693274,0.923875456,2.356173185,0.000000738,0.433717712,0.078289833,0.439999420
1766484228.196963,1766484228.196850538,0.000000000,3.141591056,0.000000306,0.382693274,0.923875456,2.356173185,0.000000738,0.433717712,0.078289833,0.439999420
1766484228.211948,1766484228.211847067,0.000000000,3.141591056,0.000000306,0.382693274,0.923875456,2.356173185,0.000000738,0.433717712,0.078289833,0.439999420
1766484228.227003,1766484228.226861000,0.000000000,3.141591056,0.000000306,0.382693274,0.923875456,2.356173185,0.000000738,0.433717712,0.078289833,0.439999420
1766484228.241976,1766484228.241858244,0.000000000,3.141591056,0.000000306,0.382693274,0.923875456,2.356173185,0.000000738,0.433717712,0.078289833,0.439999420
1766484228.256942,1766484228.256848574,0.000000000,3.141591056,0.000000306,0.382693274,0.923875456,2.356173185,0.000000738,0.433717712,0.078289833,0.439999420
1766484228.271945,1766484228.271850109,0.000000000,3.141591056,0.000000306,0.382693274,0.923875456,2.356173185,0.000000738,0.433717712,0.078289833,0.439999420
1766484228.287033,1766484228.286868572,0.000000000,3.141591056,0.000000306,0.382693274,0.923875456,2.356173185,0.000000738,0.433717712,0.078289833,0.439999420
1766484228.301930,1766484228.301843166,0.000000000,3.141591056,0.000000306,0.382693274,0.923875456,2.356173185,0.000000738,0.433717712,0.078289833,0.439999420
1766484228.317009,1766484228.316862583,0.000000000,3.141591056,0.000000306,0.382693274,0.923875456,2.356173185,0.000000738,0.433717712,0.078289833,0.439999420
1766484228.331966,1766484228.331856966,0.000000000,3.141591056,0.000000306,0.382693274,0.923875456,2.356173185,0.000000738,0.433717712,0.078289833,0.439999420
1766484228.346951,1766484228.346850395,0.000000000,3.141591056,0.000000306,0.382693274,0.923875456,2.356173185,0.000000738,0.433717712,0.078289833,0.439999420
1766484228.361927,1766484228.361845016,0.000000000,3.141591056,0.000000306,0.382693274,0.923875456,2.356173185,0.000000738,0.433717712,0.078289833,0.439999420
1766484228.376909,1766484228.376843691,0.000000000,3.141591056,0.000000306,0.382693274,0.923875456,2.356173185,0.000000738,0.433717712,0.078289833,0.439999420
1766484228.392062,1766484228.391882181,0.000000000,3.141591056,0.000000306,0.382693274,0.923875456,2.356173185,0.000000738,0.433717712,0.078289833,0.439999420
1766484228.407051,1766484228.406860828,0.000000000,3.141591056,0.000000306,0.382693274,0.923875456,2.356173185,0.000000738,0.433717712,0.078289833,0.439999420
1766484228.421950,1766484228.421855688,0.000000000,3.141591056,0.000000306,0.382693274,0.923875456,2.356173185,0.000000738,0.433717712,0.078289833,0.439999420
1766484228.437015,1766484228.436888456,0.000000000,3.141591056,0.000000306,0.382693274,0.923875456,2.356173185,0.000000738,0.433717712,0.078289833,0.439999420
1766484228.452065,1766484228.451898813,0.000000000,3.141591056,0.000000306,0.382693274,0.923875456,2.356173185,0.000000738,0.433717712,0.078289833,0.439999420
1766484228.466929,1766484228.466850996,0.000000000,3.141591056,0.000000306,0.382693274,0.923875456,2.356173185,0.000000738,0.433717712,0.078289833,0.439999420
1766484228.481971,1766484228.481867075,0.000000000,3.141591056,0.000000306,0.382693274,0.923875456,2.356173185,0.000000738,0.433717712,0.078289833,0.439999420
1766484228.497378,1766484228.496982336,0.000000000,3.141591056,0.000000306,0.382693274,0.923875456,2.356173185,0.000000738,0.433717712,0.078289833,0.439999420
1766484228.511971,1766484228.511866331,0.000000000,3.141591056,0.000000306,0.382693274,0.923875456,2.356173185,0.000000738,0.433717712,0.078289833,0.439999420
1766484228.526957,1766484228.526864052,0.000000000,3.141591056,0.000000306,0.382693274,0.923875456,2.356173185,0.000000738,0.433717712,0.078289833,0.439999420
1766484228.542000,1766484228.541873693,0.000000000,3.141591056,0.000000306,0.382693274,0.923875456,2.356173185,0.000000738,0.433717712,0.078289833,0.439999420
1766484228.557046,1766484228.556887150,0.000000000,3.141591056,0.000000306,0.382693274,0.923875456,2.356173185,0.000000738,0.433717712,0.078289833,0.439999420
1766484228.571991,1766484228.571871281,0.000000000,3.141591056,0.000000306,0.382693274,0.923875456,2.356173185,0.000000738,0.433717712,0.078289833,0.439999420
1766484228.586972,1766484228.586867332,0.000000000,3.141591056,0.000000306,0.382693274,0.923875456,2.356173185,0.000000738,0.433717712,0.078289833,0.439999420
1766484228.602215,1766484228.601959705,0.000000000,3.141591056,0.000000306,0.382693274,0.923875456,2.356173185,0.000000738,0.433717712,0.078289833,0.439999420
1766484228.616997,1766484228.616878033,0.000000000,3.141591056,0.000000306,0.382693274,0.923875456,2.356173185,0.000000738,0.433717712,0.078289833,0.439999420
1766484228.631954,1766484228.631859779,0.000000000,3.141591056,0.000000306,0.382693274,0.923875456,2.356173185,0.000000738,0.433717712,0.078289833,0.439999420
1766484228.647002,1766484228.646875858,0.000000000,3.141591056,0.000000306,0.382693274,0.923875456,2.356173185,0.000000738,0.433717712,0.078289833,0.439999420
1766484228.661995,1766484228.661869526,0.000000000,3.141591056,0.000000306,0.382693274,0.923875456,2.356173185,0.000000738,0.433717712,0.078289833,0.439999420
1766484228.676939,1766484228.676852703,0.000000000,3.141591056,0.000000306,0.382688845,0.923877290,2.356182772,0.000000738,0.433717712,0.078289833,0.439999420
1766484228.691959,1766484228.691861391,0.000000000,3.141591056,0.000000306,0.382688845,0.923877290,2.356182772,0.000000738,0.433717712,0.078289833,0.439999420
1766484228.707274,1766484228.706973553,0.000000000,3.141591056,0.000000306,0.382688845,0.923877290,2.356182772,0.000000738,0.433717712,0.078289833,0.439999420
1766484228.722029,1766484228.721877098,0.000000000,3.141591056,0.000000306,0.382688845,0.923877290,2.356182772,0.000000738,0.433717712,0.078289833,0.439999420
1766484228.736959,1766484228.736858130,0.000000000,3.141591056,0.000000306,0.382688845,0.923877290,2.356182772,0.000000738,0.433717712,0.078289833,0.439999420
1766484228.752072,1766484228.751895666,0.000000000,3.141591056,0.000000306,0.382688845,0.923877290,2.356182772,0.000000738,0.433717712,0.078289833,0.439999420
1766484228.767011,1766484228.766868353,0.000000000,3.141591056,0.000000306,0.382688845,0.923877290,2.356182772,0.000000738,0.433717712,0.078289833,0.439999420
1766484228.781984,1766484228.781870604,0.000000000,3.141591056,0.000000306,0.382688845,0.923877290,2.356182772,0.000000738,0.433717712,0.078289833,0.439999420
1766484228.796969,1766484228.796862364,0.000000000,3.141591056,0.000000306,0.382688845,0.923877290,2.356182772,0.000000738,0.433717712,0.078289833,0.439999420
1766484228.812000,1766484228.811878443,0.000000000,3.141591056,0.000000306,0.382688845,0.923877290,2.356182772,0.000000738,0.433717712,0.078289833,0.439999420
1766484228.826985,1766484228.826880932,0.000000000,3.141591056,0.000000306,0.382688845,0.923877290,2.356182772,0.000000738,0.433717712,0.078289833,0.439999420
1766484228.841963,1766484228.841865778,0.000000000,3.141591056,0.000000306,0.382688845,0.923877290,2.356182772,0.000000738,0.433717712,0.078289833,0.439999420
1766484228.857011,1766484228.856874228,0.000000000,3.141591056,0.000000306,0.382688845,0.923877290,2.356182772,0.000000738,0.433717712,0.078289833,0.439999420
1766484228.872048,1766484228.871920347,0.000000000,3.141591056,0.000000306,0.382688845,0.923877290,2.356182772,0.000000738,0.433717712,0.078289833,0.439999420
1766484228.886993,1766484228.886870623,0.000000000,3.141591056,0.000000306,0.382688845,0.923877290,2.356182772,0.000000738,0.433717712,0.078289833,0.439999420
1766484228.901910,1766484228.901845217,0.000000000,3.141591056,0.000000306,0.382688845,0.923877290,2.356182772,0.000000738,0.433717712,0.078289833,0.439999420
1766484228.917189,1766484228.916898489,0.000000000,3.141591056,0.000000306,0.382688845,0.923877290,2.356182772,0.000000738,0.433717712,0.078289833,0.439999420
1766484228.931954,1766484228.931854486,0.000000000,3.141591056,0.000000306,0.382688845,0.923877290,2.356182772,0.000000738,0.433717712,0.078289833,0.439999420
1766484228.946938,1766484228.946853399,0.000000000,3.141591056,0.000000306,0.382688845,0.923877290,2.356182772,0.000000738,0.433717712,0.078289833,0.439999420
1766484228.961959,1766484228.961881638,0.000000000,3.141591056,0.000000306,0.382688845,0.923877290,2.356182772,0.000000738,0.433717712,0.078289833,0.439999420
1766484228.976932,1766484228.976853371,0.000000000,3.141591056,0.000000306,0.382688845,0.923877290,2.356182772,0.000000738,0.433717712,0.078289833,0.439999420
1766484228.991933,1766484228.991848707,0.000000000,3.141591056,0.000000306,0.382688845,0.923877290,2.356182772,0.000000738,0.433717712,0.078289833,0.439999420
1766484229.006994,1766484229.006875992,0.000000000,3.141591056,0.000000306,0.382688845,0.923877290,2.356182772,0.000000738,0.433717712,0.078289833,0.439999420
1766484229.022125,1766484229.021911860,0.000000000,3.141591056,0.000000306,0.382688845,0.923877290,2.356182772,0.000000738,0.433717712,0.078289833,0.439999420
1766484229.036929,1766484229.036849499,0.000000000,3.141591056,0.000000306,0.382688845,0.923877290,2.356182772,0.000000738,0.433717712,0.078289833,0.439999420
1766484229.052023,1766484229.051879168,0.000000000,3.141591056,0.000000306,0.382688845,0.923877290,2.356182772,0.000000738,0.433717712,0.078289833,0.439999420
1766484229.067012,1766484229.066896200,0.000000000,3.141591056,0.000000306,0.382688845,0.923877290,2.356182772,0.000000738,0.433717712,0.078289833,0.439999420
1766484229.081945,1766484229.081854105,0.000000000,3.141591056,0.000000306,0.382688845,0.923877290,2.356182772,0.000000738,0.433717712,0.078289833,0.439999420
1766484229.096981,1766484229.096859694,0.000000000,3.141591056,0.000000306,0.382688845,0.923877290,2.356182772,0.000000738,0.433717712,0.078289833,0.439999420
1766484229.112127,1766484229.111912012,0.000000000,3.141591056,0.000000306,0.382688845,0.923877290,2.356182772,0.000000738,0.433717712,0.078289833,0.439999420
1766484229.127048,1766484229.126866341,0.000000000,3.141591056,0.000000306,0.382688845,0.923877290,2.356182772,0.000000738,0.433717712,0.078289833,0.439999420
1766484229.141941,1766484229.141857862,0.000000000,3.141591056,0.000000306,0.382688845,0.923877290,2.356182772,0.000000738,0.433717712,0.078289833,0.439999420
1766484229.156934,1766484229.156852007,0.000000000,3.141591056,0.000000306,0.382688845,0.923877290,2.356182772,0.000000738,0.433717712,0.078289833,0.439999420
1766484229.172025,1766484229.171885729,0.000000000,3.141591056,0.000000306,0.382688845,0.923877290,2.356182772,0.000000738,0.433717712,0.078289833,0.439999420
1766484229.186978,1766484229.186859369,0.000000000,3.141591056,0.000000306,0.382688845,0.923877290,2.356182772,0.000000738,0.433717712,0.078289833,0.439999420
1766484229.201931,1766484229.201844454,0.000000000,3.141591056,0.000000306,0.382688845,0.923877290,2.356182772,0.000000738,0.433717712,0.078289833,0.439999420
1766484229.217045,1766484229.216884851,0.000000000,3.141591056,0.000000306,0.382688845,0.923877290,2.356182772,0.000000738,0.433717712,0.078289833,0.439999420
1766484229.232009,1766484229.231877327,0.000000000,3.141591056,0.000000306,0.382688845,0.923877290,2.356182772,0.000000738,0.433717712,0.078289833,0.439999420
1766484229.246969,1766484229.246860504,0.000000000,3.141591056,0.000000306,0.382688845,0.923877290,2.356182772,0.000000738,0.433717712,0.078289833,0.439999420
1766484229.261951,1766484229.261850834,0.000000000,3.141591056,0.000000306,0.382688845,0.923877290,2.356182772,0.000000738,0.433717712,0.078289833,0.439999420
1766484229.277106,1766484229.276922226,0.000000000,3.141591056,0.000000306,0.382688845,0.923877290,2.356182772,0.000000738,0.433717712,0.078289833,0.439999420
1766484229.292054,1766484229.291920900,0.000000000,3.141591056,0.000000306,0.382688845,0.923877290,2.356182772,0.000000738,0.433717712,0.078289833,0.439999420
1766484229.307054,1766484229.306902647,0.000000000,3.141591056,0.000000306,0.382688845,0.923877290,2.356182772,0.000000738,0.433717712,0.078289833,0.439999420
1766484229.322041,1766484229.321921110,0.000000000,3.141591056,0.000000306,0.382688845,0.923877290,2.356182772,0.000000738,0.433717712,0.078289833,0.439999420
1766484229.337035,1766484229.336918354,0.000000000,3.141591056,0.000000306,0.382688845,0.923877290,2.356182772,0.000000738,0.433717712,0.078289833,0.439999420
1766484229.352028,1766484229.351914167,0.000000000,3.141591056,0.000000306,0.382688845,0.923877290,2.356182772,0.000000738,0.433717712,0.078289833,0.439999420
1766484229.366961,1766484229.366900921,0.000000000,3.141591056,0.000000306,0.382688845,0.923877290,2.356182772,0.000000738,0.433717712,0.078289833,0.439999420
1766484229.382303,1766484229.382052183,0.000000000,3.141591056,0.000000306,0.382688845,0.923877290,2.356182772,0.000000738,0.433717712,0.078289833,0.439999420
1766484229.397029,1766484229.396920204,0.000000000,3.141591056,0.000000306,0.382688845,0.923877290,2.356182772,0.000000738,0.433717712,0.078289833,0.439999420
1766484229.412033,1766484229.411923409,0.000000000,3.141591056,0.000000306,0.382688845,0.923877290,2.356182772,0.000000738,0.433717712,0.078289833,0.439999420
1766484229.427104,1766484229.426936150,0.000000000,3.141591056,0.000000306,0.382688845,0.923877290,2.356182772,0.000000738,0.433717712,0.078289833,0.439999420
1766484229.442031,1766484229.441929340,0.000000000,3.141591056,0.000000306,0.382688845,0.923877290,2.356182772,0.000000738,0.433717712,0.078289833,0.439999420
1766484229.457030,1766484229.456925154,0.000000000,3.141591056,0.000000306,0.382688845,0.923877290,2.356182772,0.000000738,0.433717712,0.078289833,0.439999420
1766484229.471994,1766484229.471911669,0.000000000,3.141591056,0.000000306,0.382688845,0.923877290,2.356182772,0.000000738,0.433717712,0.078289833,0.439999420
1766484229.487079,1766484229.486943007,0.000000000,3.141591056,0.000000306,0.382688845,0.923877290,2.356182772,0.000000738,0.433717712,0.078289833,0.439999420
1766484229.502009,1766484229.501919031,0.000000000,3.141591056,0.000000306,0.382688845,0.923877290,2.356182772,0.000000738,0.433717712,0.078289833,0.439999420
1766484229.517133,1766484229.516952276,0.000000000,3.141591056,0.000000306,0.382688845,0.923877290,2.356182772,0.000000738,0.433717712,0.078289833,0.439999420
1766484229.532052,1766484229.531934500,0.000000000,3.141591056,0.000000306,0.382688845,0.923877290,2.356182772,0.000000738,0.433717712,0.078289833,0.439999420
1766484229.547012,1766484229.546927691,0.000000000,3.141591056,0.000000306,0.382688845,0.923877290,2.356182772,0.000000738,0.433717712,0.078289833,0.439999420
1766484229.562058,1766484229.561940908,0.000000000,3.141591056,0.000000306,0.382688845,0.923877290,2.356182772,0.000000738,0.433717712,0.078289833,0.439999420
1766484229.577029,1766484229.576929569,0.000000000,3.141591056,0.000000306,0.382688845,0.923877290,2.356182772,0.000000738,0.433717712,0.078289833,0.439999420
1766484229.592059,1766484229.591941833,0.000000000,3.141591056,0.000000306,0.382688845,0.923877290,2.356182772,0.000000738,0.433717712,0.078289833,0.439999420
1766484229.607264,1766484229.606991768,0.000000000,3.141591056,0.000000306,0.382688845,0.923877290,2.356182772,0.000000738,0.433717712,0.078289833,0.439999420
1766484229.622096,1766484229.621950865,0.000000000,3.141591056,0.000000306,0.382688845,0.923877290,2.356182772,0.000000738,0.433717712,0.078289833,0.439999420
1766484229.637060,1766484229.636934519,0.000000000,3.141591056,0.000000306,0.382688845,0.923877290,2.356182772,0.000000738,0.433717712,0.078289833,0.439999420
1766484229.652075,1766484229.651948214,0.000000000,3.141591056,0.000000306,0.382688845,0.923877290,2.356182772,0.000000738,0.433717712,0.078289833,0.439999420
1766484229.667000,1766484229.666921616,0.000000000,3.141591056,0.000000306,0.382688845,0.923877290,2.356182772,0.000000738,0.433717712,0.078289833,0.439999420
1766484229.682042,1766484229.681937218,0.000000000,3.141591056,0.000000306,0.382688845,0.923877290,2.356182772,0.000000738,0.433717712,0.078289833,0.439999420
1766484229.697083,1766484229.696948528,0.000000000,3.141591056,0.000000306,0.382688845,0.923877290,2.356182772,0.000000738,0.433717712,0.078289833,0.439999420
1766484229.712054,1766484229.711939096,0.000000000,3.141591056,0.000000306,0.382688845,0.923877290,2.356182772,0.000000738,0.433717712,0.078289833,0.439999420
1766484229.727145,1766484229.726955652,0.000000000,3.141591056,0.000000306,0.382688845,0.923877290,2.356182772,0.000000738,0.433717712,0.078289833,0.439999420
1766484229.742045,1766484229.741943836,0.000000000,3.141591056,0.000000306,0.382688845,0.923877290,2.356182772,0.000000738,0.433717712,0.078289833,0.439999420
1766484229.757059,1766484229.756944895,0.000000000,3.141591056,0.000000306,0.382688845,0.923877290,2.356182772,0.000000738,0.433717712,0.078289833,0.439999420
1766484229.772002,1766484229.771932125,0.000000000,3.141591056,0.000000306,0.382688845,0.923877290,2.356182772,0.000000738,0.433717712,0.078289833,0.439999420
1766484229.787027,1766484229.786942482,0.000000000,3.141591056,0.000000306,0.382688845,0.923877290,2.356182772,0.000000738,0.433717712,0.078289833,0.439999420
1766484229.802022,1766484229.801934481,0.000000000,3.141591056,0.000000306,0.382688845,0.923877290,2.356182772,0.000000738,0.433717712,0.078289833,0.439999420
1766484229.816986,1766484229.816930532,0.000000000,3.141591056,0.000000306,0.382688845,0.923877290,2.356182772,0.000000738,0.433717712,0.078289833,0.439999420
1766484229.832067,1766484229.831949234,0.000000000,3.141591056,0.000000306,0.382688845,0.923877290,2.356182772,0.000000738,0.433717712,0.078289833,0.439999420
1766484229.847023,1766484229.846937656,0.000000000,3.141591056,0.000000306,0.382688845,0.923877290,2.356182772,0.000000738,0.433717712,0.078289833,0.439999420
1766484229.862072,1766484229.861951351,0.000000000,3.141591056,0.000000306,0.382688845,0.923877290,2.356182772,0.000000738,0.433717712,0.078289833,0.439999420
1766484229.877038,1766484229.876945257,0.000000000,3.141591056,0.000000306,0.382688845,0.923877290,2.356182772,0.000000738,0.433717712,0.078289833,0.439999420
1766484229.892371,1766484229.892015934,0.000000000,3.141591056,0.000000306,0.382688845,0.923877290,2.356182772,0.000000738,0.433717712,0.078289833,0.439999420
1766484229.907108,1766484229.906956196,0.000000000,3.141591056,0.000000306,0.382688845,0.923877290,2.356182772,0.000000738,0.433717712,0.078289833,0.439999420
1766484229.922126,1766484229.921982765,0.000000000,3.141591056,0.000000306,0.382688845,0.923877290,2.356182772,0.000000738,0.433717712,0.078289833,0.439999420
1766484229.937042,1766484229.936951160,0.000000000,3.141591056,0.000000306,0.382688845,0.923877290,2.356182772,0.000000738,0.433717712,0.078289833,0.439999420
1766484229.952090,1766484229.951967716,0.000000000,3.141591056,0.000000306,0.382688845,0.923877290,2.356182772,0.000000738,0.433717712,0.078289833,0.439999420
1766484229.967054,1766484229.966947079,0.000000000,3.141591056,0.000000306,0.382688845,0.923877290,2.356182772,0.000000738,0.433717712,0.078289833,0.439999420
1766484229.982098,1766484229.981974840,0.000000000,3.141591056,0.000000306,0.382688845,0.923877290,2.356182772,0.000000738,0.433717712,0.078289833,0.439999420
1766484229.997041,1766484229.996952534,0.000000000,3.141591056,0.000000306,0.382688845,0.923877290,2.356182772,0.000000738,0.433717712,0.078289833,0.439999420
1766484230.012081,1766484230.011970043,0.000000000,3.141591056,0.000000306,0.382688845,0.923877290,2.356182772,0.000000738,0.433717712,0.078289833,0.439999420
1766484230.027086,1766484230.026967049,0.000000000,3.141591056,0.000000306,0.382688845,0.923877290,2.356182772,0.000000738,0.433717712,0.078289833,0.439999420
1766484230.042062,1766484230.041960716,0.000000000,3.141591056,0.000000306,0.382688845,0.923877290,2.356182772,0.000000738,0.433717712,0.078289833,0.439999420
1766484230.057067,1766484230.056964874,0.000000000,3.141591056,0.000000306,0.382688845,0.923877290,2.356182772,0.000000738,0.433717712,0.078289833,0.439999420
1766484230.072112,1766484230.071968794,0.000000000,3.141591056,0.000000306,0.382688845,0.923877290,2.356182772,0.000000738,0.433717712,0.078289833,0.439999420
1766484230.087089,1766484230.086972713,0.000000000,3.141591056,0.000000306,0.382688845,0.923877290,2.356182772,0.000000738,0.433717712,0.078289833,0.439999420
1766484230.102033,1766484230.101955414,0.000000000,3.141591056,0.000000306,0.382688845,0.923877290,2.356182772,0.000000738,0.433717712,0.078289833,0.439999420
1766484230.117112,1766484230.116977453,0.000000000,3.141591056,0.000000306,0.382688845,0.923877290,2.356182772,0.000000738,0.433717712,0.078289833,0.439999420
1766484230.132138,1766484230.131978989,0.000000000,3.141591056,0.000000306,0.382688845,0.923877290,2.356182772,0.000000738,0.433717712,0.078289833,0.439999420
1766484230.147035,1766484230.146956205,0.000000000,3.141591056,0.000000306,0.382688845,0.923877290,2.356182772,0.000000738,0.433717712,0.078289833,0.439999420
1766484230.162081,1766484230.161967993,0.000000000,3.141591056,0.000000306,0.382688845,0.923877290,2.356182772,0.000000738,0.433717712,0.078289833,0.439999420
1766484230.177094,1766484230.176979303,0.000000000,3.141591056,0.000000306,0.382688845,0.923877290,2.356182772,0.000000738,0.433717712,0.078289833,0.439999420
1766484230.192098,1766484230.191975832,0.000000000,3.141591056,0.000000306,0.382688845,0.923877290,2.356182772,0.000000738,0.433717712,0.078289833,0.439999420
1766484230.207278,1766484230.207024574,0.000000000,3.141591056,0.000000306,0.382688845,0.923877290,2.356182772,0.000000738,0.433717712,0.078289833,0.439999420
1766484230.222201,1766484230.222023487,0.000000000,3.141591056,0.000000306,0.382688845,0.923877290,2.356182772,0.000000738,0.433717712,0.078289833,0.439999420
1766484230.237106,1766484230.236982346,0.000000000,3.141591056,0.000000306,0.382688845,0.923877290,2.356182772,0.000000738,0.433717712,0.078289833,0.439999420
1766484230.252101,1766484230.251979589,0.000000000,3.141591056,0.000000306,0.382688845,0.923877290,2.356182772,0.000000738,0.433717712,0.078289833,0.439999420
1766484230.267046,1766484230.266963959,0.000000000,3.141591056,0.000000306,0.382688845,0.923877290,2.356182772,0.000000738,0.433717712,0.078289833,0.439999420
1766484230.282373,1766484230.282047033,0.000000000,3.141591056,0.000000306,0.382688845,0.923877290,2.356182772,0.000000738,0.433717712,0.078289833,0.439999420
1766484230.297073,1766484230.296977997,0.000000000,3.141591056,0.000000306,0.382688845,0.923877290,2.356182772,0.000000738,0.433717712,0.078289833,0.439999420
1766484230.312087,1766484230.311982870,0.000000000,3.141591056,0.000000306,0.382688845,0.923877290,2.356182772,0.000000738,0.433717712,0.078289833,0.439999420
1766484230.327179,1766484230.327044725,0.000000000,3.141591056,0.000000306,0.382688845,0.923877290,2.356182772,0.000000738,0.433717712,0.078289833,0.439999420
1766484230.342119,1766484230.341990709,0.000000000,3.141591056,0.000000306,0.382688845,0.923877290,2.356182772,0.000000738,0.433717712,0.078289833,0.439999420
1766484230.357094,1766484230.356989384,0.000000000,3.141591056,0.000000306,0.382688845,0.923877290,2.356182772,0.000000738,0.433717712,0.078289833,0.439999420
1766484230.372092,1766484230.371981382,0.000000000,3.141591056,0.000000306,0.382688845,0.923877290,2.356182772,0.000000738,0.433717712,0.078289833,0.439999420
1766484230.387133,1766484230.387004137,0.000000000,3.141591056,0.000000306,0.382688845,0.923877290,2.356182772,0.000000738,0.433717712,0.078289833,0.439999420
1766484230.402079,1766484230.401977777,0.000000000,3.141591056,0.000000306,0.382688845,0.923877290,2.356182772,0.000000738,0.433717712,0.078289833,0.439999420
1766484230.417277,1766484230.417023659,0.000000000,3.141591056,0.000000306,0.382688845,0.923877290,2.356182772,0.000000738,0.433717712,0.078289833,0.439999420
1766484230.432345,1766484230.432042122,0.000000000,3.141591056,0.000000306,0.382688845,0.923877290,2.356182772,0.000000738,0.433717712,0.078289833,0.439999420
1766484230.447059,1766484230.446979761,0.000000000,3.141591056,0.000000306,0.382688845,0.923877290,2.356182772,0.000000738,0.433717712,0.078289833,0.439999420
1766484230.462101,1766484230.461997032,0.000000000,3.141591056,0.000000306,0.382688845,0.923877290,2.356182772,0.000000738,0.433717712,0.078289833,0.439999420
1766484230.477130,1766484230.477004528,0.000000000,3.141591056,0.000000306,0.382688845,0.923877290,2.356182772,0.000000738,0.433717712,0.078289833,0.439999420
1766484230.492075,1766484230.491983891,0.000000000,3.141591056,0.000000306,0.382688845,0.923877290,2.356182772,0.000000738,0.433717712,0.078289833,0.439999420
1766484230.507065,1766484230.506983757,0.000000000,3.141591056,0.000000306,0.382688845,0.923877290,2.356182772,0.000000738,0.433717712,0.078289833,0.439999420
1766484230.522146,1766484230.522002935,0.000000000,3.141591056,0.000000306,0.382688845,0.923877290,2.356182772,0.000000738,0.433717712,0.078289833,0.439999420
1766484230.537118,1766484230.536991596,0.000000000,3.141591056,0.000000306,0.382688845,0.923877290,2.356182772,0.000000738,0.433717712,0.078289833,0.439999420
1766484230.552160,1766484230.552009583,0.000000000,3.141591056,0.000000306,0.382688845,0.923877290,2.356182772,0.000000738,0.433717712,0.078289833,0.439999420
1766484230.567073,1766484230.566987038,0.000000000,3.141591056,0.000000306,0.382688845,0.923877290,2.356182772,0.000000738,0.433717712,0.078289833,0.439999420
1766484230.582207,1766484230.582015514,0.000000000,3.141591056,0.000000306,0.382688845,0.923877290,2.356182772,0.000000738,0.433717712,0.078289833,0.439999420
1766484230.597133,1766484230.597004652,0.000000000,3.141591056,0.000000306,0.382688845,0.923877290,2.356182772,0.000000738,0.433717712,0.078289833,0.439999420
1766484230.612119,1766484230.611998320,0.000000000,3.141591056,0.000000306,0.382688845,0.923877290,2.356182772,0.000000738,0.433717712,0.078289833,0.439999420
1766484230.627157,1766484230.627011061,0.000000000,3.141591056,0.000000306,0.382688845,0.923877290,2.356182772,0.000000738,0.433717712,0.078289833,0.439999420
1766484230.642160,1766484230.642009258,0.000000000,3.141591056,0.000000306,0.382688845,0.923877290,2.356182772,0.000000738,0.433717712,0.078289833,0.439999420
1766484230.657094,1766484230.656997681,0.000000000,3.141591056,0.000000306,0.382688845,0.923877290,2.356182772,0.000000738,0.433717712,0.078289833,0.439999420
1766484230.672064,1766484230.671987772,0.000000000,3.141591056,0.000000306,0.382688845,0.923877290,2.356182772,0.000000738,0.433717712,0.078289833,0.439999420
1766484230.687261,1766484230.687021971,0.000000000,3.141591056,0.000000306,0.382688845,0.923877290,2.356182772,0.000000738,0.433717712,0.078289833,0.439999420
1766484230.702104,1766484230.701997519,0.000000000,3.141591056,0.000000306,0.382688845,0.923877290,2.356182772,0.000000738,0.433717712,0.078289833,0.439999420
1766484230.717164,1766484230.717021942,0.000000000,3.141591056,0.000000306,0.382688845,0.923877290,2.356182772,0.000000738,0.433717712,0.078289833,0.439999420
1766484230.732135,1766484230.732007742,0.000000000,3.141591056,0.000000306,0.382688845,0.923877290,2.356182772,0.000000738,0.433717712,0.078289833,0.439999420
1766484230.747163,1766484230.747022629,0.000000000,3.141591056,0.000000306,0.382688845,0.923877290,2.356182772,0.000000738,0.433717712,0.078289833,0.439999420
1766484230.762111,1766484230.762004614,0.000000000,3.141591056,0.000000306,0.382688845,0.923877290,2.356182772,0.000000738,0.433717712,0.078289833,0.439999420
1766484230.777075,1766484230.776997328,0.000000000,3.141591056,0.000000306,0.382688845,0.923877290,2.356182772,0.000000738,0.433717712,0.078289833,0.439999420
1766484230.792150,1766484230.792018652,0.000000000,3.141591056,0.000000306,0.382688845,0.923877290,2.356182772,0.000000738,0.433717712,0.078289833,0.439999420
1766484230.807089,1766484230.807000399,0.000000000,3.141591056,0.000000306,0.382688845,0.923877290,2.356182772,0.000000738,0.433717712,0.078289833,0.439999420
1766484230.822372,1766484230.822074413,0.000000000,3.141591056,0.000000306,0.382688845,0.923877290,2.356182772,0.000000738,0.433717712,0.078289833,0.439999420
1766484230.837054,1766484230.836997747,0.000000000,3.141591056,0.000000306,0.382688845,0.923877290,2.356182772,0.000000738,0.433717712,0.078289833,0.439999420
1766484230.852403,1766484230.852106094,0.000000000,3.141591056,0.000000306,0.382688845,0.923877290,2.356182772,0.000000738,0.433717712,0.078289833,0.439999420
1766484230.867083,1766484230.867001534,0.000000000,3.141591056,0.000000306,0.382688845,0.923877290,2.356182772,0.000000738,0.433717712,0.078289833,0.439999420
1766484230.882104,1766484230.882008791,0.000000000,3.141591056,0.000000306,0.382688845,0.923877290,2.356182772,0.000000738,0.433717712,0.078289833,0.439999420
1766484230.897199,1766484230.897042990,0.000000000,3.141591056,0.000000306,0.382688845,0.923877290,2.356182772,0.000000738,0.433717712,0.078289833,0.439999420
1766484230.912118,1766484230.912024260,0.000000000,3.141591056,0.000000306,0.382688845,0.923877290,2.356182772,0.000000738,0.433717712,0.078289833,0.439999420
1766484230.927140,1766484230.927026272,0.000000000,3.141591056,0.000000306,0.382688845,0.923877290,2.356182772,0.000000738,0.433717712,0.078289833,0.439999420
1766484230.942139,1766484230.942026615,0.000000000,3.141591056,0.000000306,0.382688845,0.923877290,2.356182772,0.000000738,0.433717712,0.078289833,0.439999420
1766484230.957116,1766484230.957017422,0.000000000,3.141591056,0.000000306,0.382688845,0.923877290,2.356182772,0.000000738,0.433717712,0.078289833,0.439999420
1766484230.972093,1766484230.972007275,0.000000000,3.141591056,0.000000306,0.382688845,0.923877290,2.356182772,0.000000738,0.433717712,0.078289833,0.439999420
1766484230.987130,1766484230.987019300,0.000000000,3.141591056,0.000000306,0.382688845,0.923877290,2.356182772,0.000000738,0.433717712,0.078289833,0.439999420
1766484231.002109,1766484231.002012253,0.000000000,3.141591056,0.000000306,0.382688845,0.923877290,2.356182772,0.000000738,0.433717712,0.078289833,0.439999420
1766484231.017157,1766484231.017015457,0.000000000,3.141591056,0.000000306,0.382688845,0.923877290,2.356182772,0.000000738,0.433717712,0.078289833,0.439999420
1766484231.032137,1766484231.032017231,0.000000000,3.141591056,0.000000306,0.382688845,0.923877290,2.356182772,0.000000738,0.433717712,0.078289833,0.439999420
1766484231.047152,1766484231.047031403,0.000000000,3.141591056,0.000000306,0.382688845,0.923877290,2.356182772,0.000000738,0.433717712,0.078289833,0.439999420
1766484231.062408,1766484231.062102079,0.000000000,3.141591056,0.000000306,0.382688845,0.923877290,2.356182772,0.000000738,0.433717712,0.078289833,0.439999420
1766484231.077143,1766484231.077028751,0.000000000,3.141591056,0.000000306,0.382688845,0.923877290,2.356182772,0.000000738,0.433717712,0.078289833,0.439999420
1766484231.092166,1766484231.092039347,0.000000000,3.141591056,0.000000306,0.382688845,0.923877290,2.356182772,0.000000738,0.433717712,0.078289833,0.439999420
1766484231.107295,1766484231.107051611,0.000000000,3.141591056,0.000000306,0.382688845,0.923877290,2.356182772,0.000000738,0.433717712,0.078289833,0.439999420
1766484231.122558,1766484231.122136593,0.000000000,3.141591056,0.000000306,0.382688845,0.923877290,2.356182772,0.000000738,0.433717712,0.078289833,0.439999420
1766484231.137110,1766484231.137023926,0.000000000,3.141591056,0.000000306,0.382688845,0.923877290,2.356182772,0.000000738,0.433717712,0.078289833,0.439999420
1766484231.152170,1766484231.152045965,0.000000000,3.141591056,0.000000306,0.382688845,0.923877290,2.356182772,0.000000738,0.433717712,0.078289833,0.439999420
1766484231.167371,1766484231.167125702,0.000000000,3.141591056,0.000000306,0.382688845,0.923877290,2.356182772,0.000000738,0.433717712,0.078289833,0.439999420
1766484231.182138,1766484231.182040691,0.000000000,3.141591056,0.000000306,0.382688845,0.923877290,2.356182772,0.000000738,0.433717712,0.078289833,0.439999420
1766484231.197109,1766484231.197023630,0.000000000,3.141591056,0.000000306,0.382688845,0.923877290,2.356182772,0.000000738,0.433717712,0.078289833,0.439999420
1766484231.212195,1766484231.212054253,0.000000000,3.141591056,0.000000306,0.382688845,0.923877290,2.356182772,0.000000738,0.433717712,0.078289833,0.439999420
1766484231.227228,1766484231.227058649,0.000000000,3.141591056,0.000000306,0.382688845,0.923877290,2.356182772,0.000000738,0.433717712,0.078289833,0.439999420
1766484231.242166,1766484231.242048979,0.000000000,3.141591056,0.000000306,0.382688845,0.923877290,2.356182772,0.000000738,0.433717712,0.078289833,0.439999420
1766484231.257150,1766484231.257044077,0.000000000,3.141591056,0.000000306,0.382688845,0.923877290,2.356182772,0.000000738,0.433717712,0.078289833,0.439999420
1766484231.272237,1766484231.272050381,0.000000000,3.141591056,0.000000306,0.382688845,0.923877290,2.356182772,0.000000738,0.433717712,0.078289833,0.439999420
1766484231.287167,1766484231.287049770,0.000000000,3.141591056,0.000000306,0.382688845,0.923877290,2.356182772,0.000000738,0.433717712,0.078289833,0.439999420
1766484231.302111,1766484231.302032232,0.000000000,3.141591056,0.000000306,0.382688845,0.923877290,2.356182772,0.000000738,0.433717712,0.078289833,0.439999420
1766484231.317283,1766484231.317080498,0.000000000,3.141591056,0.000000306,0.382688845,0.923877290,2.356182772,0.000000738,0.433717712,0.078289833,0.439999420
1766484231.332217,1766484231.332058668,0.000000000,3.141591056,0.000000306,0.382688845,0.923877290,2.356182772,0.000000738,0.433717712,0.078289833,0.439999420
1766484231.347128,1766484231.347039700,0.000000000,3.141591056,0.000000306,0.382688845,0.923877290,2.356182772,0.000000738,0.433717712,0.078289833,0.439999420
1766484231.362179,1766484231.362061024,0.000000000,3.141591056,0.000000306,0.382688845,0.923877290,2.356182772,0.000000738,0.433717712,0.078289833,0.439999420
1766484231.377187,1766484231.377060413,0.000000000,3.141591056,0.000000306,0.382688845,0.923877290,2.356182772,0.000000738,0.433717712,0.078289833,0.439999420
1766484231.392193,1766484231.392069340,0.000000000,3.141591056,0.000000306,0.382688845,0.923877290,2.356182772,0.000000738,0.433717712,0.078289833,0.439999420
1766484231.407129,1766484231.407042742,0.000000000,3.141591056,0.000000306,0.382688845,0.923877290,2.356182772,0.000000738,0.433717712,0.078289833,0.439999420
1766484231.422172,1766484231.422061205,0.000000000,3.141591056,0.000000306,0.382688845,0.923877290,2.356182772,0.000000738,0.433717712,0.078289833,0.439999420
1766484231.437158,1766484231.437049866,0.000000000,3.141591056,0.000000306,0.382688845,0.923877290,2.356182772,0.000000738,0.433717712,0.078289833,0.439999420
1766484231.452159,1766484231.452055693,0.000000000,3.141591056,0.000000306,0.382688845,0.923877290,2.356182772,0.000000738,0.433717712,0.078289833,0.439999420
1766484231.467102,1766484231.467040300,0.000000000,3.141591056,0.000000306,0.382688845,0.923877290,2.356182772,0.000000738,0.433717712,0.078289833,0.439999420
1766484231.482155,1766484231.482058525,0.000000000,3.141591056,0.000000306,0.382688845,0.923877290,2.356182772,0.000000738,0.433717712,0.078289833,0.439999420
1766484231.497226,1766484231.497071505,0.000000000,3.141591056,0.000000306,0.382686508,0.923878259,2.356187832,0.000000738,0.433721191,0.078270973,0.439999420
1766484231.512147,1766484231.512052298,0.000001864,3.141585463,0.000002237,0.382680357,0.923880806,2.356201148,0.000002965,0.433731323,0.078190804,0.440001495
1766484231.527173,1766484231.527063847,0.000000000,3.141592654,0.000000000,0.382690568,0.923876577,2.356179044,0.000000000,0.433724945,0.078067139,0.439999359
1766484231.542274,1766484231.542070389,-0.000016155,-3.141540722,0.000017400,-0.382719354,-0.923864652,2.356116726,0.000020897,0.433693909,0.077866661,0.439976929
1766484231.557165,1766484231.557063103,-0.000047352,-3.141442451,0.000050615,-0.382697331,-0.923873772,2.356164396,0.000060323,0.433656372,0.077586716,0.439945831
1766484231.572147,1766484231.572055101,-0.000048821,-3.141432331,0.000053231,-0.382715907,-0.923866077,2.356124183,0.000064716,0.433615631,0.077273064,0.439958160
1766484231.587247,1766484231.587087393,-0.000022428,-3.141502639,0.000027586,-0.382729810,-0.923860320,2.356094089,0.000037289,0.433578461,0.076879227,0.439997864
1766484231.602159,1766484231.602053404,-0.000003786,-3.141550309,0.000009853,-0.382785046,-0.923837436,2.355974513,0.000018835,0.433554626,0.076477585,0.440020691
1766484231.617138,1766484231.617056370,-0.000008044,-3.141528738,0.000015948,-0.382778649,-0.923840086,2.355988362,0.000027985,0.433527863,0.076027885,0.440017212
1766484231.632241,1766484231.632089615,-0.000019448,-3.141487192,0.000029170,-0.382837327,-0.923815771,2.355861329,0.000044991,0.433482666,0.075549080,0.439993958
1766484231.647219,1766484231.647083998,-0.000027118,-3.141457099,0.000038474,-0.382845199,-0.923812508,2.355844285,0.000057423,0.433428131,0.075145035,0.439977509
1766484231.662196,1766484231.662076235,-0.000011992,-3.141522080,0.000019046,-0.382776558,-0.923840953,2.355992889,0.000030304,0.433387146,0.074740425,0.440007874
1766484231.677135,1766484231.677057981,0.000023590,3.141539124,0.000021141,0.382738176,0.923856855,2.356075980,0.000020212,0.433344635,0.074341179,0.440061157
1766484231.692183,1766484231.692073107,0.000059140,3.141444848,0.000055603,0.382733129,0.923858942,2.356086898,0.000056958,0.433288025,0.073945793,0.440101166
1766484231.707193,1766484231.707070112,0.000044250,3.141468284,0.000044238,0.382680355,0.923880805,2.356201148,0.000048985,0.433239716,0.073526863,0.440083679
1766484231.722224,1766484231.722089767,0.000037832,3.141494916,0.000036178,0.382684907,0.923878920,2.356191294,0.000037910,0.433202362,0.073118065,0.440069092
1766484231.737189,1766484231.737069368,0.000035412,3.141481067,0.000037711,0.382708527,0.923869136,2.356140162,0.000044769,0.433158203,0.072669754,0.440082642
1766484231.752163,1766484231.752075434,0.000058022,3.141426206,0.000058650,0.382671865,0.923884320,2.356219524,0.000065787,0.433113708,0.072240723,0.440116058
1766484231.767200,1766484231.767073631,0.000058689,3.141432864,0.000057685,0.382673341,0.923883709,2.356216328,0.000062584,0.433084229,0.071839615,0.440118317
1766484231.782136,1766484231.782068253,0.000041583,3.141490122,0.000038828,0.382700285,0.923872550,2.356158005,0.000039406,0.433032745,0.071393349,0.440099121
1766484231.797177,1766484231.797079086,0.000013152,3.141550842,0.000014076,0.382683063,0.923879685,2.356195289,0.000016798,0.432963013,0.070957458,0.440080780
1766484231.812163,1766484231.812074423,-0.000009771,-3.141560962,0.000010578,-0.382717509,-0.923865417,2.356120721,0.000012770,0.432919159,0.070480766,0.440073608
1766484231.827199,1766484231.827085972,-0.000009771,-3.141560962,0.000010578,-0.382717509,-0.923865417,2.356120721,0.000012770,0.432919159,0.070480766,0.440073608
1766484231.842217,1766484231.842086077,-0.000009575,-3.141553505,0.000011916,-0.382771883,-0.923842890,2.356003009,0.000016251,0.432889893,0.070023010,0.440089355
1766484231.857198,1766484231.857087135,0.000000000,-3.141570017,0.000004332,-0.382773606,-0.923842176,2.355999280,0.000010456,0.432840057,0.069581963,0.440105225
1766484231.872267,1766484231.872079611,-0.000021861,-3.141530868,0.000021923,-0.382755891,-0.923849515,2.356037630,0.000024356,0.432768829,0.069129372,0.440085266
1766484231.887248,1766484231.887100458,-0.000012576,-3.141542586,0.000015390,-0.382712219,-0.923867608,2.356132172,0.000020721,0.432692719,0.068433609,0.440095215
1766484231.902196,1766484231.902083874,0.000015558,3.141572147,0.000011111,0.382708652,0.923869086,2.356139895,0.000006495,0.432646393,0.068050385,0.440126801
1766484231.917187,1766484231.917077303,0.000023153,3.141531135,0.000022467,0.382703976,0.923871022,2.356150015,0.000023988,0.432582977,0.067634575,0.440139954
1766484231.932227,1766484231.932096481,0.000015856,3.141560429,0.000013490,0.382630409,0.923901494,2.356309272,0.000011852,0.432530853,0.067252098,0.440118408
1766484231.947174,1766484231.947084665,0.000015856,3.141560429,0.000013490,0.382630409,0.923901494,2.356309272,0.000011852,0.432530853,0.067252098,0.440118408
1766484231.962141,1766484231.962073565,0.000014344,3.141572680,0.000010447,0.382642712,0.923896398,2.356282641,0.000006483,0.432479156,0.066815292,0.440111481
1766484231.977184,1766484231.977082014,0.000024065,3.141526341,0.000023805,0.382678511,0.923881570,2.356205143,0.000026028,0.432423157,0.066331917,0.440134949
1766484231.992214,1766484231.992097616,0.000049703,3.141464289,0.000047519,0.382639142,0.923897875,2.356290364,0.000049789,0.432383453,0.065953285,0.440160095
1766484232.007138,1766484232.007077217,0.000058981,3.141447245,0.000055067,0.382662884,0.923888040,2.356238965,0.000055886,0.432333252,0.065506592,0.440168579
1766484232.022245,1766484232.022107601,0.000049862,3.141480268,0.000044537,0.382687736,0.923877748,2.356185169,0.000042374,0.432268280,0.065079376,0.440152405
1766484232.037239,1766484232.037105560,0.000018808,3.141546048,0.000017606,0.382672360,0.923884118,2.356218459,0.000017930,0.432207520,0.064624092,0.440125549
1766484232.052203,1766484232.052089691,0.000009448,3.141579338,0.000006913,0.382708898,0.923868984,2.356139363,0.000004343,0.432180817,0.064172150,0.440125397
1766484232.067207,1766484232.067093372,0.000014945,3.141572147,0.000010828,0.382777419,0.923840596,2.355991025,0.000006612,0.432144257,0.063733246,0.440144928
1766484232.082505,1766484232.082170963,-0.000002631,-3.141584930,0.000002693,-0.382754661,-0.923850025,2.356040293,0.000003064,0.432072113,0.063276695,0.440146606
1766484232.097204,1766484232.097092390,-0.000031912,-3.141498111,0.000032833,-0.382732393,-0.923859249,2.356088496,0.000037565,0.432003326,0.062869610,0.440118225
1766484232.112178,1766484232.112089634,-0.000050394,-3.141441386,0.000052226,-0.382735467,-0.923857974,2.356081838,0.000060231,0.431959167,0.062471161,0.440103973
1766484232.127300,1766484232.127129316,-0.000040447,-3.141487459,0.000038811,-0.382664239,-0.923887481,2.356236036,0.000040855,0.431907776,0.062082405,0.440132416
1766484232.142158,1766484232.142085791,-0.000009215,-3.141563093,0.000009912,-0.382626103,-0.923903277,2.356318593,0.000011893,0.431845795,0.061690750,0.440171173
1766484232.157202,1766484232.157099962,0.000009060,3.141581202,0.000006376,0.382634592,0.923899761,2.356300218,0.000003557,0.431787689,0.061272598,0.440184113
1766484232.172136,1766484232.172084808,-0.000004704,-3.141586795,0.000003294,-0.382594855,-0.923916218,2.356386238,0.000001807,0.431737122,0.060885017,0.440171844
1766484232.187308,1766484232.187135220,0.000003801,3.141584398,0.000003335,0.382607773,0.923910868,2.356358275,0.000003087,0.431678101,0.060427097,0.440173370
1766484232.202192,1766484232.202096939,0.000024198,3.141538059,0.000021624,0.382649478,0.923893596,2.356267993,0.000020590,0.431618591,0.059980713,0.440195740
1766484232.217166,1766484232.217092991,0.000049204,3.141453370,0.000049377,0.382634343,0.923899861,2.356300750,0.000054928,0.431569702,0.059574879,0.440233032
1766484232.232220,1766484232.232107401,0.000070329,3.141406499,0.000068102,0.382626837,0.923902968,2.356316996,0.000072540,0.431511688,0.059129845,0.440248322
1766484232.247174,1766484232.247096777,0.000044298,3.141483464,0.000041355,0.382671251,0.923884576,2.356220855,0.000041963,0.431439484,0.058636150,0.440209900
1766484232.262208,1766484232.262106895,0.000007815,3.141559364,0.000009980,0.382707175,0.923869697,2.356143091,0.000013882,0.431395264,0.058204967,0.440175323
1766484232.277175,1766484232.277096510,0.000009538,3.141563093,0.000010063,0.382727351,0.923861340,2.356099415,0.000011830,0.431355591,0.057754940,0.440180939
1766484232.292298,1766484232.292117119,0.000026537,3.141526607,0.000024899,0.382771514,0.923843042,2.356003808,0.000025429,0.431284363,0.057294144,0.440207092
1766484232.307296,1766484232.307116508,0.000018831,3.141527672,0.000021134,0.382745188,0.923853949,2.356060800,0.000026413,0.431199280,0.056894123,0.440210754
1766484232.322225,1766484232.322115183,0.000018831,3.141527672,0.000021134,0.382745188,0.923853949,2.356060800,0.000026413,0.431199280,0.056894123,0.440210754
1766484232.337172,1766484232.337095976,-0.000013558,-3.141565489,0.000011461,-0.382692905,-0.923875609,2.356173984,0.000009954,0.431131775,0.056486832,0.440180603
1766484232.352505,1766484232.352205515,-0.000022879,-3.141534597,0.000021678,-0.382710004,-0.923868525,2.356136966,0.000022440,0.431073486,0.056103752,0.440181519
1766484232.367184,1766484232.367107630,-0.000027292,-3.141541255,0.000022442,-0.382671253,-0.923884577,2.356220855,0.000018521,0.430993958,0.055661785,0.440201294
1766484232.382205,1766484232.382116079,-0.000019921,-3.141552174,0.000016947,-0.382634100,-0.923899965,2.356301283,0.000014889,0.430939362,0.055263874,0.440208984
1766484232.397254,1766484232.397128344,-0.000034230,-3.141508764,0.000031862,-0.382639143,-0.923897875,2.356290364,0.000032204,0.430883514,0.054877090,0.440184174
1766484232.412271,1766484232.412128210,-0.000036949,-3.141494383,0.000035870,-0.382642464,-0.923896499,2.356283173,0.000038327,0.430812164,0.054441341,0.440169037
1766484232.427217,1766484232.427114248,-0.000031529,-3.141526607,0.000027201,-0.382631639,-0.923900984,2.356306609,0.000024478,0.430747131,0.053992992,0.440181946
1766484232.442208,1766484232.442115068,-0.000001342,3.141589191,0.000000042,0.382649109,0.923893749,2.356268792,0.000001856,0.430699615,0.053585255,0.440214050
1766484232.457280,1766484232.457131147,0.000023294,3.141534597,0.000021869,0.382667193,0.923886258,2.356229644,0.000022362,0.430640717,0.053150360,0.440238708
1766484232.472183,1766484232.472110033,0.000001388,3.141572147,0.000004565,0.382662149,0.923888348,2.356240563,0.000009207,0.430559570,0.052690392,0.440210846
1766484232.487222,1766484232.487121105,-0.000013120,-3.141569750,0.000010443,-0.382695611,-0.923874488,2.356168125,0.000008069,0.430496246,0.052265533,0.440183167
1766484232.502203,1766484232.502106428,0.000005817,3.141575609,0.000005949,0.382742359,0.923855122,2.356066925,0.000006760,0.430444763,0.051806602,0.440205414
1766484232.517534,1766484232.517186880,0.000049317,3.141474409,0.000045409,0.382743710,0.923854560,2.356063995,0.000045182,0.430385559,0.051367325,0.440254578
1766484232.532250,1766484232.532135963,0.000055692,3.141440321,0.000054879,0.382757364,0.923848902,2.356034434,0.000059708,0.430306976,0.050926914,0.440270081
1766484232.547190,1766484232.547116041,0.000030478,3.141510895,0.000029725,0.382748263,0.923852675,2.356054142,0.000031934,0.430239044,0.050521118,0.440239685
1766484232.562259,1766484232.562133312,0.000012084,3.141564690,0.000010933,0.382697703,0.923873621,2.356163598,0.000010605,0.430171356,0.050129795,0.440226898
1766484232.577252,1766484232.577134848,0.000000000,3.141578539,0.000002701,0.382663749,0.923887685,2.356237101,0.000006520,0.430091125,0.049731777,0.440241669
1766484232.592240,1766484232.592136621,0.000003839,3.141574544,0.000005238,0.382642343,0.923896551,2.356283440,0.000007631,0.430027466,0.049362427,0.440260895
1766484232.607191,1766484232.607117176,-0.000001783,-3.141589191,0.000001486,-0.382612201,-0.923909034,2.356348687,0.000001258,0.429967072,0.048955383,0.440262421
1766484232.622411,1766484232.622149706,-0.000027158,-3.141544983,0.000021666,-0.382617860,-0.923906690,2.356336437,0.000016826,0.429886993,0.048510807,0.440248108
1766484232.637206,1766484232.637124538,-0.000028265,-3.141534863,0.000024114,-0.382657474,-0.923890284,2.356250683,0.000021288,0.429800568,0.048051472,0.440247681
1766484232.652243,1766484232.652139902,-0.000012390,-3.141566288,0.000010768,-0.382653907,-0.923891762,2.356258406,0.000009809,0.429748383,0.047640503,0.440263550
1766484232.667193,1766484232.667121649,0.000007638,3.141551641,0.000011375,0.382637545,0.923898538,2.356293826,0.000017485,0.429695038,0.047247341,0.440292633
1766484232.682375,1766484232.682178736,0.000025831,3.141514623,0.000026862,0.382675189,0.923882946,2.356212333,0.000031103,0.429613190,0.046810551,0.440303284
1766484232.697245,1766484232.697131634,0.000025831,3.141514623,0.000026862,0.382675189,0.923882946,2.356212333,0.000031103,0.429613190,0.046810551,0.440303284
1766484232.712249,1766484232.712147713,0.000010263,3.141560696,0.000010856,0.382675928,0.923882641,2.356210735,0.000012799,0.429535370,0.046350613,0.440266449
1766484232.727218,1766484232.727125645,-0.000006853,-3.141575876,0.000006376,-0.382683309,-0.923879583,2.356194757,0.000006439,0.429485779,0.045922436,0.440240326
1766484232.742405,1766484232.742154121,0.000002848,3.141592654,0.000001316,0.382756629,0.923849210,2.356036032,-0.000000545,0.429435272,0.045460697,0.440251678
1766484232.757225,1766484232.757133722,0.000024369,3.141523145,0.000024560,0.382772375,0.923842686,2.356001944,0.000027444,0.429357025,0.045005730,0.440278320
1766484232.772240,1766484232.772139788,0.000024879,3.141529270,0.000023622,0.382735839,0.923857823,2.356081040,0.000024517,0.429274689,0.044620716,0.440271729
1766484232.787267,1766484232.787160635,0.000013438,3.141564158,0.000011661,0.382720954,0.923863990,2.356113264,0.000010592,0.429195038,0.044220398,0.440250214
1766484232.802238,1766484232.802130938,0.000006193,3.141589458,0.000003472,0.382680849,0.923880603,2.356200083,0.000000291,0.429116150,0.043823460,0.440250153
1766484232.817249,1766484232.817142010,-0.000002636,3.141592654,-0.000001218,0.382636437,0.923898997,2.356296223,0.000000504,0.429047485,0.043440533,0.440262604
1766484232.832229,1766484232.832134247,-0.000001495,-3.141587860,0.000001608,-0.382649109,-0.923893749,2.356268792,0.000001928,0.428982422,0.043024891,0.440272675
1766484232.847242,1766484232.847143173,-0.000009982,-3.141560696,0.000010726,-0.382650216,-0.923893290,2.356266396,0.000012853,0.428903381,0.042614914,0.440267212
1766484232.862283,1766484232.862154245,-0.000009982,-3.141560696,0.000010726,-0.382650216,-0.923893290,2.356266396,0.000012853,0.428903381,0.042614914,0.440267212
1766484232.877255,1766484232.877151728,-0.000049528,-3.141483730,0.000043718,-0.382616013,-0.923907454,2.356340431,0.000040842,0.428800415,0.042174534,0.440242676
1766484232.892270,1766484232.892149687,-0.000042676,-3.141487991,0.000039738,-0.382632130,-0.923900779,2.356305544,0.000040184,0.428689819,0.041461483,0.440262390
1766484232.907226,1766484232.907139301,-0.000014296,-3.141548445,0.000015062,-0.382644803,-0.923895532,2.356278113,0.000017687,0.428628082,0.041048599,0.440291870
1766484232.922246,1766484232.922143698,-0.000018108,-3.141557234,0.000015142,-0.382704838,-0.923870666,2.356148151,0.000012897,0.428541016,0.040585522,0.440288574
1766484232.937229,1766484232.937147141,-0.000036988,-3.141505835,0.000033699,-0.382716524,-0.923865824,2.356122851,0.000033027,0.428471863,0.040145451,0.440252686
1766484232.952255,1766484232.952145100,-0.000047372,-3.141474409,0.000044511,-0.382739651,-0.923856242,2.356072784,0.000045555,0.428410431,0.039697792,0.440233337
1766484232.967266,1766484232.967144251,-0.000022794,-3.141549510,0.000018786,-0.382786891,-0.923836671,2.355970518,0.000015566,0.428331757,0.039247494,0.440263794
1766484232.982203,1766484232.982140064,0.000025798,3.141530336,0.000023843,0.382757490,0.923848853,2.356034168,0.000023849,0.428237610,0.038820580,0.440309143
1766484232.997247,1766484232.997155428,0.000041275,3.141501573,0.000036495,0.382722306,0.923863428,2.356110334,0.000034174,0.428164185,0.038438145,0.440316162
1766484233.012348,1766484233.012208462,0.000035580,3.141521814,0.000029992,0.382726735,0.923861594,2.356100747,0.000025915,0.428083588,0.038036526,0.440299133
1766484233.027276,1766484233.027159929,0.000021778,3.141536195,0.000020864,0.382698564,0.923873264,2.356161733,0.000021913,0.427998962,0.037648720,0.440294312
1766484233.042238,1766484233.042148113,0.000040685,3.141500242,0.000036476,0.382667192,0.923886258,2.356229644,0.000034904,0.427919891,0.037248375,0.440315491
1766484233.057258,1766484233.057154417,0.000074649,3.141428869,0.000065820,0.382651811,0.923892625,2.356262933,0.000061377,0.427846924,0.036878246,0.440349945
1766484233.072232,1766484233.072146654,0.000070969,3.141420613,0.000065699,0.382648612,0.923893950,2.356269858,0.000065895,0.427753693,0.036438389,0.440353790
1766484233.087239,1766484233.087153435,0.000032237,3.141517020,0.000029362,0.382631762,0.923900933,2.356306343,0.000028772,0.427670044,0.036031639,0.440319458
1766484233.102225,1766484233.102147818,0.000000000,-3.141588393,0.000000815,-0.382660181,-0.923889163,2.356244824,0.000001968,0.427599396,0.035608433,0.440304901
1766484233.117299,1766484233.117176771,0.000005118,3.141568951,0.000006899,0.382674575,0.923883201,2.356213665,0.000009970,0.427522583,0.035167755,0.440327850
1766484233.132285,1766484233.132170200,0.000021430,3.141539390,0.000020090,0.382639882,0.923897570,2.356288766,0.000020505,0.427428833,0.034758095,0.440349854
1766484233.147250,1766484233.147163630,0.000004988,3.141583333,0.000004088,0.382696350,0.923874182,2.356166527,0.000003351,0.427338074,0.034314320,0.440332733
1766484233.162280,1766484233.162168264,-0.000029677,-3.141540456,0.000023697,-0.382721691,-0.923863684,2.356111666,0.000018433,0.427267151,0.033887913,0.440294312
1766484233.177399,1766484233.177189112,-0.000025551,-3.141542586,0.000021384,-0.382735224,-0.923858078,2.356082371,0.000018238,0.427183197,0.033420063,0.440295166
1766484233.192276,1766484233.192167759,-0.000025551,-3.141542586,0.000021384,-0.382735224,-0.923858078,2.356082371,0.000018238,0.427183197,0.033420063,0.440295166
1766484233.207378,1766484233.207168579,0.000011267,3.141566555,0.000010200,0.382782586,0.923838455,2.355979839,0.000009899,0.427095947,0.032978687,0.440327637
1766484233.222334,1766484233.222186565,0.000028410,3.141534863,0.000024183,0.382753430,0.923850535,2.356042956,0.000021258,0.427027313,0.032604977,0.440334717
1766484233.237584,1766484233.237236023,0.000003906,3.141573745,0.000005422,0.382677896,0.923881826,2.356206474,0.000007987,0.426939453,0.032222614,0.440304962
1766484233.252259,1766484233.252168655,-0.000016141,-3.141560163,0.000013673,-0.382655998,-0.923890895,2.356253879,0.000011921,0.426836090,0.031833420,0.440269958
1766484233.267232,1766484233.267164707,-0.000005841,-3.141576675,0.000005755,-0.382648863,-0.923893851,2.356269325,0.000006264,0.426760468,0.031449705,0.440279083
1766484233.282266,1766484233.282165527,0.000029380,3.141513824,0.000028652,0.382594608,0.923916319,2.356386770,0.000030796,0.426689697,0.031050156,0.440321045
1766484233.297380,1766484233.297184467,0.000059244,3.141454436,0.000053810,0.382622902,0.923904600,2.356325518,0.000052516,0.426602478,0.030616222,0.440345001
1766484233.312253,1766484233.312168360,0.000042564,3.141498644,0.000037650,0.382668791,0.923885595,2.356226182,0.000035283,0.426493225,0.030166115,0.440323456
1766484233.327244,1766484233.327168703,0.000023790,3.141524477,0.000024033,0.382628317,0.923902359,2.356313800,0.000026943,0.426403687,0.029768625,0.440312256
1766484233.342255,1766484233.342169762,0.000032607,3.141511427,0.000030603,0.382647263,0.923894513,2.356272787,0.000031284,0.426324615,0.029368738,0.440330261
1766484233.357263,1766484233.357173920,0.000052866,3.141473877,0.000047148,0.382681339,0.923880397,2.356199018,0.000044752,0.426228882,0.028927551,0.440360443
1766484233.372226,1766484233.372164726,0.000012842,3.141546048,0.000014850,0.382670023,0.923885087,2.356223519,0.000019072,0.426140686,0.028482683,0.440339874
1766484233.387262,1766484233.387173653,-0.000037940,-3.141522080,0.000031030,-0.382711972,-0.923867709,2.356132705,0.000025340,0.426065186,0.028063324,0.440289062
1766484233.402321,1766484233.402178764,-0.000070963,-3.141443250,0.000061373,-0.382775939,-0.923841206,2.355994220,0.000055431,0.425972839,0.027591890,0.440261505
1766484233.417213,1766484233.417166710,-0.000050016,-3.141481600,0.000044356,-0.382746294,-0.923853490,2.356058403,0.000041727,0.425874481,0.027164749,0.440284058
1766484233.432234,1766484233.432172775,-0.000018492,-3.141544184,0.000017817,-0.382721692,-0.923863684,2.356111666,0.000018851,0.425797424,0.026791946,0.440310181
1766484233.447263,1766484233.447180986,-0.000015511,-3.141544450,0.000016389,-0.382730426,-0.923860065,2.356092757,0.000019298,0.425713501,0.026397848,0.440301025
1766484233.462256,1766484233.462179184,-0.000042429,-3.141502639,0.000036823,-0.382667315,-0.923886207,2.356229378,0.000033464,0.425616638,0.026030306,0.440272095
1766484233.477269,1766484233.477181673,-0.000043577,-3.141493318,0.000039135,-0.382640004,-0.923897519,2.356288500,0.000037551,0.425524261,0.025625551,0.440267273
1766484233.492291,1766484233.492186785,-0.000022433,-3.141532999,0.000021777,-0.382665963,-0.923886768,2.356232307,0.000023265,0.425457306,0.025222336,0.440283875
1766484233.507354,1766484233.507207155,0.000000000,3.141585996,0.000001274,0.382625980,0.923903328,2.356318860,0.000003076,0.425376312,0.024839808,0.440309235
1766484233.522431,1766484233.522236347,0.000017111,3.141558565,0.000014426,0.382614293,0.923908168,2.356344160,0.000012474,0.425264130,0.024409847,0.440314697
1766484233.537267,1766484233.537178040,-0.000003675,3.141586262,-0.000000475,0.382648617,0.923893953,2.356269858,0.000003656,0.425158661,0.023978563,0.440293976
1766484233.552432,1766484233.552210808,0.000004463,3.141575609,0.000005323,0.382646279,0.923894921,2.356274918,0.000007020,0.425086853,0.023572056,0.440302002
1766484233.567336,1766484233.567207575,0.000004463,3.141575609,0.000005323,0.382646279,0.923894921,2.356274918,0.000007020,0.425086853,0.023572056,0.440302002
1766484233.582243,1766484233.582181454,0.000022779,3.141543651,0.000019898,0.382660304,0.923889112,2.356244558,0.000018278,0.424999695,0.023128031,0.440332550
1766484233.597336,1766484233.597208738,0.000026944,3.141517819,0.000026767,0.382730426,0.923860065,2.356092757,0.000029412,0.424904480,0.022701410,0.440347656
1766484233.612396,1766484233.612214804,0.000002948,3.141576408,0.000004471,0.382726859,0.923861544,2.356100481,0.000006940,0.424799988,0.022259930,0.440325134
1766484233.627300,1766484233.627200603,-0.000030732,-3.141530868,0.000026020,-0.382745188,-0.923853949,2.356060800,0.000022659,0.424691010,0.021801058,0.440294495
1766484233.642284,1766484233.642186165,-0.000038206,-3.141509030,0.000033653,-0.382791934,-0.923834581,2.355959599,0.000031315,0.424586609,0.021384531,0.440296021
1766484233.657306,1766484233.657204628,-0.000031032,-3.141540456,0.000024324,-0.382764625,-0.923845897,2.356018722,0.000018172,0.424496490,0.020985367,0.440316254
1766484233.672310,1766484233.672193050,-0.000010536,-3.141576675,0.000007925,-0.382713572,-0.923867047,2.356129243,0.000005365,0.424412079,0.020592709,0.440331268
1766484233.687347,1766484233.687212467,-0.000012098,-3.141567354,0.000010430,-0.382698564,-0.923873265,2.356161733,0.000009372,0.424302887,0.020229166,0.440323181
1766484233.702246,1766484233.702187538,-0.000025260,-3.141533265,0.000023031,-0.382649847,-0.923893443,2.356267194,0.000022601,0.424191132,0.019846214,0.440296753
1766484233.717365,1766484233.717246771,-0.000025432,-3.141548445,0.000020206,-0.382608387,-0.923910613,2.356356943,0.000015557,0.424118408,0.019475809,0.440298157
1766484233.732300,1766484233.732206106,0.000007337,3.141574544,0.000006854,0.382641481,0.923896908,2.356285304,0.000006962,0.424036774,0.019061146,0.440323944
1766484233.747296,1766484233.747202158,0.000049533,3.141493850,0.000041785,0.382647385,0.923894461,2.356272521,0.000036165,0.423928375,0.018629353,0.440356140
1766484233.762281,1766484233.762200117,0.000034333,3.141509829,0.000031706,0.382618721,0.923906333,2.356334572,0.000031693,0.423829559,0.018234640,0.440337280
1766484233.777475,1766484233.777225971,0.000011624,3.141563093,0.000011025,0.382642958,0.923896297,2.356282108,0.000011432,0.423747009,0.017820593,0.440304657
1766484233.792299,1766484233.792206764,0.000017095,3.141558032,0.000014521,0.382645664,0.923895176,2.356276249,0.000012723,0.423658295,0.017428757,0.440306244
1766484233.807482,1766484233.807241678,0.000051323,3.141494649,0.000042459,0.382640619,0.923897264,2.356287168,0.000035454,0.423551453,0.016988226,0.440337585
1766484233.822430,1766484233.822217941,0.000052272,3.141477072,0.000046262,0.382684537,0.923879073,2.356192093,0.000043390,0.423445160,0.016541393,0.440342194
1766484233.837312,1766484233.837205172,0.000031728,3.141525542,0.000027499,0.382729441,0.923860473,2.356094888,0.000024929,0.423349640,0.016121477,0.440316772
1766484233.852317,1766484233.852219343,0.000031728,3.141525542,0.000027499,0.382729441,0.923860473,2.356094888,0.000024929,0.423349640,0.016121477,0.440316772
1766484233.867284,1766484233.867210150,0.000003777,3.141589724,0.000002305,0.382754661,0.923850025,2.356040293,0.000000630,0.423233948,0.015654993,0.440296661
1766484233.882422,1766484233.882227659,-0.000008236,-3.141582267,0.000005792,-0.382733625,-0.923858741,2.356085833,0.000003222,0.423059174,0.014996787,0.440323334
1766484233.897307,1766484233.897214890,0.000011054,3.141570549,0.000009336,0.382687369,0.923877902,2.356185968,0.000008096,0.422954071,0.014609459,0.440343475
1766484233.912322,1766484233.912217379,-0.000022678,-3.141561761,0.000016387,-0.382678634,-0.923881520,2.356204877,0.000009931,0.422836945,0.014222191,0.440311951
1766484233.927325,1766484233.927220345,-0.000064301,-3.141471480,0.000052887,-0.382640372,-0.923897365,2.356287701,0.000043674,0.422742188,0.013852289,0.440268768
1766484233.942370,1766484233.942236185,-0.000062901,-3.141467751,0.000052952,-0.382619703,-0.923905925,2.356332442,0.000045665,0.422661774,0.013442343,0.440272552
1766484233.957369,1766484233.957231522,-0.000007719,-3.141573745,0.000007184,-0.382669900,-0.923885138,2.356223785,0.000007258,0.422567322,0.013041169,0.440319702
1766484233.972266,1766484233.972204447,0.000036788,3.141506633,0.000033452,0.382644679,0.923895583,2.356278380,0.000032698,0.422447449,0.012619734,0.440356812
1766484233.987450,1766484233.987264395,0.000038657,3.141509829,0.000033703,0.382624380,0.923903990,2.356322322,0.000030865,0.422338928,0.012209167,0.440345093
1766484234.002313,1766484234.002208471,0.000020418,3.141530868,0.000021254,0.382669038,0.923885494,2.356225649,0.000024635,0.422239410,0.011784581,0.440323792
1766484234.017275,1766484234.017207623,0.000034397,3.141509030,0.000031890,0.382677157,0.923882131,2.356208072,0.000032048,0.422140411,0.011380549,0.440332397
1766484234.032294,1766484234.032212973,0.000067055,3.141450973,0.000058085,0.382686505,0.923878257,2.356187832,0.000052617,0.422046661,0.010936187,0.440358246
1766484234.047491,1766484234.047268391,0.000072735,3.141445381,0.000061781,0.382736204,0.923857668,2.356080241,0.000054110,0.421969299,0.010534639,0.440356415
1766484234.062363,1766484234.062237978,0.000072735,3.141445381,0.000061781,0.382736204,0.923857668,2.356080241,0.000054110,0.421969299,0.010534639,0.440356415
1766484234.077309,1766484234.077216625,0.000049104,3.141498910,0.000040623,0.382762533,0.923846763,2.356023249,0.000033905,0.421860260,0.010099129,0.440325317
1766484234.092363,1766484234.092225313,0.000019383,3.141564424,0.000014356,0.382738053,0.923856906,2.356076246,0.000009331,0.421738861,0.009694292,0.440292328
1766484234.107387,1766484234.107232332,0.000005839,3.141576142,0.000005857,0.382752201,0.923851045,2.356045619,0.000006510,0.421628143,0.009291766,0.440297516
1766484234.122344,1766484234.122233868,0.000020891,3.141552706,0.000017295,0.382725136,0.923862257,2.356104209,0.000014455,0.421534058,0.008907086,0.440320984
1766484234.137276,1766484234.137217045,0.000010703,3.141579338,0.000007492,0.382666086,0.923886717,2.356232041,0.000004103,0.421425598,0.008539116,0.440313263
1766484234.152646,1766484234.152312279,-0.000046876,-3.141508231,0.000037807,-0.382671621,-0.923884424,2.356220057,0.000030029,0.421295380,0.008139150,0.440269958
1766484234.167325,1766484234.167228699,-0.000081589,-3.141434462,0.000067956,-0.382657347,-0.923890333,2.356250949,0.000057466,0.421192596,0.007773598,0.440242340
1766484234.182289,1766484234.182222366,-0.000051853,-3.141486127,0.000044333,-0.382624871,-0.923903785,2.356321257,0.000039290,0.421088867,0.007363222,0.440270630
1766484234.197366,1766484234.197247505,-0.000009321,-3.141584930,0.000005783,-0.382657598,-0.923890233,2.356250417,0.000001784,0.420972778,0.006939808,0.440306549
1766484234.212349,1766484234.212229967,-0.000007687,-3.141581735,0.000005640,-0.382656490,-0.923890692,2.356252813,0.000003573,0.420861328,0.006527598,0.440295074
1766484234.227390,1766484234.227248907,-0.000035835,-3.141521015,0.000030260,-0.382650953,-0.923892984,2.356264798,0.000026237,0.420764160,0.006120251,0.440252197
1766484234.242308,1766484234.242228508,-0.000042974,-3.141522080,0.000033354,-0.382662764,-0.923888093,2.356239231,0.000024379,0.420649170,0.005700841,0.440247620
1766484234.257492,1766484234.257320166,-0.000011467,-3.141577207,0.000008253,-0.382688968,-0.923877239,2.356182506,0.000004941,0.420548676,0.005300977,0.440267303
1766484234.272318,1766484234.272226810,0.000019148,3.141555369,0.000015979,0.382703116,0.923871379,2.356151880,0.000013559,0.420450317,0.004867969,0.440282471
1766484234.287366,1766484234.287248373,0.000003676,3.141570017,0.000006030,0.382729196,0.923860575,2.356095421,0.000009753,0.420334717,0.004428363,0.440261017
1766484234.302296,1766484234.302226543,-0.000015430,-3.141572946,0.000010899,-0.382770161,-0.923843603,2.356006737,0.000006150,0.420206085,0.004023190,0.440231415
1766484234.317565,1766484234.317262650,-0.000008153,-3.141580403,0.000006111,-0.382747895,-0.923852829,2.356054941,0.000004098,0.420095764,0.003608438,0.440234406
1766484234.332341,1766484234.332236052,0.000026379,3.141544983,0.000021307,0.382703361,0.923871277,2.356151347,0.000016973,0.420006042,0.003237106,0.440268372
1766484234.347354,1766484234.347239017,0.000042047,3.141499976,0.000037156,0.382679617,0.923881111,2.356202746,0.000034766,0.419893372,0.002894032,0.440289185
1766484234.362451,1766484234.362292051,0.000011164,3.141565489,0.000010354,0.382640374,0.923897367,2.356287701,0.000010412,0.419753113,0.002494398,0.440259613
1766484234.377417,1766484234.377268791,-0.000037420,-3.141521281,0.000030941,-0.382615276,-0.923907760,2.356342029,0.000025812,0.419642395,0.002120002,0.440220764
1766484234.392370,1766484234.392250061,-0.000054880,-3.141482399,0.000046446,-0.382636312,-0.923899047,2.356296489,0.000040433,0.419536804,0.001713470,0.440224121
1766484234.407310,1766484234.407231569,-0.000037975,-3.141529270,0.000029669,-0.382645786,-0.923895124,2.356275983,0.000022014,0.419423553,0.001308628,0.440257813
1766484234.422613,1766484234.422319412,-0.000021024,-3.141554570,0.000016998,-0.382618599,-0.923906385,2.356334839,0.000013571,0.419290863,0.000881356,0.440276581
1766484234.437327,1766484234.437241316,-0.000021024,-3.141554570,0.000016998,-0.382618599,-0.923906385,2.356334839,0.000013571,0.419290863,0.000881356,0.440276581
1766484234.452350,1766484234.452241421,-0.000013738,-3.141563093,0.000012002,-0.382635207,-0.923899506,2.356298886,0.000011027,0.419182465,0.000503607,0.440273285
1766484234.467339,1766484234.467243671,-0.000028365,-3.141550576,0.000021154,-0.382630163,-0.923901595,2.356309805,0.000014011,0.419070068,0.000113085,0.440258942
1766484234.482374,1766484234.482252836,-0.000015255,-3.141568951,0.000011582,-0.382628072,-0.923902462,2.356314332,0.000008031,0.418952423,-0.000319026,0.440266571
1766484234.497302,1766484234.497238159,0.000011179,3.141572680,0.000008986,0.382686631,0.923878208,2.356187566,0.000007088,0.418854706,-0.000755103,0.440282135
1766484234.512294,1766484234.512238503,0.000042466,3.141519949,0.000033529,0.382726366,0.923861747,2.356101546,0.000025458,0.418752686,-0.001179181,0.440297607
1766484234.527369,1766484234.527250528,0.000039944,3.141510895,0.000034097,0.382728457,0.923860880,2.356097018,0.000030123,0.418614471,-0.001623064,0.440288025
1766484234.542342,1766484234.542248964,0.000029708,3.141535396,0.000024681,0.382761918,0.923847018,2.356024581,0.000020763,0.418484711,-0.002028831,0.440260742
1766484234.557374,1766484234.557257175,0.000032590,3.141535928,0.000025910,0.382737192,0.923857262,2.356078110,0.000019966,0.418389862,-0.002387344,0.440261169
1766484234.572302,1766484234.572242022,0.000055322,3.141479469,0.000047212,0.382674573,0.923883200,2.356213665,0.000041699,0.418281403,-0.002758953,0.440282379
1766484234.587557,1766484234.587289095,0.000066782,3.141463757,0.000055512,0.382675433,0.923882843,2.356211801,0.000046765,0.418158600,-0.003120155,0.440283417
1766484234.602320,1766484234.602246284,0.000020736,3.141555103,0.000016764,0.382665717,0.923886870,2.356232840,0.000013379,0.418036194,-0.003519834,0.440229950
1766484234.617316,1766484234.617247105,-0.000022002,-3.141565223,0.000015412,-0.382611340,-0.923909391,2.356350551,0.000008462,0.417928345,-0.003905967,0.440200836
1766484234.632340,1766484234.632251978,-0.000008153,-3.141585197,0.000005193,-0.382629179,-0.923902003,2.356311936,0.000001885,0.417809937,-0.004288320,0.440221710
1766484234.647388,1766484234.647271872,0.000026852,3.141542054,0.000022085,0.382655752,0.923890997,2.356254411,0.000018237,0.417671021,-0.004712645,0.440257996
1766484234.662374,1766484234.662268877,0.000022445,3.141536195,0.000021170,0.382620075,0.923905773,2.356331643,0.000021788,0.417543854,-0.005124218,0.440262207
1766484234.677333,1766484234.677252769,-0.000006715,-3.141590257,0.000003560,-0.382641851,-0.923896755,2.356284505,-0.000000177,0.417423950,-0.005513819,0.440235504
1766484234.692450,1766484234.692272425,-0.000042093,-3.141519949,0.000033356,-0.382694749,-0.923874844,2.356169989,0.000025530,0.417289307,-0.005951313,0.440206299
1766484234.707405,1766484234.707278967,-0.000045000,-3.141529004,0.000032966,-0.382684662,-0.923879023,2.356191827,0.000020792,0.417183594,-0.006350498,0.440214905
1766484234.722457,1766484234.722304344,0.000007764,3.141566288,0.000008632,0.382728458,0.923860881,2.356097018,0.000010693,0.417078278,-0.006778822,0.440251556
1766484234.737370,1766484234.737258196,0.000028890,3.141533265,0.000024711,0.382775081,0.923841564,2.355996085,0.000021904,0.416958374,-0.007185234,0.440256042
1766484234.752394,1766484234.752277136,-0.000009220,3.141589191,-0.000003596,0.382743220,0.923854765,2.356065061,0.000003364,0.416815582,-0.007614805,0.440210114
1766484234.767385,1766484234.767273426,-0.000044379,-3.141526874,0.000033088,-0.382733747,-0.923858689,2.356085567,0.000021893,0.416706848,-0.007999300,0.440173584
1766484234.782337,1766484234.782258987,-0.000028117,-3.141551641,0.000020836,-0.382726243,-0.923861798,2.356101812,0.000013565,0.416610626,-0.008333534,0.440184265
1766484234.797505,1766484234.797309399,0.000025145,3.141544450,0.000020838,0.382650708,0.923893086,2.356265330,0.000017456,0.416482574,-0.008699779,0.440221741
1766484234.812392,1766484234.812278271,0.000025145,3.141544450,0.000020838,0.382650708,0.923893086,2.356265330,0.000017456,0.416482574,-0.008699779,0.440221741
1766484234.827418,1766484234.827284575,0.000043637,3.141517286,0.000034577,0.382620812,0.923905467,2.356330045,0.000026468,0.416355865,-0.009078286,0.440221130
1766484234.842391,1766484234.842272520,0.000015799,3.141572147,0.000011222,0.382638898,0.923897978,2.356290897,0.000006450,0.416245422,-0.009446695,0.440188019
1766484234.857437,1766484234.857289076,0.000002306,3.141582534,0.000003001,0.382634223,0.923899914,2.356301017,0.000004234,0.416116272,-0.009862659,0.440183746
1766484234.872365,1766484234.872273207,0.000030293,3.141538591,0.000024337,0.382644433,0.923895685,2.356278912,0.000019178,0.415977661,-0.010279552,0.440217346
1766484234.887375,1766484234.887275457,0.000056257,3.141499976,0.000043720,0.382663624,0.923887736,2.356237367,0.000032048,0.415827698,-0.010807117,0.440237610
1766484234.902410,1766484234.902285337,0.000019394,3.141551108,0.000016908,0.382653168,0.923892067,2.356260004,0.000015481,0.415705414,-0.011178990,0.440216675
1766484234.917373,1766484234.917275906,-0.000027670,-3.141544717,0.000021954,-0.382649601,-0.923893545,2.356267727,0.000016850,0.415555420,-0.011605604,0.440184845
1766484234.932451,1766484234.932304382,-0.000044293,-3.141509297,0.000036411,-0.382686999,-0.923878054,2.356186767,0.000030031,0.415426208,-0.012046581,0.440181946
1766484234.947402,1766484234.947289944,-0.000020827,-3.141565489,0.000014819,-0.382740637,-0.923855835,2.356070653,0.000008562,0.415320435,-0.012453959,0.440206177
1766484234.962732,1766484234.962351084,0.000013028,3.141566022,0.000011115,0.382769054,0.923844062,2.356009134,0.000009808,0.415184326,-0.012896160,0.440226776
1766484234.977371,1766484234.977273464,-0.000001641,3.141578539,0.000001943,0.382738792,0.923856600,2.356074648,0.000006834,0.415027924,-0.013286100,0.440201569
1766484234.992370,1766484234.992280483,-0.000014044,-3.141580137,0.000008882,-0.382736946,-0.923857364,2.356078643,0.000003094,0.414905640,-0.013636784,0.440172974
1766484235.007392,1766484235.007284880,0.000007546,3.141573479,0.000007155,0.382680111,0.923880908,2.356201681,0.000007414,0.414785095,-0.014009753,0.440185822
1766484235.022400,1766484235.022291183,0.000052635,3.141500242,0.000041995,0.382648123,0.923894156,2.356270923,0.000032619,0.414667572,-0.014363772,0.440210632
1766484235.037364,1766484235.037282705,0.000039504,3.141509297,0.000034197,0.382652183,0.923892474,2.356262134,0.000030948,0.414542236,-0.014746550,0.440192932
1766484235.052464,1766484235.052294731,0.000039504,3.141509297,0.000034197,0.382652183,0.923892474,2.356262134,0.000030948,0.414542236,-0.014746550,0.440192932
1766484235.067399,1766484235.067281723,0.000004102,3.141576675,0.000004952,0.382622782,0.923904652,2.356325784,0.000006597,0.414411987,-0.015141702,0.440143829
1766484235.082350,1766484235.082277060,0.000000000,3.141588126,0.000000866,0.382619091,0.923906181,2.356333774,0.000002091,0.414278931,-0.015532233,0.440129181
1766484235.097383,1766484235.097286940,0.000034388,3.141535662,0.000026789,0.382653414,0.923891965,2.356259471,0.000019748,0.414145782,-0.015940273,0.440158630
1766484235.112448,1766484235.112325191,0.000070190,3.141479203,0.000054130,0.382658210,0.923889977,2.356249085,0.000038979,0.414032501,-0.016340155,0.440184235
1766484235.127424,1766484235.127305508,0.000054946,3.141491986,0.000044642,0.382654397,0.923891557,2.356257341,0.000035990,0.413907257,-0.016726461,0.440176880
1766484235.142379,1766484235.142286777,0.000011862,3.141571881,0.000009454,0.382686754,0.923878157,2.356187300,0.000007326,0.413747955,-0.017150663,0.440136444
1766484235.157414,1766484235.157299995,-0.000025483,-3.141543918,0.000021097,-0.382722307,-0.923863429,2.356110334,0.000017636,0.413617004,-0.017561918,0.440110596
1766484235.172607,1766484235.172318697,-0.000053654,-3.141508498,0.000040888,-0.382720091,-0.923864346,2.356115128,0.000028607,0.413501129,-0.017977854,0.440110107
1766484235.187482,1766484235.187324524,-0.000021699,-3.141558032,0.000016649,-0.382762657,-0.923846712,2.356022983,0.000011840,0.413359650,-0.018401377,0.440139862
1766484235.202400,1766484235.202297926,-0.000014363,-3.141564957,0.000011935,-0.382770038,-0.923843654,2.356007004,0.000010045,0.413197937,-0.018814554,0.440139526
1766484235.217495,1766484235.217313766,-0.000048398,-3.141520482,0.000036167,-0.382721322,-0.923863836,2.356112465,0.000024077,0.413067657,-0.019172319,0.440104919
1766484235.232476,1766484235.232316732,-0.000050420,-3.141512759,0.000038580,-0.382738544,-0.923856701,2.356075181,0.000027257,0.412957520,-0.019520699,0.440095581
1766484235.247416,1766484235.247308731,-0.000022116,-3.141555103,0.000017402,-0.382702623,-0.923871583,2.356152945,0.000013114,0.412828217,-0.019894075,0.440112885
1766484235.262397,1766484235.262298346,0.000000000,3.141580137,0.000002395,0.382645910,0.923895074,2.356275717,0.000005782,0.412693756,-0.020264809,0.440126312
1766484235.277488,1766484235.277305603,0.000010740,3.141566555,0.000009954,0.382642220,0.923896602,2.356283706,0.000010002,0.412565918,-0.020614405,0.440115814
1766484235.292424,1766484235.292309523,0.000007333,3.141577740,0.000006241,0.382646894,0.923894666,2.356273586,0.000005486,0.412422180,-0.021018482,0.440099152
1766484235.307349,1766484235.307291031,0.000026335,3.141551641,0.000020012,0.382628810,0.923902156,2.356312735,0.000013908,0.412282471,-0.021428743,0.440105103
1766484235.322434,1766484235.322317600,0.000061420,3.141480535,0.000049823,0.382634221,0.923899913,2.356301017,0.000040043,0.412147766,-0.021876732,0.440132202
1766484235.337554,1766484235.337319136,0.000081453,3.141451240,0.000064685,0.382677400,0.923882027,2.356207540,0.000049740,0.412036224,-0.022210976,0.440143463
1766484235.352367,1766484235.352295160,0.000074698,3.141468817,0.000058199,0.382643324,0.923896142,2.356281309,0.000042915,0.411877930,-0.022614853,0.440127106
1766484235.367422,1766484235.367305279,0.000037018,3.141518085,0.000031368,0.382676665,0.923882335,2.356209138,0.000027363,0.411744202,-0.023003468,0.440097595
1766484235.382435,1766484235.382309437,0.000010224,3.141568153,0.000009411,0.382729442,0.923860473,2.356094888,0.000009361,0.411626617,-0.023421724,0.440084076
1766484235.397447,1766484235.397317171,0.000023968,3.141551108,0.000019022,0.382729073,0.923860626,2.356095687,0.000014604,0.411500793,-0.023826511,0.440101929
1766484235.412463,1766484235.412320375,0.000042183,3.141526341,0.000032176,0.382763148,0.923846508,2.356021917,0.000022558,0.411343292,-0.024241430,0.440118103
1766484235.427441,1766484235.427320004,0.000042183,3.141526341,0.000032176,0.382763148,0.923846508,2.356021917,0.000022558,0.411343292,-0.024241430,0.440118103
1766484235.442583,1766484235.442339897,-0.000007689,-3.141590257,0.000004011,-0.382765364,-0.923845591,2.356017124,-0.000000364,0.411193726,-0.024625105,0.440084625
1766484235.457397,1766484235.457311869,-0.000066332,-3.141487725,0.000050719,-0.382697824,-0.923873569,2.356163331,0.000035778,0.411072327,-0.024964941,0.440031250
1766484235.472377,1766484235.472304821,-0.000083600,-3.141472811,0.000061549,-0.382674325,-0.923883302,2.356214198,0.000039364,0.410933044,-0.025322865,0.440023224
1766484235.487475,1766484235.487329006,-0.000043740,-3.141533265,0.000031568,-0.382663256,-0.923887889,2.356238166,0.000019065,0.410790405,-0.025705130,0.440052002
1766484235.502475,1766484235.502332926,-0.000009693,-3.141583865,0.000006159,-0.382627703,-0.923902615,2.356315131,0.000002206,0.410664581,-0.026065348,0.440064301
1766484235.517421,1766484235.517320156,-0.000022548,-3.141557500,0.000017142,-0.382625365,-0.923903582,2.356320191,0.000011926,0.410524139,-0.026454044,0.440033020
1766484235.532442,1766484235.532320738,-0.000034489,-3.141551375,0.000023830,-0.382660919,-0.923888857,2.356243226,0.000012470,0.410366669,-0.026862970,0.440013550
1766484235.547476,1766484235.547337532,-0.000018605,-3.141572147,0.000012518,-0.382626595,-0.923903073,2.356317528,0.000005914,0.410238068,-0.027228018,0.440020355
1766484235.562431,1766484235.562325001,0.000038549,3.141525542,0.000030647,0.382626718,0.923903022,2.356317262,0.000023627,0.410111023,-0.027622587,0.440054382
1766484235.577430,1766484235.577321291,0.000080699,3.141461626,0.000062348,0.382671373,0.923884525,2.356220589,0.000045087,0.409974701,-0.027991440,0.440075470
1766484235.592509,1766484235.592340469,0.000051009,3.141497579,0.000041754,0.382657473,0.923890283,2.356250683,0.000034160,0.409821320,-0.028405560,0.440044922
1766484235.607572,1766484235.607364416,0.000017996,3.141556168,0.000015294,0.382670146,0.923885036,2.356223252,0.000013411,0.409702026,-0.028784817,0.440010437
1766484235.622492,1766484235.622328997,0.000033599,3.141535928,0.000026376,0.382761549,0.923847171,2.356025379,0.000019773,0.409572784,-0.029203756,0.440018555
1766484235.637453,1766484235.637332439,0.000070555,3.141462958,0.000057410,0.382722181,0.923863478,2.356110601,0.000046409,0.409429596,-0.029549339,0.440055573
1766484235.652423,1766484235.652324438,0.000102133,3.141415820,0.000081017,0.382711721,0.923867809,2.356133237,0.000062142,0.409309631,-0.029810303,0.440078186
1766484235.667430,1766484235.667332888,0.000056683,3.141493051,0.000045242,0.382688966,0.923877238,2.356182506,0.000035164,0.409217438,-0.030069588,0.440042969
1766484235.682407,1766484235.682321787,-0.000012654,-3.141578273,0.000008597,-0.382714188,-0.923866793,2.356127911,0.000004222,0.409147552,-0.030256023,0.439992340
1766484235.697486,1766484235.697339296,-0.000078612,-3.141487725,0.000056391,-0.382679124,-0.923881315,2.356203811,0.000033429,0.409084137,-0.030414721,0.439957733
1766484235.712448,1766484235.712333679,-0.000073334,-3.141494383,0.000052678,-0.382644924,-0.923895480,2.356277847,0.000031366,0.409043121,-0.030519281,0.439962982
1766484235.727450,1766484235.727336884,-0.000033593,-3.141557500,0.000022244,-0.382650339,-0.923893239,2.356266129,0.000009812,0.409013123,-0.030573792,0.439990662
1766484235.742456,1766484235.742331743,-0.000008975,3.141588659,-0.000003382,0.382669408,0.923885342,2.356224850,0.000003563,0.408990448,-0.030619043,0.440010712
1766484235.757488,1766484235.757356882,0.000007553,3.141562560,0.000009247,0.382686016,0.923878462,2.356188898,0.000012456,0.408976776,-0.030652252,0.440022064
1766484235.772411,1766484235.772329092,0.000007736,3.141562294,0.000009383,0.382702870,0.923871481,2.356152412,0.000012544,0.408972504,-0.030675713,0.440021271
1766484235.787466,1766484235.787342548,0.000007762,3.141562294,0.000009395,0.382707052,0.923869748,2.356143357,0.000012539,0.408971954,-0.030683329,0.440021271
1766484235.802487,1766484235.802345514,0.000009545,3.141559364,0.000010779,0.382702624,0.923871583,2.356152945,0.000013551,0.408972290,-0.030683252,0.440019073
1766484235.817463,1766484235.817348957,0.000009545,3.141559364,0.000010779,0.382702624,0.923871583,2.356152945,0.000013551,0.408972290,-0.030683252,0.440019073
1766484235.832465,1766484235.832349062,0.000009545,3.141559364,0.000010779,0.382702624,0.923871583,2.356152945,0.000013551,0.408972290,-0.030683252,0.440019073
1766484235.847435,1766484235.847345114,0.000014642,3.141551375,0.000014662,0.382705453,0.923870411,2.356146820,0.000016267,0.408973175,-0.030685551,0.440020111
1766484235.862864,1766484235.862429142,0.000014642,3.141551375,0.000014662,0.382705453,0.923870411,2.356146820,0.000016267,0.408973175,-0.030685551,0.440020111
1766484235.877456,1766484235.877344370,0.000014642,3.141551375,0.000014662,0.382705453,0.923870411,2.356146820,0.000016267,0.408973175,-0.030685551,0.440020111
1766484235.892496,1766484235.892358303,0.000019801,3.141542852,0.000018676,0.382705453,0.923870411,2.356146820,0.000019216,0.408974243,-0.030685301,0.440021179
1766484235.907482,1766484235.907356739,0.000019801,3.141542852,0.000018676,0.382705453,0.923870411,2.356146820,0.000019216,0.408974243,-0.030685301,0.440021179
1766484235.922472,1766484235.922352314,0.000024897,3.141534863,0.000022559,0.382705576,0.923870360,2.356146553,0.000021931,0.408975342,-0.030685055,0.440022156
1766484235.937546,1766484235.937362909,0.000024897,3.141534863,0.000022559,0.382705576,0.923870360,2.356146553,0.000021931,0.408975342,-0.030685055,0.440022156
1766484235.952471,1766484235.952358246,0.000021699,3.141539923,0.000020114,0.382705576,0.923870360,2.356146553,0.000020206,0.408974640,-0.030685211,0.440019043
1766484235.967564,1766484235.967374563,0.000021699,3.141539923,0.000020114,0.382705576,0.923870360,2.356146553,0.000020206,0.408974640,-0.030685211,0.440019043
1766484235.982447,1766484235.982348442,0.000026859,3.141531401,0.000024128,0.382705576,0.923870360,2.356146553,0.000023155,0.408975739,-0.030684959,0.440020081
1766484235.997497,1766484235.997359514,0.000023499,3.141536994,0.000021506,0.382705576,0.923870360,2.356146553,0.000021215,0.408977600,-0.030684532,0.440017609
1766484236.012535,1766484236.012374163,0.000023499,3.141536994,0.000021506,0.382705576,0.923870360,2.356146553,0.000021215,0.408977600,-0.030684532,0.440017609
1766484236.027468,1766484236.027360916,0.000016953,3.141547380,0.000016495,0.382705576,0.923870360,2.356146553,0.000017669,0.408981171,-0.030683708,0.440012726
1766484236.042403,1766484236.042341709,0.000016953,3.141547380,0.000016495,0.382705576,0.923870360,2.356146553,0.000017669,0.408981171,-0.030683708,0.440012726
1766484236.057490,1766484236.057364702,0.000013673,3.141552706,0.000013960,0.382702747,0.923871532,2.356152679,0.000015837,0.408983093,-0.030680742,0.440010345
1766484236.072584,1766484236.072394133,0.000013673,3.141552706,0.000013960,0.382702747,0.923871532,2.356152679,0.000015837,0.408983093,-0.030680742,0.440010345
1766484236.087449,1766484236.087347507,0.000013673,3.141552706,0.000013960,0.382702747,0.923871532,2.356152679,0.000015837,0.408983093,-0.030680742,0.440010345
1766484236.102464,1766484236.102356434,0.000010313,3.141558299,0.000011338,0.382702747,0.923871532,2.356152679,0.000013896,0.408984955,-0.030680321,0.440007843
1766484236.117711,1766484236.117432833,0.000003704,3.141568685,0.000006298,0.382702747,0.923871532,2.356152679,0.000010363,0.408988525,-0.030679487,0.440002960
1766484236.132522,1766484236.132379532,0.000000000,3.141574011,0.000003567,0.382702747,0.923871532,2.356152679,0.000008611,0.408990234,-0.030679077,0.440000580
1766484236.147465,1766484236.147364855,-0.000002841,3.141579071,0.000001286,0.382702624,0.923871583,2.356152945,0.000006818,0.408992096,-0.030678661,0.439998016
1766484236.162455,1766484236.162363768,-0.000002841,3.141579071,0.000001286,0.382702624,0.923871583,2.356152945,0.000006818,0.408992096,-0.030678661,0.439998016
1766484236.177591,1766484236.177382231,-0.000006154,3.141584398,-0.000001263,0.382702624,0.923871583,2.356152945,0.000004991,0.408993896,-0.030678240,0.439995697
1766484236.192497,1766484236.192379236,-0.000012715,-3.141590523,0.000006281,-0.382702747,-0.923871532,2.356152679,-0.000001449,0.408997437,-0.030677422,0.439990784
1766484236.207458,1766484236.207361460,-0.000016059,-3.141584930,0.000008896,-0.382702624,-0.923871583,2.356152945,0.000000495,0.408999237,-0.030676989,0.439988281
1766484236.222528,1766484236.222377539,-0.000019277,-3.141579870,0.000011351,-0.382699671,-0.923872806,2.356159336,0.000002216,0.409001190,-0.030674044,0.439985962
1766484236.237543,1766484236.237379551,-0.000019277,-3.141579870,0.000011351,-0.382699671,-0.923872806,2.356159336,0.000002216,0.409001190,-0.030674044,0.439985962
1766484236.252464,1766484236.252368927,-0.000014447,-3.141569750,0.000011056,-0.382699794,-0.923872755,2.356159070,0.000007815,0.409003235,-0.030674709,0.439983612
1766484236.267453,1766484236.267366886,-0.000014447,-3.141569750,0.000011056,-0.382699794,-0.923872755,2.356159070,0.000007815,0.409003235,-0.030674709,0.439983612
1766484236.282512,1766484236.282381535,-0.000014447,-3.141569750,0.000011056,-0.382699794,-0.923872755,2.356159070,0.000007815,0.409003235,-0.030674709,0.439983612
1766484236.297485,1766484236.297372341,-0.000014447,-3.141569750,0.000011056,-0.382696842,-0.923873978,2.356165462,0.000007815,0.409003357,-0.030672150,0.439983612
1766484236.312549,1766484236.312389374,-0.000014447,-3.141569750,0.000011056,-0.382696842,-0.923873978,2.356165462,0.000007815,0.409003357,-0.030672150,0.439983612
1766484236.327483,1766484236.327375174,-0.000014447,-3.141569750,0.000011056,-0.382696842,-0.923873978,2.356165462,0.000007815,0.409003357,-0.030672150,0.439983612
1766484236.342509,1766484236.342386246,-0.000014447,-3.141569750,0.000011056,-0.382696842,-0.923873978,2.356165462,0.000007815,0.409003357,-0.030672150,0.439983612
1766484236.357508,1766484236.357382774,-0.000014447,-3.141569750,0.000011056,-0.382696842,-0.923873978,2.356165462,0.000007815,0.409003357,-0.030672150,0.439983612
1766484236.372450,1766484236.372369289,-0.000014447,-3.141569750,0.000011056,-0.382694012,-0.923875150,2.356171587,0.000007815,0.409003632,-0.030669615,0.439983612
1766484236.387577,1766484236.387415171,-0.000014447,-3.141569750,0.000011056,-0.382694012,-0.923875150,2.356171587,0.000007815,0.409003632,-0.030669615,0.439983612
1766484236.402503,1766484236.402390480,-0.000014447,-3.141569750,0.000011056,-0.382694012,-0.923875150,2.356171587,0.000007815,0.409003632,-0.030669615,0.439983612
1766484236.417498,1766484236.417387724,-0.000014447,-3.141569750,0.000011056,-0.382694012,-0.923875150,2.356171587,0.000007815,0.409003632,-0.030669615,0.439983612
1766484236.432533,1766484236.432398558,-0.000014447,-3.141569750,0.000011056,-0.382691183,-0.923876322,2.356177712,0.000007815,0.409003754,-0.030667078,0.439983612
1766484236.447603,1766484236.447402716,-0.000014447,-3.141569750,0.000011056,-0.382691183,-0.923876322,2.356177712,0.000007815,0.409003754,-0.030667078,0.439983612
1766484236.462508,1766484236.462387562,-0.000014447,-3.141569750,0.000011056,-0.382691183,-0.923876322,2.356177712,0.000007815,0.409003754,-0.030667078,0.439983612
1766484236.477509,1766484236.477382421,-0.000014447,-3.141569750,0.000011056,-0.382691183,-0.923876322,2.356177712,0.000007815,0.409003754,-0.030667078,0.439983612
1766484236.492613,1766484236.492453814,-0.000014447,-3.141569750,0.000011056,-0.382688230,-0.923877545,2.356184104,0.000007815,0.409003998,-0.030664520,0.439983612
1766484236.507496,1766484236.507388115,-0.000014447,-3.141569750,0.000011056,-0.382688230,-0.923877545,2.356184104,0.000007815,0.409003998,-0.030664520,0.439983612
1766484236.522493,1766484236.522389174,-0.000014447,-3.141569750,0.000011056,-0.382688230,-0.923877545,2.356184104,0.000007815,0.409003998,-0.030664520,0.439983612
1766484236.537509,1766484236.537386656,-0.000014447,-3.141569750,0.000011056,-0.382688230,-0.923877545,2.356184104,0.000007815,0.409003998,-0.030664520,0.439983612
1766484236.552511,1766484236.552401066,-0.000014447,-3.141569750,0.000011056,-0.382688230,-0.923877545,2.356184104,0.000007815,0.409003998,-0.030664520,0.439983612
1766484236.567501,1766484236.567391872,-0.000014447,-3.141569750,0.000011056,-0.382688230,-0.923877545,2.356184104,0.000007815,0.409003998,-0.030664520,0.439983612
1766484236.582462,1766484236.582384825,-0.000014447,-3.141569750,0.000011056,-0.382688230,-0.923877545,2.356184104,0.000007815,0.409003998,-0.030664520,0.439983612
1766484236.597557,1766484236.597400427,-0.000014447,-3.141569750,0.000011056,-0.382688230,-0.923877545,2.356184104,0.000007815,0.409003998,-0.030664520,0.439983612
1766484236.612511,1766484236.612392187,-0.000014447,-3.141569750,0.000011056,-0.382685401,-0.923878717,2.356190229,0.000007815,0.409004150,-0.030661983,0.439983612
1766484236.627490,1766484236.627392292,-0.000014447,-3.141569750,0.000011056,-0.382685401,-0.923878717,2.356190229,0.000007815,0.409004150,-0.030661983,0.439983612
1766484236.642480,1766484236.642379284,-0.000014447,-3.141569750,0.000011056,-0.382685401,-0.923878717,2.356190229,0.000007815,0.409004150,-0.030661983,0.439983612
1766484236.657553,1766484236.657408714,-0.000014447,-3.141569750,0.000011056,-0.382685401,-0.923878717,2.356190229,0.000007815,0.409004150,-0.030661983,0.439983612
1766484236.672497,1766484236.672391653,-0.000014447,-3.141569750,0.000011056,-0.382685401,-0.923878717,2.356190229,0.000007815,0.409004150,-0.030661983,0.439983612
1766484236.687477,1766484236.687390804,-0.000014447,-3.141569750,0.000011056,-0.382685401,-0.923878717,2.356190229,0.000007815,0.409004150,-0.030661983,0.439983612
1766484236.702518,1766484236.702405453,-0.000014447,-3.141569750,0.000011056,-0.382685401,-0.923878717,2.356190229,0.000007815,0.409004150,-0.030661983,0.439983612
1766484236.717527,1766484236.717409372,-0.000014447,-3.141569750,0.000011056,-0.382685401,-0.923878717,2.356190229,0.000007815,0.409004150,-0.030661983,0.439983612
1766484236.732497,1766484236.732396364,-0.000014447,-3.141569750,0.000011056,-0.382685401,-0.923878717,2.356190229,0.000007815,0.409004150,-0.030661983,0.439983612
1766484236.747494,1766484236.747401476,-0.000014447,-3.141569750,0.000011056,-0.382685401,-0.923878717,2.356190229,0.000007815,0.409004150,-0.030661983,0.439983612
1766484236.762906,1766484236.762503862,-0.000014447,-3.141569750,0.000011056,-0.382685401,-0.923878717,2.356190229,0.000007815,0.409004150,-0.030661983,0.439983612
1766484236.777527,1766484236.777407885,-0.000014447,-3.141569750,0.000011056,-0.382685401,-0.923878717,2.356190229,0.000007815,0.409004150,-0.030661983,0.439983612
1766484236.792522,1766484236.792411089,-0.000014447,-3.141569750,0.000011056,-0.382685401,-0.923878717,2.356190229,0.000007815,0.409004150,-0.030661983,0.439983612
1766484236.807535,1766484236.807414770,-0.000014447,-3.141569750,0.000011056,-0.382685401,-0.923878717,2.356190229,0.000007815,0.409004150,-0.030661983,0.439983612
1766484236.822495,1766484236.822406292,-0.000014447,-3.141569750,0.000011056,-0.382682571,-0.923879889,2.356196354,0.000007816,0.409004333,-0.030659449,0.439983612
1766484236.837529,1766484236.837424278,-0.000014447,-3.141569750,0.000011056,-0.382682571,-0.923879889,2.356196354,0.000007816,0.409004333,-0.030659449,0.439983612
1766484236.852516,1766484236.852416992,-0.000014447,-3.141569750,0.000011056,-0.382682571,-0.923879889,2.356196354,0.000007816,0.409004333,-0.030659449,0.439983612
1766484236.867599,1766484236.867432594,-0.000014447,-3.141569750,0.000011056,-0.382682571,-0.923879889,2.356196354,0.000007816,0.409004333,-0.030659449,0.439983612
1766484236.882502,1766484236.882412910,-0.000014447,-3.141569750,0.000011056,-0.382682571,-0.923879889,2.356196354,0.000007816,0.409004333,-0.030659449,0.439983612
1766484236.897528,1766484236.897419453,-0.000014447,-3.141569750,0.000011056,-0.382682571,-0.923879889,2.356196354,0.000007816,0.409004333,-0.030659449,0.439983612
1766484236.912682,1766484236.912431479,-0.000014447,-3.141569750,0.000011056,-0.382682571,-0.923879889,2.356196354,0.000007816,0.409004333,-0.030659449,0.439983612
1766484236.927545,1766484236.927422762,-0.000014447,-3.141569750,0.000011056,-0.382682571,-0.923879889,2.356196354,0.000007816,0.409004333,-0.030659449,0.439983612
1766484236.942515,1766484236.942423582,-0.000014447,-3.141569750,0.000011056,-0.382682571,-0.923879889,2.356196354,0.000007816,0.409004333,-0.030659449,0.439983612
1766484236.957531,1766484236.957423449,-0.000014447,-3.141569750,0.000011056,-0.382682571,-0.923879889,2.356196354,0.000007816,0.409004333,-0.030659449,0.439983612
1766484236.972662,1766484236.972483158,-0.000014447,-3.141569750,0.000011056,-0.382682571,-0.923879889,2.356196354,0.000007816,0.409004333,-0.030659449,0.439983612
1766484236.987503,1766484236.987414360,-0.000014447,-3.141569750,0.000011056,-0.382682571,-0.923879889,2.356196354,0.000007816,0.409004333,-0.030659449,0.439983612
1766484237.002531,1766484237.002429485,-0.000014447,-3.141569750,0.000011056,-0.382682571,-0.923879889,2.356196354,0.000007816,0.409004333,-0.030659449,0.439983612
1766484237.017535,1766484237.017427683,-0.000014447,-3.141569750,0.000011056,-0.382682571,-0.923879889,2.356196354,0.000007816,0.409004333,-0.030659449,0.439983612
1766484237.032593,1766484237.032439947,-0.000014447,-3.141569750,0.000011056,-0.382682571,-0.923879889,2.356196354,0.000007816,0.409004333,-0.030659449,0.439983612
1766484237.047516,1766484237.047421455,-0.000014447,-3.141569750,0.000011056,-0.382682571,-0.923879889,2.356196354,0.000007816,0.409004333,-0.030659449,0.439983612
1766484237.062556,1766484237.062433481,-0.000014447,-3.141569750,0.000011056,-0.382682571,-0.923879889,2.356196354,0.000007816,0.409004333,-0.030659449,0.439983612
1766484237.077845,1766484237.077486515,-0.000014447,-3.141569750,0.000011056,-0.382682571,-0.923879889,2.356196354,0.000007816,0.409004333,-0.030659449,0.439983612
1766484237.092534,1766484237.092420101,-0.000014447,-3.141569750,0.000011056,-0.382682571,-0.923879889,2.356196354,0.000007816,0.409004333,-0.030659449,0.439983612
1766484237.107559,1766484237.107414484,-0.000014447,-3.141569750,0.000011056,-0.382682571,-0.923879889,2.356196354,0.000007816,0.409004333,-0.030659449,0.439983612
1766484237.122612,1766484237.122440338,-0.000014447,-3.141569750,0.000011056,-0.382679619,-0.923881112,2.356202746,0.000007816,0.409004578,-0.030656904,0.439983612
1766484237.137595,1766484237.137443542,-0.000014447,-3.141569750,0.000011056,-0.382679619,-0.923881112,2.356202746,0.000007816,0.409004578,-0.030656904,0.439983612
1766484237.152506,1766484237.152425289,-0.000014447,-3.141569750,0.000011056,-0.382679619,-0.923881112,2.356202746,0.000007816,0.409004578,-0.030656904,0.439983612
1766484237.167563,1766484237.167443037,-0.000014447,-3.141569750,0.000011056,-0.382679619,-0.923881112,2.356202746,0.000007816,0.409004578,-0.030656904,0.439983612
1766484237.182688,1766484237.182513714,-0.000014447,-3.141569750,0.000011056,-0.382679619,-0.923881112,2.356202746,0.000007816,0.409004578,-0.030656904,0.439983612
1766484237.197556,1766484237.197438240,-0.000014447,-3.141569750,0.000011056,-0.382679619,-0.923881112,2.356202746,0.000007816,0.409004578,-0.030656904,0.439983612
1766484237.212602,1766484237.212437868,-0.000014447,-3.141569750,0.000011056,-0.382679619,-0.923881112,2.356202746,0.000007816,0.409004578,-0.030656904,0.439983612
1766484237.227687,1766484237.227489948,-0.000014447,-3.141569750,0.000011056,-0.382679619,-0.923881112,2.356202746,0.000007816,0.409004578,-0.030656904,0.439983612
1766484237.242582,1766484237.242448568,-0.000014447,-3.141569750,0.000011056,-0.382679619,-0.923881112,2.356202746,0.000007816,0.409004578,-0.030656904,0.439983612
1766484237.257571,1766484237.257445574,-0.000014447,-3.141569750,0.000011056,-0.382679619,-0.923881112,2.356202746,0.000007816,0.409004578,-0.030656904,0.439983612
1766484237.272548,1766484237.272437572,-0.000014447,-3.141569750,0.000011056,-0.382679619,-0.923881112,2.356202746,0.000007816,0.409004578,-0.030656904,0.439983612
1766484237.287659,1766484237.287473202,-0.000014447,-3.141569750,0.000011056,-0.382679619,-0.923881112,2.356202746,0.000007816,0.409004578,-0.030656904,0.439983612
1766484237.302599,1766484237.302444220,-0.000014447,-3.141569750,0.000011056,-0.382679619,-0.923881112,2.356202746,0.000007816,0.409004578,-0.030656904,0.439983612
1766484237.317569,1766484237.317460060,-0.000014447,-3.141569750,0.000011056,-0.382679619,-0.923881112,2.356202746,0.000007816,0.409004578,-0.030656904,0.439983612
1766484237.332623,1766484237.332461596,-0.000014447,-3.141569750,0.000011056,-0.382679619,-0.923881112,2.356202746,0.000007816,0.409004578,-0.030656904,0.439983612
1766484237.347547,1766484237.347445965,-0.000014447,-3.141569750,0.000011056,-0.382679619,-0.923881112,2.356202746,0.000007816,0.409004578,-0.030656904,0.439983612
1766484237.362565,1766484237.362445116,-0.000014447,-3.141569750,0.000011056,-0.382679619,-0.923881112,2.356202746,0.000007816,0.409004578,-0.030656904,0.439983612
1766484237.377553,1766484237.377436161,-0.000014447,-3.141569750,0.000011056,-0.382679619,-0.923881112,2.356202746,0.000007816,0.409004578,-0.030656904,0.439983612
1766484237.392608,1766484237.392461300,-0.000014447,-3.141569750,0.000011056,-0.382679619,-0.923881112,2.356202746,0.000007816,0.409004578,-0.030656904,0.439983612
1766484237.407732,1766484237.407485485,-0.000014447,-3.141569750,0.000011056,-0.382679619,-0.923881112,2.356202746,0.000007816,0.409004578,-0.030656904,0.439983612
1766484237.422578,1766484237.422450304,-0.000014447,-3.141569750,0.000011056,-0.382679619,-0.923881112,2.356202746,0.000007816,0.409004578,-0.030656904,0.439983612
1766484237.437588,1766484237.437455893,-0.000014447,-3.141569750,0.000011056,-0.382679619,-0.923881112,2.356202746,0.000007816,0.409004578,-0.030656904,0.439983612
1766484237.452529,1766484237.452441216,-0.000014447,-3.141569750,0.000011056,-0.382679619,-0.923881112,2.356202746,0.000007816,0.409004578,-0.030656904,0.439983612
1766484237.467534,1766484237.467446804,-0.000014447,-3.141569750,0.000011056,-0.382679619,-0.923881112,2.356202746,0.000007816,0.409004578,-0.030656904,0.439983612
1766484237.482522,1766484237.482442141,-0.000014447,-3.141569750,0.000011056,-0.382679619,-0.923881112,2.356202746,0.000007816,0.409004578,-0.030656904,0.439983612
1766484237.497598,1766484237.497463226,-0.000014447,-3.141569750,0.000011056,-0.382679619,-0.923881112,2.356202746,0.000007816,0.409004578,-0.030656904,0.439983612
1766484237.512575,1766484237.512452126,-0.000014447,-3.141569750,0.000011056,-0.382679619,-0.923881112,2.356202746,0.000007816,0.409004578,-0.030656904,0.439983612
1766484237.527733,1766484237.527475357,-0.000014447,-3.141569750,0.000011056,-0.382679619,-0.923881112,2.356202746,0.000007816,0.409004578,-0.030656904,0.439983612
1766484237.542544,1766484237.542450905,-0.000014447,-3.141569750,0.000011056,-0.382679619,-0.923881112,2.356202746,0.000007816,0.409004578,-0.030656904,0.439983612
1766484237.557631,1766484237.557482243,-0.000014447,-3.141569750,0.000011056,-0.382679619,-0.923881112,2.356202746,0.000007816,0.409004578,-0.030656904,0.439983612
1766484237.572603,1766484237.572467089,-0.000014447,-3.141569750,0.000011056,-0.382679619,-0.923881112,2.356202746,0.000007816,0.409004578,-0.030656904,0.439983612
1766484237.587521,1766484237.587439537,-0.000014447,-3.141569750,0.000011056,-0.382679619,-0.923881112,2.356202746,0.000007816,0.409004578,-0.030656904,0.439983612
1766484237.602548,1766484237.602447033,-0.000014447,-3.141569750,0.000011056,-0.382679619,-0.923881112,2.356202746,0.000007816,0.409004578,-0.030656904,0.439983612
1766484237.617546,1766484237.617451906,-0.000014447,-3.141569750,0.000011056,-0.382679619,-0.923881112,2.356202746,0.000007816,0.409004578,-0.030656904,0.439983612
1766484237.632567,1766484237.632457495,-0.000014447,-3.141569750,0.000011056,-0.382679619,-0.923881112,2.356202746,0.000007816,0.409004578,-0.030656904,0.439983612
1766484237.647605,1766484237.647468567,-0.000014447,-3.141569750,0.000011056,-0.382679619,-0.923881112,2.356202746,0.000007816,0.409004578,-0.030656904,0.439983612
1766484237.662592,1766484237.662470579,-0.000014447,-3.141569750,0.000011056,-0.382679619,-0.923881112,2.356202746,0.000007816,0.409004578,-0.030656904,0.439983612
1766484237.677601,1766484237.677463293,-0.000014447,-3.141569750,0.000011056,-0.382679619,-0.923881112,2.356202746,0.000007816,0.409004578,-0.030656904,0.439983612
1766484237.692587,1766484237.692463636,-0.000014447,-3.141569750,0.000011056,-0.382679619,-0.923881112,2.356202746,0.000007816,0.409004578,-0.030656904,0.439983612
1766484237.707641,1766484237.707473278,-0.000014447,-3.141569750,0.000011056,-0.382679619,-0.923881112,2.356202746,0.000007816,0.409004578,-0.030656904,0.439983612
1766484237.722590,1766484237.722464323,-0.000014447,-3.141569750,0.000011056,-0.382679619,-0.923881112,2.356202746,0.000007816,0.409004578,-0.030656904,0.439983612
1766484237.737582,1766484237.737468004,-0.000014447,-3.141569750,0.000011056,-0.382679619,-0.923881112,2.356202746,0.000007816,0.409004578,-0.030656904,0.439983612
1766484237.752574,1766484237.752469063,-0.000014447,-3.141569750,0.000011056,-0.382679619,-0.923881112,2.356202746,0.000007816,0.409004578,-0.030656904,0.439983612
1766484237.767614,1766484237.767475128,-0.000014447,-3.141569750,0.000011056,-0.382679619,-0.923881112,2.356202746,0.000007816,0.409004578,-0.030656904,0.439983612
1766484237.782574,1766484237.782466888,-0.000014447,-3.141569750,0.000011056,-0.382679619,-0.923881112,2.356202746,0.000007816,0.409004578,-0.030656904,0.439983612
1766484237.797592,1766484237.797469854,-0.000014447,-3.141569750,0.000011056,-0.382679619,-0.923881112,2.356202746,0.000007816,0.409004578,-0.030656904,0.439983612
1766484237.812640,1766484237.812483072,-0.000014447,-3.141569750,0.000011056,-0.382679619,-0.923881112,2.356202746,0.000007816,0.409004578,-0.030656904,0.439983612
1766484237.827619,1766484237.827485800,-0.000014447,-3.141569750,0.000011056,-0.382679619,-0.923881112,2.356202746,0.000007816,0.409004578,-0.030656904,0.439983612
1766484237.842558,1766484237.842473507,-0.000014447,-3.141569750,0.000011056,-0.382679619,-0.923881112,2.356202746,0.000007816,0.409004578,-0.030656904,0.439983612
1766484237.857619,1766484237.857485771,-0.000014447,-3.141569750,0.000011056,-0.382679619,-0.923881112,2.356202746,0.000007816,0.409004578,-0.030656904,0.439983612
1766484237.872666,1766484237.872485161,-0.000014447,-3.141569750,0.000011056,-0.382679619,-0.923881112,2.356202746,0.000007816,0.409004578,-0.030656904,0.439983612
1766484237.887602,1766484237.887482166,-0.000014447,-3.141569750,0.000011056,-0.382679619,-0.923881112,2.356202746,0.000007816,0.409004578,-0.030656904,0.439983612
1766484237.902574,1766484237.902466297,-0.000014447,-3.141569750,0.000011056,-0.382679619,-0.923881112,2.356202746,0.000007816,0.409004578,-0.030656904,0.439983612
1766484237.917725,1766484237.917477846,-0.000014447,-3.141569750,0.000011056,-0.382679619,-0.923881112,2.356202746,0.000007816,0.409004578,-0.030656904,0.439983612
1766484237.932650,1766484237.932485580,-0.000014447,-3.141569750,0.000011056,-0.382679619,-0.923881112,2.356202746,0.000007816,0.409004578,-0.030656904,0.439983612
1766484237.947572,1766484237.947472811,-0.000014447,-3.141569750,0.000011056,-0.382679619,-0.923881112,2.356202746,0.000007816,0.409004578,-0.030656904,0.439983612
1766484237.962551,1766484237.962469578,-0.000014447,-3.141569750,0.000011056,-0.382679619,-0.923881112,2.356202746,0.000007816,0.409004578,-0.030656904,0.439983612
1766484237.977703,1766484237.977501869,-0.000014447,-3.141569750,0.000011056,-0.382679619,-0.923881112,2.356202746,0.000007816,0.409004578,-0.030656904,0.439983612
1766484237.992574,1766484237.992480755,-0.000014447,-3.141569750,0.000011056,-0.382679619,-0.923881112,2.356202746,0.000007816,0.409004578,-0.030656904,0.439983612
1766484238.007592,1766484238.007482052,-0.000014447,-3.141569750,0.000011056,-0.382679619,-0.923881112,2.356202746,0.000007816,0.409004578,-0.030656904,0.439983612
1766484238.022753,1766484238.022528887,-0.000014447,-3.141569750,0.000011056,-0.382679619,-0.923881112,2.356202746,0.000007816,0.409004578,-0.030656904,0.439983612
1766484238.037664,1766484238.037497997,-0.000014447,-3.141569750,0.000011056,-0.382679619,-0.923881112,2.356202746,0.000007816,0.409004578,-0.030656904,0.439983612
1766484238.052579,1766484238.052485943,-0.000014447,-3.141569750,0.000011056,-0.382679619,-0.923881112,2.356202746,0.000007816,0.409004578,-0.030656904,0.439983612
1766484238.067616,1766484238.067493677,-0.000014447,-3.141569750,0.000011056,-0.382679619,-0.923881112,2.356202746,0.000007816,0.409004578,-0.030656904,0.439983612
1766484238.082871,1766484238.082529545,-0.000014447,-3.141569750,0.000011056,-0.382679619,-0.923881112,2.356202746,0.000007816,0.409004578,-0.030656904,0.439983612
1766484238.097620,1766484238.097494364,-0.000014447,-3.141569750,0.000011056,-0.382679619,-0.923881112,2.356202746,0.000007816,0.409004578,-0.030656904,0.439983612
1766484238.112612,1766484238.112505674,-0.000014447,-3.141569750,0.000011056,-0.382679619,-0.923881112,2.356202746,0.000007816,0.409004578,-0.030656904,0.439983612
1766484238.127663,1766484238.127509594,-0.000014447,-3.141569750,0.000011056,-0.382679619,-0.923881112,2.356202746,0.000007816,0.409004578,-0.030656904,0.439983612
1766484238.142614,1766484238.142502785,-0.000014447,-3.141569750,0.000011056,-0.382679619,-0.923881112,2.356202746,0.000007816,0.409004578,-0.030656904,0.439983612
1766484238.157607,1766484238.157494783,-0.000014447,-3.141569750,0.000011056,-0.382679619,-0.923881112,2.356202746,0.000007816,0.409004578,-0.030656904,0.439983612
1766484238.172540,1766484238.172482491,-0.000014447,-3.141569750,0.000011056,-0.382679619,-0.923881112,2.356202746,0.000007816,0.409004578,-0.030656904,0.439983612
1766484238.187609,1766484238.187493324,-0.000014447,-3.141569750,0.000011056,-0.382679619,-0.923881112,2.356202746,0.000007816,0.409004578,-0.030656904,0.439983612
1766484238.202617,1766484238.202504873,-0.000014447,-3.141569750,0.000011056,-0.382679619,-0.923881112,2.356202746,0.000007816,0.409004578,-0.030656904,0.439983612
1766484238.217584,1766484238.217496395,-0.000014447,-3.141569750,0.000011056,-0.382679619,-0.923881112,2.356202746,0.000007816,0.409004578,-0.030656904,0.439983612
1766484238.232860,1766484238.232546329,-0.000014447,-3.141569750,0.000011056,-0.382679619,-0.923881112,2.356202746,0.000007816,0.409004578,-0.030656904,0.439983612
1766484238.247603,1766484238.247488976,-0.000014447,-3.141569750,0.000011056,-0.382679619,-0.923881112,2.356202746,0.000007816,0.409004578,-0.030656904,0.439983612
1766484238.262614,1766484238.262501001,-0.000014447,-3.141569750,0.000011056,-0.382679619,-0.923881112,2.356202746,0.000007816,0.409004578,-0.030656904,0.439983612
1766484238.277563,1766484238.277488470,-0.000014447,-3.141569750,0.000011056,-0.382679619,-0.923881112,2.356202746,0.000007816,0.409004578,-0.030656904,0.439983612
1766484238.292621,1766484238.292500734,-0.000014447,-3.141569750,0.000011056,-0.382679619,-0.923881112,2.356202746,0.000007816,0.409004578,-0.030656904,0.439983612
1766484238.307651,1766484238.307508707,-0.000014447,-3.141569750,0.000011056,-0.382679619,-0.923881112,2.356202746,0.000007816,0.409004578,-0.030656904,0.439983612
1766484238.322606,1766484238.322500944,-0.000014447,-3.141569750,0.000011056,-0.382679619,-0.923881112,2.356202746,0.000007816,0.409004578,-0.030656904,0.439983612
1766484238.337635,1766484238.337498188,-0.000014447,-3.141569750,0.000011056,-0.382679619,-0.923881112,2.356202746,0.000007816,0.409004578,-0.030656904,0.439983612
1766484238.352566,1766484238.352491856,-0.000014447,-3.141569750,0.000011056,-0.382679619,-0.923881112,2.356202746,0.000007816,0.409004578,-0.030656904,0.439983612
1766484238.367643,1766484238.367501974,-0.000014447,-3.141569750,0.000011056,-0.382679619,-0.923881112,2.356202746,0.000007816,0.409004578,-0.030656904,0.439983612
1766484238.382610,1766484238.382508039,-0.000014447,-3.141569750,0.000011056,-0.382679619,-0.923881112,2.356202746,0.000007816,0.409004578,-0.030656904,0.439983612
1766484238.397638,1766484238.397512913,-0.000014447,-3.141569750,0.000011056,-0.382679619,-0.923881112,2.356202746,0.000007816,0.409004578,-0.030656904,0.439983612
1766484238.412691,1766484238.412508726,-0.000014447,-3.141569750,0.000011056,-0.382679619,-0.923881112,2.356202746,0.000007816,0.409004578,-0.030656904,0.439983612
1766484238.427645,1766484238.427517176,-0.000014447,-3.141569750,0.000011056,-0.382679619,-0.923881112,2.356202746,0.000007816,0.409004578,-0.030656904,0.439983612
1766484238.442605,1766484238.442509651,-0.000014447,-3.141569750,0.000011056,-0.382679619,-0.923881112,2.356202746,0.000007816,0.409004578,-0.030656904,0.439983612
1766484238.457637,1766484238.457529783,-0.000014447,-3.141569750,0.000011056,-0.382679619,-0.923881112,2.356202746,0.000007816,0.409004578,-0.030656904,0.439983612
1766484238.472874,1766484238.472546339,-0.000014447,-3.141569750,0.000011056,-0.382679619,-0.923881112,2.356202746,0.000007816,0.409004578,-0.030656904,0.439983612
1766484238.487614,1766484238.487517118,-0.000009351,-3.141577740,0.000007173,-0.382679619,-0.923881112,2.356202746,0.000005100,0.409005646,-0.030656658,0.439984650
1766484238.502636,1766484238.502521038,0.000015807,3.141567087,0.000012194,0.382679865,0.923881010,2.356202213,0.000008786,0.409010864,-0.030655470,0.439961548
1766484238.517655,1766484238.517529488,0.000084471,3.141456033,0.000065162,0.382680476,0.923880754,2.356200882,0.000046948,0.409027740,-0.030651659,0.439894073
1766484238.532669,1766484238.532530069,0.000047460,3.141514889,0.000036803,0.382680848,0.923880602,2.356200083,0.000026841,0.409049347,-0.030646738,0.439747742
1766484238.547634,1766484238.547522783,-0.000043660,-3.141525009,0.000033111,-0.382681709,-0.923880245,2.356198219,0.000022894,0.409084259,-0.030638765,0.439508545
1766484238.562652,1766484238.562534094,-0.000009654,-3.141581202,0.000006651,-0.382682817,-0.923879787,2.356195822,0.000003443,0.409160126,-0.030621380,0.439253387
1766484238.577662,1766484238.577523947,-0.000039885,-3.141534330,0.000029584,-0.382684170,-0.923879226,2.356192892,0.000019310,0.409222107,-0.030607225,0.438939087
1766484238.592595,1766484238.592514992,0.000037590,3.141524743,0.000030358,0.382685769,0.923878564,2.356189430,0.000024178,0.409289276,-0.030591898,0.438669067
1766484238.607582,1766484238.607505083,0.000037590,3.141524743,0.000030358,0.382685769,0.923878564,2.356189430,0.000024178,0.409289276,-0.030591898,0.438669067
1766484238.622635,1766484238.622523069,0.000087175,3.141442984,0.000068908,0.382687488,0.923877849,2.356185702,0.000052458,0.409367188,-0.030574148,0.438309540
1766484238.637929,1766484238.637570143,0.000063561,3.141478937,0.000051120,0.382689089,0.923877187,2.356182240,0.000040368,0.409453857,-0.030554321,0.437902130
1766484238.652617,1766484238.652515411,-0.000017624,-3.141578273,0.000010893,-0.382690691,-0.923876526,2.356178778,0.000003271,0.409540436,-0.030534527,0.437474030
1766484238.667634,1766484238.667526722,-0.000046377,-3.141534330,0.000032583,-0.382692535,-0.923875761,2.356174783,0.000018068,0.409624817,-0.030515297,0.437029663
1766484238.682624,1766484238.682519436,-0.000084894,-3.141474676,0.000061790,-0.382694501,-0.923874945,2.356170522,0.000038254,0.409696320,-0.030499063,0.436536591
1766484238.697657,1766484238.697537661,-0.000120212,-3.141420081,0.000088552,-0.382696343,-0.923874179,2.356166527,0.000056715,0.409758698,-0.030484921,0.436115234
1766484238.712607,1766484238.712517023,-0.000150755,-3.141373475,0.000111579,-0.382698061,-0.923873463,2.356162799,0.000072400,0.409846191,-0.030464941,0.435674622
1766484238.727695,1766484238.727553844,-0.000154752,-3.141369214,0.000114241,-0.382699906,-0.923872699,2.356158804,0.000073603,0.409939026,-0.030443741,0.435252014
1766484238.742663,1766484238.742530823,-0.000149392,-3.141379601,0.000109778,-0.382701629,-0.923871986,2.356155075,0.000069830,0.410006744,-0.030428320,0.434881592
1766484238.757623,1766484238.757534742,-0.000100628,-3.141461360,0.000071607,-0.382699913,-0.923872702,2.356158804,0.000041394,0.410138794,-0.030398212,0.434269867
1766484238.772605,1766484238.772521019,-0.000100628,-3.141461360,0.000071607,-0.382699913,-0.923872702,2.356158804,0.000041394,0.410138794,-0.030398212,0.434269867
1766484238.787603,1766484238.787528515,-0.000118993,-3.141433929,0.000085339,-0.382697328,-0.923873771,2.356164396,0.000050551,0.410232178,-0.030376846,0.433866394
1766484238.802696,1766484238.802553177,-0.000144493,-3.141395047,0.000104558,-0.382694495,-0.923874942,2.356170522,0.000063633,0.410320587,-0.030356691,0.433427368
1766484238.817582,1766484238.817520380,-0.000111793,-3.141449642,0.000079006,-0.382691916,-0.923876014,2.356176114,0.000044671,0.410387238,-0.030341516,0.433058319
1766484238.832676,1766484238.832543850,-0.000028483,-3.141585996,0.000014431,-0.382693889,-0.923875201,2.356171853,-0.000002375,0.410478760,-0.030320648,0.432683746
1766484238.847640,1766484238.847532272,0.000043944,3.141481067,0.000041651,0.382691181,0.923876321,2.356177712,0.000043138,0.410575867,-0.030298422,0.432352600
1766484238.862650,1766484238.862545967,0.000038983,3.141487459,0.000038136,0.382692780,0.923875659,2.356174250,0.000041134,0.410663483,-0.030278391,0.431987793
1766484238.877613,1766484238.877531052,0.000011364,3.141529537,0.000017327,0.382691674,0.923876118,2.356176647,0.000026982,0.410747192,-0.030256773,0.431557800
1766484238.892625,1766484238.892538071,0.000011556,3.141527140,0.000017874,0.382689091,0.923877188,2.356182240,0.000028052,0.410810913,-0.030242350,0.431115295
1766484238.907636,1766484238.907541275,-0.000007615,3.141555902,0.000003514,0.382691060,0.923876373,2.356177979,0.000018434,0.410865387,-0.030230068,0.430680237
1766484238.922643,1766484238.922546864,-0.000046230,-3.141551375,0.000029254,-0.382693027,-0.923875558,2.356173718,0.000010222,0.410939606,-0.030214373,0.430186646
1766484238.937652,1766484238.937549829,-0.000104951,-3.141458697,0.000074113,-0.382694500,-0.923874944,2.356170522,0.000041798,0.411015686,-0.030196981,0.429793854
1766484238.952656,1766484238.952551126,-0.000098143,-3.141471746,0.000068471,-0.382691794,-0.923876066,2.356176381,0.000037073,0.411102417,-0.030177177,0.429400726
1766484238.968097,1766484238.967621803,-0.000043873,-3.141560962,0.000026331,-0.382693643,-0.923875303,2.356172386,0.000006245,0.411171509,-0.030161524,0.429013611
1766484238.982651,1766484238.982549906,-0.000017423,3.141579870,-0.000005602,0.382695489,0.923874539,2.356168391,0.000009239,0.411236938,-0.030146666,0.428631958
1766484238.997638,1766484238.997542858,-0.000032484,-3.141583333,0.000016789,-0.382697457,-0.923873723,2.356164130,-0.000001910,0.411323975,-0.030126814,0.428195770
1766484239.012671,1766484239.012550831,-0.000056062,-3.141547646,0.000034509,-0.382694750,-0.923874844,2.356169989,0.000010063,0.411426056,-0.030103485,0.427760498
1766484239.027659,1766484239.027555704,-0.000069157,-3.141510096,0.000047743,-0.382693395,-0.923875404,2.356172919,0.000024904,0.411493225,-0.030086815,0.427375732
1766484239.042616,1766484239.042543650,-0.000047929,-3.141546048,0.000031058,-0.382695242,-0.923874640,2.356168924,0.000012358,0.411556061,-0.030072565,0.426992920
1766484239.057709,1766484239.057577848,0.000035049,3.141503970,0.000033160,0.382689828,0.923876882,2.356180642,0.000034260,0.411640289,-0.030050825,0.426660889
1766484239.072751,1766484239.072577953,0.000092892,3.141408895,0.000078072,0.382691669,0.923876115,2.356176647,0.000067110,0.411744385,-0.030027014,0.426280975
1766484239.087625,1766484239.087543488,0.000113965,3.141373209,0.000094635,0.382693511,0.923875349,2.356172652,0.000079563,0.411829773,-0.030007545,0.425877686
1766484239.102641,1766484239.102551222,0.000088547,3.141412091,0.000075453,0.382692407,0.923875809,2.356175049,0.000066466,0.411888062,-0.029991859,0.425467438
1766484239.117738,1766484239.117572784,0.000049447,3.141473078,0.000045722,0.382689704,0.923876932,2.356180908,0.000045775,0.411949066,-0.029978046,0.425026154
1766484239.132792,1766484239.132581949,-0.000010741,3.141567620,-0.000000172,0.382691429,0.923876220,2.356177180,0.000013619,0.412012939,-0.029963539,0.424590302
1766484239.147703,1766484239.147566080,-0.000010741,3.141567620,-0.000000172,0.382691429,0.923876220,2.356177180,0.000013619,0.412012939,-0.029963539,0.424590302
1766484239.162677,1766484239.162561178,-0.000071796,-3.141521814,0.000046720,-0.382690443,-0.923876627,2.356179310,0.000018986,0.412084198,-0.029944849,0.424109009
1766484239.177738,1766484239.177579641,-0.000076779,-3.141515422,0.000050245,-0.382692288,-0.923875863,2.356175315,0.000020985,0.412145630,-0.029930954,0.423667694
1766484239.192650,1766484239.192555428,-0.000063580,-3.141538591,0.000039714,-0.382686753,-0.923878156,2.356187300,0.000012808,0.412203033,-0.029915443,0.423280884
1766484239.207596,1766484239.207542896,-0.000054569,-3.141555103,0.000032393,-0.382688599,-0.923877392,2.356183305,0.000006905,0.412267883,-0.029900755,0.422873291
1766484239.222653,1766484239.222559214,-0.000092761,-3.141495448,0.000061449,-0.382685890,-0.923878512,2.356189164,0.000027154,0.412344086,-0.029883390,0.422450104
1766484239.237689,1766484239.237571001,-0.000115631,-3.141460827,0.000078639,-0.382687733,-0.923877747,2.356185169,0.000038771,0.412436462,-0.029862307,0.421998779
1766484239.252642,1766484239.252560616,-0.000078300,-3.141522612,0.000049572,-0.382686629,-0.923878207,2.356187566,0.000017373,0.412491180,-0.029847452,0.421645355
1766484239.267663,1766484239.267563105,-0.000053598,-3.141564158,0.000030211,-0.382688599,-0.923877392,2.356183305,0.000002908,0.412547150,-0.029834846,0.421230042
1766484239.282815,1766484239.282574654,-0.000040866,-3.141586262,0.000020101,-0.382682940,-0.923879736,2.356195555,-0.000004867,0.412612274,-0.029817528,0.420853821
1766484239.297682,1766484239.297569036,-0.000027132,3.141575077,-0.000009170,0.382684786,0.923878972,2.356191561,0.000013311,0.412705750,-0.029796152,0.420463898
1766484239.312729,1766484239.312587023,-0.000006530,3.141540189,0.000007022,0.382686508,0.923878258,2.356187832,0.000025485,0.412784576,-0.029778175,0.420103241
1766484239.327688,1766484239.327575445,0.000033751,3.141473610,0.000038369,0.382688229,0.923877544,2.356184104,0.000048533,0.412843964,-0.029764738,0.419726990
1766484239.342699,1766484239.342578650,0.000081760,3.141412890,0.000072164,0.382685765,0.923878561,2.356189430,0.000067396,0.412901672,-0.029752867,0.419322540
1766484239.357687,1766484239.357580423,0.000077709,3.141417418,0.000069427,0.382684781,0.923878969,2.356191561,0.000066079,0.412966431,-0.029735674,0.418904388
1766484239.372642,1766484239.372559786,-0.000035692,-3.141587860,0.000017405,-0.382686754,-0.923878157,2.356187300,-0.000004615,0.413031738,-0.029720907,0.418368439
1766484239.387678,1766484239.387568474,-0.000150592,-3.141404634,0.000105540,-0.382683669,-0.923879427,2.356193958,0.000058039,0.413064240,-0.029713675,0.417923096
1766484239.402673,1766484239.402572632,-0.000144448,-3.141416352,0.000100460,-0.382685515,-0.923878663,2.356189963,0.000053801,0.413114655,-0.029702349,0.417502380
1766484239.417658,1766484239.417566776,-0.000118185,-3.141478670,0.000076404,-0.382687488,-0.923877849,2.356185702,0.000030039,0.413181274,-0.029686125,0.417108307
1766484239.432755,1766484239.432600737,-0.000093580,-3.141519949,0.000057140,-0.382686383,-0.923878309,2.356188099,0.000015679,0.413249603,-0.029668081,0.416733490
1766484239.447710,1766484239.447589636,-0.000110771,-3.141494117,0.000070024,-0.382683798,-0.923879378,2.356193691,0.000024323,0.413322998,-0.029651384,0.416307007
1766484239.462700,1766484239.462586164,-0.000132719,-3.141460561,0.000086583,-0.382685518,-0.923878664,2.356189963,0.000035624,0.413381653,-0.029638109,0.415903076
1766484239.477643,1766484239.477561951,-0.000135390,-3.141458164,0.000088275,-0.382687486,-0.923877848,2.356185702,0.000036220,0.413441010,-0.029624748,0.415454407
1766484239.492716,1766484239.492590904,-0.000139451,-3.141453370,0.000091069,-0.382684902,-0.923878918,2.356191294,0.000037658,0.413506256,-0.029609947,0.415037903
1766484239.507885,1766484239.507632971,-0.000099536,-3.141519417,0.000059993,-0.382686505,-0.923878258,2.356187832,0.000014785,0.413588562,-0.029591196,0.414677643
1766484239.522661,1766484239.522577286,-0.000099536,-3.141519417,0.000059993,-0.382686505,-0.923878258,2.356187832,0.000014785,0.413588562,-0.029591196,0.414677643
1766484239.537706,1766484239.537596703,-0.000015671,3.141529537,0.000004838,0.382688353,0.923877494,2.356183838,0.000032155,0.413667175,-0.029573271,0.414359955
1766484239.552677,1766484239.552589417,0.000058192,3.141409428,0.000061940,0.382687365,0.923877899,2.356185968,0.000073504,0.413726196,-0.029557438,0.414000092
1766484239.567685,1766484239.567583799,0.000058982,3.141406499,0.000062865,0.382684658,0.923879020,2.356191827,0.000074707,0.413769043,-0.029547850,0.413620453
1766484239.582680,1766484239.582581758,0.000046885,3.141424342,0.000053863,0.382686505,0.923878256,2.356187832,0.000068779,0.413832397,-0.029533501,0.413192719
1766484239.597726,1766484239.597597837,-0.000009453,3.141513025,0.000010870,0.382688353,0.923877493,2.356183838,0.000038592,0.413903351,-0.029517420,0.412723785
1766484239.612714,1766484239.612600803,-0.000040503,3.141560962,-0.000012646,0.382685647,0.923878615,2.356189697,0.000022390,0.413949554,-0.029507053,0.412293732
1766484239.627701,1766484239.627590656,-0.000084965,-3.141555636,0.000046332,-0.382685769,-0.923878564,2.356189430,0.000000843,0.413999023,-0.029493643,0.411580688
1766484239.642683,1766484239.642587185,-0.000034193,3.141546847,-0.000007030,0.382687492,0.923877850,2.356185702,0.000027702,0.414061676,-0.029479435,0.411237030
1766484239.657689,1766484239.657589197,-0.000034440,3.141545249,-0.000006839,0.382689338,0.923877086,2.356181707,0.000028488,0.414130280,-0.029463888,0.410818512
1766484239.672724,1766484239.672594070,-0.000051701,3.141571348,-0.000019806,0.382686754,0.923878156,2.356187300,0.000019734,0.414192017,-0.029449947,0.410390656
1766484239.687662,1766484239.687584639,-0.000051701,3.141571348,-0.000019806,0.382686754,0.923878156,2.356187300,0.000019734,0.414192017,-0.029449947,0.410390656
1766484239.702883,1766484239.702661514,-0.000064524,3.141590523,-0.000029398,0.382688353,0.923877494,2.356183838,0.000013330,0.414233032,-0.029440741,0.410007202
1766484239.717695,1766484239.717595577,-0.000059015,3.141580137,-0.000024867,0.382687246,0.923877952,2.356186234,0.000017074,0.414285828,-0.029426348,0.409604950
1766484239.732708,1766484239.732591391,-0.000050846,3.141565223,-0.000018239,0.382684786,0.923878971,2.356191561,0.000022400,0.414352051,-0.029411341,0.409190033
1766484239.747721,1766484239.747594833,-0.000035894,3.141539390,-0.000006389,0.382686754,0.923878156,2.356187300,0.000031472,0.414424072,-0.029395006,0.408775299
1766484239.762682,1766484239.762588024,0.000010549,3.141463224,0.000029639,0.382688475,0.923877441,2.356183571,0.000057770,0.414484314,-0.029381369,0.408416260
1766484239.777663,1766484239.777584314,0.000047479,3.141402504,0.000058316,0.382685889,0.923878510,2.356189164,0.000078753,0.414531006,-0.029370920,0.408037140
1766484239.792703,1766484239.792599916,0.000064582,3.141373475,0.000071771,0.382684657,0.923879018,2.356191827,0.000088890,0.414572449,-0.029359095,0.407673706
1766484239.807686,1766484239.807590008,0.000036969,3.141416086,0.000050862,0.382686628,0.923878204,2.356187566,0.000074490,0.414633392,-0.029345335,0.407218109
1766484239.822688,1766484239.822599173,0.000030995,3.141424342,0.000046523,0.382683922,0.923879326,2.356193425,0.000071819,0.414694489,-0.029331530,0.406805267
1766484239.837703,1766484239.837600470,0.000008883,3.141458164,0.000029837,0.382685892,0.923878511,2.356189164,0.000060426,0.414733063,-0.029322985,0.406371582
1766484239.852709,1766484239.852605343,-0.000049490,3.141568419,-0.000018224,0.382687738,0.923877749,2.356185169,0.000020665,0.414758575,-0.029318575,0.405890350
1766484239.867771,1766484239.867622137,-0.000094825,-3.141545516,0.000052823,-0.382689336,-0.923877086,2.356181707,0.000003631,0.414800446,-0.029309233,0.405471985
1766484239.882730,1766484239.882623196,-0.000130579,-3.141489856,0.000079989,-0.382683920,-0.923879327,2.356193425,0.000022501,0.414873810,-0.029290028,0.405009735
1766484239.897762,1766484239.897631407,-0.000117247,-3.141512759,0.000069448,-0.382685521,-0.923878665,2.356189963,0.000014472,0.414917511,-0.029280201,0.404659943
1766484239.912767,1766484239.912627459,-0.000089452,-3.141558565,0.000047844,-0.382687491,-0.923877850,2.356185702,-0.000001369,0.414961273,-0.029270441,0.404257751
1766484239.927710,1766484239.927613497,-0.000054301,3.141568419,-0.000020447,0.382689461,0.923877035,2.356181441,0.000021585,0.415017792,-0.029257730,0.403850525
1766484239.942687,1766484239.942603350,-0.000099675,-3.141545516,0.000055063,-0.382683923,-0.923879328,2.356193425,0.000002703,0.415076660,-0.029241913,0.403403076
1766484239.957669,1766484239.957593918,-0.000171606,-3.141431532,0.000110101,-0.382685638,-0.923878612,2.356189697,0.000041593,0.415121338,-0.029231899,0.402970337
1766484239.972722,1766484239.972601652,-0.000149622,-3.141468284,0.000092914,-0.382687486,-0.923877848,2.356185702,0.000028822,0.415161102,-0.029223047,0.402581635
1766484239.987674,1766484239.987600327,-0.000055185,3.141563891,-0.000019989,0.382684786,0.923878971,2.356191561,0.000023846,0.415216156,-0.029210632,0.402262115
1766484240.002745,1766484240.002606869,0.000022009,3.141438457,0.000039671,0.382683799,0.923879377,2.356193691,0.000067018,0.415276733,-0.029194422,0.401909637
1766484240.017852,1766484240.017647266,0.000040307,3.141407830,0.000053984,0.382685643,0.923878612,2.356189697,0.000077665,0.415334991,-0.029181238,0.401531219
1766484240.032720,1766484240.032613993,-0.000006688,3.141481600,0.000018160,0.382682940,0.923879735,2.356195555,0.000052580,0.415380829,-0.029170984,0.401083252
1766484240.047709,1766484240.047605276,-0.000043614,3.141539657,-0.000010007,0.382684909,0.923878920,2.356191294,0.000032827,0.415408203,-0.029165037,0.400631378
1766484240.062776,1766484240.062622547,-0.000043614,3.141539657,-0.000010007,0.382684909,0.923878920,2.356191294,0.000032827,0.415408203,-0.029165037,0.400631378
1766484240.077698,1766484240.077605963,-0.000088051,-3.141575876,0.000043885,-0.382686630,-0.923878207,2.356187566,-0.000009098,0.415430267,-0.029160301,0.400194580
1766484240.092778,1766484240.092633724,-0.000134358,-3.141502905,0.000079238,-0.382685643,-0.923878613,2.356189697,0.000015750,0.415468292,-0.029149336,0.399730133
1766484240.107680,1766484240.107601643,-0.000142536,-3.141491453,0.000085207,-0.382683059,-0.923879683,2.356195289,0.000019475,0.415536316,-0.029133936,0.399304779
1766484240.122743,1766484240.122625351,-0.000124675,-3.141521547,0.000071198,-0.382684906,-0.923878919,2.356191294,0.000008991,0.415585175,-0.029122952,0.398931732
1766484240.137723,1766484240.137617588,-0.000107641,-3.141550043,0.000057877,-0.382682077,-0.923880092,2.356197420,-0.000000913,0.415609741,-0.029117645,0.398539368
1766484240.152690,1766484240.152607679,-0.000077992,3.141586262,-0.000034804,0.382683801,0.923879379,2.356193691,0.000017876,0.415643341,-0.029110218,0.398168884
1766484240.167873,1766484240.167647362,-0.000076396,3.141582267,-0.000033303,0.382682940,0.923879736,2.356195555,0.000019416,0.415695068,-0.029096079,0.397747986
1766484240.182688,1766484240.182611704,-0.000094658,-3.141575343,0.000047038,-0.382684908,-0.923878920,2.356191294,-0.000010116,0.415757751,-0.029081902,0.397312988
1766484240.197705,1766484240.197616816,-0.000118682,-3.141538059,0.000065270,-0.382686506,-0.923878257,2.356187832,0.000002510,0.415794434,-0.029073755,0.396919006
1766484240.212773,1766484240.212620974,-0.000062540,3.141555902,-0.000021857,0.382683925,0.923879328,2.356193425,0.000028943,0.415840363,-0.029063482,0.396541595
1766484240.227738,1766484240.227624178,-0.000012112,3.141473610,0.000017183,0.382685769,0.923878563,2.356189430,0.000057308,0.415894501,-0.029051273,0.396207642
1766484240.242675,1766484240.242610693,0.000029076,3.141405966,0.000049153,0.382687612,0.923877796,2.356185435,0.000080675,0.415953125,-0.029038055,0.395824799
1766484240.257696,1766484240.257610798,0.000053973,3.141364687,0.000068552,0.382682320,0.923879986,2.356196887,0.000094980,0.415993347,-0.029026611,0.395414551
1766484240.272783,1766484240.272644043,0.000063636,3.141347643,0.000076277,0.382684164,0.923879221,2.356192892,0.000101004,0.416017090,-0.029021509,0.394997803
1766484240.287703,1766484240.287623644,0.000018039,3.141419814,0.000041404,0.382685891,0.923878510,2.356189164,0.000076390,0.416037720,-0.029017088,0.394584778
1766484240.302725,1766484240.302630901,-0.000039766,3.141511161,-0.000002777,0.382683187,0.923879633,2.356195023,0.000045254,0.416073334,-0.029009241,0.394115601
1766484240.317806,1766484240.317656994,-0.000125569,-3.141537792,0.000068503,-0.382682077,-0.923880092,2.356197420,0.000001316,0.416111206,-0.028998241,0.393653107
1766484240.332767,1766484240.332640648,-0.000130833,-3.141512492,0.000075775,-0.382683921,-0.923879327,2.356193425,0.000011996,0.416146332,-0.028991648,0.393219757
1766484240.347697,1766484240.347621441,-0.000103918,-3.141556701,0.000054883,-0.382685891,-0.923878512,2.356189164,-0.000003276,0.416167847,-0.028987051,0.392837524
1766484240.362781,1766484240.362648726,-0.000062771,3.141561228,-0.000022984,0.382683310,0.923879583,2.356194757,0.000026527,0.416197906,-0.028980486,0.392447601
1766484240.377758,1766484240.377642632,-0.000079349,3.141586262,-0.000035431,0.382685154,0.923878818,2.356190762,0.000018135,0.416242920,-0.028970428,0.392014893
1766484240.392762,1766484240.392637968,-0.000104134,-3.141560429,0.000054270,-0.382686876,-0.923878105,2.356187033,-0.000005040,0.416290833,-0.028959650,0.391640808
1766484240.407696,1766484240.407622337,-0.000104398,-3.141561228,0.000054239,-0.382685768,-0.923878563,2.356189430,-0.000005459,0.416322632,-0.028950087,0.391218903
1766484240.422731,1766484240.422637463,-0.000079247,3.141582534,-0.000034671,0.382683186,0.923879634,2.356195023,0.000019838,0.416345123,-0.028945320,0.390805664
1766484240.437768,1766484240.437642336,-0.000079247,3.141582534,-0.000034671,0.382683186,0.923879634,2.356195023,0.000019838,0.416345123,-0.028945320,0.390805664
1766484240.452701,1766484240.452626944,-0.000030858,3.141503704,0.000002765,0.382685032,0.923878869,2.356191028,0.000046994,0.416382843,-0.028936954,0.390444366
1766484240.467748,1766484240.467638731,0.000004780,3.141463757,0.000026872,0.382686999,0.923878053,2.356186767,0.000058628,0.416443420,-0.028924419,0.390067047
1766484240.482806,1766484240.482641935,-0.000009983,3.141486127,0.000015771,0.382681341,0.923880397,2.356199018,0.000051119,0.416490540,-0.028911337,0.389667847
1766484240.497762,1766484240.497643232,0.000029655,3.141421412,0.000046464,0.382683307,0.923879580,2.356194757,0.000073429,0.416518829,-0.028905197,0.389273590
1766484240.512693,1766484240.512627125,0.000049257,3.141387857,0.000061940,0.382686011,0.923878458,2.356188898,0.000085179,0.416549286,-0.028898739,0.388672302
1766484240.527786,1766484240.527647972,-0.000035405,3.141522879,-0.000003004,0.382683310,0.923879583,2.356194757,0.000039006,0.416562347,-0.028896074,0.388217499
1766484240.542731,1766484240.542633772,-0.000146302,-3.141485595,0.000088068,-0.382685149,-0.923878817,2.356190762,0.000021461,0.416582001,-0.028891943,0.387707458
1766484240.557724,1766484240.557638168,-0.000162091,-3.141461360,0.000099998,-0.382684164,-0.923879224,2.356192892,0.000029635,0.416609680,-0.028883373,0.387291443
1766484240.572688,1766484240.572630167,-0.000156578,-3.141471480,0.000095515,-0.382686010,-0.923878460,2.356188898,0.000026015,0.416637909,-0.028877203,0.386890808
1766484240.587744,1766484240.587648392,-0.000123358,-3.141526075,0.000069723,-0.382683430,-0.923879531,2.356194490,0.000007152,0.416673737,-0.028869316,0.386494080
1766484240.602741,1766484240.602642775,-0.000135710,-3.141507166,0.000079047,-0.382685028,-0.923878868,2.356191028,0.000013523,0.416704865,-0.028862465,0.386109131
1766484240.617682,1766484240.617633104,-0.000135710,-3.141507166,0.000079047,-0.382685028,-0.923878868,2.356191028,0.000013523,0.416704865,-0.028862465,0.386109131
1766484240.632794,1766484240.632655144,-0.000142312,-3.141497845,0.000083881,-0.382686995,-0.923878053,2.356186767,0.000016565,0.416735687,-0.028855717,0.385683838
1766484240.647732,1766484240.647640228,-0.000139199,-3.141503970,0.000081270,-0.382681583,-0.923880295,2.356198485,0.000014332,0.416749451,-0.028850422,0.385262360
1766484240.662764,1766484240.662649155,-0.000109386,-3.141552972,0.000058123,-0.382683431,-0.923879531,2.356194490,-0.000002600,0.416769928,-0.028846067,0.384893097
1766484240.677747,1766484240.677645206,-0.000078849,3.141582267,-0.000034436,0.382685278,0.923878767,2.356190495,0.000019885,0.416815521,-0.028835867,0.384516602
1766484240.692816,1766484240.692681789,-0.000024079,3.141493051,0.000007935,0.382687000,0.923878053,2.356186767,0.000050618,0.416882782,-0.028820625,0.384179016
1766484240.707708,1766484240.707639933,0.000012631,3.141433130,0.000036358,0.382684538,0.923879071,2.356192093,0.000071273,0.416923126,-0.028811680,0.383780243
1766484240.722853,1766484240.722683907,0.000050867,3.141370546,0.000065996,0.382683550,0.923879477,2.356194224,0.000092867,0.416931854,-0.028807497,0.383411804
1766484240.737885,1766484240.737706900,0.000069022,3.141340186,0.000080192,0.382685393,0.923878711,2.356190229,0.000103418,0.416947083,-0.028804415,0.383001312
1766484240.752798,1766484240.752678156,0.000039797,3.141385992,0.000057927,0.382682813,0.923879783,2.356195822,0.000087850,0.416978394,-0.028797562,0.382549988
1766484240.767758,1766484240.767667770,-0.000062966,3.141550043,-0.000020933,0.382684294,0.923879175,2.356192626,0.000031732,0.416999420,-0.028793022,0.382121948
1766484240.782748,1766484240.782663584,-0.000102624,-3.141572680,0.000051228,-0.382686138,-0.923878410,2.356188631,-0.000010410,0.417017487,-0.028789257,0.381665863
1766484240.797831,1766484240.797679663,-0.000106368,-3.141567620,0.000053925,-0.382680725,-0.923880652,2.356200349,-0.000008788,0.417033112,-0.028783524,0.381248108
1766484240.812813,1766484240.812674046,-0.000103358,-3.141573745,0.000051363,-0.382682816,-0.923879786,2.356195822,-0.000011042,0.417059967,-0.028777733,0.380805908
1766484240.827773,1766484240.827668667,-0.000080557,3.141574011,-0.000033645,0.382684663,0.923879022,2.356191827,0.000024026,0.417094910,-0.028770012,0.380443787
1766484240.842757,1766484240.842665434,-0.000089134,3.141586528,-0.000040003,0.382686508,0.923878258,2.356187832,0.000019885,0.417124390,-0.028763592,0.380022644
1766484240.858079,1766484240.857716799,-0.000108631,-3.141568153,0.000054869,-0.382687983,-0.923877646,2.356184636,-0.000009468,0.417133881,-0.028761747,0.379642853
1766484240.872768,1766484240.872667074,-0.000075867,3.141563359,-0.000029441,0.382685524,0.923878665,2.356189963,0.000028049,0.417150391,-0.028758360,0.379250946
1766484240.887732,1766484240.887656450,-0.000048777,3.141519150,-0.000008467,0.382687370,0.923877901,2.356185968,0.000043287,0.417175232,-0.028752981,0.378875305
1766484240.902806,1766484240.902678728,-0.000032097,3.141490921,0.000004639,0.382686385,0.923878308,2.356188099,0.000053136,0.417217163,-0.028741106,0.378469147
1766484240.917765,1766484240.917663813,-0.000007913,3.141451240,0.000023403,0.382683924,0.923879326,2.356193425,0.000066839,0.417260956,-0.028731415,0.378055176
1766484240.932773,1766484240.932670116,0.000015579,3.141412624,0.000041644,0.382685645,0.923878612,2.356189697,0.000080182,0.417281555,-0.028727024,0.377709564
1766484240.947886,1766484240.947702408,-0.000003668,3.141442451,0.000027046,0.382682939,0.923879734,2.356195555,0.000070086,0.417293030,-0.028724749,0.377297729
1766484240.962808,1766484240.962682962,-0.000022251,3.141471480,0.000012907,0.382684909,0.923878919,2.356191294,0.000060233,0.417318085,-0.028719360,0.376867981
1766484240.977722,1766484240.977654457,-0.000029653,3.141500508,0.000003934,0.382686631,0.923878206,2.356187566,0.000048239,0.417338898,-0.028716070,0.376454620
1766484240.992866,1766484240.992707491,-0.000057576,3.141544450,-0.000017373,0.382688600,0.923877391,2.356183305,0.000033284,0.417330994,-0.028718384,0.376000427
1766484241.007791,1766484241.007676601,-0.000057576,3.141544450,-0.000017373,0.382688600,0.923877391,2.356183305,0.000033284,0.417330994,-0.028718384,0.376000427
1766484241.022953,1766484241.022701740,-0.000086384,3.141589990,-0.000039395,0.382687615,0.923877799,2.356185435,0.000017759,0.417321136,-0.028718525,0.375567535
1766484241.037815,1766484241.037686348,-0.000120385,-3.141541787,0.000065344,-0.382684906,-0.923878920,2.356191294,0.000000462,0.417332306,-0.028716364,0.375139801
1766484241.052786,1766484241.052683592,-0.000184390,-3.141440054,0.000114376,-0.382686622,-0.923878204,2.356187566,0.000035210,0.417364075,-0.028709362,0.374699585
1766484241.068119,1766484241.067757607,-0.000172576,-3.141460028,0.000105097,-0.382688469,-0.923877440,2.356183571,0.000028243,0.417387390,-0.028704359,0.374315643
1766484241.082766,1766484241.082671642,-0.000112458,-3.141557500,0.000058675,-0.382690443,-0.923876627,2.356179310,-0.000005279,0.417394867,-0.028703110,0.373932373
1766484241.097771,1766484241.097676516,-0.000086125,3.141584930,-0.000038307,0.382685031,0.923878869,2.356191028,0.000020047,0.417400757,-0.028699640,0.373534180
1766484241.112775,1766484241.112670183,-0.000089023,3.141588393,-0.000040308,0.382686877,0.923878105,2.356187033,0.000019002,0.417413361,-0.028697115,0.373138794
1766484241.127805,1766484241.127690554,-0.000139599,-3.141516487,0.000079060,-0.382688596,-0.923877390,2.356183305,0.000008473,0.417428650,-0.028693991,0.372698914
1766484241.142767,1766484241.142672300,-0.000140431,-3.141515955,0.000079546,-0.382685889,-0.923878511,2.356189164,0.000008560,0.417447723,-0.028689949,0.372329895
1766484241.157755,1766484241.157672644,-0.000051712,3.141526075,-0.000011148,0.382687862,0.923877697,2.356184903,0.000040650,0.417483429,-0.028682089,0.371995209
1766484241.172859,1766484241.172687292,0.000038313,3.141380666,0.000058261,0.382686873,0.923878101,2.356187033,0.000090594,0.417517700,-0.028672010,0.371638885
1766484241.187723,1766484241.187668562,0.000042299,3.141373209,0.000061528,0.382684166,0.923879222,2.356192892,0.000093277,0.417539246,-0.028667408,0.371245300
1766484241.202794,1766484241.202687263,-0.000020564,3.141473344,0.000013330,0.382686016,0.923878460,2.356188898,0.000059049,0.417552734,-0.028664724,0.370780334
1766484241.217774,1766484241.217685699,-0.000105242,-3.141576675,0.000051673,-0.382687737,-0.923877748,2.356185169,-0.000012756,0.417538849,-0.028668358,0.370333588
1766484241.232861,1766484241.232700586,-0.000163837,-3.141483464,0.000096576,-0.382689577,-0.923876982,2.356181174,0.000019090,0.417514679,-0.028674440,0.369873505
1766484241.247792,1766484241.247686863,-0.000166225,-3.141480535,0.000098239,-0.382684164,-0.923879224,2.356192892,0.000019986,0.417523437,-0.028670305,0.369438080
1766484241.262801,1766484241.262693644,-0.000144025,-3.141517020,0.000081003,-0.382686012,-0.923878460,2.356188898,0.000007380,0.417555969,-0.028663176,0.369060608
1766484241.278201,1766484241.277762890,-0.000132640,-3.141536195,0.000072075,-0.382687981,-0.923877645,2.356184636,0.000000701,0.417577148,-0.028658689,0.368659607
1766484241.292832,1766484241.292713165,-0.000119903,-3.141557234,0.000062165,-0.382685399,-0.923878716,2.356190229,-0.000006581,0.417576355,-0.028659311,0.368257690
1766484241.307772,1766484241.307686567,-0.000133860,-3.141535662,0.000072740,-0.382687120,-0.923878002,2.356186501,0.000000713,0.417573883,-0.028660307,0.367873108
1766484241.322839,1766484241.322710991,-0.000129074,-3.141544184,0.000068899,-0.382686136,-0.923878410,2.356188631,-0.000002307,0.417594116,-0.028653488,0.367466553
1766484241.337844,1766484241.337707758,-0.000127142,-3.141548179,0.000067242,-0.382687982,-0.923877646,2.356184636,-0.000003783,0.417618744,-0.028648205,0.367051636
1766484241.352776,1766484241.352693796,-0.000078122,3.141557766,-0.000029412,0.382685401,0.923878716,2.356190229,0.000031064,0.417629181,-0.028646217,0.366684937
1766484241.367791,1766484241.367697239,-0.000036014,3.141489589,0.000003084,0.382687369,0.923877900,2.356185968,0.000054501,0.417635712,-0.028645136,0.366318848
1766484241.382755,1766484241.382685184,-0.000036014,3.141489589,0.000003084,0.382687369,0.923877900,2.356185968,0.000054501,0.417635712,-0.028645136,0.366318848
1766484241.397810,1766484241.397697449,0.000012932,3.141410227,0.000040880,0.382684537,0.923879070,2.356192093,0.000081796,0.417654755,-0.028641121,0.365988190
1766484241.412784,1766484241.412688017,0.000044178,3.141359094,0.000065097,0.382686503,0.923878253,2.356187832,0.000099437,0.417683136,-0.028634953,0.365600342
1766484241.427819,1766484241.427703142,0.000023254,3.141392118,0.000049114,0.382688350,0.923877490,2.356183838,0.000088186,0.417697449,-0.028632093,0.365163605
1766484241.442780,1766484241.442695618,0.000011925,3.141409428,0.000040568,0.382687244,0.923877949,2.356186234,0.000082357,0.417696533,-0.028630188,0.364764526
1766484241.457781,1766484241.457699299,0.000013884,3.141405700,0.000042186,0.382689212,0.923877134,2.356181973,0.000083705,0.417682983,-0.028633818,0.364340454
1766484241.472760,1766484241.472690344,-0.000039168,3.141490388,0.000001475,0.382686508,0.923878257,2.356187832,0.000054735,0.417663269,-0.028638826,0.363911621
1766484241.487802,1766484241.487707853,-0.000092306,3.141574810,-0.000039225,0.382688353,0.923877493,2.356183838,0.000025905,0.417660217,-0.028639982,0.363461578
1766484241.502798,1766484241.502702475,-0.000107766,-3.141586262,0.000051004,-0.382690198,-0.923876729,2.356179843,-0.000017668,0.417674652,-0.028637056,0.363045502
1766484241.517828,1766484241.517707348,-0.000080183,3.141554038,-0.000029651,0.382687615,0.923877799,2.356185435,0.000033181,0.417671570,-0.028638226,0.362661987
1766484241.532843,1766484241.532709599,-0.000058867,3.141519150,-0.000013128,0.382686632,0.923878206,2.356187566,0.000045218,0.417666840,-0.028637220,0.362265442
1766484241.547863,1766484241.547703981,-0.000050462,3.141505036,-0.000006545,0.382688354,0.923877493,2.356183838,0.000050130,0.417675018,-0.028635746,0.361887329
1766484241.562785,1766484241.562701464,-0.000073980,3.141542054,-0.000024493,0.382685770,0.923878563,2.356189430,0.000037530,0.417690552,-0.028632574,0.361468872
1766484241.577756,1766484241.577693462,-0.000089026,3.141565489,-0.000035927,0.382687738,0.923877748,2.356185169,0.000029583,0.417693665,-0.028632294,0.361043701
1766484241.592815,1766484241.592711687,-0.000063644,3.141524210,-0.000016304,0.382686632,0.923878206,2.356187566,0.000043795,0.417685242,-0.028632137,0.360668732
1766484241.607980,1766484241.607740402,-0.000020894,3.141454968,0.000016694,0.382688476,0.923877441,2.356183571,0.000067600,0.417690430,-0.028631403,0.360290710
1766484241.622749,1766484241.622698307,0.000013747,3.141398509,0.000043498,0.382685890,0.923878509,2.356189164,0.000087053,0.417718048,-0.028625406,0.359915588
1766484241.637857,1766484241.637722731,0.000025306,3.141379334,0.000052507,0.382687735,0.923877744,2.356185169,0.000093698,0.417740112,-0.028620708,0.359544891
1766484241.652816,1766484241.652724266,-0.000001575,3.141421945,0.000031936,0.382686753,0.923878153,2.356187300,0.000079158,0.417739349,-0.028618799,0.359120300
1766484241.667798,1766484241.667710304,-0.000032801,3.141471480,0.000008034,0.382688599,0.923877390,2.356183305,0.000062251,0.417723724,-0.028622896,0.358677185
1766484241.682775,1766484241.682704687,-0.000066363,3.141524743,-0.000017662,0.382685893,0.923878512,2.356189164,0.000044069,0.417709167,-0.028626705,0.358243591
1766484241.697940,1766484241.697730541,-0.000148424,-3.141529270,0.000080691,-0.382687858,-0.923877696,2.356184903,0.000000879,0.417692963,-0.028630962,0.357753357
1766484241.712762,1766484241.712705612,-0.000211991,-3.141427804,0.000129470,-0.382689572,-0.923876980,2.356181174,0.000035587,0.417675385,-0.028635445,0.357334045
1766484241.727800,1766484241.727715015,-0.000201199,-3.141445647,0.000121070,-0.382688466,-0.923877439,2.356183571,0.000029410,0.417667023,-0.028635292,0.356944519
1766484241.742842,1766484241.742721796,-0.000139680,-3.141544983,0.000073645,-0.382686013,-0.923878461,2.356188898,-0.000004706,0.417665192,-0.028636202,0.356571381
1766484241.757801,1766484241.757719278,-0.000139680,-3.141544983,0.000073645,-0.382686013,-0.923878461,2.356188898,-0.000004706,0.417665192,-0.028636202,0.356571381
1766484241.772820,1766484241.772724390,-0.000125581,-3.141568153,0.000062699,-0.382687860,-0.923877696,2.356184903,-0.000012711,0.417667206,-0.028636175,0.356188019
1766484241.787777,1766484241.787711620,-0.000158022,-3.141516753,0.000087520,-0.382685273,-0.923878766,2.356190495,0.000004825,0.417677917,-0.028634153,0.355741394
1766484241.802895,1766484241.802735090,-0.000186388,-3.141471746,0.000109235,-0.382687115,-0.923878000,2.356186501,0.000020188,0.417671265,-0.028636160,0.355312256
1766484241.817824,1766484241.817729235,-0.000195391,-3.141457631,0.000116095,-0.382685884,-0.923878509,2.356189164,0.000024985,0.417648376,-0.028639328,0.354935791
1766484241.832850,1766484241.832732439,-0.000139353,-3.141548179,0.000072883,-0.382683430,-0.923879531,2.356194490,-0.000006119,0.417650055,-0.028639389,0.354570862
1766484241.848000,1766484241.847760677,-0.000069421,3.141524477,-0.000019023,0.382685155,0.923878818,2.356190762,0.000044777,0.417681305,-0.028632555,0.354244171
1766484241.862851,1766484241.862740278,-0.000009599,3.141445913,0.000023644,0.382684293,0.923879173,2.356192626,0.000069622,0.417708618,-0.028625263,0.353871460
1766484241.877828,1766484241.877732277,0.000037108,3.141370280,0.000059691,0.382686258,0.923878355,2.356188365,0.000095623,0.417703918,-0.028626831,0.353489960
1766484241.892882,1766484241.892747641,0.000037156,3.141369747,0.000059816,0.382687980,0.923877642,2.356184636,0.000095860,0.417683044,-0.028632133,0.353104553
1766484241.907878,1766484241.907745361,-0.000029934,3.141477072,0.000008288,0.382685401,0.923878715,2.356190229,0.000059119,0.417660400,-0.028637836,0.352657501
1766484241.922824,1766484241.922732592,-0.000100616,3.141590257,-0.000046020,0.382684416,0.923879124,2.356192360,0.000020359,0.417652527,-0.028637571,0.352185913
1766484241.937895,1766484241.937749863,-0.000147590,-3.141519949,0.000082089,-0.382686135,-0.923878409,2.356188631,0.000005345,0.417637268,-0.028641581,0.351751312
1766484241.952824,1766484241.952735662,-0.000119387,-3.141547380,0.000063812,-0.382683676,-0.923879429,2.356193958,-0.000001930,0.417614563,-0.028648466,0.351350403
1766484241.967915,1766484241.967750549,-0.000064506,3.141549510,-0.000021543,0.382685524,0.923878665,2.356189963,0.000032272,0.417605103,-0.028651125,0.351005035
1766484241.982861,1766484241.982744694,-0.000037884,3.141506101,-0.000000939,0.382687369,0.923877901,2.356185968,0.000047231,0.417598907,-0.028653040,0.350614502
1766484241.997894,1766484241.997746944,-0.000090053,3.141589458,-0.000040988,0.382684785,0.923878971,2.356191561,0.000018707,0.417590851,-0.028655340,0.350181885
1766484242.013003,1766484242.012829781,-0.000108132,-3.141567354,0.000054791,-0.382686384,-0.923878308,2.356188099,-0.000009003,0.417585785,-0.028656956,0.349790131
1766484242.027875,1766484242.027752638,-0.000076122,3.141566288,-0.000030119,0.382688353,0.923877493,2.356183838,0.000026745,0.417577637,-0.028659342,0.349393494
1766484242.042843,1766484242.042739153,-0.000052862,3.141528471,-0.000012139,0.382683064,0.923879684,2.356195289,0.000039763,0.417570526,-0.028658949,0.348968018
1766484242.057799,1766484242.057732105,-0.000037026,3.141502639,0.000000120,0.382684786,0.923878971,2.356191561,0.000048666,0.417575104,-0.028658316,0.348619385
1766484242.072898,1766484242.072759151,-0.000040714,3.141508231,-0.000002654,0.382686631,0.923878206,2.356187566,0.000046788,0.417580872,-0.028657412,0.348221954
1766484242.087827,1766484242.087741613,-0.000039999,3.141506367,-0.000001967,0.382688354,0.923877493,2.356183838,0.000047513,0.417567230,-0.028661016,0.347859497
1766484242.102987,1766484242.102777958,0.000019914,3.141410227,0.000044105,0.382685767,0.923878561,2.356189430,0.000080460,0.417553802,-0.028664621,0.347489960
1766484242.117850,1766484242.117741823,0.000055186,3.141352969,0.000071355,0.382687855,0.923877692,2.356184903,0.000100160,0.417547028,-0.028666700,0.347097626
1766484242.132850,1766484242.132746458,0.000055186,3.141352969,0.000071355,0.382687855,0.923877692,2.356184903,0.000100160,0.417547028,-0.028666700,0.347097626
1766484242.147868,1766484242.147740841,0.000029816,3.141393183,0.000051941,0.382686751,0.923878153,2.356187300,0.000086438,0.417543762,-0.028665331,0.346683655
1766484242.162968,1766484242.162768841,-0.000042314,3.141508764,-0.000003494,0.382688600,0.923877391,2.356183305,0.000046848,0.417514130,-0.028672710,0.346204834
1766484242.177809,1766484242.177739859,-0.000140390,-3.141519150,0.000078916,-0.382685889,-0.923878511,2.356189164,0.000007091,0.417448456,-0.028688421,0.345752869
1766484242.192815,1766484242.192740917,-0.000170888,-3.141470414,0.000102330,-0.382687731,-0.923877746,2.356185169,0.000023769,0.417407227,-0.028698492,0.345328888
1766484242.207857,1766484242.207743406,-0.000133631,-3.141530602,0.000073602,-0.382689581,-0.923876983,2.356181174,0.000003094,0.417405548,-0.028699371,0.344937012
1766484242.222821,1766484242.222744465,-0.000099599,-3.141585729,0.000047334,-0.382691428,-0.923876219,2.356177180,-0.000015859,0.417414032,-0.028697849,0.344570496
1766484242.237854,1766484242.237753153,-0.000081585,3.141570283,-0.000033407,0.382686139,0.923878410,2.356188631,0.000025945,0.417399567,-0.028699183,0.344152069
1766484242.252793,1766484242.252739906,-0.000094424,3.141590523,-0.000043210,0.382689091,0.923877187,2.356182240,0.000019052,0.417349823,-0.028711481,0.343532440
1766484242.268162,1766484242.267865181,-0.000093736,3.141589458,-0.000042689,0.382686508,0.923878258,2.356187832,0.000019412,0.417330933,-0.028716377,0.343113129
1766484242.282809,1766484242.282746553,-0.000093736,3.141589458,-0.000042689,0.382686508,0.923878258,2.356187832,0.000019412,0.417330933,-0.028716377,0.343113129
1766484242.297863,1766484242.297757149,-0.000130413,-3.141537526,0.000070791,-0.382688105,-0.923877594,2.356184370,0.000000512,0.417323914,-0.028718414,0.342719391
1766484242.312885,1766484242.312761068,-0.000109421,-3.141571615,0.000054571,-0.382687122,-0.923878003,2.356186501,-0.000011218,0.417329956,-0.028714911,0.342342224
1766484242.327865,1766484242.327758074,-0.000038510,3.141499709,-0.000000005,0.382689092,0.923877187,2.356182240,0.000050303,0.417323456,-0.028716921,0.341997253
1766484242.342880,1766484242.342760086,0.000044306,3.141366551,0.000063730,0.382686503,0.923878253,2.356187832,0.000095968,0.417313263,-0.028719767,0.341650879
1766484242.357863,1766484242.357761145,0.000061726,3.141338322,0.000077179,0.382688346,0.923877488,2.356183838,0.000105675,0.417298462,-0.028723673,0.341272980
1766484242.372930,1766484242.372776985,0.000000000,3.141437924,0.000029607,0.382690197,0.923876727,2.356179843,0.000071476,0.417273560,-0.028729956,0.340807159
1766484242.387820,1766484242.387748957,-0.000104609,-3.141580403,0.000050667,-0.382689091,-0.923877187,2.356182240,-0.000014357,0.417225159,-0.028739090,0.340350220
1766484242.402888,1766484242.402770758,-0.000169040,-3.141476806,0.000100253,-0.382686501,-0.923878256,2.356187832,0.000021170,0.417171112,-0.028752169,0.339886322
1766484242.417865,1766484242.417759657,-0.000173630,-3.141469882,0.000103698,-0.382688223,-0.923877542,2.356184104,0.000023490,0.417145935,-0.028758478,0.339498840
1766484242.432926,1766484242.432778358,-0.000141383,-3.141521814,0.000078865,-0.382687243,-0.923877951,2.356186234,0.000005671,0.417144653,-0.028756704,0.339109314
1766484242.447859,1766484242.447756529,-0.000104583,-3.141581202,0.000050502,-0.382684908,-0.923878920,2.356191294,-0.000014721,0.417132965,-0.028759911,0.338724915
1766484242.462890,1766484242.462769985,-0.000092530,3.141584664,-0.000041215,0.382686631,0.923878207,2.356187566,0.000021396,0.417100891,-0.028767855,0.338350159
1766484242.477893,1766484242.477770090,-0.000116663,-3.141562027,0.000059751,-0.382683923,-0.923879327,2.356193425,-0.000008175,0.417063538,-0.028776987,0.337943848
1766484242.492904,1766484242.492776394,-0.000106580,-3.141578273,0.000051985,-0.382685892,-0.923878512,2.356189164,-0.000013750,0.417049347,-0.028780787,0.337543976
1766484242.507842,1766484242.507761002,-0.000114210,-3.141566288,0.000057803,-0.382684907,-0.923878920,2.356191294,-0.000009674,0.417049194,-0.028778742,0.337129120
1766484242.522885,1766484242.522776604,-0.000077179,3.141559364,-0.000029283,0.382682202,0.923880041,2.356197153,0.000030145,0.417045410,-0.028780062,0.336772980
1766484242.537932,1766484242.537792206,-0.000010644,3.141452305,0.000021938,0.382683924,0.923879326,2.356193425,0.000066869,0.417032806,-0.028783476,0.336446747
1766484242.552836,1766484242.552765846,0.000056897,3.141343914,0.000073877,0.382686009,0.923878456,2.356188898,0.000104016,0.417014648,-0.028788218,0.336066681
1766484242.567888,1766484242.567781925,0.000045037,3.141362823,0.000064781,0.382684904,0.923878916,2.356191294,0.000097550,0.416994476,-0.028790831,0.335690491
1766484242.582913,1766484242.582789660,0.000015838,3.141409428,0.000042375,0.382686752,0.923878153,2.356187300,0.000081609,0.416978424,-0.028794994,0.335290283
1766484242.597893,1766484242.597781181,-0.000008610,3.141448577,0.000023591,0.382688599,0.923877390,2.356183305,0.000068202,0.416945282,-0.028803198,0.334861328
1766484242.612865,1766484242.612770796,-0.000007154,3.141446180,0.000024722,0.382685892,0.923878511,2.356189164,0.000069031,0.416902008,-0.028813763,0.334459045
1766484242.628006,1766484242.627806664,-0.000041430,3.141501307,-0.000001660,0.382687985,0.923877646,2.356184636,0.000050124,0.416851105,-0.028826097,0.334017761
1766484242.642983,1766484242.642827749,-0.000112685,-3.141569750,0.000056436,-0.382689705,-0.923876932,2.356180908,-0.000010982,0.416813873,-0.028835247,0.333563293
1766484242.657905,1766484242.657785892,-0.000112685,-3.141569750,0.000056436,-0.382689705,-0.923876932,2.356180908,-0.000010982,0.416813873,-0.028835247,0.333563293
1766484242.672854,1766484242.672776222,-0.000176467,-3.141467485,0.000105467,-0.382688592,-0.923877389,2.356183305,0.000024054,0.416787628,-0.028839247,0.333128876
1766484242.687885,1766484242.687787533,-0.000155691,-3.141500775,0.000089500,-0.382685888,-0.923878511,2.356189164,0.000012652,0.416750275,-0.028848415,0.332752411
1766484242.702892,1766484242.702786922,-0.000100393,-3.141589724,0.000046936,-0.382687984,-0.923877646,2.356184636,-0.000017856,0.416723389,-0.028855169,0.332379364
1766484242.717904,1766484242.717791557,-0.000064516,3.141538059,-0.000019356,0.382689830,0.923876882,2.356180642,0.000037564,0.416708221,-0.028859184,0.332018066
1766484242.733024,1766484242.732815742,-0.000067315,3.141560962,-0.000025032,0.382687246,0.923877952,2.356186234,0.000027520,0.416690186,-0.028865009,0.331598969
1766484242.747936,1766484242.747796774,-0.000134141,-3.141517020,0.000076437,-0.382689088,-0.923877187,2.356182240,0.000009271,0.416645050,-0.028875977,0.331158295
1766484242.762922,1766484242.762795687,-0.000148179,-3.141494649,0.000087202,-0.382683304,-0.923879581,2.356194757,0.000016919,0.416607178,-0.028882692,0.330788879
1766484242.777859,1766484242.777775049,-0.000066058,3.141558831,-0.000024043,0.382685401,0.923878716,2.356190229,0.000028263,0.416605072,-0.028883675,0.330438690
1766484242.792914,1766484242.792794466,-0.000005177,3.141460827,0.000022833,0.382687245,0.923877951,2.356186234,0.000061886,0.416608032,-0.028883474,0.330093353
1766484242.807912,1766484242.807796717,0.000019616,3.141421146,0.000041879,0.382689089,0.923877185,2.356182240,0.000075472,0.416587433,-0.028888750,0.329711914
1766484242.822854,1766484242.822781086,0.000009466,3.141437658,0.000034030,0.382686506,0.923878256,2.356187832,0.000069788,0.416537109,-0.028900948,0.329304474
1766484242.837913,1766484242.837799549,-0.000016971,3.141480268,0.000013665,0.382688230,0.923877543,2.356184104,0.000055163,0.416479767,-0.028914768,0.328906708
1766484242.852896,1766484242.852793694,-0.000089622,-3.141588393,0.000042215,-0.382690075,-0.923876780,2.356180109,-0.000015180,0.416414276,-0.028930494,0.328443481
1766484242.867940,1766484242.867798328,-0.000161226,-3.141473344,0.000097306,-0.382689085,-0.923877186,2.356182240,0.000024264,0.416367554,-0.028939302,0.327996826
1766484242.882924,1766484242.882787466,-0.000173666,-3.141453370,0.000106874,-0.382686746,-0.923878153,2.356187300,0.000031110,0.416342621,-0.028945631,0.327548767
1766484242.898013,1766484242.897832394,-0.000130191,-3.141523145,0.000073440,-0.382688473,-0.923877442,2.356183571,0.000007197,0.416308990,-0.028953922,0.327202271
1766484242.912991,1766484242.912829876,-0.000110596,-3.141554304,0.000058426,-0.382690197,-0.923876729,2.356179843,-0.000003447,0.416264343,-0.028964798,0.326847321
1766484242.927911,1766484242.927807093,-0.000115718,-3.141546048,0.000062372,-0.382687613,-0.923877799,2.356185435,-0.000000613,0.416224579,-0.028974525,0.326444916
1766484242.942931,1766484242.942809820,-0.000149610,-3.141491720,0.000088424,-0.382689209,-0.923877135,2.356181973,0.000017998,0.416200409,-0.028980619,0.326040009
1766484242.958149,1766484242.957891464,-0.000165244,-3.141466420,0.000100487,-0.382688346,-0.923877491,2.356183838,0.000026694,0.416169861,-0.028985691,0.325613861
1766484242.972887,1766484242.972789764,-0.000131574,-3.141520482,0.000074589,-0.382690318,-0.923876677,2.356179576,0.000008163,0.416127380,-0.028996115,0.325226257
1766484242.987900,1766484242.987789631,-0.000075582,3.141575077,-0.000031551,0.382687738,0.923877748,2.356185169,0.000022582,0.416106415,-0.029001488,0.324876923
1766484243.002877,1766484243.002784967,-0.000013196,3.141474676,0.000016479,0.382689706,0.923876932,2.356180908,0.000057024,0.416110626,-0.029000969,0.324539398
1766484243.017879,1766484243.017788649,0.000000000,3.141453104,0.000026702,0.382688475,0.923877441,2.356183571,0.000064463,0.416096313,-0.029002195,0.324181244
1766484243.032882,1766484243.032789469,0.000000000,3.141453104,0.000026702,0.382688475,0.923877441,2.356183571,0.000064463,0.416096313,-0.029002195,0.324181244
1766484243.047904,1766484243.047789335,-0.000007236,3.141465354,0.000021016,0.382690321,0.923876677,2.356179576,0.000060189,0.416048340,-0.029013840,0.323793701
1766484243.062867,1766484243.062789202,0.000000000,3.141454169,0.000026498,0.382687737,0.923877747,2.356185169,0.000063971,0.415989410,-0.029028078,0.323387970
1766484243.077863,1766484243.077796936,0.000001263,3.141452305,0.000027438,0.382689705,0.923876931,2.356180908,0.000064591,0.415940430,-0.029040018,0.322965881
1766484243.092870,1766484243.092791080,-0.000081778,3.141585996,-0.000036502,0.382691429,0.923876219,2.356177180,0.000018723,0.415888794,-0.029052448,0.322539917
1766484243.107883,1766484243.107795000,-0.000134743,-3.141514357,0.000077225,-0.382688719,-0.923877340,2.356183039,0.000010386,0.415837036,-0.029064993,0.322100525
1766484243.122894,1766484243.122797489,-0.000122960,-3.141532999,0.000068215,-0.382687859,-0.923877697,2.356184903,0.000004029,0.415794830,-0.029072769,0.321707153
1766484243.137886,1766484243.137795448,-0.000076821,3.141578539,-0.000032786,0.382690691,0.923876525,2.356178778,0.000021220,0.415733185,-0.029087894,0.321134827
1766484243.152885,1766484243.152793407,-0.000076821,3.141578539,-0.000032786,0.382690691,0.923876525,2.356178778,0.000021220,0.415733185,-0.029087894,0.321134827
1766484243.167912,1766484243.167805433,-0.000096277,-3.141575077,0.000047837,-0.382690075,-0.923876780,2.356180109,-0.000010303,0.415663849,-0.029105070,0.320293030
1766484243.182888,1766484243.182797909,-0.000048378,3.141533531,-0.000011035,0.382691798,0.923876066,2.356176381,0.000036568,0.415626312,-0.029114260,0.319963440
1766484243.197898,1766484243.197800636,-0.000048378,3.141533531,-0.000011035,0.382691798,0.923876066,2.356176381,0.000036568,0.415626312,-0.029114260,0.319963440
1766484243.212894,1766484243.212800026,-0.000008355,3.141469349,0.000019734,0.382690936,0.923876422,2.356178245,0.000058558,0.415580536,-0.029122885,0.319590393
1766484243.227949,1766484243.227802753,0.000006597,3.141445647,0.000031176,0.382688106,0.923877594,2.356184370,0.000066646,0.415545380,-0.029131533,0.319234375
1766484243.242982,1766484243.242828846,-0.000021979,3.141491720,0.000009160,0.382690076,0.923876779,2.356180109,0.000050831,0.415521912,-0.029137442,0.318834656
1766484243.257903,1766484243.257804394,0.000000000,3.141456566,0.000026040,0.382691920,0.923876014,2.356176114,0.000062864,0.415493256,-0.029144621,0.318448120
1766484243.273032,1766484243.272854805,0.000062184,3.141356964,0.000073823,0.382689208,0.923877132,2.356181973,0.000096976,0.415448059,-0.029155655,0.318108459
1766484243.287956,1766484243.287843704,0.000123723,3.141276270,0.000117691,0.382688339,0.923877485,2.356183838,0.000122476,0.415401733,-0.029165537,0.317740601
1766484243.302977,1766484243.302829266,0.000113330,3.141293314,0.000109629,0.382690063,0.923876772,2.356180109,0.000116591,0.415355713,-0.029176741,0.317347870
1766484243.318007,1766484243.317846775,0.000000000,3.141474676,0.000022575,0.382691920,0.923876015,2.356176114,0.000054499,0.415288330,-0.029192909,0.316872375
1766484243.333043,1766484243.332859278,-0.000118508,-3.141518884,0.000068859,-0.382689088,-0.923877187,2.356182240,0.000011401,0.415203400,-0.029213118,0.316411835
1766484243.347958,1766484243.347833395,-0.000112410,-3.141528471,0.000064207,-0.382688228,-0.923877544,2.356184104,0.000008139,0.415139832,-0.029225908,0.315998047
1766484243.362957,1766484243.362832308,-0.000074961,-3.141588126,0.000035494,-0.382690198,-0.923876729,2.356179843,-0.000012252,0.415098755,-0.029236000,0.315612396
1766484243.377965,1766484243.377824545,-0.000045847,3.141550576,-0.000013127,0.382687615,0.923877799,2.356185435,0.000028210,0.415073730,-0.029242319,0.315258698
1766484243.393210,1766484243.392912865,-0.000075767,-3.141586262,0.000036223,-0.382689337,-0.923877086,2.356181707,-0.000011545,0.415033966,-0.029252047,0.314845856
1766484243.408210,1766484243.407916307,-0.000102206,-3.141543651,0.000056589,-0.382688351,-0.923877493,2.356183838,0.000003080,0.414977814,-0.029263092,0.314432159
1766484243.422929,1766484243.422826052,-0.000128854,-3.141500242,0.000077205,-0.382685766,-0.923878563,2.356189430,0.000018033,0.414903198,-0.029280972,0.314014130
1766484243.437973,1766484243.437845707,-0.000135973,-3.141488524,0.000082736,-0.382687487,-0.923877849,2.356185702,0.000022084,0.414847260,-0.029294491,0.313623779
1766484243.452958,1766484243.452846289,-0.000099537,-3.141546847,0.000054745,-0.382689336,-0.923877086,2.356181707,0.000002114,0.414828583,-0.029299334,0.313264954
1766484243.467961,1766484243.467837572,-0.000060162,3.141575609,-0.000024530,0.382691183,0.923876322,2.356177712,0.000019385,0.414815948,-0.029302763,0.312910217
1766484243.482989,1766484243.482830524,-0.000007163,3.141490921,0.000016157,0.382688599,0.923877391,2.356183305,0.000048365,0.414776276,-0.029312479,0.312560364
1766484243.497989,1766484243.497851849,0.000000000,3.141478404,0.000021861,0.382687491,0.923877849,2.356185702,0.000052776,0.414720947,-0.029323322,0.312204315
1766484243.513007,1766484243.512857914,-0.000008423,3.141512226,0.000011498,0.382689337,0.923877086,2.356181707,0.000038764,0.414667114,-0.029337500,0.311789673
1766484243.527956,1766484243.527847528,-0.000060127,-3.141589724,0.000028336,-0.382691306,-0.923876271,2.356177446,-0.000010152,0.414605530,-0.029352367,0.311335083
1766484243.542975,1766484243.542850018,-0.000096752,-3.141530602,0.000056567,-0.382688720,-0.923877340,2.356183039,0.000010151,0.414527863,-0.029370951,0.310916901
1766484243.558011,1766484243.557863951,-0.000146097,-3.141450707,0.000094649,-0.382690561,-0.923876574,2.356179044,0.000037616,0.414441223,-0.029391649,0.310479431
1766484243.572962,1766484243.572850943,-0.000146097,-3.141450707,0.000094649,-0.382690561,-0.923876574,2.356179044,0.000037616,0.414441223,-0.029391649,0.310479431
1766484243.587903,1766484243.587824106,-0.000121182,-3.141490388,0.000075547,-0.382689579,-0.923876983,2.356181174,0.000024053,0.414392609,-0.029400940,0.310102051
1766484243.602978,1766484243.602860212,-0.000137259,-3.141464023,0.000088018,-0.382686871,-0.923878103,2.356187033,0.000033156,0.414354980,-0.029410156,0.309721619
1766484243.617918,1766484243.617832184,-0.000149630,-3.141443783,0.000097605,-0.382688715,-0.923877338,2.356183039,0.000040138,0.414306824,-0.029421894,0.309310791
1766484243.632977,1766484243.632859230,-0.000130773,-3.141473610,0.000083187,-0.382690563,-0.923876575,2.356179044,0.000029968,0.414245361,-0.029436686,0.308950195
1766484243.647942,1766484243.647831440,-0.000072009,-3.141567620,0.000038054,-0.382692658,-0.923875710,2.356174516,-0.000002215,0.414188477,-0.029450520,0.308555023
1766484243.663270,1766484243.662930727,-0.000082167,-3.141550842,0.000045956,-0.382689828,-0.923876882,2.356180642,0.000003592,0.414139557,-0.029462358,0.308191254
1766484243.677950,1766484243.677847624,-0.000093323,-3.141532466,0.000054626,-0.382688720,-0.923877340,2.356183039,0.000009946,0.414101288,-0.029469198,0.307819031
1766484243.693010,1766484243.692864656,-0.000058347,-3.141588126,0.000027819,-0.382690567,-0.923876577,2.356179044,-0.000009073,0.414069550,-0.029477108,0.307455627
1766484243.708043,1766484243.707866669,0.000040020,3.141439522,0.000047788,0.382692410,0.923875810,2.356175049,0.000063080,0.414040924,-0.029484249,0.307155548
1766484243.722922,1766484243.722840786,0.000097180,3.141348442,0.000091620,0.382690067,0.923876775,2.356180109,0.000094216,0.413992096,-0.029496174,0.306796326
1766484243.738005,1766484243.737875223,0.000114561,3.141321011,0.000104898,0.382691787,0.923876060,2.356176381,0.000103561,0.413936798,-0.029509575,0.306403259
1766484243.752964,1766484243.752860308,0.000047966,3.141428603,0.000053548,0.382686382,0.923878307,2.356188099,0.000066603,0.413873138,-0.029522381,0.305942932
1766484243.768217,1766484243.767926693,-0.000006342,3.141516221,0.000011695,0.382688107,0.923877595,2.356184370,0.000036521,0.413804321,-0.029538883,0.305536377
1766484243.783017,1766484243.782863617,-0.000033576,3.141560696,-0.000009395,0.382689953,0.923876831,2.356180375,0.000021187,0.413717133,-0.029559679,0.305134186
1766484243.797956,1766484243.797853708,-0.000023236,3.141544717,-0.000001561,0.382687246,0.923877952,2.356186234,0.000026590,0.413644348,-0.029577164,0.304745911
1766484243.812975,1766484243.812855244,-0.000054439,-3.141590257,0.000025606,-0.382689091,-0.923877188,2.356182240,-0.000009309,0.413582977,-0.029591925,0.304330017
1766484243.827990,1766484243.827864408,-0.000100077,-3.141516487,0.000060803,-0.382690811,-0.923876474,2.356178511,0.000016035,0.413530304,-0.029604687,0.303925079
1766484243.842949,1766484243.842854500,-0.000113158,-3.141494916,0.000070974,-0.382692778,-0.923875658,2.356174250,0.000023497,0.413460388,-0.029621473,0.303525818
1766484243.857970,1766484243.857853413,-0.000086701,-3.141536727,0.000050752,-0.382691919,-0.923876016,2.356176114,0.000009245,0.413396576,-0.029634371,0.303123108
1766484243.873066,1766484243.872874022,-0.000052174,-3.141591588,0.000024305,-0.382689091,-0.923877188,2.356182240,-0.000009491,0.413359833,-0.029643394,0.302798340
1766484243.887945,1766484243.887852907,-0.000061315,-3.141576408,0.000031432,-0.382691059,-0.923876373,2.356177979,-0.000004228,0.413307739,-0.029656050,0.302393555
1766484243.903008,1766484243.902875185,-0.000112705,-3.141493318,0.000071070,-0.382692655,-0.923875709,2.356174516,0.000024321,0.413231720,-0.029674215,0.301996765
1766484243.918075,1766484243.917872906,-0.000072835,-3.141556435,0.000040576,-0.382687245,-0.923877952,2.356186234,0.000002794,0.413169861,-0.029686609,0.301636963
1766484243.933270,1766484243.932954073,-0.000001673,3.141515156,0.000014056,0.382689091,0.923877188,2.356182240,0.000036119,0.413131470,-0.029696074,0.301305145
1766484243.947965,1766484243.947857141,-0.000001673,3.141515156,0.000014056,0.382689091,0.923877188,2.356182240,0.000036119,0.413131470,-0.029696074,0.301305145
1766484243.962971,1766484243.962862015,0.000070483,3.141399574,0.000069503,0.382690932,0.923876421,2.356178245,0.000075704,0.413100006,-0.029703899,0.300985992
1766484243.978221,1766484243.977909803,0.000069489,3.141401705,0.000068637,0.382693023,0.923875554,2.356173718,0.000074910,0.413043671,-0.029717573,0.300560974
1766484243.992965,1766484243.992851019,0.000049303,3.141434994,0.000052942,0.382690318,0.923876676,2.356179576,0.000063395,0.412966858,-0.029735968,0.300163361
1766484244.007950,1766484244.007856131,-0.000038870,3.141577740,-0.000015102,0.382690076,0.923876781,2.356180109,0.000014327,0.412810455,-0.029770617,0.299532654
1766484244.022933,1766484244.022845745,-0.000073478,-3.141551375,0.000041841,-0.382692166,-0.923875914,2.356175582,0.000005009,0.412716370,-0.029793098,0.299086060
1766484244.038004,1766484244.037873507,-0.000101024,-3.141506367,0.000063177,-0.382689458,-0.923877034,2.356181441,0.000020529,0.412660309,-0.029806656,0.298671204
1766484244.052930,1766484244.052847147,-0.000118893,-3.141477072,0.000077037,-0.382691178,-0.923876320,2.356177712,0.000030642,0.412606415,-0.029819664,0.298302246
1766484244.068078,1766484244.067901373,-0.000090868,-3.141521547,0.000055581,-0.382693149,-0.923875506,2.356173451,0.000015459,0.412533813,-0.029837105,0.297935974
1766484244.082946,1766484244.082858562,-0.000073349,-3.141548978,0.000042240,-0.382687368,-0.923877901,2.356185968,0.000006141,0.412464142,-0.029851299,0.297575562
1766484244.098008,1766484244.097887516,-0.000075738,-3.141544184,0.000044261,-0.382689459,-0.923877035,2.356181441,0.000007898,0.412394012,-0.029868200,0.297145172
1766484244.112937,1766484244.112848043,-0.000105946,-3.141494916,0.000067642,-0.382691179,-0.923876321,2.356177712,0.000024877,0.412336517,-0.029882086,0.296746033
1766484244.128131,1766484244.127924681,-0.000105946,-3.141494916,0.000067642,-0.382691179,-0.923876321,2.356177712,0.000024877,0.412336517,-0.029882086,0.296746033
1766484244.142994,1766484244.142869234,-0.000128956,-3.141457365,0.000085457,-0.382692899,-0.923875606,2.356173984,0.000037820,0.412264252,-0.029899385,0.296373260
1766484244.157921,1766484244.157846689,-0.000069400,-3.141552174,0.000039804,-0.382687491,-0.923877850,2.356185702,0.000005420,0.412203949,-0.029911438,0.296033142
1766484244.172986,1766484244.172871590,0.000023599,3.141484263,0.000031641,0.382689213,0.923877136,2.356181973,0.000045554,0.412174561,-0.029918766,0.295744415
1766484244.187985,1766484244.187858582,0.000090218,3.141378003,0.000082748,0.382691299,0.923876267,2.356177446,0.000081893,0.412131348,-0.029929409,0.295377380
1766484244.202997,1766484244.202870369,0.000089690,3.141379601,0.000082198,0.382688592,0.923877388,2.356183305,0.000081256,0.412071259,-0.029943895,0.295002808
1766484244.217942,1766484244.217850924,0.000074495,3.141404634,0.000070388,0.382687610,0.923877797,2.356185435,0.000072599,0.411995056,-0.029959654,0.294616180
1766484244.233195,1766484244.232951641,0.000029588,3.141495981,0.000032166,0.382689582,0.923876984,2.356181174,0.000038995,0.411892548,-0.029985210,0.294159698
1766484244.247959,1766484244.247851133,-0.000029249,3.141591322,-0.000013257,0.382691183,0.923876322,2.356177712,0.000006212,0.411806915,-0.030005619,0.293749664
1766484244.262952,1766484244.262856960,-0.000069241,-3.141529004,0.000044164,-0.382688598,-0.923877392,2.356183305,0.000016153,0.411733276,-0.030023296,0.293341095
1766484244.277925,1766484244.277845860,-0.000058038,-3.141546315,0.000035677,-0.382690444,-0.923876628,2.356179310,0.000010301,0.411659943,-0.030040916,0.292947449
1766484244.293012,1766484244.292874336,-0.000041403,-3.141572147,0.000023049,-0.382689829,-0.923876883,2.356180642,0.000001550,0.411568695,-0.030060253,0.292514008
1766484244.307974,1766484244.307881832,-0.000018233,3.141576675,-0.000005365,0.382691429,0.923876220,2.356177180,0.000010870,0.411513031,-0.030073664,0.292208313
1766484244.322935,1766484244.322849989,-0.000031460,-3.141586528,0.000015705,-0.382688722,-0.923877341,2.356183039,-0.000003190,0.411450439,-0.030088737,0.291818268
1766484244.338012,1766484244.337877512,-0.000060700,-3.141538858,0.000038333,-0.382690321,-0.923876678,2.356179576,0.000013236,0.411397491,-0.030101551,0.291441101
1766484244.352933,1766484244.352850676,-0.000047268,-3.141559630,0.000028154,-0.382692166,-0.923875914,2.356175582,0.000006210,0.411324127,-0.030119160,0.291063843
1766484244.367975,1766484244.367867231,0.000010334,3.141534064,0.000015985,0.382689829,0.923876882,2.356180642,0.000025087,0.411240814,-0.030139147,0.290700134
1766484244.382966,1766484244.382840872,0.000041965,3.141484263,0.000040125,0.382691550,0.923876168,2.356176913,0.000042040,0.411177734,-0.030154324,0.290367065
1766484244.398333,1766484244.397940636,0.000090355,3.141407298,0.000077205,0.382690685,0.923876523,2.356178778,0.000068334,0.411133881,-0.030162588,0.289991852
1766484244.412977,1766484244.412864208,0.000062520,3.141452838,0.000055633,0.382687858,0.923877696,2.356184903,0.000052624,0.411073700,-0.030177076,0.289618774
1766484244.427995,1766484244.427875757,0.000078287,3.141428337,0.000067605,0.382689702,0.923876931,2.356180908,0.000060925,0.410998383,-0.030195127,0.289264130
1766484244.442996,1766484244.442867994,0.000105779,3.141385193,0.000088560,0.382691544,0.923876165,2.356176913,0.000075594,0.410918640,-0.030214264,0.288884888
1766484244.457960,1766484244.457865238,0.000098842,3.141396911,0.000083114,0.382693390,0.923875401,2.356172919,0.000071508,0.410840912,-0.030232872,0.288505157
1766484244.472966,1766484244.472864866,-0.000020280,3.141589458,-0.000008757,0.382690691,0.923876526,2.356178778,0.000005357,0.410731415,-0.030258875,0.288035339
1766484244.487901,1766484244.487843513,-0.000096609,-3.141472279,0.000067660,-0.382689580,-0.923876983,2.356181174,0.000037120,0.410623169,-0.030282080,0.287600281
1766484244.502983,1766484244.502875328,-0.000086064,-3.141488258,0.000059732,-0.382691549,-0.923876168,2.356176913,0.000031756,0.410527863,-0.030304857,0.287188385
1766484244.517973,1766484244.517865181,-0.000086064,-3.141488258,0.000059732,-0.382691549,-0.923876168,2.356176913,0.000031756,0.410527863,-0.030304857,0.287188385
1766484244.532992,1766484244.532878876,-0.000046981,-3.141550043,0.000029856,-0.382693396,-0.923875405,2.356172919,0.000010694,0.410456573,-0.030321997,0.286848267
1766484244.548018,1766484244.547871351,0.000000000,3.141562027,0.000005860,0.382690691,0.923876526,2.356178778,0.000014147,0.410398071,-0.030336124,0.286510010
1766484244.563297,1766484244.562979460,0.000003182,3.141556168,0.000008451,0.382689706,0.923876934,2.356180908,0.000016245,0.410334625,-0.030348904,0.286124084
1766484244.577941,1766484244.577855825,-0.000047315,-3.141547114,0.000030571,-0.382691428,-0.923876220,2.356177180,0.000011983,0.410245422,-0.030370192,0.285722076
1766484244.592924,1766484244.592849493,-0.000067957,-3.141513025,0.000046628,-0.382688721,-0.923877341,2.356183039,0.000023780,0.410153198,-0.030392164,0.285343567
1766484244.607967,1766484244.607866287,-0.000058763,-3.141526607,0.000039782,-0.382690566,-0.923876576,2.356179044,0.000019265,0.410066528,-0.030412909,0.284953949
1766484244.623014,1766484244.622873783,-0.000014838,3.141589191,-0.000006192,0.382692413,0.923875813,2.356175049,0.000004438,0.410016022,-0.030425220,0.284597260
1766484244.637947,1766484244.637858152,0.000070330,3.141453370,0.000059139,0.382689826,0.923876881,2.356180642,0.000050883,0.409981171,-0.030433836,0.284303650
1766484244.652933,1766484244.652850151,0.000127749,3.141362024,0.000103142,0.382688835,0.923877285,2.356182772,0.000082093,0.409907532,-0.030449022,0.283976044
1766484244.668038,1766484244.667889357,0.000132778,3.141354833,0.000106841,0.382690557,0.923876571,2.356179044,0.000084452,0.409819733,-0.030469978,0.283626709
1766484244.682962,1766484244.682855129,0.000120929,3.141374807,0.000097546,0.382692404,0.923875808,2.356175049,0.000077492,0.409731262,-0.030491131,0.283217896
1766484244.697954,1766484244.697858810,0.000065272,3.141465354,0.000054510,0.382689704,0.923876932,2.356180908,0.000046315,0.409649414,-0.030510719,0.282795624
1766484244.713068,1766484244.712917089,-0.000002969,3.141576142,0.000001788,0.382691552,0.923876169,2.356176913,0.000008196,0.409538940,-0.030536985,0.282344116
1766484244.728089,1766484244.727929354,-0.000015583,-3.141588126,0.000008065,-0.382690568,-0.923876577,2.356179044,-0.000000890,0.409427216,-0.030561069,0.281943573
1766484244.743025,1766484244.742918968,0.000005001,3.141565489,0.000007508,0.382687984,0.923877647,2.356184636,0.000011591,0.409345886,-0.030580521,0.281599457
1766484244.757956,1766484244.757896423,0.000005092,3.141584398,0.000003932,0.382686631,0.923878208,2.356187566,0.000002839,0.409273956,-0.030596357,0.281274292
1766484244.773241,1766484244.772955418,0.000019040,3.141563093,0.000014452,0.382688230,0.923877545,2.356184104,0.000010012,0.409207397,-0.030612341,0.280951721
1766484244.787966,1766484244.787898779,0.000014073,3.141571615,0.000010526,0.382689460,0.923877036,2.356181441,0.000007026,0.409154694,-0.030624977,0.280692749
1766484244.803017,1766484244.802921534,0.000024008,3.141556168,0.000018071,0.382690567,0.923876577,2.356179044,0.000012260,0.409101563,-0.030637671,0.280465637
1766484244.818024,1766484244.817905664,0.000060583,3.141497845,0.000046126,0.382686875,0.923878105,2.356187033,0.000032204,0.409077026,-0.030643602,0.280348022
1766484244.833043,1766484244.832929134,0.000132021,3.141383595,0.000100987,0.382684776,0.923878968,2.356191561,0.000071311,0.409060974,-0.030645071,0.280250153
1766484244.847969,1766484244.847901583,0.000096497,3.141440853,0.000073622,0.382685027,0.923878868,2.356191028,0.000051658,0.409030426,-0.030652279,0.280149536
1766484244.863084,1766484244.862944126,0.000032419,3.141543918,0.000024301,0.382685154,0.923878819,2.356190762,0.000016310,0.409001801,-0.030658987,0.280066040
1766484244.878050,1766484244.877928019,0.000013748,3.141574011,0.000009918,0.382685155,0.923878819,2.356190762,0.000005981,0.408994995,-0.030660591,0.280030029
1766484244.893035,1766484244.892929077,0.000013748,3.141574011,0.000009918,0.382685155,0.923878819,2.356190762,0.000005981,0.408994995,-0.030660591,0.280030029
1766484244.908084,1766484244.907944918,0.000017780,3.141567620,0.000013003,0.382685278,0.923878768,2.356190495,0.000008162,0.409003448,-0.030658653,0.280021912
1766484244.923005,1766484244.922918320,0.000020130,3.141563891,0.000014802,0.382685278,0.923878768,2.356190495,0.000009435,0.409007416,-0.030657732,0.280014740
1766484244.938057,1766484244.937950611,0.000010268,3.141579604,0.000007240,0.382685401,0.923878717,2.356190229,0.000004063,0.409007294,-0.030657770,0.280006897
1766484244.953025,1766484244.952928305,0.000012064,3.141576675,0.000008630,0.382685401,0.923878717,2.356190229,0.000005073,0.409009216,-0.030657322,0.280005463
1766484244.968073,1766484244.967953920,0.000005480,3.141587327,0.000003551,0.382685401,0.923878717,2.356190229,0.000001412,0.409008331,-0.030657528,0.280000000
1766484244.983032,1766484244.982921124,0.000005507,3.141587327,0.000003563,0.382680849,0.923880603,2.356200083,0.000001407,0.409008331,-0.030657526,0.280000000
1766484244.997998,1766484244.997922421,0.000002248,3.141592654,0.000001039,0.382680849,0.923880603,2.356200083,-0.000000430,0.409006622,-0.030657928,0.279997040
1766484245.013140,1766484245.012983799,0.000002248,3.141592654,0.000001039,0.382680849,0.923880603,2.356200083,-0.000000430,0.409006622,-0.030657928,0.279997040
1766484245.028120,1766484245.027974844,0.000000000,-3.141587860,0.000000917,-0.382680849,-0.923880603,2.356200083,0.000002214,0.409004974,-0.030658316,0.279994171
1766484245.043037,1766484245.042941332,0.000000000,-3.141587860,0.000000917,-0.382680849,-0.923880603,2.356200083,0.000002214,0.409004974,-0.030658316,0.279994171
1766484245.057999,1766484245.057927608,0.000000000,-3.141587860,0.000000917,-0.382680849,-0.923880603,2.356200083,0.000002214,0.409004974,-0.030658316,0.279994171
1766484245.073076,1766484245.072952747,-0.000007594,-3.141576941,0.000006514,-0.382680849,-0.923880603,2.356200083,0.000005805,0.409004028,-0.030658522,0.279988647
1766484245.088030,1766484245.087940216,-0.000007594,-3.141576941,0.000006514,-0.382680849,-0.923880603,2.356200083,0.000005805,0.409004028,-0.030658522,0.279988647
1766484245.103050,1766484245.102946520,-0.000007594,-3.141576941,0.000006514,-0.382680849,-0.923880603,2.356200083,0.000005805,0.409004028,-0.030658522,0.279988647
1766484245.118095,1766484245.117955923,-0.000007594,-3.141576941,0.000006514,-0.382680849,-0.923880603,2.356200083,0.000005805,0.409004028,-0.030658522,0.279988647
1766484245.133067,1766484245.132956028,-0.000007594,-3.141576941,0.000006514,-0.382680849,-0.923880603,2.356200083,0.000005805,0.409004028,-0.030658522,0.279988647
1766484245.148005,1766484245.147927523,-0.000007594,-3.141576941,0.000006514,-0.382680849,-0.923880603,2.356200083,0.000005805,0.409004028,-0.030658522,0.279988647
1766484245.163098,1766484245.162956238,-0.000010852,-3.141571881,0.000008988,-0.382678019,-0.923881775,2.356206208,0.000007519,0.409002441,-0.030656376,0.279985718
1766484245.178089,1766484245.177958965,-0.000010852,-3.141571881,0.000008988,-0.382678019,-0.923881775,2.356206208,0.000007519,0.409002441,-0.030656376,0.279985718
1766484245.193006,1766484245.192931652,-0.000010852,-3.141571881,0.000008988,-0.382678019,-0.923881775,2.356206208,0.000007519,0.409002441,-0.030656376,0.279985718
1766484245.208013,1766484245.207937241,-0.000010852,-3.141571881,0.000008988,-0.382678019,-0.923881775,2.356206208,0.000007519,0.409002441,-0.030656376,0.279985718
1766484245.223088,1766484245.222963095,-0.000010852,-3.141571881,0.000008988,-0.382678019,-0.923881775,2.356206208,0.000007519,0.409002441,-0.030656376,0.279985718
1766484245.238078,1766484245.237957478,-0.000010852,-3.141571881,0.000008988,-0.382678019,-0.923881775,2.356206208,0.000007519,0.409002441,-0.030656376,0.279985718
1766484245.253016,1766484245.252933502,-0.000010852,-3.141571881,0.000008988,-0.382678019,-0.923881775,2.356206208,0.000007519,0.409002441,-0.030656376,0.279985718
1766484245.268069,1766484245.267961502,-0.000014126,-3.141566555,0.000011519,-0.382678019,-0.923881775,2.356206208,0.000009353,0.409000763,-0.030656780,0.279982697
1766484245.282995,1766484245.282935143,-0.000014126,-3.141566555,0.000011519,-0.382678019,-0.923881775,2.356206208,0.000009353,0.409000763,-0.030656780,0.279982697
1766484245.298052,1766484245.297944546,-0.000014126,-3.141566555,0.000011519,-0.382678019,-0.923881775,2.356206208,0.000009353,0.409000763,-0.030656780,0.279982697
1766484245.313016,1766484245.312940836,-0.000014126,-3.141566555,0.000011519,-0.382678019,-0.923881775,2.356206208,0.000009353,0.409000763,-0.030656780,0.279982697
1766484245.328261,1766484245.328030586,-0.000014126,-3.141566555,0.000011519,-0.382678019,-0.923881775,2.356206208,0.000009353,0.409000763,-0.030656780,0.279982697
1766484245.343023,1766484245.342946053,-0.000014126,-3.141566555,0.000011519,-0.382678019,-0.923881775,2.356206208,0.000009353,0.409000763,-0.030656780,0.279982697
1766484245.358017,1766484245.357944489,-0.000014126,-3.141566555,0.000011519,-0.382678019,-0.923881775,2.356206208,0.000009353,0.409000763,-0.030656780,0.279982697
1766484245.373121,1766484245.372980118,-0.000014126,-3.141566555,0.000011519,-0.382678019,-0.923881775,2.356206208,0.000009353,0.409000763,-0.030656780,0.279982697
1766484245.388097,1766484245.387973785,-0.000014126,-3.141566555,0.000011519,-0.382678019,-0.923881775,2.356206208,0.000009353,0.409000763,-0.030656780,0.279982697
1766484245.403078,1766484245.402962685,-0.000014126,-3.141566555,0.000011519,-0.382678019,-0.923881775,2.356206208,0.000009353,0.409000763,-0.030656780,0.279982697
1766484245.418077,1766484245.417965174,-0.000014126,-3.141566555,0.000011519,-0.382678019,-0.923881775,2.356206208,0.000009353,0.409000763,-0.030656780,0.279982697
1766484245.433094,1766484245.432971239,-0.000014126,-3.141566555,0.000011519,-0.382678019,-0.923881775,2.356206208,0.000009353,0.409000763,-0.030656780,0.279982697
1766484245.448072,1766484245.447961807,-0.000017416,-3.141560962,0.000014109,-0.382678019,-0.923881775,2.356206208,0.000011307,0.408999023,-0.030657187,0.279979736
1766484245.463048,1766484245.462956905,-0.000017416,-3.141560962,0.000014109,-0.382678019,-0.923881775,2.356206208,0.000011307,0.408999023,-0.030657187,0.279979736
1766484245.478041,1766484245.477949619,-0.000017416,-3.141560962,0.000014109,-0.382678019,-0.923881775,2.356206208,0.000011307,0.408999023,-0.030657187,0.279979736
1766484245.493045,1766484245.492954731,-0.000017416,-3.141560962,0.000014109,-0.382678019,-0.923881775,2.356206208,0.000011307,0.408999023,-0.030657187,0.279979736
1766484245.508317,1766484245.508033037,-0.000017416,-3.141560962,0.000014109,-0.382678019,-0.923881775,2.356206208,0.000011307,0.408999023,-0.030657187,0.279979736
1766484245.523045,1766484245.522955894,-0.000017416,-3.141560962,0.000014109,-0.382678019,-0.923881775,2.356206208,0.000011307,0.408999023,-0.030657187,0.279979736
1766484245.538400,1766484245.538043022,-0.000017416,-3.141560962,0.000014109,-0.382678019,-0.923881775,2.356206208,0.000011307,0.408999023,-0.030657187,0.279979736
1766484245.553042,1766484245.552955151,-0.000017416,-3.141560962,0.000014109,-0.382678019,-0.923881775,2.356206208,0.000011307,0.408999023,-0.030657187,0.279979736
1766484245.568089,1766484245.567978382,-0.000017416,-3.141560962,0.000014109,-0.382678019,-0.923881775,2.356206208,0.000011307,0.408999023,-0.030657187,0.279979736
1766484245.583091,1766484245.582969189,-0.000017416,-3.141560962,0.000014109,-0.382678019,-0.923881775,2.356206208,0.000011307,0.408999023,-0.030657187,0.279979736
1766484245.598097,1766484245.597980261,-0.000017416,-3.141560962,0.000014109,-0.382678019,-0.923881775,2.356206208,0.000011307,0.408999023,-0.030657187,0.279979736
1766484245.613119,1766484245.612984657,-0.000017416,-3.141560962,0.000014109,-0.382678019,-0.923881775,2.356206208,0.000011307,0.408999023,-0.030657187,0.279979736
1766484245.628071,1766484245.627972364,-0.000017416,-3.141560962,0.000014109,-0.382678019,-0.923881775,2.356206208,0.000011307,0.408999023,-0.030657187,0.279979736
1766484245.643148,1766484245.643001080,-0.000017416,-3.141560962,0.000014109,-0.382678019,-0.923881775,2.356206208,0.000011307,0.408999023,-0.030657187,0.279979736
1766484245.658034,1766484245.657963753,-0.000017416,-3.141560962,0.000014109,-0.382678019,-0.923881775,2.356206208,0.000011307,0.408999023,-0.030657187,0.279979736
1766484245.673067,1766484245.672976732,-0.000020800,-3.141555902,0.000016640,-0.382678019,-0.923881774,2.356206208,0.000012997,0.408997284,-0.030657595,0.279976685
1766484245.688092,1766484245.687988758,-0.000020800,-3.141555902,0.000016640,-0.382678019,-0.923881774,2.356206208,0.000012997,0.408997284,-0.030657595,0.279976685
1766484245.703123,1766484245.702985048,-0.000020800,-3.141555902,0.000016640,-0.382678019,-0.923881774,2.356206208,0.000012997,0.408997284,-0.030657595,0.279976685
1766484245.718033,1766484245.717962503,-0.000020800,-3.141555902,0.000016640,-0.382678019,-0.923881774,2.356206208,0.000012997,0.408997284,-0.030657595,0.279976685
1766484245.733131,1766484245.732989550,-0.000020800,-3.141555902,0.000016640,-0.382678019,-0.923881774,2.356206208,0.000012997,0.408997284,-0.030657595,0.279976685
1766484245.748076,1766484245.747975349,-0.000020800,-3.141555902,0.000016640,-0.382678019,-0.923881774,2.356206208,0.000012997,0.408997284,-0.030657595,0.279976685
1766484245.763044,1766484245.762970448,-0.000020800,-3.141555902,0.000016640,-0.382678019,-0.923881774,2.356206208,0.000012997,0.408997284,-0.030657595,0.279976685
1766484245.778020,1766484245.777927399,-0.000020800,-3.141555902,0.000016640,-0.382678019,-0.923881774,2.356206208,0.000012997,0.408997284,-0.030657595,0.279976685
1766484245.793267,1766484245.793030977,-0.000024062,-3.141550576,0.000019167,-0.382678019,-0.923881774,2.356206208,0.000014833,0.408998047,-0.030657404,0.279974304
1766484245.808121,1766484245.807992697,-0.000024062,-3.141550576,0.000019167,-0.382678019,-0.923881774,2.356206208,0.000014833,0.408998047,-0.030657404,0.279974304
1766484245.823027,1766484245.822967291,-0.000024062,-3.141550576,0.000019167,-0.382678019,-0.923881774,2.356206208,0.000014833,0.408998047,-0.030657404,0.279974304
1766484245.838106,1766484245.837994814,-0.000024062,-3.141550576,0.000019167,-0.382678019,-0.923881774,2.356206208,0.000014833,0.408998047,-0.030657404,0.279974304
1766484245.853115,1766484245.853000641,-0.000024062,-3.141550576,0.000019167,-0.382678019,-0.923881774,2.356206208,0.000014833,0.408998047,-0.030657404,0.279974304
1766484245.868098,1766484245.867995977,-0.000024062,-3.141550576,0.000019167,-0.382678019,-0.923881774,2.356206208,0.000014833,0.408998047,-0.030657404,0.279974304
1766484245.883039,1766484245.882970333,-0.000024062,-3.141550576,0.000019167,-0.382678019,-0.923881774,2.356206208,0.000014833,0.408998047,-0.030657404,0.279974304
1766484245.898222,1766484245.898028374,-0.000024062,-3.141550576,0.000019167,-0.382678019,-0.923881774,2.356206208,0.000014833,0.408998047,-0.030657404,0.279974304
1766484245.913138,1766484245.913004637,-0.000024062,-3.141550576,0.000019167,-0.382678019,-0.923881774,2.356206208,0.000014833,0.408998047,-0.030657404,0.279974304
1766484245.928105,1766484245.927990198,-0.000024062,-3.141550576,0.000019167,-0.382678019,-0.923881774,2.356206208,0.000014833,0.408998047,-0.030657404,0.279974304
1766484245.943093,1766484245.942999363,-0.000024062,-3.141550576,0.000019167,-0.382678019,-0.923881774,2.356206208,0.000014833,0.408998047,-0.030657404,0.279974304
1766484245.958129,1766484245.958010435,-0.000024062,-3.141550576,0.000019167,-0.382678019,-0.923881774,2.356206208,0.000014833,0.408998047,-0.030657404,0.279974304
1766484245.973083,1766484245.972992659,-0.000024062,-3.141550576,0.000019167,-0.382678019,-0.923881774,2.356206208,0.000014833,0.408998047,-0.030657404,0.279974304
1766484245.988080,1766484245.987983942,-0.000024062,-3.141550576,0.000019167,-0.382678019,-0.923881774,2.356206208,0.000014833,0.408998047,-0.030657404,0.279974304
1766484246.003081,1766484246.002996206,-0.000024062,-3.141550576,0.000019167,-0.382678019,-0.923881774,2.356206208,0.000014833,0.408998047,-0.030657404,0.279974304
1766484246.018126,1766484246.017993927,-0.000024062,-3.141550576,0.000019167,-0.382678019,-0.923881774,2.356206208,0.000014833,0.408998047,-0.030657404,0.279974304
1766484246.033103,1766484246.032996416,-0.000024062,-3.141550576,0.000019167,-0.382678019,-0.923881774,2.356206208,0.000014833,0.408998047,-0.030657404,0.279974304
1766484246.048194,1766484246.048003197,-0.000024062,-3.141550576,0.000019167,-0.382678019,-0.923881774,2.356206208,0.000014833,0.408998047,-0.030657404,0.279974304
1766484246.063271,1766484246.063042641,-0.000024062,-3.141550576,0.000019167,-0.382678019,-0.923881774,2.356206208,0.000014833,0.408998047,-0.030657404,0.279974304
1766484246.078116,1766484246.078007460,-0.000024062,-3.141550576,0.000019167,-0.382678019,-0.923881774,2.356206208,0.000014833,0.408998047,-0.030657404,0.279974304
1766484246.093064,1766484246.092989206,-0.000024062,-3.141550576,0.000019167,-0.382678019,-0.923881774,2.356206208,0.000014833,0.408998047,-0.030657404,0.279974304
1766484246.108224,1766484246.108025551,-0.000024062,-3.141550576,0.000019167,-0.382678019,-0.923881774,2.356206208,0.000014833,0.408998047,-0.030657404,0.279974304
1766484246.123073,1766484246.122991800,-0.000024062,-3.141550576,0.000019167,-0.382678019,-0.923881774,2.356206208,0.000014833,0.408998047,-0.030657404,0.279974304
1766484246.138087,1766484246.137996674,-0.000024062,-3.141550576,0.000019167,-0.382678019,-0.923881774,2.356206208,0.000014833,0.408998047,-0.030657404,0.279974304
1766484246.153087,1766484246.152992725,-0.000027242,-3.141545249,0.000021654,-0.382678019,-0.923881774,2.356206208,0.000016686,0.408996429,-0.030657797,0.279971375
1766484246.168150,1766484246.168018341,-0.000027242,-3.141545249,0.000021654,-0.382678019,-0.923881774,2.356206208,0.000016686,0.408996429,-0.030657797,0.279971375
1766484246.183080,1766484246.182990313,-0.000027242,-3.141545249,0.000021654,-0.382678019,-0.923881774,2.356206208,0.000016686,0.408996429,-0.030657797,0.279971375
1766484246.198087,1766484246.197995424,-0.000027242,-3.141545249,0.000021654,-0.382678019,-0.923881774,2.356206208,0.000016686,0.408996429,-0.030657797,0.279971375
1766484246.213085,1766484246.212997198,-0.000027242,-3.141545249,0.000021654,-0.382678019,-0.923881774,2.356206208,0.000016686,0.408996429,-0.030657797,0.279971375
1766484246.228326,1766484246.228066683,-0.000027242,-3.141545249,0.000021654,-0.382678019,-0.923881774,2.356206208,0.000016686,0.408996429,-0.030657797,0.279971375
1766484246.243066,1766484246.242992163,-0.000027242,-3.141545249,0.000021654,-0.382678019,-0.923881774,2.356206208,0.000016686,0.408996429,-0.030657797,0.279971375
1766484246.258040,1766484246.257990599,-0.000024062,-3.141550576,0.000019167,-0.382678019,-0.923881774,2.356206208,0.000014833,0.408998047,-0.030657404,0.279974304
1766484246.273143,1766484246.273020029,-0.000024062,-3.141550576,0.000019167,-0.382678019,-0.923881774,2.356206208,0.000014833,0.408998047,-0.030657404,0.279974304
1766484246.288067,1766484246.287998199,-0.000024062,-3.141550576,0.000019167,-0.382678019,-0.923881774,2.356206208,0.000014833,0.408998047,-0.030657404,0.279974304
1766484246.303094,1766484246.303011417,-0.000024062,-3.141550576,0.000019167,-0.382678019,-0.923881774,2.356206208,0.000014833,0.408998047,-0.030657404,0.279974304
1766484246.318062,1766484246.318000078,-0.000024062,-3.141550576,0.000019167,-0.382678019,-0.923881774,2.356206208,0.000014833,0.408998047,-0.030657404,0.279974304
1766484246.333134,1766484246.333020926,-0.000024062,-3.141550576,0.000019167,-0.382678019,-0.923881774,2.356206208,0.000014833,0.408998047,-0.030657404,0.279974304
1766484246.348056,1766484246.347997427,-0.000024062,-3.141550576,0.000019167,-0.382678019,-0.923881774,2.356206208,0.000014833,0.408998047,-0.030657404,0.279974304
1766484246.363092,1766484246.363008738,-0.000024062,-3.141550576,0.000019167,-0.382678019,-0.923881774,2.356206208,0.000014833,0.408998047,-0.030657404,0.279974304
1766484246.378063,1766484246.378000975,-0.000024062,-3.141550576,0.000019167,-0.382678019,-0.923881774,2.356206208,0.000014833,0.408998047,-0.030657404,0.279974304
1766484246.393057,1766484246.393000126,-0.000024062,-3.141550576,0.000019167,-0.382678019,-0.923881774,2.356206208,0.000014833,0.408998047,-0.030657404,0.279974304
1766484246.408167,1766484246.408022881,-0.000024062,-3.141550576,0.000019167,-0.382678019,-0.923881774,2.356206208,0.000014833,0.408998047,-0.030657404,0.279974304
1766484246.423090,1766484246.423003435,-0.000024062,-3.141550576,0.000019167,-0.382678019,-0.923881774,2.356206208,0.000014833,0.408998047,-0.030657404,0.279974304
1766484246.438182,1766484246.438036680,-0.000024062,-3.141550576,0.000019167,-0.382678019,-0.923881774,2.356206208,0.000014833,0.408998047,-0.030657404,0.279974304
1766484246.453107,1766484246.453015566,-0.000024062,-3.141550576,0.000019167,-0.382678019,-0.923881774,2.356206208,0.000014833,0.408998047,-0.030657404,0.279974304
1766484246.468116,1766484246.468022585,-0.000024062,-3.141550576,0.000019167,-0.382678019,-0.923881774,2.356206208,0.000014833,0.408998047,-0.030657404,0.279974304
1766484246.483145,1766484246.483018160,-0.000024062,-3.141550576,0.000019167,-0.382678019,-0.923881774,2.356206208,0.000014833,0.408998047,-0.030657404,0.279974304
1766484246.498087,1766484246.498016357,-0.000024062,-3.141550576,0.000019167,-0.382678019,-0.923881774,2.356206208,0.000014833,0.408998047,-0.030657404,0.279974304
1766484246.513141,1766484246.513023853,-0.000024062,-3.141550576,0.000019167,-0.382678019,-0.923881774,2.356206208,0.000014833,0.408998047,-0.030657404,0.279974304
1766484246.528109,1766484246.528015614,-0.000024062,-3.141550576,0.000019167,-0.382678019,-0.923881774,2.356206208,0.000014833,0.408998047,-0.030657404,0.279974304
1766484246.543168,1766484246.543032408,-0.000024062,-3.141550576,0.000019167,-0.382678019,-0.923881774,2.356206208,0.000014833,0.408998047,-0.030657404,0.279974304
1766484246.558066,1766484246.558013916,-0.000024062,-3.141550576,0.000019167,-0.382678019,-0.923881774,2.356206208,0.000014833,0.408998047,-0.030657404,0.279974304
1766484246.573117,1766484246.573026180,-0.000024062,-3.141550576,0.000019167,-0.382678019,-0.923881774,2.356206208,0.000014833,0.408998047,-0.030657404,0.279974304
1766484246.588115,1766484246.588036776,-0.000024062,-3.141550576,0.000019167,-0.382678019,-0.923881774,2.356206208,0.000014833,0.408998047,-0.030657404,0.279974304
1766484246.603145,1766484246.603039265,-0.000024062,-3.141550576,0.000019167,-0.382678019,-0.923881774,2.356206208,0.000014833,0.408998047,-0.030657404,0.279974304
1766484246.618106,1766484246.618024111,-0.000024062,-3.141550576,0.000019167,-0.382678019,-0.923881774,2.356206208,0.000014833,0.408998047,-0.030657404,0.279974304
1766484246.633173,1766484246.633038044,-0.000024062,-3.141550576,0.000019167,-0.382678019,-0.923881774,2.356206208,0.000014833,0.408998047,-0.030657404,0.279974304
1766484246.648194,1766484246.648048639,-0.000024062,-3.141550576,0.000019167,-0.382678019,-0.923881774,2.356206208,0.000014833,0.408998047,-0.030657404,0.279974304
1766484246.663119,1766484246.663029909,-0.000024062,-3.141550576,0.000019167,-0.382678019,-0.923881774,2.356206208,0.000014833,0.408998047,-0.030657404,0.279974304
1766484246.678081,1766484246.678021908,-0.000024062,-3.141550576,0.000019167,-0.382678019,-0.923881774,2.356206208,0.000014833,0.408998047,-0.030657404,0.279974304
1766484246.693161,1766484246.693038940,-0.000024062,-3.141550576,0.000019167,-0.382678019,-0.923881774,2.356206208,0.000014833,0.408998047,-0.030657404,0.279974304
1766484246.708280,1766484246.708109379,-0.000024088,-3.141550576,0.000019179,-0.382682571,-0.923879889,2.356196354,0.000014828,0.408998047,-0.030657404,0.279974304
1766484246.723075,1766484246.723023891,-0.000024088,-3.141550576,0.000019179,-0.382682571,-0.923879889,2.356196354,0.000014828,0.408998047,-0.030657404,0.279974304
1766484246.738166,1766484246.738051891,-0.000024088,-3.141550576,0.000019179,-0.382682571,-0.923879889,2.356196354,0.000014828,0.408998047,-0.030657404,0.279974304
1766484246.753294,1766484246.753049612,-0.000024088,-3.141550576,0.000019179,-0.382682571,-0.923879889,2.356196354,0.000014828,0.408998047,-0.030657404,0.279974304
1766484246.768185,1766484246.768051386,-0.000024088,-3.141550576,0.000019179,-0.382682571,-0.923879889,2.356196354,0.000014828,0.408998047,-0.030657404,0.279974304
1766484246.783107,1766484246.783030748,-0.000024088,-3.141550576,0.000019179,-0.382682571,-0.923879889,2.356196354,0.000014828,0.408998047,-0.030657404,0.279974304
1766484246.798182,1766484246.798052311,-0.000024088,-3.141550576,0.000019179,-0.382682571,-0.923879889,2.356196354,0.000014828,0.408998047,-0.030657404,0.279974304
1766484246.813136,1766484246.813038349,-0.000024088,-3.141550576,0.000019179,-0.382682571,-0.923879889,2.356196354,0.000014828,0.408998047,-0.030657404,0.279974304
1766484246.828095,1766484246.828031540,-0.000024088,-3.141550576,0.000019179,-0.382682571,-0.923879889,2.356196354,0.000014828,0.408998047,-0.030657404,0.279974304
1766484246.843126,1766484246.843039989,-0.000024088,-3.141550576,0.000019179,-0.382682571,-0.923879889,2.356196354,0.000014828,0.408998047,-0.030657404,0.279974304
1766484246.858149,1766484246.858042002,-0.000024088,-3.141550576,0.000019179,-0.382682571,-0.923879889,2.356196354,0.000014828,0.408998047,-0.030657404,0.279974304
1766484246.873132,1766484246.873044014,-0.000024088,-3.141550576,0.000019179,-0.382682571,-0.923879889,2.356196354,0.000014828,0.408998047,-0.030657404,0.279974304
1766484246.888111,1766484246.888036489,-0.000024088,-3.141550576,0.000019179,-0.382682571,-0.923879889,2.356196354,0.000014828,0.408998047,-0.030657404,0.279974304
1766484246.903176,1766484246.903052568,-0.000024088,-3.141550576,0.000019179,-0.382682571,-0.923879889,2.356196354,0.000014828,0.408998047,-0.030657404,0.279974304
1766484246.918171,1766484246.918049097,-0.000024088,-3.141550576,0.000019179,-0.382682571,-0.923879889,2.356196354,0.000014828,0.408998047,-0.030657404,0.279974304
1766484246.933139,1766484246.933047056,-0.000024088,-3.141550576,0.000019179,-0.382682571,-0.923879889,2.356196354,0.000014828,0.408998047,-0.030657404,0.279974304
1766484246.948189,1766484246.948062658,-0.000024088,-3.141550576,0.000019179,-0.382682571,-0.923879889,2.356196354,0.000014828,0.408998047,-0.030657404,0.279974304
1766484246.963162,1766484246.963054419,-0.000024088,-3.141550576,0.000019179,-0.382682571,-0.923879889,2.356196354,0.000014828,0.408998047,-0.030657404,0.279974304
1766484246.978112,1766484246.978043318,-0.000024088,-3.141550576,0.000019179,-0.382682571,-0.923879889,2.356196354,0.000014828,0.408998047,-0.030657404,0.279974304
1766484246.993088,1766484246.993038654,-0.000024088,-3.141550576,0.000019179,-0.382682571,-0.923879889,2.356196354,0.000014828,0.408998047,-0.030657404,0.279974304
1766484247.008124,1766484247.008048534,-0.000024088,-3.141550576,0.000019179,-0.382682571,-0.923879889,2.356196354,0.000014828,0.408998047,-0.030657404,0.279974304
1766484247.023103,1766484247.023045540,-0.000024088,-3.141550576,0.000019179,-0.382682571,-0.923879889,2.356196354,0.000014828,0.408998047,-0.030657404,0.279974304
1766484247.038151,1766484247.038055182,-0.000024088,-3.141550576,0.000019179,-0.382682571,-0.923879889,2.356196354,0.000014828,0.408998047,-0.030657404,0.279974304
1766484247.053138,1766484247.053050995,-0.000024088,-3.141550576,0.000019179,-0.382682571,-0.923879889,2.356196354,0.000014828,0.408998047,-0.030657404,0.279974304
1766484247.068304,1766484247.068092823,-0.000024088,-3.141550576,0.000019179,-0.382682571,-0.923879889,2.356196354,0.000014828,0.408998047,-0.030657404,0.279974304
1766484247.083087,1766484247.083044529,-0.000024088,-3.141550576,0.000019179,-0.382682571,-0.923879889,2.356196354,0.000014828,0.408998047,-0.030657404,0.279974304
1766484247.098121,1766484247.098052979,-0.000024088,-3.141550576,0.000019179,-0.382682571,-0.923879889,2.356196354,0.000014828,0.408998047,-0.030657404,0.279974304
1766484247.113115,1766484247.113050938,-0.000024088,-3.141550576,0.000019179,-0.382682571,-0.923879889,2.356196354,0.000014828,0.408998047,-0.030657404,0.279974304
1766484247.128103,1766484247.128049612,-0.000024088,-3.141550576,0.000019179,-0.382682571,-0.923879889,2.356196354,0.000014828,0.408998047,-0.030657404,0.279974304
1766484247.143125,1766484247.143056393,-0.000024088,-3.141550576,0.000019179,-0.382682571,-0.923879889,2.356196354,0.000014828,0.408998047,-0.030657404,0.279974304
1766484247.158102,1766484247.158049107,-0.000024088,-3.141550576,0.000019179,-0.382682571,-0.923879889,2.356196354,0.000014828,0.408998047,-0.030657404,0.279974304
1766484247.173442,1766484247.173127651,-0.000024088,-3.141550576,0.000019179,-0.382682571,-0.923879889,2.356196354,0.000014828,0.408998047,-0.030657404,0.279974304
1766484247.188127,1766484247.188055754,-0.000024088,-3.141550576,0.000019179,-0.382682571,-0.923879889,2.356196354,0.000014828,0.408998047,-0.030657404,0.279974304
1766484247.203173,1766484247.203076124,-0.000024088,-3.141550576,0.000019179,-0.382682571,-0.923879889,2.356196354,0.000014828,0.408998047,-0.030657404,0.279974304
1766484247.218160,1766484247.218058586,-0.000024088,-3.141550576,0.000019179,-0.382682571,-0.923879889,2.356196354,0.000014828,0.408998047,-0.030657404,0.279974304
1766484247.233244,1766484247.233091354,-0.000024088,-3.141550576,0.000019179,-0.382682571,-0.923879889,2.356196354,0.000014828,0.408998047,-0.030657404,0.279974304
1766484247.248142,1766484247.248066187,-0.000024088,-3.141550576,0.000019179,-0.382682571,-0.923879889,2.356196354,0.000014828,0.408998047,-0.030657404,0.279974304
1766484247.263226,1766484247.263074398,-0.000024088,-3.141550576,0.000019179,-0.382682571,-0.923879889,2.356196354,0.000014828,0.408998047,-0.030657404,0.279974304
1766484247.278301,1766484247.278117657,-0.000024088,-3.141550576,0.000019179,-0.382682571,-0.923879889,2.356196354,0.000014828,0.408998047,-0.030657404,0.279974304
1766484247.293144,1766484247.293061972,-0.000024088,-3.141550576,0.000019179,-0.382682571,-0.923879889,2.356196354,0.000014828,0.408998047,-0.030657404,0.279974304
1766484247.308258,1766484247.308095455,-0.000024088,-3.141550576,0.000019179,-0.382682571,-0.923879889,2.356196354,0.000014828,0.408998047,-0.030657404,0.279974304
1766484247.323282,1766484247.323087454,-0.000024088,-3.141550576,0.000019179,-0.382682571,-0.923879889,2.356196354,0.000014828,0.408998047,-0.030657404,0.279974304
1766484247.338215,1766484247.338083982,-0.000024088,-3.141550576,0.000019179,-0.382682571,-0.923879889,2.356196354,0.000014828,0.408998047,-0.030657404,0.279974304
1766484247.353169,1766484247.353068352,-0.000024088,-3.141550576,0.000019179,-0.382682571,-0.923879889,2.356196354,0.000014828,0.408998047,-0.030657404,0.279974304
1766484247.368208,1766484247.368084192,-0.000024088,-3.141550576,0.000019179,-0.382682571,-0.923879889,2.356196354,0.000014828,0.408998047,-0.030657404,0.279974304
1766484247.383187,1766484247.383076191,-0.000024088,-3.141550576,0.000019179,-0.382682571,-0.923879889,2.356196354,0.000014828,0.408998047,-0.030657404,0.279974304
1766484247.398215,1766484247.398089170,-0.000029194,-3.141542320,0.000023117,-0.382682571,-0.923879889,2.356196354,0.000017665,0.408996948,-0.030657650,0.279973267
1766484247.413270,1766484247.413097620,-0.000029194,-3.141542320,0.000023117,-0.382682571,-0.923879889,2.356196354,0.000017665,0.408996948,-0.030657650,0.279973267
1766484247.428205,1766484247.428088427,-0.000029194,-3.141542320,0.000023117,-0.382682571,-0.923879889,2.356196354,0.000017665,0.408996948,-0.030657650,0.279973267
1766484247.443220,1766484247.443096876,-0.000029194,-3.141542320,0.000023117,-0.382682571,-0.923879889,2.356196354,0.000017665,0.408996948,-0.030657650,0.279973267
1766484247.458142,1766484247.458070278,-0.000029194,-3.141542320,0.000023117,-0.382682571,-0.923879889,2.356196354,0.000017665,0.408996948,-0.030657650,0.279973267
1766484247.473188,1766484247.473082781,-0.000029194,-3.141542320,0.000023117,-0.382682571,-0.923879889,2.356196354,0.000017665,0.408996948,-0.030657650,0.279973267
1766484247.488173,1766484247.488078356,-0.000029194,-3.141542320,0.000023117,-0.382682571,-0.923879889,2.356196354,0.000017665,0.408996948,-0.030657650,0.279973267
1766484247.503204,1766484247.503090620,-0.000029194,-3.141542320,0.000023117,-0.382682571,-0.923879889,2.356196354,0.000017665,0.408996948,-0.030657650,0.279973267
1766484247.518152,1766484247.518074512,-0.000029194,-3.141542320,0.000023117,-0.382682571,-0.923879889,2.356196354,0.000017665,0.408996948,-0.030657650,0.279973267
1766484247.533221,1766484247.533101559,-0.000029194,-3.141542320,0.000023117,-0.382682571,-0.923879889,2.356196354,0.000017665,0.408996948,-0.030657650,0.279973267
1766484247.548228,1766484247.548103333,-0.000029194,-3.141542320,0.000023117,-0.382682571,-0.923879889,2.356196354,0.000017665,0.408996948,-0.030657650,0.279973267
1766484247.563236,1766484247.563098192,-0.000029194,-3.141542320,0.000023117,-0.382682571,-0.923879889,2.356196354,0.000017665,0.408996948,-0.030657650,0.279973267
1766484247.578173,1766484247.578081608,-0.000029194,-3.141542320,0.000023117,-0.382682571,-0.923879889,2.356196354,0.000017665,0.408996948,-0.030657650,0.279973267
1766484247.593169,1766484247.593080997,-0.000029194,-3.141542320,0.000023117,-0.382682571,-0.923879889,2.356196354,0.000017665,0.408996948,-0.030657650,0.279973267
1766484247.608354,1766484247.608181715,-0.000029194,-3.141542320,0.000023117,-0.382682571,-0.923879889,2.356196354,0.000017665,0.408996948,-0.030657650,0.279973267
1766484247.623229,1766484247.623110771,-0.000029194,-3.141542320,0.000023117,-0.382682571,-0.923879889,2.356196354,0.000017665,0.408996948,-0.030657650,0.279973267
1766484247.638238,1766484247.638108492,-0.000029194,-3.141542320,0.000023117,-0.382682571,-0.923879889,2.356196354,0.000017665,0.408996948,-0.030657650,0.279973267
1766484247.653223,1766484247.653088331,-0.000025931,-3.141547380,0.000020641,-0.382682571,-0.923879889,2.356196354,0.000015952,0.408996216,-0.030657843,0.279975677
1766484247.668216,1766484247.668098211,-0.000025931,-3.141547380,0.000020641,-0.382682571,-0.923879889,2.356196354,0.000015952,0.408996216,-0.030657843,0.279975677
1766484247.683183,1766484247.683086872,-0.000025931,-3.141547380,0.000020641,-0.382682571,-0.923879889,2.356196354,0.000015952,0.408996216,-0.030657843,0.279975677
1766484247.698430,1766484247.698163748,-0.000025931,-3.141547380,0.000020641,-0.382682571,-0.923879889,2.356196354,0.000015952,0.408996216,-0.030657843,0.279975677
1766484247.713238,1766484247.713102102,-0.000025931,-3.141547380,0.000020641,-0.382682571,-0.923879889,2.356196354,0.000015952,0.408996216,-0.030657843,0.279975677
1766484247.728194,1766484247.728090286,-0.000025931,-3.141547380,0.000020641,-0.382682571,-0.923879889,2.356196354,0.000015952,0.408996216,-0.030657843,0.279975677
1766484247.743259,1766484247.743112803,-0.000025931,-3.141547380,0.000020641,-0.382682571,-0.923879889,2.356196354,0.000015952,0.408996216,-0.030657843,0.279975677
1766484247.758187,1766484247.758093357,-0.000025931,-3.141547380,0.000020641,-0.382682571,-0.923879889,2.356196354,0.000015952,0.408996216,-0.030657843,0.279975677
1766484247.773217,1766484247.773105860,-0.000025931,-3.141547380,0.000020641,-0.382682571,-0.923879889,2.356196354,0.000015952,0.408996216,-0.030657843,0.279975677
1766484247.788285,1766484247.788130522,-0.000025931,-3.141547380,0.000020641,-0.382682571,-0.923879889,2.356196354,0.000015952,0.408996216,-0.030657843,0.279975677
1766484247.803266,1766484247.803114891,-0.000025931,-3.141547380,0.000020641,-0.382682571,-0.923879889,2.356196354,0.000015952,0.408996216,-0.030657843,0.279975677
1766484247.818190,1766484247.818098068,-0.000025931,-3.141547380,0.000020641,-0.382682571,-0.923879889,2.356196354,0.000015952,0.408996216,-0.030657843,0.279975677
1766484247.833237,1766484247.833115101,-0.000025931,-3.141547380,0.000020641,-0.382682571,-0.923879889,2.356196354,0.000015952,0.408996216,-0.030657843,0.279975677
1766484247.848279,1766484247.848119974,-0.000025931,-3.141547380,0.000020641,-0.382682571,-0.923879889,2.356196354,0.000015952,0.408996216,-0.030657843,0.279975677
1766484247.863213,1766484247.863105536,-0.000025931,-3.141547380,0.000020641,-0.382682571,-0.923879889,2.356196354,0.000015952,0.408996216,-0.030657843,0.279975677
1766484247.878256,1766484247.878123045,-0.000025931,-3.141547380,0.000020641,-0.382682571,-0.923879889,2.356196354,0.000015952,0.408996216,-0.030657843,0.279975677
1766484247.893204,1766484247.893105030,-0.000025931,-3.141547380,0.000020641,-0.382682571,-0.923879889,2.356196354,0.000015952,0.408996216,-0.030657843,0.279975677
1766484247.908583,1766484247.908194542,-0.000025931,-3.141547380,0.000020641,-0.382682571,-0.923879889,2.356196354,0.000015952,0.408996216,-0.030657843,0.279975677
1766484247.923152,1766484247.923098564,-0.000025931,-3.141547380,0.000020641,-0.382682571,-0.923879889,2.356196354,0.000015952,0.408996216,-0.030657843,0.279975677
1766484247.938407,1766484247.938168764,-0.000025931,-3.141547380,0.000020641,-0.382682571,-0.923879889,2.356196354,0.000015952,0.408996216,-0.030657843,0.279975677
1766484247.953238,1766484247.953110456,-0.000025931,-3.141547380,0.000020641,-0.382682571,-0.923879889,2.356196354,0.000015952,0.408996216,-0.030657843,0.279975677
1766484247.968256,1766484247.968129396,-0.000025931,-3.141547380,0.000020641,-0.382682571,-0.923879889,2.356196354,0.000015952,0.408996216,-0.030657843,0.279975677
1766484247.983191,1766484247.983103514,-0.000022563,-3.141552972,0.000018015,-0.382682571,-0.923879889,2.356196354,0.000014013,0.408997955,-0.030657434,0.279978760
1766484247.998208,1766484247.998115063,-0.000022563,-3.141552972,0.000018015,-0.382682571,-0.923879889,2.356196354,0.000014013,0.408997955,-0.030657434,0.279978760
1766484248.013325,1766484248.013134241,-0.000022563,-3.141552972,0.000018015,-0.382682571,-0.923879889,2.356196354,0.000014013,0.408997955,-0.030657434,0.279978760
1766484248.028227,1766484248.028111458,-0.000022563,-3.141552972,0.000018015,-0.382682571,-0.923879889,2.356196354,0.000014013,0.408997955,-0.030657434,0.279978760
1766484248.043389,1766484248.043170929,-0.000022563,-3.141552972,0.000018015,-0.382682571,-0.923879889,2.356196354,0.000014013,0.408997955,-0.030657434,0.279978760
1766484248.058174,1766484248.058111906,-0.000022563,-3.141552972,0.000018015,-0.382682571,-0.923879889,2.356196354,0.000014013,0.408997955,-0.030657434,0.279978760
1766484248.073306,1766484248.073139191,-0.000022563,-3.141552972,0.000018015,-0.382682571,-0.923879889,2.356196354,0.000014013,0.408997955,-0.030657434,0.279978760
1766484248.088185,1766484248.088112831,-0.000022563,-3.141552972,0.000018015,-0.382682571,-0.923879889,2.356196354,0.000014013,0.408997955,-0.030657434,0.279978760
1766484248.103247,1766484248.103132963,-0.000022563,-3.141552972,0.000018015,-0.382682571,-0.923879889,2.356196354,0.000014013,0.408997955,-0.030657434,0.279978760
1766484248.118281,1766484248.118131161,-0.000022563,-3.141552972,0.000018015,-0.382682571,-0.923879889,2.356196354,0.000014013,0.408997955,-0.030657434,0.279978760
1766484248.133240,1766484248.133127689,-0.000022563,-3.141552972,0.000018015,-0.382682571,-0.923879889,2.356196354,0.000014013,0.408997955,-0.030657434,0.279978760
1766484248.148176,1766484248.148114443,-0.000022563,-3.141552972,0.000018015,-0.382682571,-0.923879889,2.356196354,0.000014013,0.408997955,-0.030657434,0.279978760
1766484248.163357,1766484248.163160563,-0.000022563,-3.141552972,0.000018015,-0.382682571,-0.923879889,2.356196354,0.000014013,0.408997955,-0.030657434,0.279978760
1766484248.178265,1766484248.178139925,-0.000022563,-3.141552972,0.000018015,-0.382682571,-0.923879889,2.356196354,0.000014013,0.408997955,-0.030657434,0.279978760
1766484248.193200,1766484248.193128347,-0.000022563,-3.141552972,0.000018015,-0.382682571,-0.923879889,2.356196354,0.000014013,0.408997955,-0.030657434,0.279978760
1766484248.208518,1766484248.208200455,-0.000022563,-3.141552972,0.000018015,-0.382682571,-0.923879889,2.356196354,0.000014013,0.408997955,-0.030657434,0.279978760
1766484248.223218,1766484248.223127604,-0.000022563,-3.141552972,0.000018015,-0.382682571,-0.923879889,2.356196354,0.000014013,0.408997955,-0.030657434,0.279978760
1766484248.238354,1766484248.238157749,-0.000022563,-3.141552972,0.000018015,-0.382682571,-0.923879889,2.356196354,0.000014013,0.408997955,-0.030657434,0.279978760
1766484248.253220,1766484248.253128767,-0.000022563,-3.141552972,0.000018015,-0.382682571,-0.923879889,2.356196354,0.000014013,0.408997955,-0.030657434,0.279978760
1766484248.268239,1766484248.268135548,-0.000022563,-3.141552972,0.000018015,-0.382682571,-0.923879889,2.356196354,0.000014013,0.408997955,-0.030657434,0.279978760
1766484248.283194,1766484248.283123016,-0.000022563,-3.141552972,0.000018015,-0.382682571,-0.923879889,2.356196354,0.000014013,0.408997955,-0.030657434,0.279978760
1766484248.298421,1766484248.298217297,-0.000022563,-3.141552972,0.000018015,-0.382682571,-0.923879889,2.356196354,0.000014013,0.408997955,-0.030657434,0.279978760
1766484248.313262,1766484248.313140869,-0.000022563,-3.141552972,0.000018015,-0.382682571,-0.923879889,2.356196354,0.000014013,0.408997955,-0.030657434,0.279978760
1766484248.328199,1766484248.328128099,-0.000022563,-3.141552972,0.000018015,-0.382682571,-0.923879889,2.356196354,0.000014013,0.408997955,-0.030657434,0.279978760
1766484248.343246,1766484248.343140841,-0.000022563,-3.141552972,0.000018015,-0.382682571,-0.923879889,2.356196354,0.000014013,0.408997955,-0.030657434,0.279978760
1766484248.358317,1766484248.358138323,-0.000022563,-3.141552972,0.000018015,-0.382682571,-0.923879889,2.356196354,0.000014013,0.408997955,-0.030657434,0.279978760
1766484248.373250,1766484248.373146057,-0.000022563,-3.141552972,0.000018015,-0.382682571,-0.923879889,2.356196354,0.000014013,0.408997955,-0.030657434,0.279978760
1766484248.388202,1766484248.388129473,-0.000022563,-3.141552972,0.000018015,-0.382682571,-0.923879889,2.356196354,0.000014013,0.408997955,-0.030657434,0.279978760
1766484248.403275,1766484248.403153658,-0.000022563,-3.141552972,0.000018015,-0.382682571,-0.923879889,2.356196354,0.000014013,0.408997955,-0.030657434,0.279978760
1766484248.418278,1766484248.418139219,-0.000022563,-3.141552972,0.000018015,-0.382682571,-0.923879889,2.356196354,0.000014013,0.408997955,-0.030657434,0.279978760
1766484248.433249,1766484248.433147430,-0.000022563,-3.141552972,0.000018015,-0.382682571,-0.923879889,2.356196354,0.000014013,0.408997955,-0.030657434,0.279978760
1766484248.448193,1766484248.448132515,-0.000022563,-3.141552972,0.000018015,-0.382682571,-0.923879889,2.356196354,0.000014013,0.408997955,-0.030657434,0.279978760
1766484248.463480,1766484248.463225603,-0.000022563,-3.141552972,0.000018015,-0.382682571,-0.923879889,2.356196354,0.000014013,0.408997955,-0.030657434,0.279978760
1766484248.478244,1766484248.478149891,-0.000022563,-3.141552972,0.000018015,-0.382682571,-0.923879889,2.356196354,0.000014013,0.408997955,-0.030657434,0.279978760
1766484248.493187,1766484248.493134737,-0.000022563,-3.141552972,0.000018015,-0.382682571,-0.923879889,2.356196354,0.000014013,0.408997955,-0.030657434,0.279978760
1766484248.508294,1766484248.508168936,-0.000022563,-3.141552972,0.000018015,-0.382682571,-0.923879889,2.356196354,0.000014013,0.408997955,-0.030657434,0.279978760
1766484248.523217,1766484248.523140192,-0.000022563,-3.141552972,0.000018015,-0.382682571,-0.923879889,2.356196354,0.000014013,0.408997955,-0.030657434,0.279978760
1766484248.538270,1766484248.538160801,-0.000022563,-3.141552972,0.000018015,-0.382682571,-0.923879889,2.356196354,0.000014013,0.408997955,-0.030657434,0.279978760
1766484248.553264,1766484248.553146362,-0.000022563,-3.141552972,0.000018015,-0.382685400,-0.923878717,2.356190229,0.000014013,0.408997711,-0.030659979,0.279978760
1766484248.568345,1766484248.568195581,-0.000022563,-3.141552972,0.000018015,-0.382685400,-0.923878717,2.356190229,0.000014013,0.408997711,-0.030659979,0.279978760
1766484248.583238,1766484248.583148479,-0.000022563,-3.141552972,0.000018015,-0.382685400,-0.923878717,2.356190229,0.000014013,0.408997711,-0.030659979,0.279978760
1766484248.598246,1766484248.598152399,-0.000022563,-3.141552972,0.000018015,-0.382685400,-0.923878717,2.356190229,0.000014013,0.408997711,-0.030659979,0.279978760
1766484248.613573,1766484248.613235474,-0.000022563,-3.141552972,0.000018015,-0.382685400,-0.923878717,2.356190229,0.000014013,0.408997711,-0.030659979,0.279978760
1766484248.628215,1766484248.628148317,-0.000022563,-3.141552972,0.000018015,-0.382685400,-0.923878717,2.356190229,0.000014013,0.408997711,-0.030659979,0.279978760
1766484248.643270,1766484248.643164635,-0.000022563,-3.141552972,0.000018015,-0.382685400,-0.923878717,2.356190229,0.000014013,0.408997711,-0.030659979,0.279978760
1766484248.658207,1766484248.658147335,-0.000022563,-3.141552972,0.000018015,-0.382685400,-0.923878717,2.356190229,0.000014013,0.408997711,-0.030659979,0.279978760
1766484248.673286,1766484248.673175812,-0.000022563,-3.141552972,0.000018015,-0.382685400,-0.923878717,2.356190229,0.000014013,0.408997711,-0.030659979,0.279978760
1766484248.688272,1766484248.688153028,-0.000022563,-3.141552972,0.000018015,-0.382685400,-0.923878717,2.356190229,0.000014013,0.408997711,-0.030659979,0.279978760
1766484248.703284,1766484248.703173876,-0.000022563,-3.141552972,0.000018015,-0.382685400,-0.923878717,2.356190229,0.000014013,0.408997711,-0.030659979,0.279978760
1766484248.718396,1766484248.718168736,-0.000022563,-3.141552972,0.000018015,-0.382685400,-0.923878717,2.356190229,0.000014013,0.408997711,-0.030659979,0.279978760
1766484248.733293,1766484248.733173609,-0.000022563,-3.141552972,0.000018015,-0.382685400,-0.923878717,2.356190229,0.000014013,0.408997711,-0.030659979,0.279978760
1766484248.748255,1766484248.748165846,-0.000022563,-3.141552972,0.000018015,-0.382685400,-0.923878717,2.356190229,0.000014013,0.408997711,-0.030659979,0.279978760
1766484248.763308,1766484248.763178349,-0.000022563,-3.141552972,0.000018015,-0.382685400,-0.923878717,2.356190229,0.000014013,0.408997711,-0.030659979,0.279978760
1766484248.778305,1766484248.778181553,-0.000019257,-3.141558299,0.000015469,-0.382685277,-0.923878768,2.356190495,0.000012185,0.408999451,-0.030659582,0.279981689
1766484248.793196,1766484248.793152571,-0.000019257,-3.141558299,0.000015469,-0.382685277,-0.923878768,2.356190495,0.000012185,0.408999451,-0.030659582,0.279981689
1766484248.808388,1766484248.808241129,-0.000019257,-3.141558299,0.000015469,-0.382685277,-0.923878768,2.356190495,0.000012185,0.408999451,-0.030659582,0.279981689
1766484248.823470,1766484248.823240995,-0.000019257,-3.141558299,0.000015469,-0.382685277,-0.923878768,2.356190495,0.000012185,0.408999451,-0.030659582,0.279981689
1766484248.838290,1766484248.838180780,-0.000019257,-3.141558299,0.000015469,-0.382685277,-0.923878768,2.356190495,0.000012185,0.408999451,-0.030659582,0.279981689
1766484248.853230,1766484248.853157759,-0.000019257,-3.141558299,0.000015469,-0.382685277,-0.923878768,2.356190495,0.000012185,0.408999451,-0.030659582,0.279981689
1766484248.868424,1766484248.868219376,-0.000019257,-3.141558299,0.000015469,-0.382685277,-0.923878768,2.356190495,0.000012185,0.408999451,-0.030659582,0.279981689
1766484248.883298,1766484248.883177519,-0.000019257,-3.141558299,0.000015469,-0.382685277,-0.923878768,2.356190495,0.000012185,0.408999451,-0.030659582,0.279981689
1766484248.898247,1766484248.898168325,-0.000015995,-3.141563359,0.000012994,-0.382685278,-0.923878768,2.356190495,0.000010472,0.408998718,-0.030659779,0.279984131
1766484248.913324,1766484248.913188696,-0.000015995,-3.141563359,0.000012994,-0.382685278,-0.923878768,2.356190495,0.000010472,0.408998718,-0.030659779,0.279984131
1766484248.928291,1766484248.928181648,-0.000015995,-3.141563359,0.000012994,-0.382685278,-0.923878768,2.356190495,0.000010472,0.408998718,-0.030659779,0.279984131
1766484248.943275,1766484248.943181992,-0.000015995,-3.141563359,0.000012994,-0.382685278,-0.923878768,2.356190495,0.000010472,0.408998718,-0.030659779,0.279984131
1766484248.958251,1766484248.958174706,-0.000015995,-3.141563359,0.000012994,-0.382685278,-0.923878768,2.356190495,0.000010472,0.408998718,-0.030659779,0.279984131
1766484248.973337,1766484248.973198175,-0.000015995,-3.141563359,0.000012994,-0.382685278,-0.923878768,2.356190495,0.000010472,0.408998718,-0.030659779,0.279984131
1766484248.988251,1766484248.988170385,-0.000015995,-3.141563359,0.000012994,-0.382685278,-0.923878768,2.356190495,0.000010472,0.408998718,-0.030659779,0.279984131
1766484249.003278,1766484249.003188372,-0.000015995,-3.141563359,0.000012994,-0.382685278,-0.923878768,2.356190495,0.000010472,0.408998718,-0.030659779,0.279984131
1766484249.018329,1766484249.018191814,-0.000015995,-3.141563359,0.000012994,-0.382685278,-0.923878768,2.356190495,0.000010472,0.408998718,-0.030659779,0.279984131
1766484249.033319,1766484249.033195257,-0.000015995,-3.141563359,0.000012994,-0.382685278,-0.923878768,2.356190495,0.000010472,0.408998718,-0.030659779,0.279984131
1766484249.048258,1766484249.048175573,-0.000015995,-3.141563359,0.000012994,-0.382685278,-0.923878768,2.356190495,0.000010472,0.408998718,-0.030659779,0.279984131
1766484249.063253,1766484249.063176155,-0.000015995,-3.141563359,0.000012994,-0.382685278,-0.923878768,2.356190495,0.000010472,0.408998718,-0.030659779,0.279984131
1766484249.078547,1766484249.078257322,-0.000015995,-3.141563359,0.000012994,-0.382685278,-0.923878768,2.356190495,0.000010472,0.408998718,-0.030659779,0.279984131
1766484249.093258,1766484249.093184710,-0.000015995,-3.141563359,0.000012994,-0.382685278,-0.923878768,2.356190495,0.000010472,0.408998718,-0.030659779,0.279984131
1766484249.108501,1766484249.108258963,-0.000015995,-3.141563359,0.000012994,-0.382685278,-0.923878768,2.356190495,0.000010472,0.408998718,-0.030659779,0.279984131
1766484249.123274,1766484249.123181343,-0.000015995,-3.141563359,0.000012994,-0.382685278,-0.923878768,2.356190495,0.000010472,0.408998718,-0.030659779,0.279984131
1766484249.138308,1766484249.138199329,-0.000015995,-3.141563359,0.000012994,-0.382685278,-0.923878768,2.356190495,0.000010472,0.408998718,-0.030659779,0.279984131
1766484249.153242,1766484249.153173685,-0.000015995,-3.141563359,0.000012994,-0.382685278,-0.923878768,2.356190495,0.000010472,0.408998718,-0.030659779,0.279984131
1766484249.168304,1766484249.168194294,-0.000015995,-3.141563359,0.000012994,-0.382685278,-0.923878768,2.356190495,0.000010472,0.408998718,-0.030659779,0.279984131
1766484249.183293,1766484249.183184385,-0.000015995,-3.141563359,0.000012994,-0.382685278,-0.923878768,2.356190495,0.000010472,0.408998718,-0.030659779,0.279984131
1766484249.198294,1766484249.198196650,-0.000015995,-3.141563359,0.000012994,-0.382685278,-0.923878768,2.356190495,0.000010472,0.408998718,-0.030659779,0.279984131
1766484249.213318,1766484249.213196278,-0.000015995,-3.141563359,0.000012994,-0.382685278,-0.923878768,2.356190495,0.000010472,0.408998718,-0.030659779,0.279984131
1766484249.228317,1766484249.228191853,-0.000015995,-3.141563359,0.000012994,-0.382685278,-0.923878768,2.356190495,0.000010472,0.408998718,-0.030659779,0.279984131
1766484249.243324,1766484249.243207932,-0.000015995,-3.141563359,0.000012994,-0.382685278,-0.923878768,2.356190495,0.000010472,0.408998718,-0.030659779,0.279984131
1766484249.258240,1766484249.258183241,-0.000015995,-3.141563359,0.000012994,-0.382685278,-0.923878768,2.356190495,0.000010472,0.408998718,-0.030659779,0.279984131
1766484249.273275,1766484249.273194075,-0.000015995,-3.141563359,0.000012994,-0.382685278,-0.923878768,2.356190495,0.000010472,0.408998718,-0.030659779,0.279984131
1766484249.288352,1766484249.288216591,-0.000015995,-3.141563359,0.000012994,-0.382685278,-0.923878768,2.356190495,0.000010472,0.408998718,-0.030659779,0.279984131
1766484249.303307,1766484249.303202868,-0.000015995,-3.141563359,0.000012994,-0.382685278,-0.923878768,2.356190495,0.000010472,0.408998718,-0.030659779,0.279984131
1766484249.318326,1766484249.318205118,-0.000015995,-3.141563359,0.000012994,-0.382685278,-0.923878768,2.356190495,0.000010472,0.408998718,-0.030659779,0.279984131
1766484249.333453,1766484249.333225965,-0.000015995,-3.141563359,0.000012994,-0.382685278,-0.923878768,2.356190495,0.000010472,0.408998718,-0.030659779,0.279984131
1766484249.348327,1766484249.348218679,-0.000015995,-3.141563359,0.000012994,-0.382685278,-0.923878768,2.356190495,0.000010472,0.408998718,-0.030659779,0.279984131
1766484249.363262,1766484249.363197088,-0.000015995,-3.141563359,0.000012994,-0.382685278,-0.923878768,2.356190495,0.000010472,0.408998718,-0.030659779,0.279984131
1766484249.378259,1766484249.378192425,-0.000015995,-3.141563359,0.000012994,-0.382685278,-0.923878768,2.356190495,0.000010472,0.408998718,-0.030659779,0.279984131
1766484249.393528,1766484249.393251419,-0.000015995,-3.141563359,0.000012994,-0.382685278,-0.923878768,2.356190495,0.000010472,0.408998718,-0.030659779,0.279984131
1766484249.408358,1766484249.408217430,-0.000015995,-3.141563359,0.000012994,-0.382685278,-0.923878768,2.356190495,0.000010472,0.408998718,-0.030659779,0.279984131
1766484249.423306,1766484249.423199654,-0.000015995,-3.141563359,0.000012994,-0.382685278,-0.923878768,2.356190495,0.000010472,0.408998718,-0.030659779,0.279984131
1766484249.438334,1766484249.438211441,-0.000012717,-3.141568685,0.000010461,-0.382685401,-0.923878717,2.356190229,0.000008639,0.408997833,-0.030659964,0.279986572
1766484249.453277,1766484249.453195810,-0.000012717,-3.141568685,0.000010461,-0.382685401,-0.923878717,2.356190229,0.000008639,0.408997833,-0.030659964,0.279986572
1766484249.468296,1766484249.468208075,-0.000012717,-3.141568685,0.000010461,-0.382685401,-0.923878717,2.356190229,0.000008639,0.408997833,-0.030659964,0.279986572
1766484249.483280,1766484249.483195305,-0.000012717,-3.141568685,0.000010461,-0.382685401,-0.923878717,2.356190229,0.000008639,0.408997833,-0.030659964,0.279986572
1766484249.498695,1766484249.498298645,-0.000009427,-3.141574278,0.000007871,-0.382685401,-0.923878717,2.356190229,0.000006685,0.408999573,-0.030659557,0.279989563
1766484249.513343,1766484249.513224125,-0.000009427,-3.141574278,0.000007871,-0.382685401,-0.923878717,2.356190229,0.000006685,0.408999573,-0.030659557,0.279989563
1766484249.528259,1766484249.528205156,-0.000009427,-3.141574278,0.000007871,-0.382685401,-0.923878717,2.356190229,0.000006685,0.408999573,-0.030659557,0.279989563
1766484249.543354,1766484249.543232203,-0.000009427,-3.141574278,0.000007871,-0.382685401,-0.923878717,2.356190229,0.000006685,0.408999573,-0.030659557,0.279989563
1766484249.558254,1766484249.558201790,-0.000009427,-3.141574278,0.000007871,-0.382685401,-0.923878717,2.356190229,0.000006685,0.408999573,-0.030659557,0.279989563
1766484249.573330,1766484249.573227406,-0.000009427,-3.141574278,0.000007871,-0.382685401,-0.923878717,2.356190229,0.000006685,0.408999573,-0.030659557,0.279989563
1766484249.588286,1766484249.588212490,-0.000009427,-3.141574278,0.000007871,-0.382685401,-0.923878717,2.356190229,0.000006685,0.408999573,-0.030659557,0.279989563
1766484249.603629,1766484249.603321791,-0.000009427,-3.141574278,0.000007871,-0.382685401,-0.923878717,2.356190229,0.000006685,0.408999573,-0.030659557,0.279989563
1766484249.618277,1766484249.618207932,-0.000009427,-3.141574278,0.000007871,-0.382685401,-0.923878717,2.356190229,0.000006685,0.408999573,-0.030659557,0.279989563
1766484249.633304,1766484249.633215427,-0.000009427,-3.141574278,0.000007871,-0.382685401,-0.923878717,2.356190229,0.000006685,0.408999573,-0.030659557,0.279989563
1766484249.648267,1766484249.648207188,-0.000009427,-3.141574278,0.000007871,-0.382685401,-0.923878717,2.356190229,0.000006685,0.408999573,-0.030659557,0.279989563
1766484249.663258,1766484249.663209915,-0.000009427,-3.141574278,0.000007871,-0.382685401,-0.923878717,2.356190229,0.000006685,0.408999573,-0.030659557,0.279989563
1766484249.678269,1766484249.678209782,-0.000009427,-3.141574278,0.000007871,-0.382685401,-0.923878717,2.356190229,0.000006685,0.408999573,-0.030659557,0.279989563
1766484249.693257,1766484249.693207264,-0.000009427,-3.141574278,0.000007871,-0.382685401,-0.923878717,2.356190229,0.000006685,0.408999573,-0.030659557,0.279989563
1766484249.708570,1766484249.708261013,-0.000009427,-3.141574278,0.000007871,-0.382685401,-0.923878717,2.356190229,0.000006685,0.408999573,-0.030659557,0.279989563
1766484249.723267,1766484249.723211765,-0.000009427,-3.141574278,0.000007871,-0.382685401,-0.923878717,2.356190229,0.000006685,0.408999573,-0.030659557,0.279989563
1766484249.738379,1766484249.738228083,-0.000009427,-3.141574278,0.000007871,-0.382685401,-0.923878717,2.356190229,0.000006685,0.408999573,-0.030659557,0.279989563
1766484249.753283,1766484249.753214359,-0.000009427,-3.141574278,0.000007871,-0.382685401,-0.923878717,2.356190229,0.000006685,0.408999573,-0.030659557,0.279989563
1766484249.768336,1766484249.768228054,-0.000009427,-3.141574278,0.000007871,-0.382685401,-0.923878717,2.356190229,0.000006685,0.408999573,-0.030659557,0.279989563
1766484249.783301,1766484249.783254862,-0.000009427,-3.141574278,0.000007871,-0.382685401,-0.923878717,2.356190229,0.000006685,0.408999573,-0.030659557,0.279989563
1766484249.798316,1766484249.798227072,-0.000009427,-3.141574278,0.000007871,-0.382685401,-0.923878717,2.356190229,0.000006685,0.408999573,-0.030659557,0.279989563
1766484249.813670,1766484249.813319921,-0.000009427,-3.141574278,0.000007871,-0.382685401,-0.923878717,2.356190229,0.000006685,0.408999573,-0.030659557,0.279989563
1766484249.828269,1766484249.828218699,-0.000009427,-3.141574278,0.000007871,-0.382685401,-0.923878717,2.356190229,0.000006685,0.408999573,-0.030659557,0.279989563
1766484249.843339,1766484249.843239307,-0.000009427,-3.141574278,0.000007871,-0.382685401,-0.923878717,2.356190229,0.000006685,0.408999573,-0.030659557,0.279989563
1766484249.858349,1766484249.858241796,-0.000009427,-3.141574278,0.000007871,-0.382685401,-0.923878717,2.356190229,0.000006685,0.408999573,-0.030659557,0.279989563
1766484249.873356,1766484249.873249292,-0.000009427,-3.141574278,0.000007871,-0.382685401,-0.923878717,2.356190229,0.000006685,0.408999573,-0.030659557,0.279989563
1766484249.888355,1766484249.888233900,-0.000009427,-3.141574278,0.000007871,-0.382685401,-0.923878717,2.356190229,0.000006685,0.408999573,-0.030659557,0.279989563
1766484249.903349,1766484249.903244257,-0.000009427,-3.141574278,0.000007871,-0.382685401,-0.923878717,2.356190229,0.000006685,0.408999573,-0.030659557,0.279989563
1766484249.918325,1766484249.918227196,-0.000009427,-3.141574278,0.000007871,-0.382685401,-0.923878717,2.356190229,0.000006685,0.408999573,-0.030659557,0.279989563
1766484249.933342,1766484249.933236122,-0.000009427,-3.141574278,0.000007871,-0.382685401,-0.923878717,2.356190229,0.000006685,0.408999573,-0.030659557,0.279989563
1766484249.948336,1766484249.948236942,-0.000009427,-3.141574278,0.000007871,-0.382685401,-0.923878717,2.356190229,0.000006685,0.408999573,-0.030659557,0.279989563
1766484249.963563,1766484249.963315725,-0.000009427,-3.141574278,0.000007871,-0.382685401,-0.923878717,2.356190229,0.000006685,0.408999573,-0.030659557,0.279989563
1766484249.978397,1766484249.978249311,-0.000009427,-3.141574278,0.000007871,-0.382685401,-0.923878717,2.356190229,0.000006685,0.408999573,-0.030659557,0.279989563
1766484249.993318,1766484249.993235111,-0.000006055,-3.141579338,0.000005345,-0.382685278,-0.923878768,2.356190495,0.000004993,0.408998749,-0.030659761,0.279992004
1766484250.008364,1766484250.008253336,-0.000006055,-3.141579338,0.000005345,-0.382685278,-0.923878768,2.356190495,0.000004993,0.408998749,-0.030659761,0.279992004
1766484250.023506,1766484250.023299694,-0.000006055,-3.141579338,0.000005345,-0.382685278,-0.923878768,2.356190495,0.000004993,0.408998749,-0.030659761,0.279992004
1766484250.038438,1766484250.038274765,-0.000006055,-3.141579338,0.000005345,-0.382685278,-0.923878768,2.356190495,0.000004993,0.408998749,-0.030659761,0.279992004
1766484250.053295,1766484250.053233385,-0.000006055,-3.141579338,0.000005345,-0.382685278,-0.923878768,2.356190495,0.000004993,0.408998749,-0.030659761,0.279992004
1766484250.068448,1766484250.068264484,-0.000006055,-3.141579338,0.000005345,-0.382685278,-0.923878768,2.356190495,0.000004993,0.408998749,-0.030659761,0.279992004
1766484250.083337,1766484250.083240986,-0.000006055,-3.141579338,0.000005345,-0.382685278,-0.923878768,2.356190495,0.000004993,0.408998749,-0.030659761,0.279992004
1766484250.098334,1766484250.098244190,-0.000006055,-3.141579338,0.000005345,-0.382685278,-0.923878768,2.356190495,0.000004993,0.408998749,-0.030659761,0.279992004
1766484250.113350,1766484250.113247871,-0.000006055,-3.141579338,0.000005345,-0.382685278,-0.923878768,2.356190495,0.000004993,0.408998749,-0.030659761,0.279992004
1766484250.128411,1766484250.128274918,-0.000006055,-3.141579338,0.000005345,-0.382685278,-0.923878768,2.356190495,0.000004993,0.408998749,-0.030659761,0.279992004
1766484250.143361,1766484250.143254757,-0.000006055,-3.141579338,0.000005345,-0.382685278,-0.923878768,2.356190495,0.000004993,0.408998749,-0.030659761,0.279992004
1766484250.158304,1766484250.158238649,-0.000006055,-3.141579338,0.000005345,-0.382685278,-0.923878768,2.356190495,0.000004993,0.408998749,-0.030659761,0.279992004
1766484250.173390,1766484250.173260927,-0.000006055,-3.141579338,0.000005345,-0.382685278,-0.923878768,2.356190495,0.000004993,0.408998749,-0.030659761,0.279992004
1766484250.188341,1766484250.188246965,-0.000006055,-3.141579338,0.000005345,-0.382685278,-0.923878768,2.356190495,0.000004993,0.408998749,-0.030659761,0.279992004
1766484250.203402,1766484250.203264713,-0.000006055,-3.141579338,0.000005345,-0.382685278,-0.923878768,2.356190495,0.000004993,0.408998749,-0.030659761,0.279992004
1766484250.218325,1766484250.218245029,-0.000006055,-3.141579338,0.000005345,-0.382685278,-0.923878768,2.356190495,0.000004993,0.408998749,-0.030659761,0.279992004
1766484250.233498,1766484250.233278513,-0.000006055,-3.141579338,0.000005345,-0.382685278,-0.923878768,2.356190495,0.000004993,0.408998749,-0.030659761,0.279992004
1766484250.248322,1766484250.248247623,-0.000006055,-3.141579338,0.000005345,-0.382685278,-0.923878768,2.356190495,0.000004993,0.408998749,-0.030659761,0.279992004
1766484250.263341,1766484250.263256311,-0.000006055,-3.141579338,0.000005345,-0.382685278,-0.923878768,2.356190495,0.000004993,0.408998749,-0.030659761,0.279992004
1766484250.278457,1766484250.278267622,-0.000006055,-3.141579338,0.000005345,-0.382685278,-0.923878768,2.356190495,0.000004993,0.408998749,-0.030659761,0.279992004
1766484250.293349,1766484250.293260336,-0.000006055,-3.141579338,0.000005345,-0.382685278,-0.923878768,2.356190495,0.000004993,0.408998749,-0.030659761,0.279992004
1766484250.308530,1766484250.308311224,-0.000006055,-3.141579338,0.000005345,-0.382685278,-0.923878768,2.356190495,0.000004993,0.408998749,-0.030659761,0.279992004
1766484250.323340,1766484250.323260784,-0.000006055,-3.141579338,0.000005345,-0.382685278,-0.923878768,2.356190495,0.000004993,0.408998749,-0.030659761,0.279992004
1766484250.338400,1766484250.338275671,-0.000006055,-3.141579338,0.000005345,-0.382685278,-0.923878768,2.356190495,0.000004993,0.408998749,-0.030659761,0.279992004
1766484250.353344,1766484250.353256941,-0.000002828,-3.141584664,0.000002835,-0.382685401,-0.923878717,2.356190229,0.000003150,0.409000488,-0.030659367,0.279994934
1766484250.368365,1766484250.368258953,-0.000002828,-3.141584664,0.000002835,-0.382685401,-0.923878717,2.356190229,0.000003150,0.409000488,-0.030659367,0.279994934
1766484250.383405,1766484250.383275270,-0.000002828,-3.141584664,0.000002835,-0.382685401,-0.923878717,2.356190229,0.000003150,0.409000488,-0.030659367,0.279994934
1766484250.398399,1766484250.398272514,-0.000002828,-3.141584664,0.000002835,-0.382685401,-0.923878717,2.356190229,0.000003150,0.409000488,-0.030659367,0.279994934
1766484250.413376,1766484250.413274765,-0.000002828,-3.141584664,0.000002835,-0.382685401,-0.923878717,2.356190229,0.000003150,0.409000488,-0.030659367,0.279994934
1766484250.428465,1766484250.428287506,-0.000002828,-3.141584664,0.000002835,-0.382685401,-0.923878717,2.356190229,0.000003150,0.409000488,-0.030659367,0.279994934
1766484250.443428,1766484250.443279028,-0.000002828,-3.141584664,0.000002835,-0.382685401,-0.923878717,2.356190229,0.000003150,0.409000488,-0.030659367,0.279994934
1766484250.458334,1766484250.458262444,-0.000002828,-3.141584664,0.000002835,-0.382685401,-0.923878717,2.356190229,0.000003150,0.409000488,-0.030659367,0.279994934
1766484250.473365,1766484250.473272562,-0.000001433,-3.141586795,0.000001783,-0.382688230,-0.923877545,2.356184104,0.000002432,0.409002625,-0.030661350,0.279999908
1766484250.488560,1766484250.488310337,0.000010562,3.141579071,0.000007478,0.382688107,0.923877596,2.356184370,0.000004253,0.409016083,-0.030658167,0.280032166
1766484250.503381,1766484250.503278732,0.000018188,3.141566555,0.000013395,0.382687738,0.923877749,2.356185169,0.000008576,0.409037994,-0.030652988,0.280105408
1766484250.518545,1766484250.518313885,0.000047121,3.141519949,0.000035679,0.382687245,0.923877952,2.356186234,0.000024569,0.409064270,-0.030646725,0.280229492
1766484250.533503,1766484250.533308029,0.000014599,3.141571615,0.000010769,0.382686385,0.923878309,2.356188099,0.000006925,0.409105804,-0.030636763,0.280399811
1766484250.548401,1766484250.548288345,-0.000034484,-3.141535662,0.000026835,-0.382685154,-0.923878819,2.356190762,0.000019728,0.409142914,-0.030627802,0.280585785
1766484250.563351,1766484250.563270330,-0.000097929,-3.141434462,0.000075506,-0.382683796,-0.923879377,2.356193691,0.000054337,0.409190765,-0.030616262,0.280805573
1766484250.578371,1766484250.578283310,-0.000097929,-3.141434462,0.000075506,-0.382683796,-0.923879377,2.356193691,0.000054337,0.409190765,-0.030616262,0.280805573
1766484250.593398,1766484250.593293667,-0.000130638,-3.141382796,0.000100501,-0.382682316,-0.923879987,2.356196887,0.000071945,0.409255890,-0.030600653,0.281093140
1766484250.608615,1766484250.608329535,-0.000120240,-3.141400373,0.000092335,-0.382680718,-0.923880650,2.356200349,0.000065815,0.409336639,-0.030581366,0.281441620
1766484250.623358,1766484250.623271227,-0.000058867,-3.141481333,0.000048493,-0.382679001,-0.923881366,2.356204078,0.000040160,0.409422760,-0.030561934,0.281848633
1766484250.638434,1766484250.638298273,-0.000013804,-3.141554837,0.000013612,-0.382677281,-0.923882080,2.356207806,0.000014828,0.409508057,-0.030541576,0.282252563
1766484250.653363,1766484250.653271914,-0.000033889,-3.141523411,0.000028904,-0.382675435,-0.923882844,2.356211801,0.000025502,0.409585907,-0.030522947,0.282590088
1766484250.668370,1766484250.668280602,-0.000081276,-3.141448577,0.000065112,-0.382678138,-0.923881722,2.356205942,0.000051004,0.409664673,-0.030504036,0.282949097
1766484250.683380,1766484250.683281422,-0.000074895,-3.141459762,0.000060024,-0.382676294,-0.923882486,2.356209937,0.000047058,0.409743652,-0.030485117,0.283331512
1766484250.698510,1766484250.698314667,-0.000035119,-3.141524477,0.000029268,-0.382674328,-0.923883303,2.356214198,0.000024774,0.409825043,-0.030465597,0.283764496
1766484250.713412,1766484250.713294506,0.000063687,3.141501041,0.000046949,0.382679863,0.923881009,2.356202213,0.000030134,0.409937439,-0.030441401,0.284222229
1766484250.728323,1766484250.728274107,0.000133065,3.141388389,0.000100552,0.382682808,0.923879783,2.356195822,0.000068897,0.410055664,-0.030413366,0.284628235
1766484250.743427,1766484250.743301630,0.000106064,3.141431000,0.000079926,0.382680720,0.923880651,2.356200349,0.000054380,0.410134674,-0.030394417,0.284998352
1766484250.758354,1766484250.758279085,0.000048810,3.141522080,0.000036051,0.382686261,0.923878360,2.356188365,0.000023261,0.410180237,-0.030385769,0.285343597
1766484250.773379,1766484250.773290157,-0.000030410,-3.141536994,0.000024698,-0.382684416,-0.923879125,2.356192360,0.000019893,0.410215759,-0.030376970,0.285655945
1766484250.788375,1766484250.788284302,-0.000087029,-3.141446979,0.000068076,-0.382682567,-0.923879887,2.356196354,0.000050641,0.410280853,-0.030361263,0.285999847
1766484250.803424,1766484250.803294659,-0.000063788,-3.141485328,0.000050002,-0.382685275,-0.923878767,2.356190495,0.000037372,0.410365906,-0.030340969,0.286362732
1766484250.818430,1766484250.818297625,-0.000026160,-3.141546847,0.000020849,-0.382683432,-0.923879532,2.356194490,0.000016154,0.410446014,-0.030321804,0.286776001
1766484250.833384,1766484250.833293676,0.000020920,3.141562294,0.000015473,0.382681710,0.923880246,2.356198219,0.000010022,0.410525909,-0.030302664,0.287203857
1766484250.848372,1766484250.848285437,0.000014606,3.141571348,0.000010824,0.382687123,0.923878004,2.356186501,0.000007047,0.410610809,-0.030284872,0.287573547
1766484250.863618,1766484250.863339424,-0.000019491,-3.141560429,0.000015169,-0.382685277,-0.923878768,2.356190495,0.000011156,0.410696228,-0.030264427,0.287947998
1766484250.878387,1766484250.878297567,-0.000092080,-3.141444582,0.000070868,-0.382683305,-0.923879581,2.356194757,0.000050781,0.410753571,-0.030250488,0.288295410
1766484250.893374,1766484250.893295765,-0.000051857,-3.141528471,0.000036235,-0.382681709,-0.923880245,2.356198219,0.000019726,0.410824371,-0.030232389,0.288673492
1766484250.908412,1766484250.908303976,-0.000051857,-3.141528471,0.000036235,-0.382681709,-0.923880245,2.356198219,0.000019726,0.410824371,-0.030232389,0.288673492
1766484250.923396,1766484250.923290491,0.000048679,3.141493584,0.000041443,0.382682570,0.923879888,2.356196354,0.000036450,0.411014465,-0.030187078,0.289514099
1766484250.938416,1766484250.938313007,0.000055699,3.141481333,0.000047030,0.382683553,0.923879480,2.356194224,0.000040766,0.411109680,-0.030166889,0.289928436
1766484250.953382,1766484250.953293324,0.000055699,3.141481333,0.000047030,0.382683553,0.923879480,2.356194224,0.000040766,0.411109680,-0.030166889,0.289928436
1766484250.968477,1766484250.968323946,0.000029938,3.141503704,0.000030849,0.382681586,0.923880296,2.356198485,0.000035361,0.411187897,-0.030146975,0.290316101
1766484250.983382,1766484250.983301401,0.000017450,3.141522879,0.000021412,0.382684170,0.923879226,2.356192892,0.000028893,0.411240845,-0.030134129,0.290669006
1766484250.998423,1766484250.998306274,0.000031363,3.141499709,0.000032272,0.382682447,0.923879939,2.356196621,0.000036934,0.411304169,-0.030118906,0.291045654
1766484251.013432,1766484251.013328075,0.000009738,3.141533531,0.000015811,0.382680603,0.923880704,2.356200615,0.000025448,0.411379517,-0.030100830,0.291413422
1766484251.028409,1766484251.028314114,-0.000026374,3.141590789,-0.000011827,0.382678758,0.923881469,2.356204610,0.000005908,0.411453308,-0.030083111,0.291765930
1766484251.043396,1766484251.043308258,-0.000042243,-3.141570017,0.000023845,-0.382684170,-0.923879227,2.356192892,0.000002374,0.411516357,-0.030070425,0.292149445
1766484251.058367,1766484251.058296680,-0.000019754,3.141578805,-0.000006475,0.382682448,0.923879940,2.356196621,0.000010177,0.411565521,-0.030058496,0.292527344
1766484251.073564,1766484251.073353767,0.000004442,3.141519949,0.000015963,0.382678634,0.923881519,2.356204877,0.000032735,0.411732513,-0.030017399,0.293329773
1766484251.088406,1766484251.088304996,0.000004442,3.141519949,0.000015963,0.382678634,0.923881519,2.356204877,0.000032735,0.411732513,-0.030017399,0.293329773
1766484251.103435,1766484251.103322506,-0.000018253,3.141555636,-0.000001349,0.382681464,0.923880348,2.356198751,0.000020593,0.411805634,-0.029999861,0.293687592
1766484251.118444,1766484251.118317366,-0.000049225,-3.141580936,0.000024981,-0.382682325,-0.923879991,2.356196887,-0.000004006,0.411858276,-0.029989569,0.294067780
1766484251.133383,1766484251.133307695,-0.000046802,-3.141585729,0.000022945,-0.382680480,-0.923880755,2.356200882,-0.000005757,0.411921417,-0.029974339,0.294464203
1766484251.148396,1766484251.148308992,-0.000009015,3.141538325,0.000006231,0.382683186,0.923879634,2.356195023,0.000026821,0.412006958,-0.029953939,0.294854187
1766484251.163363,1766484251.163306475,0.000001973,3.141519949,0.000014823,0.382681218,0.923880449,2.356199284,0.000033208,0.412097412,-0.029932344,0.295260925
1766484251.178403,1766484251.178311348,0.000054170,3.141435527,0.000055088,0.382679615,0.923881110,2.356202746,0.000062218,0.412185577,-0.029911314,0.295667175
1766484251.193376,1766484251.193309784,0.000081345,3.141390786,0.000076203,0.382685026,0.923878866,2.356191028,0.000077686,0.412265503,-0.029894690,0.296091949
1766484251.208448,1766484251.208325624,0.000068828,3.141410227,0.000066700,0.382683059,0.923879682,2.356195289,0.000071100,0.412330658,-0.029878986,0.296481293
1766484251.223400,1766484251.223305702,-0.000002974,3.141524743,0.000011620,0.382681341,0.923880398,2.356199018,0.000031940,0.412376373,-0.029867819,0.296794769
1766484251.238434,1766484251.238322496,-0.000083753,-3.141531401,0.000050409,-0.382686752,-0.923878156,2.356187300,0.000012270,0.412421600,-0.029859276,0.297111206
1766484251.253398,1766484251.253308296,-0.000112370,-3.141486127,0.000072291,-0.382684905,-0.923878919,2.356191294,0.000027708,0.412474731,-0.029846376,0.297478760
1766484251.268477,1766484251.268328667,-0.000102611,-3.141502372,0.000064675,-0.382683183,-0.923879633,2.356195023,0.000022071,0.412521912,-0.029834936,0.297842438
1766484251.283464,1766484251.283329964,-0.000098559,-3.141509563,0.000061427,-0.382685767,-0.923878563,2.356189430,0.000019524,0.412583038,-0.029820154,0.298245544
1766484251.298433,1766484251.298322201,-0.000084837,-3.141532466,0.000050706,-0.382686752,-0.923878156,2.356187300,0.000011570,0.412673645,-0.029801035,0.298663727
1766484251.313447,1766484251.313320160,-0.000083925,-3.141534597,0.000049877,-0.382684907,-0.923878920,2.356191294,0.000010760,0.412747437,-0.029783361,0.299037231
1766484251.328479,1766484251.328332901,-0.000083925,-3.141534597,0.000049877,-0.382684907,-0.923878920,2.356191294,0.000010760,0.412747437,-0.029783361,0.299037231
1766484251.343431,1766484251.343328476,-0.000067511,-3.141561495,0.000037148,-0.382690444,-0.923876627,2.356179310,0.000001476,0.412803436,-0.029772339,0.299433197
1766484251.358412,1766484251.358320475,-0.000074873,-3.141550309,0.000042689,-0.382688721,-0.923877341,2.356183039,0.000005234,0.412843323,-0.029762564,0.299795929
1766484251.373476,1766484251.373342752,-0.000078059,-3.141545782,0.000045027,-0.382689705,-0.923876933,2.356180908,0.000006716,0.412919342,-0.029746876,0.300180908
1766484251.388504,1766484251.388340235,-0.000084798,-3.141535928,0.000050026,-0.382695241,-0.923874640,2.356168924,0.000009978,0.413006012,-0.029728683,0.300565796
1766484251.403491,1766484251.403344870,-0.000044208,3.141583599,-0.000018689,0.382699056,0.923873061,2.356160668,0.000012642,0.413096375,-0.029712147,0.301000671
1766484251.418456,1766484251.418334723,0.000037621,3.141451506,0.000044388,0.382713078,0.923867249,2.356130308,0.000058002,0.413176483,-0.029703087,0.301463623
1766484251.433590,1766484251.433355570,0.000113905,3.141328468,0.000103171,0.382717252,0.923865512,2.356121253,0.000100239,0.413248199,-0.029690996,0.301876221
1766484251.448451,1766484251.448340416,0.000076655,3.141387857,0.000074599,0.382718241,0.923865107,2.356119123,0.000079934,0.413301361,-0.029680639,0.302249725
1766484251.463410,1766484251.463325739,-0.000033360,3.141563625,-0.000009855,0.382723537,0.923862919,2.356107671,0.000019793,0.413334564,-0.029674892,0.302566284
1766484251.478475,1766484251.478340626,-0.000075486,-3.141554837,0.000042106,-0.382719846,-0.923864448,2.356115661,0.000003024,0.413425354,-0.029652779,0.303289581
1766484251.493472,1766484251.493342638,-0.000075486,-3.141554837,0.000042106,-0.382719846,-0.923864448,2.356115661,0.000003024,0.413425354,-0.029652779,0.303289581
1766484251.508490,1766484251.508349657,-0.000034123,3.141563359,-0.000010157,0.382722676,0.923863276,2.356109535,0.000020062,0.413487366,-0.029637827,0.303706421
1766484251.523462,1766484251.523334742,-0.000006033,3.141517552,0.000011585,0.382720831,0.923864040,2.356113530,0.000035846,0.413548157,-0.029623203,0.304088501
1766484251.538724,1766484251.538407087,-0.000023959,3.141546048,-0.000002149,0.382718863,0.923864856,2.356117791,0.000026113,0.413606018,-0.029609221,0.304487152
1766484251.553420,1766484251.553330183,-0.000048653,3.141585197,-0.000021048,0.382717140,0.923865569,2.356121520,0.000012755,0.413648041,-0.029598904,0.304852814
1766484251.568497,1766484251.568353176,-0.000047429,3.141582800,-0.000020024,0.382719601,0.923864550,2.356116193,0.000013628,0.413702271,-0.029585781,0.305249756
1766484251.583431,1766484251.583336830,-0.000045554,3.141579071,-0.000018444,0.382717878,0.923865263,2.356119922,0.000014991,0.413773682,-0.029568632,0.305637787
1766484251.598468,1766484251.598352194,-0.000029349,3.141552440,-0.000005862,0.382716156,0.923865977,2.356123650,0.000024192,0.413856110,-0.029548979,0.306019806
1766484251.613450,1766484251.613350630,-0.000001824,3.141507699,0.000015414,0.382718616,0.923864957,2.356118324,0.000039593,0.413931580,-0.029530870,0.306444031
1766484251.628706,1766484251.628405809,0.000028319,3.141458697,0.000038715,0.382716892,0.923865670,2.356122052,0.000056460,0.413978333,-0.029519512,0.306846741
1766484251.643467,1766484251.643357515,0.000061196,3.141405433,0.000064094,0.382712092,0.923867656,2.356132439,0.000074773,0.414043304,-0.029501308,0.307293945
1766484251.658419,1766484251.658339262,0.000092798,3.141354034,0.000088528,0.382710120,0.923868469,2.356136700,0.000092469,0.414126587,-0.029481405,0.307710358
1766484251.673466,1766484251.673359156,0.000086025,3.141364687,0.000083361,0.382712950,0.923867297,2.356130574,0.000088844,0.414185974,-0.029467098,0.308069275
1766484251.688401,1766484251.688342571,0.000027777,3.141457631,0.000038669,0.382710987,0.923868116,2.356134835,0.000057056,0.414211243,-0.029460695,0.308419250
1766484251.703501,1766484251.703372717,0.000027777,3.141457631,0.000038669,0.382710987,0.923868116,2.356134835,0.000057056,0.414211243,-0.029460695,0.308419250
1766484251.718522,1766484251.718368053,-0.000066319,-3.141577207,0.000033591,-0.382711727,-0.923867811,2.356133237,-0.000005555,0.414267334,-0.029446640,0.309115417
1766484251.733536,1766484251.733378649,-0.000128167,-3.141497046,0.000077499,-0.382709878,-0.923868575,2.356137232,0.000019639,0.414317657,-0.029433262,0.309479248
1766484251.748465,1766484251.748347998,-0.000128167,-3.141497046,0.000077499,-0.382709878,-0.923868575,2.356137232,0.000019639,0.414317657,-0.029433262,0.309479248
1766484251.763440,1766484251.763343334,-0.000117661,-3.141514357,0.000069334,-0.382712585,-0.923867454,2.356131373,0.000013653,0.414372955,-0.029419931,0.309838715
1766484251.778454,1766484251.778351068,-0.000079867,-3.141575343,0.000040206,-0.382710742,-0.923868219,2.356135368,-0.000007287,0.414428375,-0.029406515,0.310262207
1766484251.793418,1766484251.793341160,-0.000045672,3.141554570,-0.000013810,0.382708898,0.923868983,2.356139363,0.000026332,0.414479187,-0.029394192,0.310688721
1766484251.808582,1766484251.808385611,-0.000061937,3.141580403,-0.000026267,0.382706929,0.923869799,2.356143624,0.000017511,0.414522522,-0.029383600,0.311061798
1766484251.823560,1766484251.823389530,-0.000105792,-3.141534863,0.000059927,-0.382704959,-0.923870614,2.356147885,0.000006452,0.414575653,-0.029370705,0.311435425
1766484251.838455,1766484251.838351965,-0.000130000,-3.141496513,0.000078449,-0.382707786,-0.923869441,2.356141760,0.000019534,0.414628357,-0.029357935,0.311801270
1766484251.853513,1766484251.853364944,-0.000073536,-3.141587594,0.000034937,-0.382702992,-0.923871429,2.356152146,-0.000011734,0.414694061,-0.029339621,0.312233368
1766484251.868471,1766484251.868364811,0.000011078,3.141461360,0.000030241,0.382701146,0.923872193,2.356156141,0.000058530,0.414765778,-0.029322430,0.312687073
1766484251.883429,1766484251.883351803,0.000049731,3.141399042,0.000060020,0.382699421,0.923872904,2.356159869,0.000079920,0.414841095,-0.029304388,0.313103973
1766484251.898411,1766484251.898351192,0.000045022,3.141405966,0.000056520,0.382697453,0.923873720,2.356164130,0.000077623,0.414897369,-0.029290764,0.313518890
1766484251.913505,1766484251.913377047,-0.000000000,3.141477072,0.000022116,0.382700163,0.923872601,2.356158271,0.000053391,0.414918518,-0.029285355,0.313868530
1766484251.928454,1766484251.928368568,-0.000035649,3.141535396,-0.000005511,0.382698318,0.923873366,2.356162266,0.000033271,0.414931580,-0.029281822,0.314226410
1766484251.943465,1766484251.943367243,-0.000069587,3.141588925,-0.000031431,0.382699179,0.923873009,2.356160402,0.000015038,0.415035095,-0.029256744,0.314945129
1766484251.958484,1766484251.958375454,-0.000069587,3.141588925,-0.000031431,0.382699179,0.923873009,2.356160402,0.000015038,0.415035095,-0.029256744,0.314945129
1766484251.973483,1766484251.973377705,-0.000086875,-3.141568951,0.000044666,-0.382697210,-0.923873824,2.356164663,-0.000005675,0.415086121,-0.029244366,0.315342377
1766484251.988483,1766484251.988360405,-0.000071866,3.141592654,-0.000033198,0.382696841,0.923873977,2.356165462,0.000013752,0.415123535,-0.029232580,0.315770447
1766484252.003462,1766484252.003366709,-0.000025753,3.141517552,0.000002474,0.382695120,0.923874691,2.356169190,0.000039620,0.415171021,-0.029221060,0.316174805
1766484252.018675,1766484252.018402815,-0.000037425,3.141535928,-0.000006434,0.382693274,0.923875455,2.356173185,0.000033365,0.415224548,-0.029208105,0.316560822
1766484252.033501,1766484252.033367872,-0.000063624,3.141578006,-0.000026587,0.382691429,0.923876220,2.356177180,0.000018940,0.415273834,-0.029196173,0.316906036
1766484252.048460,1766484252.048366547,-0.000093789,-3.141559364,0.000049695,-0.382689582,-0.923876984,2.356181174,-0.000002568,0.415319397,-0.029185041,0.317285583
1766484252.063469,1766484252.063366890,-0.000070392,3.141588126,-0.000031651,0.382692167,0.923875914,2.356175582,0.000015561,0.415372223,-0.029172211,0.317722137
1766484252.078517,1766484252.078388691,-0.000031986,3.141526341,-0.000002087,0.382690199,0.923876729,2.356179843,0.000036753,0.415429016,-0.029158508,0.318144318
1766484252.093456,1766484252.093366385,-0.000031986,3.141526341,-0.000002087,0.382690199,0.923876729,2.356179843,0.000036753,0.415429016,-0.029158508,0.318144318
1766484252.108495,1766484252.108383656,0.000025919,3.141432864,0.000042548,0.382688474,0.923877441,2.356183571,0.000068854,0.415501648,-0.029141104,0.318587006
1766484252.123787,1766484252.123403549,0.000042288,3.141406232,0.000055205,0.382686504,0.923878255,2.356187832,0.000078024,0.415568970,-0.029124910,0.319004547
1766484252.138529,1766484252.138386250,0.000043909,3.141403569,0.000056464,0.382689334,0.923877083,2.356181707,0.000078944,0.415604462,-0.029116219,0.319367371
1766484252.153447,1766484252.153367519,-0.000000000,3.141474143,0.000022676,0.382687245,0.923877951,2.356186234,0.000054745,0.415620789,-0.029111889,0.319743622
1766484252.168510,1766484252.168385029,-0.000038635,3.141535928,-0.000006993,0.382685524,0.923878665,2.356189963,0.000033596,0.415642242,-0.029106428,0.320090912
1766484252.183481,1766484252.183374643,-0.000090612,-3.141566555,0.000046851,-0.382687983,-0.923877646,2.356184636,-0.000005282,0.415681000,-0.029096876,0.320456055
1766484252.198464,1766484252.198372126,-0.000110206,-3.141535129,0.000061916,-0.382686137,-0.923878410,2.356188631,0.000005485,0.415725037,-0.029086143,0.320839020
1766484252.213549,1766484252.213400602,-0.000089771,-3.141568153,0.000046157,-0.382684539,-0.923879073,2.356192093,-0.000005859,0.415755737,-0.029078548,0.321206726
1766484252.228537,1766484252.228391409,-0.000067310,3.141581202,-0.000028902,0.382687000,0.923878054,2.356186767,0.000018169,0.415784760,-0.029071310,0.321628693
1766484252.243522,1766484252.243396044,-0.000071456,3.141587594,-0.000032040,0.382685155,0.923878818,2.356190762,0.000016010,0.415829132,-0.029060461,0.322039215
1766484252.258425,1766484252.258372784,-0.000092392,-3.141564424,0.000048081,-0.382683308,-0.923879583,2.356194757,-0.000004638,0.415872406,-0.029049894,0.322411285
1766484252.273566,1766484252.273407459,-0.000108960,-3.141556168,0.000057314,-0.382681339,-0.923880398,2.356199018,-0.000003994,0.415910156,-0.029039469,0.322806763
1766484252.288480,1766484252.288379192,-0.000085217,3.141591056,-0.000039059,0.382683924,0.923879328,2.356193425,0.000017044,0.415943359,-0.029031263,0.323210510
1766484252.303508,1766484252.303392649,-0.000068207,3.141563625,-0.000025953,0.382682325,0.923879990,2.356196887,0.000026460,0.415988373,-0.029020317,0.323611877
1766484252.318484,1766484252.318384886,-0.000049882,3.141533798,-0.000011781,0.382680357,0.923880805,2.356201148,0.000036732,0.416049591,-0.029005571,0.324029053
1766484252.333695,1766484252.333444834,-0.000035893,3.141511161,-0.000000987,0.382678512,0.923881570,2.356205143,0.000044512,0.416105621,-0.028992008,0.324455627
1766484252.348478,1766484252.348383665,-0.000005555,3.141462425,0.000022352,0.382681094,0.923880499,2.356199550,0.000061221,0.416150024,-0.028981184,0.324868591
1766484252.363425,1766484252.363377333,0.000030362,3.141404634,0.000050001,0.382679247,0.923881261,2.356203545,0.000081044,0.416173370,-0.028975285,0.325295502
1766484252.378478,1766484252.378392220,0.000029418,3.141405966,0.000049310,0.382680354,0.923880803,2.356201148,0.000080610,0.416193939,-0.028972548,0.325680389
1766484252.393448,1766484252.393383026,-0.000043619,3.141523411,-0.000006901,0.382678512,0.923881570,2.356205143,0.000040332,0.416213623,-0.028967508,0.325997894
1766484252.408536,1766484252.408405542,-0.000117442,-3.141543385,0.000063678,-0.382681216,-0.923880448,2.356199284,0.000000288,0.416237274,-0.028961508,0.326330017
1766484252.423706,1766484252.423428535,-0.000157320,-3.141479469,0.000094329,-0.382679244,-0.923881262,2.356203545,0.000022183,0.416255890,-0.028956699,0.326699982
1766484252.438676,1766484252.438442945,-0.000120862,-3.141538059,0.000066277,-0.382677402,-0.923882028,2.356207540,0.000002094,0.416285034,-0.028949427,0.327122742
1766484252.453472,1766484252.453392506,-0.000063141,3.141554304,-0.000021830,0.382680111,0.923880907,2.356201681,0.000029797,0.416341644,-0.028935795,0.327542053
1766484252.468536,1766484252.468413830,-0.000063141,3.141554304,-0.000021830,0.382680111,0.923880907,2.356201681,0.000029797,0.416341644,-0.028935795,0.327542053
1766484252.483541,1766484252.483416319,-0.000046756,3.141527939,-0.000009216,0.382678266,0.923881672,2.356205675,0.000038841,0.416403870,-0.028920815,0.327963776
1766484252.498486,1766484252.498394251,-0.000079168,3.141580137,-0.000034176,0.382676297,0.923882487,2.356209937,0.000020930,0.416432556,-0.028913620,0.328354065
1766484252.513501,1766484252.513399601,-0.000099183,-3.141573213,0.000049536,-0.382678757,-0.923881468,2.356204610,-0.000009997,0.416437439,-0.028912006,0.328738373
1766484252.528483,1766484252.528395176,-0.000104621,-3.141564424,0.000053730,-0.382677034,-0.923882181,2.356208339,-0.000006978,0.416456909,-0.028906996,0.329110382
1766484252.543722,1766484252.543459177,-0.000063691,3.141555103,-0.000022236,0.382678143,0.923881723,2.356205942,0.000029533,0.416516113,-0.028895308,0.329524628
1766484252.558482,1766484252.558396578,-0.000032233,3.141485861,0.000005544,0.382676297,0.923882486,2.356209937,0.000055499,0.416578644,-0.028879129,0.329960144
1766484252.573548,1766484252.573410511,0.000021786,3.141399308,0.000047058,0.382678878,0.923881414,2.356204344,0.000085146,0.416629974,-0.028866671,0.330415710
1766484252.588588,1766484252.588424683,0.000052066,3.141350572,0.000070371,0.382679982,0.923880953,2.356201947,0.000101865,0.416657471,-0.028862370,0.330827881
1766484252.603497,1766484252.603399038,0.000024763,3.141394781,0.000049300,0.382677893,0.923881821,2.356206474,0.000086667,0.416668640,-0.028859272,0.331223114
1766484252.618488,1766484252.618397951,-0.000026112,3.141476273,0.000010206,0.382680603,0.923880703,2.356200615,0.000058757,0.416681885,-0.028855694,0.331574402
1766484252.633490,1766484252.633397341,-0.000036848,3.141493584,0.000001934,0.382681710,0.923880244,2.356198219,0.000052815,0.416704620,-0.028852524,0.331923065
1766484252.648573,1766484252.648425579,-0.000052199,3.141518351,-0.000009896,0.382679865,0.923881009,2.356202213,0.000044311,0.416723938,-0.028847546,0.332320435
1766484252.663448,1766484252.663396120,-0.000044410,3.141506101,-0.000003954,0.382678143,0.923881722,2.356205942,0.000048480,0.416745300,-0.028842108,0.332705963
1766484252.678486,1766484252.678404331,-0.000071783,3.141549777,-0.000024956,0.382680603,0.923880703,2.356200615,0.000033542,0.416772400,-0.028835297,0.333099152
1766484252.693543,1766484252.693422079,-0.000103800,-3.141583865,0.000049631,-0.382681463,-0.923880347,2.356198751,-0.000015801,0.416805542,-0.028829601,0.333493713
1766484252.708694,1766484252.708462238,-0.000083676,3.141569218,-0.000034169,0.382682694,0.923879837,2.356196088,0.000026837,0.416840515,-0.028823574,0.333876038
1766484252.723513,1766484252.723410845,-0.000048491,3.141512759,-0.000007112,0.382685401,0.923878716,2.356190229,0.000046185,0.416864838,-0.028817440,0.334296936
1766484252.738570,1766484252.738430262,-0.000037120,3.141494649,0.000001605,0.382683556,0.923879480,2.356194224,0.000052375,0.416881104,-0.028813227,0.334678101
1766484252.753556,1766484252.753427744,-0.000061269,3.141533531,-0.000016990,0.382681588,0.923880296,2.356198485,0.000039034,0.416919586,-0.028803751,0.335085114
1766484252.768544,1766484252.768422604,-0.000055417,3.141524210,-0.000012503,0.382682449,0.923879939,2.356196621,0.000042220,0.416967804,-0.028794575,0.335513000
1766484252.783479,1766484252.783409834,-0.000052785,3.141519949,-0.000010472,0.382687985,0.923877646,2.356184636,0.000043685,0.416989655,-0.028791588,0.335899597
1766484252.798561,1766484252.798426390,0.000025180,3.141394781,0.000049493,0.382686136,0.923878407,2.356188631,0.000086587,0.417019348,-0.028784206,0.336359192
1766484252.813503,1766484252.813412189,0.000063103,3.141334061,0.000078629,0.382684286,0.923879169,2.356192626,0.000107380,0.417056702,-0.028775011,0.336794312
1766484252.828466,1766484252.828406334,0.000041512,3.141368682,0.000062032,0.382686872,0.923878101,2.356187033,0.000095518,0.417091339,-0.028766485,0.337185760
1766484252.843543,1766484252.843428612,0.000041512,3.141368682,0.000062032,0.382686872,0.923878101,2.356187033,0.000095518,0.417091339,-0.028766485,0.337185760
1766484252.858537,1766484252.858432770,-0.000028563,3.141481333,0.000008106,0.382687984,0.923877645,2.356184636,0.000056888,0.417096039,-0.028767447,0.337514435
1766484252.873539,1766484252.873427868,-0.000102170,-3.141585463,0.000048572,-0.382686015,-0.923878461,2.356188898,-0.000016228,0.417086121,-0.028769300,0.337843628
1766484252.888520,1766484252.888422966,-0.000124086,-3.141550043,0.000065473,-0.382691427,-0.923876219,2.356177180,-0.000004060,0.417085938,-0.028771421,0.338233673
1766484252.903588,1766484252.903437614,-0.000109405,-3.141573479,0.000054208,-0.382689705,-0.923876932,2.356180908,-0.000012077,0.417109467,-0.028765497,0.338621521
1766484252.918828,1766484252.918523788,-0.000127213,-3.141544717,0.000067937,-0.382687859,-0.923877696,2.356184903,-0.000002197,0.417139069,-0.028758156,0.339008667
1766484252.933524,1766484252.933426857,-0.000141442,-3.141521814,0.000078892,-0.382688965,-0.923877237,2.356182506,0.000005660,0.417167419,-0.028753624,0.339391602
1766484252.948593,1766484252.948443413,-0.000134084,-3.141533265,0.000073302,-0.382691426,-0.923876219,2.356177180,0.000001777,0.417187256,-0.028748514,0.339819519
1766484252.963506,1766484252.963421583,-0.000121511,-3.141553239,0.000063673,-0.382689582,-0.923876983,2.356181174,-0.000005043,0.417198669,-0.028745415,0.340213928
1766484252.978520,1766484252.978424311,-0.000139702,-3.141523678,0.000077732,-0.382690564,-0.923876575,2.356179044,0.000005131,0.417215576,-0.028743551,0.340605682
1766484252.993483,1766484252.993418455,-0.000132289,-3.141535662,0.000072014,-0.382688843,-0.923877289,2.356182772,0.000001014,0.417245178,-0.028736212,0.341004456
1766484253.008638,1766484253.008452177,-0.000111366,-3.141568951,0.000055980,-0.382694380,-0.923874996,2.356170788,-0.000010361,0.417275116,-0.028731327,0.341407898
1766484253.023580,1766484253.023443937,-0.000060902,3.141535928,-0.000017279,0.382692413,0.923875811,2.356175049,0.000037857,0.417300568,-0.028724913,0.341867920
1766484253.038518,1766484253.038428783,-0.000009321,3.141453104,0.000022397,0.382690567,0.923876575,2.356179044,0.000066247,0.417340149,-0.028715248,0.342311096
1766484253.053656,1766484253.053443432,0.000002146,3.141434728,0.000031210,0.382695979,0.923874332,2.356167326,0.000072541,0.417381866,-0.028707577,0.342735413
1766484253.068533,1766484253.068432808,-0.000029235,3.141485595,0.000006981,0.382694135,0.923875097,2.356171321,0.000055049,0.417393524,-0.028704376,0.343115723
1766484253.083561,1766484253.083445787,-0.000051246,3.141521281,-0.000010016,0.382692413,0.923875811,2.356175049,0.000042776,0.417382263,-0.028706610,0.343447723
1766484253.098529,1766484253.098434687,-0.000094318,3.141590523,-0.000043161,0.382694996,0.923874741,2.356169456,0.000019032,0.417366760,-0.028709763,0.343815002
1766484253.113742,1766484253.113481998,-0.000113655,-3.141563359,0.000058107,-0.382696102,-0.923874283,2.356167060,-0.000008215,0.417386536,-0.028707249,0.344197388
1766484253.128527,1766484253.128437519,-0.000123730,-3.141547114,0.000065869,-0.382694133,-0.923875098,2.356171321,-0.000002639,0.417418671,-0.028699265,0.344605438
1766484253.143528,1766484253.143434525,-0.000100084,-3.141584664,0.000047762,-0.382692166,-0.923875913,2.356175582,-0.000015460,0.417447296,-0.028692133,0.345027100
1766484253.158531,1766484253.158440113,-0.000088584,3.141582800,-0.000039035,0.382694504,0.923874945,2.356170522,0.000021502,0.417458649,-0.028688957,0.345503052
1766484253.173553,1766484253.173445225,-0.000074072,3.141559630,-0.000027898,0.382693151,0.923875506,2.356173451,0.000029428,0.417461792,-0.028687874,0.345830994
1766484253.188502,1766484253.188436031,-0.000115499,-3.141576941,0.000056360,-0.382694134,-0.923875098,2.356171321,-0.000014842,0.417473328,-0.028686140,0.346189606
1766484253.203553,1766484253.203449726,-0.000152529,-3.141517286,0.000084880,-0.382692163,-0.923875912,2.356175582,0.000005629,0.417489502,-0.028681890,0.346578918
1766484253.218969,1766484253.218512058,-0.000152529,-3.141517286,0.000084880,-0.382692163,-0.923875912,2.356175582,0.000005629,0.417489502,-0.028681890,0.346578918
1766484253.233554,1766484253.233448982,-0.000126291,-3.141559098,0.000064760,-0.382694749,-0.923874843,2.356169989,-0.000008665,0.417515656,-0.028675299,0.347017700
1766484253.248553,1766484253.248451471,-0.000035397,3.141480801,0.000005052,0.382692905,0.923875607,2.356173984,0.000058442,0.417539520,-0.028669306,0.347493225
1766484253.263511,1766484253.263441086,0.000032097,3.141372410,0.000056970,0.382695608,0.923874483,2.356168125,0.000095597,0.417553833,-0.028665550,0.347928436
1766484253.278604,1766484253.278457165,0.000063395,3.141322609,0.000080957,0.382693759,0.923875245,2.356172120,0.000112613,0.417584595,-0.028657909,0.348369843
1766484253.293533,1766484253.293446302,0.000021279,3.141390520,0.000048507,0.382694747,0.923874840,2.356169989,0.000089302,0.417598267,-0.028656828,0.348733368
1766484253.308821,1766484253.308489323,-0.000002145,3.141428869,0.000030349,0.382692904,0.923875606,2.356173984,0.000076069,0.417595123,-0.028657108,0.349123230
1766484253.323941,1766484253.323518276,-0.000028241,3.141471213,0.000010192,0.382695489,0.923874536,2.356168391,0.000061502,0.417581085,-0.028659908,0.349500732
1766484253.338550,1766484253.338450432,-0.000041147,3.141492252,0.000000204,0.382693767,0.923875250,2.356172120,0.000054252,0.417583618,-0.028658888,0.349861389
1766484253.353521,1766484253.353445053,-0.000056045,3.141516487,-0.000011315,0.382691921,0.923876015,2.356176114,0.000045908,0.417599213,-0.028654791,0.350260376
1766484253.368572,1766484253.368454695,-0.000084618,3.141563093,-0.000033432,0.382690076,0.923876780,2.356180109,0.000029847,0.417594452,-0.028655449,0.350624084
1766484253.383532,1766484253.383451223,-0.000081885,3.141558831,-0.000031354,0.382695489,0.923874537,2.356168391,0.000031292,0.417590820,-0.028658367,0.351044495
1766484253.398507,1766484253.398442984,-0.000071912,3.141543385,-0.000023792,0.382693521,0.923875353,2.356172652,0.000036519,0.417606293,-0.028654306,0.351461670
1766484253.413600,1766484253.413463116,-0.000071662,3.141543385,-0.000023676,0.382691921,0.923876015,2.356176114,0.000036471,0.417632111,-0.028647858,0.351840576
1766484253.428580,1766484253.428460360,-0.000075851,3.141550576,-0.000026987,0.382694382,0.923874996,2.356170788,0.000033951,0.417648651,-0.028643547,0.352235413
1766484253.443552,1766484253.443456650,-0.000118524,-3.141565756,0.000059897,-0.382692535,-0.923875760,2.356174783,-0.000010254,0.417642578,-0.028644485,0.352602325
1766484253.458528,1766484253.458451509,-0.000101009,3.141592654,-0.000046660,0.382690567,0.923876576,2.356179044,0.000019328,0.417635834,-0.028645618,0.353039154
1766484253.473593,1766484253.473462343,-0.000059610,3.141526075,-0.000014796,0.382693275,0.923875455,2.356173185,0.000042161,0.417647583,-0.028642410,0.353479797
1766484253.488551,1766484253.488462687,-0.000024304,3.141469882,0.000012265,0.382694381,0.923874995,2.356170788,0.000061363,0.417677216,-0.028637642,0.353912781
1766484253.503549,1766484253.503459454,0.000009799,3.141415287,0.000038465,0.382692411,0.923875809,2.356175049,0.000080057,0.417703461,-0.028631088,0.354333038
1766484253.518581,1766484253.518459797,0.000033152,3.141378269,0.000056336,0.382695116,0.923874687,2.356169190,0.000092689,0.417710236,-0.028629045,0.354761078
1766484253.533587,1766484253.533463955,0.000012373,3.141412358,0.000040214,0.382693272,0.923875452,2.356173185,0.000080918,0.417692230,-0.028632805,0.355133850
1766484253.548525,1766484253.548455954,-0.000080304,3.141561761,-0.000031184,0.382691306,0.923876270,2.356177446,0.000029636,0.417674500,-0.028636454,0.355477844
1766484253.563516,1766484253.563454151,-0.000149544,-3.141511960,0.000084520,-0.382689579,-0.923876982,2.356181174,0.000008661,0.417674255,-0.028636076,0.355799255
1766484253.578608,1766484253.578467607,-0.000160364,-3.141494117,0.000092933,-0.382694991,-0.923874740,2.356169456,0.000014833,0.417678894,-0.028637119,0.356187134
1766484253.593570,1766484253.593470573,-0.000160364,-3.141494117,0.000092933,-0.382694991,-0.923874740,2.356169456,0.000014833,0.417678894,-0.028637119,0.356187134
1766484253.608782,1766484253.608508110,-0.000135336,-3.141533531,0.000073829,-0.382693271,-0.923875454,2.356173185,0.000001415,0.417668152,-0.028639162,0.356609253
1766484253.623550,1766484253.623462677,-0.000080912,3.141564957,-0.000032077,0.382691306,0.923876270,2.356177446,0.000028276,0.417667175,-0.028638943,0.357066772
1766484253.638670,1766484253.638497353,-0.000082191,3.141567620,-0.000033177,0.382689338,0.923877085,2.356181707,0.000027291,0.417685883,-0.028634125,0.357474548
1766484253.653530,1766484253.653461933,-0.000102055,-3.141585463,0.000048519,-0.382687491,-0.923877850,2.356185702,-0.000016206,0.417697266,-0.028631012,0.357875427
1766484253.668555,1766484253.668470860,-0.000101241,-3.141586262,0.000047990,-0.382690198,-0.923876729,2.356179843,-0.000016419,0.417689972,-0.028632282,0.358241760
1766484253.683607,1766484253.683483601,-0.000086062,3.141575343,-0.000036443,0.382688476,0.923877442,2.356183571,0.000024464,0.417675842,-0.028635138,0.358655396
1766484253.698538,1766484253.698468447,-0.000035040,3.141494117,0.000002668,0.382694013,0.923875149,2.356171587,0.000052223,0.417691193,-0.028633678,0.359082458
1766484253.713617,1766484253.713490963,-0.000006606,3.141430733,0.000027931,0.382691797,0.923876064,2.356176381,0.000076061,0.417715210,-0.028626427,0.359587952
1766484253.728617,1766484253.728487492,0.000012958,3.141399841,0.000042879,0.382690073,0.923876777,2.356180109,0.000086588,0.417724091,-0.028623930,0.359990204
1766484253.743926,1766484253.743573427,0.000032023,3.141369747,0.000057445,0.382692532,0.923875756,2.356174783,0.000096842,0.417720032,-0.028624393,0.360436523
1766484253.758597,1766484253.758479357,0.000067770,3.141313022,0.000084812,0.382690928,0.923876416,2.356178245,0.000116205,0.417715607,-0.028625025,0.360823792
1766484253.773572,1766484253.773479462,0.000043960,3.141351904,0.000066374,0.382692162,0.923875909,2.356175582,0.000102800,0.417718140,-0.028626608,0.361168884
1766484253.788537,1766484253.788468599,-0.000042002,3.141490655,0.000000115,0.382690076,0.923876779,2.356180109,0.000055154,0.417710388,-0.028627928,0.361516693
1766484253.803598,1766484253.803487301,-0.000104942,3.141592654,-0.000048477,0.382688230,0.923877544,2.356184104,0.000020080,0.417698242,-0.028630283,0.361883362
1766484253.818576,1766484253.818479300,-0.000117093,-3.141572680,0.000057912,-0.382690812,-0.923876474,2.356178511,-0.000013179,0.417679871,-0.028634092,0.362296204
1766484253.833587,1766484253.833485365,-0.000102641,3.141590257,-0.000046955,0.382689091,0.923877187,2.356182240,0.000020747,0.417661957,-0.028637846,0.362691711
1766484253.848601,1766484253.848493099,-0.000071551,3.141540722,-0.000023115,0.382687124,0.923878003,2.356186501,0.000037680,0.417672333,-0.028635006,0.363109436
1766484253.863565,1766484253.863485098,-0.000066374,3.141533265,-0.000019297,0.382692783,0.923875658,2.356174250,0.000040134,0.417683777,-0.028634478,0.363497833
1766484253.878625,1766484253.878508091,-0.000089570,3.141571082,-0.000037248,0.382690937,0.923876423,2.356178245,0.000027104,0.417679779,-0.028634951,0.363894714
1766484253.893589,1766484253.893488407,-0.000128789,-3.141550576,0.000067544,-0.382689089,-0.923877187,2.356182240,-0.000005206,0.417653076,-0.028640715,0.364264130
1766484253.908852,1766484253.908571005,-0.000124117,-3.141557234,0.000064112,-0.382691550,-0.923876168,2.356176913,-0.000007387,0.417646545,-0.028641785,0.364688538
1766484253.923554,1766484253.923481941,-0.000097605,3.141585996,-0.000043814,0.382692413,0.923875811,2.356175049,0.000021752,0.417667511,-0.028638987,0.365128418
1766484253.938743,1766484253.938507557,-0.000036833,3.141489057,0.000002808,0.382690937,0.923876422,2.356178245,0.000054903,0.417684082,-0.028634739,0.365541473
1766484253.953685,1766484253.953537226,-0.000002580,3.141434994,0.000028976,0.382693396,0.923875402,2.356172919,0.000073322,0.417674072,-0.028636608,0.365991119
1766484253.968643,1766484253.968511343,0.000016408,3.141405433,0.000043403,0.382691426,0.923876216,2.356177180,0.000083344,0.417652863,-0.028641081,0.366435791
1766484253.983606,1766484253.983502388,0.000016408,3.141405433,0.000043403,0.382691426,0.923876216,2.356177180,0.000083344,0.417652863,-0.028641081,0.366435791
1766484253.998535,1766484253.998478889,0.000009274,3.141417418,0.000037815,0.382692534,0.923875758,2.356174783,0.000079174,0.417641083,-0.028645960,0.366819885
1766484254.014037,1766484254.013582230,-0.000049833,3.141513025,-0.000007783,0.382690691,0.923876525,2.356178778,0.000046319,0.417633362,-0.028647291,0.367185974
1766484254.028561,1766484254.028486967,-0.000112702,-3.141570283,0.000056342,-0.382688844,-0.923877289,2.356182772,-0.000011231,0.417616455,-0.028650806,0.367520477
1766484254.043621,1766484254.043507099,-0.000114628,-3.141584930,0.000054429,-0.382691428,-0.923876219,2.356177180,-0.000018366,0.417598145,-0.028653502,0.367914856
1766484254.058684,1766484254.058515549,-0.000121022,-3.141573745,0.000059523,-0.382692412,-0.923875811,2.356175049,-0.000014423,0.417568542,-0.028662485,0.368313873
1766484254.073643,1766484254.073516369,-0.000144589,-3.141535129,0.000077798,-0.382690688,-0.923876524,2.356178778,-0.000001094,0.417548218,-0.028666809,0.368689392
1766484254.088568,1766484254.088490009,-0.000155275,-3.141517020,0.000086200,-0.382688718,-0.923877339,2.356183039,0.000005227,0.417543335,-0.028667463,0.369114136
1766484254.103579,1766484254.103495598,-0.000114999,-3.141580936,0.000055365,-0.382691182,-0.923876321,2.356177712,-0.000016592,0.417540161,-0.028667755,0.369554138
1766484254.118824,1766484254.118558884,-0.000083717,3.141555103,-0.000031487,0.382692413,0.923875811,2.356175049,0.000033365,0.417521362,-0.028674290,0.369959900
1766484254.133706,1766484254.133520842,-0.000094149,3.141572680,-0.000039669,0.382694996,0.923874741,2.356169456,0.000027242,0.417500183,-0.028678778,0.370380859
1766484254.148627,1766484254.148495197,-0.000128902,-3.141556168,0.000066526,-0.382693272,-0.923875454,2.356173185,-0.000007811,0.417496765,-0.028679142,0.370741058
1766484254.163601,1766484254.163489819,-0.000146619,-3.141526874,0.000080316,-0.382691179,-0.923876320,2.356177712,0.000002331,0.417494843,-0.028679119,0.371135376
1766484254.178611,1766484254.178492308,-0.000112139,-3.141581202,0.000053993,-0.382693888,-0.923875200,2.356171853,-0.000016168,0.417485748,-0.028680798,0.371588318
1766484254.193603,1766484254.193498850,-0.000004853,3.141432598,0.000028384,0.382692043,0.923875962,2.356175848,0.000074864,0.417480988,-0.028681473,0.372091156
1766484254.208603,1766484254.208505869,0.000059692,3.141329800,0.000077870,0.382690191,0.923876723,2.356179843,0.000110001,0.417483643,-0.028680441,0.372532928
1766484254.223749,1766484254.223517656,0.000070644,3.141312755,0.000086191,0.382695726,0.923874429,2.356167859,0.000115778,0.417480011,-0.028683390,0.372941406
1766484254.238653,1766484254.238528490,0.000070644,3.141312755,0.000086191,0.382695726,0.923874429,2.356167859,0.000115778,0.417480011,-0.028683390,0.372941406
1766484254.253594,1766484254.253502607,-0.000037487,3.141487725,0.000002761,0.382693890,0.923875199,2.356171853,0.000055643,0.417440460,-0.028692154,0.373250977
1766484254.268642,1766484254.268527031,-0.000104761,-3.141588126,0.000049259,-0.382691182,-0.923876321,2.356177712,-0.000017954,0.417387604,-0.028703815,0.373790894
1766484254.283669,1766484254.283523321,-0.000131786,-3.141544184,0.000070152,-0.382689212,-0.923877136,2.356181973,-0.000002827,0.417372894,-0.028706802,0.374167297
1766484254.298591,1766484254.298509836,-0.000149950,-3.141514090,0.000084301,-0.382687365,-0.923877900,2.356185968,0.000007599,0.417369904,-0.028707047,0.374577332
1766484254.313667,1766484254.313525915,-0.000148842,-3.141514889,0.000083636,-0.382692778,-0.923875658,2.356174250,0.000007442,0.417356537,-0.028712263,0.375009216
1766484254.328641,1766484254.328535557,-0.000074993,3.141552706,-0.000026998,0.382691183,0.923876321,2.356177712,0.000032803,0.417341858,-0.028715305,0.375429413
1766484254.343623,1766484254.343516827,-0.000040810,3.141498910,-0.000000915,0.382689338,0.923877085,2.356181707,0.000051112,0.417307922,-0.028722797,0.375850891
1766484254.358612,1766484254.358510256,-0.000082559,3.141567087,-0.000033245,0.382691921,0.923876015,2.356176114,0.000027607,0.417278809,-0.028729103,0.376241333
1766484254.373899,1766484254.373571634,-0.000128261,-3.141562826,0.000064956,-0.382689951,-0.923876830,2.356180375,-0.000010764,0.417269379,-0.028729708,0.376618896
1766484254.388612,1766484254.388517857,-0.000113553,-3.141585463,0.000053830,-0.382687983,-0.923877646,2.356184636,-0.000018406,0.417272125,-0.028728617,0.377060425
1766484254.403650,1766484254.403536081,-0.000064152,3.141521547,-0.000016028,0.382693398,0.923875403,2.356172919,0.000045122,0.417255127,-0.028734676,0.377523315
1766484254.418754,1766484254.418532848,0.000054415,3.141331930,0.000075025,0.382691914,0.923876010,2.356176114,0.000110026,0.417244476,-0.028736771,0.377981140
1766484254.433618,1766484254.433518887,0.000085824,3.141282662,0.000098961,0.382690064,0.923876771,2.356180109,0.000126775,0.417235016,-0.028738544,0.378427094
1766484254.448626,1766484254.448526621,0.000066209,3.141315152,0.000083683,0.382687976,0.923877639,2.356184636,0.000115520,0.417211182,-0.028743631,0.378828125
1766484254.463599,1766484254.463520050,-0.000009344,3.141437658,0.000025342,0.382693519,0.923875351,2.356172652,0.000073386,0.417165649,-0.028756332,0.379174347
1766484254.478859,1766484254.478621483,-0.000043621,3.141493584,-0.000001194,0.382691675,0.923876117,2.356176647,0.000054111,0.417128113,-0.028764654,0.379555267
1766484254.493592,1766484254.493515968,-0.000063292,3.141526341,-0.000016548,0.382689953,0.923876830,2.356180375,0.000042743,0.417117615,-0.028766668,0.379926575
1766484254.508644,1766484254.508531570,-0.000056574,3.141516221,-0.000011509,0.382692537,0.923875760,2.356174783,0.000046132,0.417110443,-0.028767923,0.380322327
1766484254.523707,1766484254.523546934,-0.000094879,3.141579071,-0.000041229,0.382690691,0.923876525,2.356178778,0.000024429,0.417077271,-0.028775246,0.380682495
1766484254.538697,1766484254.538550854,-0.000094879,3.141579071,-0.000041229,0.382690691,0.923876525,2.356178778,0.000024429,0.417077271,-0.028775246,0.380682495
1766484254.553615,1766484254.553519487,-0.000102082,3.141591588,-0.000046952,0.382688845,0.923877289,2.356182772,0.000020025,0.417032349,-0.028785233,0.381104614
1766484254.568776,1766484254.568554401,-0.000077518,3.141553505,-0.000028317,0.382691429,0.923876219,2.356177180,0.000032917,0.417000610,-0.028792189,0.381547180
1766484254.583656,1766484254.583541632,-0.000040521,3.141494916,-0.000000016,0.382692536,0.923875760,2.356174783,0.000052902,0.416991516,-0.028796494,0.381954529
1766484254.598603,1766484254.598520517,-0.000058619,3.141525009,-0.000014135,0.382690691,0.923876525,2.356178778,0.000042464,0.416969849,-0.028801054,0.382362854
1766484254.613653,1766484254.613536119,-0.000059758,3.141527939,-0.000015221,0.382689092,0.923877187,2.356182240,0.000041329,0.416948425,-0.028805676,0.382737305
1766484254.628710,1766484254.628544092,-0.000041372,3.141499443,-0.000001276,0.382691429,0.923876219,2.356177180,0.000050974,0.416914215,-0.028813154,0.383200897
1766484254.643695,1766484254.643544912,-0.000028360,3.141479736,0.000008506,0.382692536,0.923875760,2.356174783,0.000057588,0.416894043,-0.028820002,0.383607330
1766484254.658662,1766484254.658536434,-0.000022401,3.141471213,0.000012889,0.382690568,0.923876575,2.356179044,0.000060384,0.416887482,-0.028821081,0.384019196
1766484254.673672,1766484254.673543453,0.000007942,3.141423543,0.000036027,0.382688844,0.923877287,2.356182772,0.000076599,0.416886444,-0.028820892,0.384457977
1766484254.688916,1766484254.688559055,0.000011784,3.141418483,0.000038770,0.382691304,0.923876268,2.356177446,0.000078201,0.416857544,-0.028827196,0.384873291
1766484254.703680,1766484254.703541040,-0.000016216,3.141464822,0.000016969,0.382689583,0.923876983,2.356181174,0.000062153,0.416799530,-0.028840286,0.385229614
1766484254.718629,1766484254.718534470,-0.000085462,3.141576941,-0.000036472,0.382690568,0.923876576,2.356179044,0.000023611,0.416745972,-0.028854891,0.385589020
1766484254.733801,1766484254.733605146,-0.000144681,-3.141511960,0.000082274,-0.382693270,-0.923875454,2.356173185,0.000009591,0.416719269,-0.028860672,0.385957520
1766484254.748690,1766484254.748550653,-0.000202565,-3.141417950,0.000127001,-0.382691294,-0.923876266,2.356177446,0.000041942,0.416691895,-0.028866617,0.386304230
1766484254.763635,1766484254.763539791,-0.000183265,-3.141447778,0.000112379,-0.382692281,-0.923875860,2.356175315,0.000031857,0.416656342,-0.028877008,0.386720764
1766484254.778659,1766484254.778547287,-0.000140794,-3.141514889,0.000079918,-0.382695116,-0.923874690,2.356169190,0.000008982,0.416621857,-0.028884634,0.387150513
1766484254.793629,1766484254.793538094,-0.000088742,3.141588126,-0.000040127,0.382693274,0.923875455,2.356173185,0.000019072,0.416605896,-0.028887920,0.387601807
1766484254.808658,1766484254.808544159,-0.000098818,-3.141579870,0.000048094,-0.382691182,-0.923876321,2.356177712,-0.000013003,0.416573700,-0.028894960,0.388020386
1766484254.823597,1766484254.823533773,-0.000118683,-3.141546847,0.000063589,-0.382689458,-0.923877034,2.356181441,-0.000001550,0.416530701,-0.028904591,0.388393188
1766484254.838691,1766484254.838558912,-0.000114927,-3.141551641,0.000060937,-0.382695118,-0.923874690,2.356169190,-0.000003046,0.416487030,-0.028916891,0.388805969
1766484254.853698,1766484254.853561401,-0.000049729,3.141530336,-0.000011047,0.382693275,0.923875455,2.356173185,0.000038302,0.416475830,-0.028919079,0.389270935
1766484254.868643,1766484254.868544102,-0.000025082,3.141491986,0.000007676,0.382691429,0.923876219,2.356177180,0.000051301,0.416472473,-0.028919447,0.389691162
1766484254.883655,1766484254.883557558,-0.000005909,3.141462425,0.000022189,0.382689460,0.923877034,2.356181441,0.000061288,0.416455444,-0.028922962,0.390148560
1766484254.898623,1766484254.898541212,0.000003669,3.141448044,0.000029365,0.382692166,0.923875912,2.356175582,0.000066099,0.416419403,-0.028930937,0.390550232
1766484254.913715,1766484254.913573265,0.000003669,3.141448044,0.000029365,0.382692166,0.923875912,2.356175582,0.000066099,0.416419403,-0.028930937,0.390550232
1766484254.928692,1766484254.928550720,0.000019354,3.141424342,0.000041146,0.382690319,0.923876676,2.356179576,0.000074046,0.416364258,-0.028943365,0.390967102
1766484254.943668,1766484254.943552732,-0.000029620,3.141485861,0.000006752,0.382691429,0.923876219,2.356177180,0.000054999,0.416317596,-0.028955265,0.391310181
1766484254.958799,1766484254.958596468,-0.000069971,3.141551907,-0.000024526,0.382694136,0.923875098,2.356171321,0.000032211,0.416284393,-0.028962564,0.391684174
1766484254.973688,1766484254.973564625,-0.000106310,-3.141573745,0.000052726,-0.382692166,-0.923875913,2.356175582,-0.000011607,0.416254486,-0.028969078,0.392081970
1766484254.988613,1766484254.988542080,-0.000116697,-3.141555902,0.000060939,-0.382690320,-0.923876678,2.356179576,-0.000005352,0.416208832,-0.028979301,0.392471436
1766484255.003634,1766484255.003547907,-0.000089815,3.141587860,-0.000040572,0.382693028,0.923875557,2.356173718,0.000019400,0.416152924,-0.028991896,0.392902740
1766484255.018613,1766484255.018545628,-0.000075742,3.141566555,-0.000029994,0.382691183,0.923876321,2.356177712,0.000026549,0.416121674,-0.028998756,0.393322296
1766484255.033649,1766484255.033556223,-0.000064944,3.141550309,-0.000021898,0.382692290,0.923875863,2.356175315,0.000031987,0.416107147,-0.029004274,0.393709717
1766484255.048753,1766484255.048567057,-0.000081607,3.141578539,-0.000034997,0.382690322,0.923876678,2.356179576,0.000022135,0.416066101,-0.029013405,0.394122437
1766484255.063697,1766484255.063559294,-0.000090514,-3.141591322,0.000042067,-0.382693028,-0.923875557,2.356173718,-0.000016704,0.416009094,-0.029026264,0.394514587
1766484255.078697,1766484255.078571320,-0.000067621,3.141558565,-0.000024714,0.382691183,0.923876321,2.356177712,0.000028686,0.415963959,-0.029036333,0.394961548
1766484255.093702,1766484255.093577623,-0.000017362,3.141479203,0.000013688,0.382689214,0.923877136,2.356181973,0.000055729,0.415951324,-0.029038836,0.395419495
1766484255.108660,1766484255.108560324,-0.000017362,3.141479203,0.000013688,0.382689214,0.923877136,2.356181973,0.000055729,0.415951324,-0.029038836,0.395419495
1766484255.123802,1766484255.123565435,0.000018343,3.141423277,0.000040883,0.382694748,0.923874841,2.356169989,0.000074732,0.415935699,-0.029044617,0.395860077
1766484255.138669,1766484255.138562679,0.000050029,3.141374541,0.000064845,0.382691670,0.923876114,2.356176647,0.000091182,0.415871429,-0.029058897,0.396566467
1766484255.153650,1766484255.153560877,0.000070372,3.141343382,0.000080204,0.382690068,0.923876775,2.356180109,0.000101683,0.415824921,-0.029069317,0.396961853
1766484255.168718,1766484255.168571472,0.000016153,3.141431799,0.000038240,0.382692657,0.923875708,2.356174516,0.000071214,0.415773712,-0.029080814,0.397335663
1766484255.183741,1766484255.183584690,-0.000010491,3.141476007,0.000017474,0.382690936,0.923876422,2.356178245,0.000055891,0.415731262,-0.029090305,0.397679199
1766484255.198656,1766484255.198559999,-0.000069915,3.141572680,-0.000028475,0.382689091,0.923877188,2.356182240,0.000022605,0.415673279,-0.029103386,0.398050507
1766484255.213667,1766484255.213567019,-0.000095842,-3.141569484,0.000048706,-0.382694380,-0.923874996,2.356170788,-0.000007636,0.415603638,-0.029121712,0.398440735
1766484255.228668,1766484255.228561878,-0.000125660,-3.141519949,0.000071959,-0.382692533,-0.923875760,2.356174783,0.000009540,0.415550842,-0.029133564,0.398840210
1766484255.243693,1766484255.243572950,-0.000101977,-3.141556701,0.000053986,-0.382690812,-0.923876474,2.356178511,-0.000002905,0.415532959,-0.029137335,0.399247742
1766484255.258652,1766484255.258566856,-0.000098456,-3.141560962,0.000051545,-0.382688967,-0.923877238,2.356182506,-0.000004199,0.415498291,-0.029144983,0.399674866
1766484255.273716,1766484255.273582935,-0.000062991,3.141568685,-0.000024511,0.382694504,0.923874946,2.356170522,0.000023125,0.415449890,-0.029158436,0.400080475
1766484255.288682,1766484255.288579464,-0.000079551,-3.141588393,0.000037563,-0.382692659,-0.923875710,2.356174516,-0.000013253,0.415376709,-0.029175028,0.400486450
1766484255.303708,1766484255.303585529,-0.000105586,-3.141544983,0.000057896,-0.382690812,-0.923876474,2.356178511,0.000001817,0.415332031,-0.029184988,0.400884705
1766484255.318735,1766484255.318594933,-0.000104343,-3.141545782,0.000057169,-0.382688967,-0.923877238,2.356182506,0.000001686,0.415307556,-0.029190300,0.401290344
1766484255.333920,1766484255.333616018,-0.000075855,-3.141590257,0.000035499,-0.382694381,-0.923874997,2.356170788,-0.000013408,0.415274597,-0.029200056,0.401737122
1766484255.348692,1766484255.348569632,0.000005144,3.141466686,0.000026479,0.382692658,0.923875709,2.356174516,0.000057205,0.415235474,-0.029208797,0.402194580
1766484255.363642,1766484255.363569260,0.000087704,3.141335659,0.000089689,0.382690805,0.923876469,2.356178511,0.000101934,0.415197510,-0.029217186,0.402692383
1766484255.378669,1766484255.378572464,0.000087704,3.141335659,0.000089689,0.382690805,0.923876469,2.356178511,0.000101934,0.415197510,-0.029217186,0.402692383
1766484255.393706,1766484255.393578291,-0.000065080,3.141565756,-0.000024916,0.382694135,0.923875098,2.356171321,0.000024878,0.415093201,-0.029242012,0.403446289
1766484255.408817,1766484255.408596754,-0.000119803,-3.141530336,0.000067266,-0.382692533,-0.923875760,2.356174783,0.000005863,0.415034088,-0.029255413,0.403730927
1766484255.423672,1766484255.423574924,-0.000085817,-3.141583599,0.000041375,-0.382695365,-0.923874589,2.356168658,-0.000012238,0.414973206,-0.029269226,0.404129211
1766484255.438686,1766484255.438582182,-0.000085817,-3.141583599,0.000041375,-0.382695365,-0.923874589,2.356168658,-0.000012238,0.414973206,-0.029269226,0.404129211
1766484255.453656,1766484255.453575134,-0.000073947,3.141584398,-0.000032579,0.382693520,0.923875353,2.356172652,0.000017963,0.414915009,-0.029282360,0.404554871
1766484255.468658,1766484255.468580246,-0.000072103,3.141583066,-0.000031472,0.382691798,0.923876067,2.356176381,0.000018225,0.414871674,-0.029292013,0.404983826
1766484255.483686,1766484255.483582258,-0.000062905,3.141570017,-0.000024727,0.382692536,0.923875761,2.356174783,0.000022494,0.414831573,-0.029303450,0.405439880
1766484255.498670,1766484255.498584032,-0.000060255,3.141567087,-0.000022942,0.382695366,0.923874589,2.356168658,0.000023340,0.414779816,-0.029315123,0.405809540
1766484255.513753,1766484255.513605118,-0.000044864,3.141544184,-0.000011450,0.382693520,0.923875353,2.356172652,0.000030974,0.414710632,-0.029330833,0.406235626
1766484255.528714,1766484255.528590679,-0.000047075,3.141549244,-0.000013439,0.382691921,0.923876016,2.356176114,0.000029060,0.414667053,-0.029340599,0.406607452
1766484255.543739,1766484255.543608427,-0.000075200,-3.141589458,0.000035349,-0.382689952,-0.923876831,2.356180375,-0.000012913,0.414628723,-0.029349075,0.407019653
1766484255.558671,1766484255.558583021,-0.000058858,3.141571082,-0.000023061,0.382692413,0.923875812,2.356175049,0.000021227,0.414592072,-0.029357182,0.407468445
1766484255.573743,1766484255.573604822,-0.000027755,3.141522879,0.000000530,0.382693520,0.923875353,2.356172652,0.000037542,0.414535950,-0.029372366,0.407893921
1766484255.588706,1766484255.588586092,0.000040851,3.141414488,0.000052962,0.382691795,0.923876064,2.356176381,0.000074485,0.414485260,-0.029383772,0.408358551
1766484255.603679,1766484255.603585958,0.000069596,3.141369747,0.000074801,0.382690069,0.923876776,2.356180109,0.000089652,0.414455872,-0.029390232,0.408767029
1766484255.618696,1766484255.618589163,0.000035664,3.141425673,0.000048426,0.382692656,0.923875708,2.356174516,0.000070310,0.414409943,-0.029400513,0.409156952
1766484255.633698,1766484255.633593082,-0.000041748,3.141551641,-0.000011437,0.382690691,0.923876525,2.356178778,0.000026934,0.414335541,-0.029417402,0.409515228
1766484255.648715,1766484255.648600340,-0.000093666,-3.141548445,0.000051727,-0.382688844,-0.923877290,2.356182772,0.000002499,0.414256073,-0.029435480,0.409875488
1766484255.663649,1766484255.663584471,-0.000069486,-3.141585996,0.000033372,-0.382694381,-0.923874997,2.356170788,-0.000010221,0.414198608,-0.029451004,0.410302948
1766484255.678697,1766484255.678596735,-0.000051626,3.141572414,-0.000019975,0.382692782,0.923875659,2.356174250,0.000019228,0.414158295,-0.029460047,0.410687347
1766484255.693694,1766484255.693590403,-0.000073949,-3.141575343,0.000037472,-0.382690690,-0.923876525,2.356178778,-0.000006153,0.414095856,-0.029474123,0.411114563
1766484255.708805,1766484255.708631516,-0.000066865,-3.141585197,0.000032314,-0.382693520,-0.923875353,2.356172652,-0.000009350,0.414036011,-0.029487671,0.411507019
1766484255.723801,1766484255.723633289,-0.000068141,-3.141581202,0.000033668,-0.382691674,-0.923876118,2.356176647,-0.000007749,0.413968506,-0.029502972,0.411920929
1766484255.738808,1766484255.738623857,-0.000082961,-3.141555902,0.000045355,-0.382692658,-0.923875710,2.356174516,0.000001103,0.413912689,-0.029518045,0.412341797
1766484255.753692,1766484255.753595352,-0.000091319,-3.141540722,0.000052120,-0.382690812,-0.923876474,2.356178511,0.000006516,0.413875854,-0.029526218,0.412739380
1766484255.768770,1766484255.768631697,-0.000067278,-3.141577740,0.000033932,-0.382693520,-0.923875353,2.356172652,-0.000005984,0.413835327,-0.029535295,0.413137878
1766484255.783731,1766484255.783610344,-0.000033580,3.141555369,-0.000008378,0.382691798,0.923876067,2.356176381,0.000023648,0.413769836,-0.029550129,0.413580414
1766484255.798710,1766484255.798604488,0.000009605,3.141487991,0.000024464,0.382689952,0.923876831,2.356180375,0.000046510,0.413694519,-0.029567268,0.414036438
1766484255.813759,1766484255.813620329,0.000009605,3.141487991,0.000024464,0.382689952,0.923876831,2.356180375,0.000046510,0.413694519,-0.029567268,0.414036438
1766484255.828668,1766484255.828594923,0.000020062,3.141472545,0.000032250,0.382692535,0.923875760,2.356174783,0.000051644,0.413644379,-0.029578505,0.414463074
1766484255.843739,1766484255.843616724,0.000008405,3.141493051,0.000022941,0.382690567,0.923876576,2.356179044,0.000044402,0.413596863,-0.029589140,0.414890198
1766484255.858732,1766484255.858602285,0.000024870,3.141449908,0.000038802,0.382691796,0.923876065,2.356176381,0.000061181,0.413543213,-0.029602665,0.415278412
1766484255.873704,1766484255.873605013,-0.000006847,3.141502905,0.000014010,0.382690075,0.923876780,2.356180109,0.000042768,0.413455383,-0.029622732,0.415648315
1766484255.888709,1766484255.888606310,-0.000062416,-3.141591588,0.000029036,-0.382692536,-0.923875761,2.356174783,-0.000011451,0.413366943,-0.029642904,0.416012360
1766484255.903707,1766484255.903613567,-0.000112785,-3.141508764,0.000068152,-0.382690688,-0.923876525,2.356178778,0.000017171,0.413301575,-0.029657703,0.416384277
1766484255.918743,1766484255.918620110,-0.000143912,-3.141456832,0.000092467,-0.382688716,-0.923877339,2.356183039,0.000035204,0.413233551,-0.029673109,0.416815765
1766484255.933687,1766484255.933601141,-0.000130997,-3.141476007,0.000082832,-0.382691547,-0.923876167,2.356176913,0.000028818,0.413170563,-0.029687407,0.417194794
1766484255.948807,1766484255.948633909,-0.000043194,3.141570017,-0.000015621,0.382689953,0.923876831,2.356180375,0.000018722,0.413114868,-0.029699991,0.417659332
1766484255.963696,1766484255.963608742,-0.000026694,3.141545516,-0.000003311,0.382690568,0.923876576,2.356179044,0.000026883,0.413054993,-0.029715994,0.418140656
1766484255.978740,1766484255.978614807,-0.000045133,3.141576675,-0.000017791,0.382689091,0.923877188,2.356182240,0.000016017,0.413006012,-0.029727079,0.418464691
1766484255.993712,1766484255.993605137,-0.000087905,-3.141538059,0.000051053,-0.382691673,-0.923876118,2.356176647,0.000008399,0.412935791,-0.029742994,0.418854614
1766484256.008823,1766484256.008645058,-0.000080929,-3.141547114,0.000046098,-0.382689828,-0.923876882,2.356180642,0.000005551,0.412867310,-0.029758522,0.419282043
1766484256.023737,1766484256.023611069,-0.000036248,3.141568153,-0.000012056,0.382687984,0.923877647,2.356184636,0.000018254,0.412803131,-0.029773045,0.419748932
1766484256.038734,1766484256.038620472,0.000057736,3.141419015,0.000059895,0.382689087,0.923877186,2.356182240,0.000069163,0.412764282,-0.029784283,0.420197693
1766484256.053744,1766484256.053617954,0.000101021,3.141351105,0.000092885,0.382691912,0.923876011,2.356176114,0.000092250,0.412719025,-0.029794413,0.420630280
1766484256.068699,1766484256.068614721,0.000084647,3.141379334,0.000079919,0.382690069,0.923876776,2.356180109,0.000082344,0.412643188,-0.029811659,0.421042786
1766484256.083755,1766484256.083630800,0.000051424,3.141434728,0.000053973,0.382687981,0.923877645,2.356184636,0.000063112,0.412545624,-0.029833946,0.421441559
1766484256.098705,1766484256.098612309,-0.000007623,3.141531401,0.000008199,0.382693643,0.923875303,2.356172386,0.000029753,0.412468903,-0.029853930,0.421780396
1766484256.114116,1766484256.113677025,-0.000007623,3.141531401,0.000008199,0.382693643,0.923875303,2.356172386,0.000029753,0.412468903,-0.029853930,0.421780396
1766484256.128763,1766484256.128636360,-0.000065968,-3.141558565,0.000036996,-0.382691797,-0.923876067,2.356176381,0.000003124,0.412407959,-0.029867704,0.422144348
1766484256.143783,1766484256.143639326,-0.000084712,-3.141525808,0.000051922,-0.382693764,-0.923875251,2.356172120,0.000014669,0.412319427,-0.029887760,0.422704529
1766484256.158834,1766484256.158644676,-0.000030324,3.141574278,-0.000010492,0.382692167,0.923875914,2.356175582,0.000014291,0.412240601,-0.029905745,0.423114105
1766484256.173754,1766484256.173634291,0.000009666,3.141511693,0.000019956,0.382693274,0.923875455,2.356173185,0.000035549,0.412156219,-0.029927572,0.423532593
1766484256.188735,1766484256.188625813,0.000003082,3.141524477,0.000014469,0.382691305,0.923876271,2.356177446,0.000030904,0.412089539,-0.029942675,0.423957916
1766484256.203729,1766484256.203625202,-0.000032931,3.141584131,-0.000013581,0.382694012,0.923875150,2.356171587,0.000010238,0.412027527,-0.029956699,0.424358124
1766484256.218807,1766484256.218639612,-0.000076353,-3.141529537,0.000047347,-0.382692165,-0.923875914,2.356175582,0.000014546,0.411952698,-0.029973730,0.424728149
1766484256.233749,1766484256.233635426,-0.000032068,3.141586528,-0.000013642,0.382693274,0.923875456,2.356173185,0.000008966,0.411880402,-0.029992678,0.425166687
1766484256.248757,1766484256.248643160,0.000033892,3.141482931,0.000036651,0.382691304,0.923876270,2.356177446,0.000044200,0.411816742,-0.030007084,0.425659119
1766484256.263701,1766484256.263623953,0.000057231,3.141446979,0.000054312,0.382694255,0.923875046,2.356171054,0.000056342,0.411762085,-0.030019463,0.426045013
1766484256.278760,1766484256.278645277,0.000078347,3.141415287,0.000070130,0.382692162,0.923875911,2.356175582,0.000066941,0.411689270,-0.030035990,0.426498322
1766484256.293763,1766484256.293643951,0.000091022,3.141396911,0.000079501,0.382690438,0.923876624,2.356179310,0.000073004,0.411608154,-0.030054491,0.426917755
1766484256.308736,1766484256.308640957,0.000086483,3.141387857,0.000079137,0.382695974,0.923874331,2.356167326,0.000078055,0.411521881,-0.030075506,0.427339813
1766484256.323884,1766484256.323637009,0.000065543,3.141423277,0.000062686,0.382694254,0.923875045,2.356171054,0.000065700,0.411453613,-0.030091028,0.427713287
1766484256.338735,1766484256.338639498,0.000005180,3.141522080,0.000015897,0.382692536,0.923875761,2.356174783,0.000031609,0.411387878,-0.030105955,0.428044312
1766484256.353713,1766484256.353629827,-0.000056628,-3.141561761,0.000032070,-0.382690444,-0.923876628,2.356179310,0.000003435,0.411298950,-0.030126228,0.428441711
1766484256.368755,1766484256.368640423,-0.000086495,-3.141511960,0.000055396,-0.382693272,-0.923875455,2.356173185,0.000020725,0.411200439,-0.030148767,0.428809998
1766484256.383762,1766484256.383637905,-0.000087913,-3.141507699,0.000056866,-0.382691426,-0.923876219,2.356177180,0.000022422,0.411112793,-0.030168791,0.429195709
1766484256.398726,1766484256.398637533,-0.000075521,-3.141525542,0.000047728,-0.382689582,-0.923876984,2.356181174,0.000016551,0.411053619,-0.030182154,0.429630615
1766484256.413774,1766484256.413652182,-0.000036775,-3.141585996,0.000018262,-0.382695365,-0.923874589,2.356168658,-0.000003961,0.411003754,-0.030195930,0.430049103
1766484256.428916,1766484256.428675652,-0.000036775,-3.141585996,0.000018262,-0.382695365,-0.923874589,2.356168658,-0.000003961,0.411003754,-0.030195930,0.430049103
1766484256.443730,1766484256.443641424,-0.000030675,3.141592654,-0.000014170,0.382693397,0.923875405,2.356172919,0.000005870,0.410927032,-0.030213398,0.430465240
1766484256.458747,1766484256.458646297,-0.000056684,-3.141549510,0.000034440,-0.382691551,-0.923876169,2.356176913,0.000009083,0.410825562,-0.030236614,0.430864288
1766484256.473791,1766484256.473664284,-0.000101189,-3.141476007,0.000069063,-0.382689703,-0.923876932,2.356180908,0.000034522,0.410736938,-0.030256838,0.431254608
1766484256.488798,1766484256.488661766,-0.000114451,-3.141452838,0.000079623,-0.382692285,-0.923875861,2.356175315,0.000042686,0.410681610,-0.030269329,0.431652374
1766484256.503747,1766484256.503643274,-0.000085434,-3.141497046,0.000057759,-0.382693271,-0.923875455,2.356173185,0.000027817,0.410623016,-0.030285072,0.432095459
1766484256.518803,1766484256.518651724,0.000027306,3.141509297,0.000028564,0.382691428,0.923876220,2.356177180,0.000033281,0.410539185,-0.030304146,0.432646484
1766484256.533820,1766484256.533658266,0.000084445,3.141419548,0.000072131,0.382694376,0.923874994,2.356170788,0.000063806,0.410464783,-0.030321156,0.433035370
1766484256.548748,1766484256.548648119,0.000074553,3.141437391,0.000064148,0.382692532,0.923875759,2.356174783,0.000057456,0.410380981,-0.030340271,0.433427582
1766484256.563731,1766484256.563651323,-0.000010434,3.141576142,-0.000001660,0.382690691,0.923876526,2.356178778,0.000009624,0.410295288,-0.030359819,0.433771027
1766484256.578745,1766484256.578650475,-0.000076761,-3.141500775,0.000053039,-0.382691796,-0.923876066,2.356176381,0.000027755,0.410210602,-0.030381678,0.434119873
1766484256.593752,1766484256.593646526,-0.000072859,-3.141505036,0.000050422,-0.382694502,-0.923874945,2.356170522,0.000026533,0.410125977,-0.030400999,0.434509033
1766484256.608860,1766484256.608674288,-0.000047097,-3.141544184,0.000031031,-0.382692781,-0.923875659,2.356174250,0.000013378,0.410036224,-0.030421488,0.434940308
1766484256.623781,1766484256.623646975,-0.000031472,-3.141567087,0.000019430,-0.382690936,-0.923876424,2.356178245,0.000005788,0.409953827,-0.030440269,0.435372742
1766484256.638797,1766484256.638666391,-0.000041404,-3.141548978,0.000027483,-0.382693643,-0.923875303,2.356172386,0.000012253,0.409877594,-0.030457664,0.435768219
1766484256.653749,1766484256.653649092,-0.000040945,-3.141547380,0.000027577,-0.382694627,-0.923874895,2.356170255,0.000013079,0.409788330,-0.030480532,0.436188843
1766484256.668744,1766484256.668651819,-0.000021599,-3.141576675,0.000013035,-0.382693151,-0.923875507,2.356173451,0.000003248,0.409699768,-0.030500776,0.436579498
1766484256.683725,1766484256.683648586,-0.000040820,-3.141543385,0.000028283,-0.382691182,-0.923876322,2.356177712,0.000014948,0.409613037,-0.030520578,0.436983337
1766484256.698740,1766484256.698653936,-0.000029865,-3.141558831,0.000020268,-0.382693766,-0.923875252,2.356172120,0.000009909,0.409552032,-0.030534382,0.437414917
1766484256.713781,1766484256.713670969,-0.000026820,-3.141561495,0.000018351,-0.382692044,-0.923875965,2.356175848,0.000009262,0.409488892,-0.030548687,0.437826874
1766484256.728894,1766484256.728685617,0.000034539,3.141527406,0.000028440,0.382690198,0.923876729,2.356179843,0.000023531,0.409397949,-0.030569494,0.438271362
1766484256.743953,1766484256.743713617,0.000106391,3.141413955,0.000083339,0.382691668,0.923876115,2.356176647,0.000062190,0.409300751,-0.030594261,0.438671997
1766484256.758743,1766484256.758656979,0.000137485,3.141366019,0.000106875,0.382694617,0.923874890,2.356170255,0.000078384,0.409224609,-0.030611683,0.439038116
1766484256.773755,1766484256.773660660,0.000043670,3.141518351,0.000034390,0.382693150,0.923875506,2.356173451,0.000025967,0.409156219,-0.030627308,0.439284973
1766484256.788720,1766484256.788657427,0.000027938,3.141544983,0.000022027,0.382692166,0.923875914,2.356175582,0.000016675,0.409118744,-0.030635794,0.439493408
1766484256.803822,1766484256.803689480,0.000027938,3.141544983,0.000022027,0.382692166,0.923875914,2.356175582,0.000016675,0.409118744,-0.030635794,0.439493408
1766484256.818815,1766484256.818677902,-0.000070130,-3.141499976,0.000050129,-0.382695609,-0.923874487,2.356168125,0.000029392,0.409070221,-0.030645775,0.439634888
1766484256.833763,1766484256.833668947,-0.000019474,-3.141580936,0.000011238,-0.382695242,-0.923874640,2.356168924,0.000001687,0.409048950,-0.030650629,0.439785767
1766484256.848807,1766484256.848683119,0.000043064,3.141504503,0.000036760,0.382697825,0.923873570,2.356163331,0.000032480,0.409037292,-0.030655788,0.439910950
1766484256.863803,1766484256.863684416,0.000040998,3.141508498,0.000035042,0.382697456,0.923873723,2.356164130,0.000031030,0.408979828,-0.030669058,0.440010071
1766484256.878804,1766484256.878684044,0.000040998,3.141508498,0.000035042,0.382697456,0.923873723,2.356164130,0.000031030,0.408979828,-0.030669058,0.440010071
1766484256.893756,1766484256.893666029,0.000021102,3.141540722,0.000019685,0.382697210,0.923873825,2.356164663,0.000019951,0.408960876,-0.030673450,0.440021759
1766484256.908907,1766484256.908715725,0.000014312,3.141551641,0.000014459,0.382697211,0.923873825,2.356164663,0.000016207,0.408959442,-0.030673777,0.440023041
1766484256.923729,1766484256.923658371,0.000014312,3.141551641,0.000014459,0.382697211,0.923873825,2.356164663,0.000016207,0.408959442,-0.030673777,0.440023041
1766484256.938750,1766484256.938665390,0.000017447,3.141546847,0.000016824,0.382697210,0.923873825,2.356164663,0.000017821,0.408960114,-0.030673615,0.440026093
1766484256.953750,1766484256.953663826,0.000017447,3.141546847,0.000016824,0.382697210,0.923873825,2.356164663,0.000017821,0.408960114,-0.030673615,0.440026093
1766484256.968998,1766484256.968734026,0.000020866,3.141541255,0.000019474,0.382697210,0.923873825,2.356164663,0.000019750,0.408960876,-0.030673439,0.440029419
1766484256.983761,1766484256.983672619,0.000024064,3.141535928,0.000021970,0.382700040,0.923872653,2.356158538,0.000021599,0.408961334,-0.030675827,0.440032562
1766484256.998750,1766484256.998668432,0.000024064,3.141535928,0.000021970,0.382700040,0.923872653,2.356158538,0.000021599,0.408961334,-0.030675827,0.440032562
1766484257.013834,1766484257.013681650,0.000025879,3.141533265,0.000023319,0.382700163,0.923872602,2.356158271,0.000022482,0.408964203,-0.030675159,0.440031189
1766484257.028803,1766484257.028682709,0.000030988,3.141524743,0.000027309,0.382700163,0.923872602,2.356158271,0.000025441,0.408967773,-0.030674324,0.440033081
1766484257.043782,1766484257.043677807,0.000030988,3.141524743,0.000027309,0.382700163,0.923872602,2.356158271,0.000025441,0.408967773,-0.030674324,0.440033081
1766484257.058758,1766484257.058671713,0.000027770,3.141530069,0.000024804,0.382700040,0.923872653,2.356158538,0.000023596,0.408969543,-0.030673923,0.440030670
1766484257.074087,1766484257.073739290,0.000032929,3.141521814,0.000028767,0.382700162,0.923872602,2.356158271,0.000026423,0.408970612,-0.030673674,0.440031738
1766484257.088781,1766484257.088687658,0.000032784,3.141522080,0.000028648,0.382700162,0.923872602,2.356158271,0.000026327,0.408973083,-0.030673092,0.440032410
1766484257.103795,1766484257.103679419,0.000029534,3.141527140,0.000026179,0.382700163,0.923872602,2.356158271,0.000024612,0.408974884,-0.030672680,0.440029968
1766484257.118882,1766484257.118732214,0.000019677,3.141542852,0.000018619,0.382700040,0.923872653,2.356158538,0.000019240,0.408980194,-0.030671423,0.440022705
1766484257.133775,1766484257.133680105,0.000011650,3.141555902,0.000012414,0.382700163,0.923872602,2.356158271,0.000014748,0.408988403,-0.030669525,0.440014008
1766484257.148778,1766484257.148686647,0.000005026,3.141566555,0.000007316,0.382700163,0.923872602,2.356158271,0.000011094,0.408992035,-0.030668703,0.440009064
1766484257.163750,1766484257.163679838,0.000001682,3.141571881,0.000004752,0.382700163,0.923872602,2.356158271,0.000009274,0.408993805,-0.030668261,0.440006622
1766484257.178953,1766484257.178707123,0.000001805,3.141571615,0.000004859,0.382700163,0.923872602,2.356158271,0.000009373,0.408996338,-0.030667683,0.440007538
1766484257.193768,1766484257.193683863,-0.000001492,3.141576675,0.000002368,0.382700163,0.923872602,2.356158271,0.000007667,0.408998108,-0.030667271,0.440005035
1766484257.208818,1766484257.208704472,-0.000004757,3.141582001,-0.000000159,0.382700163,0.923872602,2.356158271,0.000005831,0.408999847,-0.030666864,0.440002655
1766484257.223816,1766484257.223695040,-0.000006158,3.141584398,-0.000001265,0.382700163,0.923872602,2.356158271,0.000004992,0.409004547,-0.030665771,0.439998871
1766484257.238827,1766484257.238697529,-0.000006158,3.141584398,-0.000001265,0.382700163,0.923872602,2.356158271,0.000004992,0.409004547,-0.030665771,0.439998871
1766484257.253794,1766484257.253692865,-0.000006158,3.141584398,-0.000001265,0.382700163,0.923872602,2.356158271,0.000004992,0.409004547,-0.030665771,0.439998871
1766484257.268744,1766484257.268687010,-0.000006158,3.141584398,-0.000001265,0.382700163,0.923872602,2.356158271,0.000004992,0.409004547,-0.030665771,0.439998871
1766484257.283962,1766484257.283724546,-0.000002945,3.141579071,0.000001239,0.382700163,0.923872602,2.356158271,0.000006838,0.409005249,-0.030665613,0.440001953
1766484257.298774,1766484257.298690796,-0.000006225,3.141584398,-0.000001296,0.382700163,0.923872602,2.356158271,0.000005005,0.409007050,-0.030665194,0.439999664
1766484257.313799,1766484257.313698292,-0.000006225,3.141584398,-0.000001296,0.382700163,0.923872602,2.356158271,0.000005005,0.409007050,-0.030665194,0.439999664
1766484257.328832,1766484257.328694820,-0.000006225,3.141584398,-0.000001296,0.382700163,0.923872602,2.356158271,0.000005005,0.409007050,-0.030665194,0.439999664
1766484257.343833,1766484257.343713045,-0.000006225,3.141584398,-0.000001296,0.382700163,0.923872602,2.356158271,0.000005005,0.409007050,-0.030665194,0.439999664
1766484257.358764,1766484257.358688593,-0.000001129,3.141576408,0.000002587,0.382700163,0.923872602,2.356158271,0.000007720,0.409008118,-0.030664948,0.440000641
1766484257.373794,1766484257.373697996,-0.000001129,3.141576408,0.000002587,0.382700163,0.923872602,2.356158271,0.000007720,0.409008118,-0.030664948,0.440000641
1766484257.388813,1766484257.388697863,-0.000001129,3.141576408,0.000002587,0.382700163,0.923872602,2.356158271,0.000007720,0.409008118,-0.030664948,0.440000641
1766484257.403805,1766484257.403704166,-0.000001129,3.141576408,0.000002587,0.382700163,0.923872602,2.356158271,0.000007720,0.409008118,-0.030664948,0.440000641
1766484257.418840,1766484257.418713331,-0.000001129,3.141576408,0.000002587,0.382700163,0.923872602,2.356158271,0.000007720,0.409008118,-0.030664948,0.440000641
1766484257.433830,1766484257.433684587,-0.000001129,3.141576408,0.000002587,0.382700163,0.923872602,2.356158271,0.000007720,0.409008118,-0.030664948,0.440000641
1766484257.448871,1766484257.448733807,-0.000001129,3.141576408,0.000002587,0.382700163,0.923872602,2.356158271,0.000007720,0.409008118,-0.030664948,0.440000641
1766484257.463794,1766484257.463708162,0.000002195,3.141570816,0.000005193,0.382700163,0.923872602,2.356158271,0.000009668,0.409008759,-0.030664801,0.440003876
1766484257.478817,1766484257.478714943,-0.000014263,-3.141588126,0.000007455,-0.382700040,-0.923872653,2.356158538,-0.000000638,0.409022736,-0.030661547,0.439993256
1766484257.494144,1766484257.493797064,-0.000039024,-3.141548978,0.000026384,-0.382712588,-0.923867455,2.356131373,0.000012708,0.409073090,-0.030637346,0.439982666
1766484257.509054,1766484257.508797646,-0.000061788,-3.141513291,0.000043728,-0.382715293,-0.923866333,2.356125514,0.000024836,0.409167328,-0.030555378,0.439974792
1766484257.523795,1766484257.523708105,-0.000039478,-3.141551108,0.000026186,-0.382687369,-0.923877902,2.356185968,0.000011638,0.409289856,-0.030416813,0.439996033
1766484257.538876,1766484257.538730145,-0.000007473,3.141579604,-0.000000955,0.382724275,0.923862614,2.356106073,0.000007458,0.409472412,-0.030219061,0.440028839
1766484257.553861,1766484257.553715706,-0.000034490,-3.141566555,0.000020926,-0.382751708,-0.923851249,2.356046685,0.000005455,0.409713745,-0.029952312,0.440017273
1766484257.568821,1766484257.568720102,-0.000034153,-3.141570816,0.000019955,-0.382706437,-0.923870003,2.356144689,0.000003552,0.409964355,-0.029635466,0.440044434
1766484257.583831,1766484257.583721638,-0.000091736,-3.141482931,0.000063373,-0.382742233,-0.923855172,2.356067191,0.000033128,0.410252655,-0.029301870,0.440034363
1766484257.598837,1766484257.598722219,-0.000122727,-3.141419814,0.000089767,-0.382739031,-0.923856495,2.356074115,0.000056353,0.410594269,-0.028926226,0.440045258
1766484257.613846,1766484257.613726139,-0.000125967,-3.141419814,0.000091265,-0.382760067,-0.923847780,2.356028575,0.000055731,0.410923798,-0.028541656,0.440084930
1766484257.628864,1766484257.628734350,-0.000085529,-3.141491720,0.000058825,-0.382768313,-0.923844367,2.356010732,0.000030255,0.411292847,-0.028104420,0.440144440
1766484257.643833,1766484257.643723965,-0.000050745,-3.141535129,0.000034449,-0.382717016,-0.923865620,2.356121786,0.000016862,0.411631653,-0.027669798,0.440169189
1766484257.658869,1766484257.658737421,0.000012188,3.141559630,0.000011949,0.382694135,0.923875099,2.356171321,0.000012923,0.412013000,-0.027194012,0.440212982
1766484257.673847,1766484257.673727512,0.000049289,3.141510895,0.000038411,0.382646032,0.923895022,2.356275450,0.000028338,0.412396576,-0.026706713,0.440261230
1766484257.688783,1766484257.688710451,0.000010186,3.141569484,0.000009138,0.382574309,0.923924725,2.356430713,0.000008755,0.412752869,-0.026254368,0.440274017
1766484257.704124,1766484257.703843355,-0.000014137,-3.141564158,0.000011982,-0.382608880,-0.923910410,2.356355878,0.000010459,0.413141388,-0.025817339,0.440295563
1766484257.718898,1766484257.718745708,-0.000035472,-3.141516753,0.000030907,-0.382624257,-0.923904041,2.356322588,0.000028276,0.413537781,-0.025372629,0.440301575
1766484257.733827,1766484257.733730793,-0.000051177,-3.141496513,0.000042033,-0.382592762,-0.923917083,2.356390765,0.000034623,0.413900513,-0.024952003,0.440294159
1766484257.748907,1766484257.748745680,0.000012402,3.141577207,0.000008684,0.382632255,0.923900729,2.356305278,0.000004763,0.414290955,-0.024511232,0.440349274
1766484257.763808,1766484257.763718128,0.000036568,3.141549510,0.000025147,0.382648001,0.923894207,2.356271189,0.000012934,0.414654633,-0.024100254,0.440379700
1766484257.778824,1766484257.778726816,-0.000022997,-3.141542852,0.000020151,-0.382625734,-0.923903429,2.356319392,0.000018606,0.415029877,-0.023666851,0.440374268
1766484257.793789,1766484257.793718576,-0.000073061,-3.141466686,0.000057853,-0.382686505,-0.923878257,2.356187832,0.000044210,0.415386261,-0.023247524,0.440372284
1766484257.809038,1766484257.808844328,-0.000073061,-3.141466686,0.000057853,-0.382686505,-0.923878257,2.356187832,0.000044210,0.415386261,-0.023247524,0.440372284
1766484257.823844,1766484257.823738098,-0.000122342,-3.141390253,0.000095245,-0.382715902,-0.923866075,2.356124183,0.000070084,0.415727966,-0.022866947,0.440358459
1766484257.838861,1766484257.838737965,-0.000102605,-3.141410493,0.000082256,-0.382735833,-0.923857820,2.356081040,0.000064510,0.416094055,-0.022460501,0.440380554
1766484257.853843,1766484257.853735924,-0.000005724,-3.141578805,0.000005295,-0.382792796,-0.923834225,2.355957735,0.000005301,0.416476929,-0.022024994,0.440460114
1766484257.868870,1766484257.868754864,0.000058678,3.141493318,0.000046116,0.382755520,0.923849668,2.356038429,0.000034656,0.416812500,-0.021600658,0.440518433
1766484257.883856,1766484257.883733749,0.000078198,3.141473078,0.000059004,0.382718613,0.923864957,2.356118324,0.000040272,0.417166199,-0.021128685,0.440563324
1766484257.898825,1766484257.898730040,0.000085605,3.141453637,0.000066147,0.382726486,0.923861694,2.356101280,0.000047835,0.417528320,-0.020652615,0.440615204
1766484257.914021,1766484257.913779974,0.000074978,3.141465621,0.000058941,0.382665837,0.923886818,2.356232573,0.000044336,0.417884460,-0.020208132,0.440639923
1766484257.928840,1766484257.928735495,0.000034420,3.141526874,0.000028486,0.382646525,0.923894819,2.356274385,0.000023802,0.418271942,-0.019731834,0.440625610
1766484257.943864,1766484257.943739891,0.000033586,3.141540722,0.000025451,0.382686384,0.923878309,2.356188099,0.000017563,0.418638824,-0.019310022,0.440615387
1766484257.958892,1766484257.958747387,-0.000012267,-3.141573479,0.000009335,-0.382651446,-0.923892781,2.356263732,0.000006511,0.419033142,-0.018848429,0.440581543
1766484257.973860,1766484257.973742247,-0.000042023,-3.141529270,0.000031539,-0.382642834,-0.923896347,2.356282375,0.000021240,0.419403168,-0.018399944,0.440591431
1766484257.988817,1766484257.988734722,-0.000042023,-3.141529270,0.000031539,-0.382642834,-0.923896347,2.356282375,0.000021240,0.419403168,-0.018399944,0.440591431
1766484258.003844,1766484258.003738403,-0.000057866,-3.141490388,0.000046297,-0.382664362,-0.923887430,2.356235769,0.000036169,0.419784607,-0.017943821,0.440617920
1766484258.019062,1766484258.018791199,-0.000042936,-3.141526607,0.000032472,-0.382698194,-0.923873417,2.356162532,0.000022293,0.420402039,-0.017209763,0.440684998
1766484258.033810,1766484258.033732176,-0.000034456,-3.141527140,0.000028452,-0.382672114,-0.923884220,2.356218991,0.000023671,0.420753754,-0.016793085,0.440693542
1766484258.048843,1766484258.048744917,0.000018502,3.141560962,0.000014611,0.382709267,0.923868831,2.356138564,0.000011099,0.421136902,-0.016358591,0.440726135
1766484258.063843,1766484258.063744783,0.000029135,3.141535928,0.000024315,0.382781970,0.923838710,2.355981171,0.000020626,0.421489227,-0.015967875,0.440741394
1766484258.078936,1766484258.078757048,0.000001777,-3.141589724,-0.000000260,-0.382767332,-0.923844776,2.356012863,0.000001693,0.421830566,-0.015525952,0.440735687
1766484258.093877,1766484258.093754292,-0.000006663,-3.141581468,0.000005218,-0.382765117,-0.923845693,2.356017656,0.000003892,0.422163239,-0.015071503,0.440769379
1766484258.108865,1766484258.108749628,-0.000031305,-3.141526341,0.000027152,-0.382771268,-0.923843144,2.356004340,0.000024640,0.422497070,-0.014632837,0.440771729
1766484258.124054,1766484258.123787165,-0.000024205,-3.141544983,0.000020303,-0.382707298,-0.923869646,2.356142825,0.000017389,0.422891113,-0.014108492,0.440801270
1766484258.138893,1766484258.138763189,0.000059849,3.141508231,0.000043800,0.382666946,0.923886360,2.356230177,0.000027547,0.423254059,-0.013634513,0.440860718
1766484258.153882,1766484258.153757811,0.000077630,3.141470148,0.000059299,0.382651689,0.923892677,2.356263200,0.000041738,0.423622803,-0.013167515,0.440861969
1766484258.168872,1766484258.168748617,0.000028548,3.141548978,0.000021543,0.382609618,0.923910104,2.356354280,0.000014715,0.423996246,-0.012690550,0.440838867
1766484258.184290,1766484258.183832169,-0.000020204,-3.141558565,0.000015855,-0.382641850,-0.923896755,2.356284505,0.000011882,0.424348511,-0.012257834,0.440838165
1766484258.198846,1766484258.198753834,-0.000064557,-3.141468018,0.000053668,-0.382654396,-0.923891556,2.356257341,0.000045224,0.424717804,-0.011794770,0.440825592
1766484258.213892,1766484258.213761806,-0.000053150,-3.141481067,0.000045902,-0.382645908,-0.923895073,2.356275717,0.000041378,0.425453552,-0.010892251,0.440841217
1766484258.228979,1766484258.228785038,-0.000053150,-3.141481067,0.000045902,-0.382645908,-0.923895073,2.356275717,0.000041378,0.425453552,-0.010892251,0.440841217
1766484258.244056,1766484258.243820667,-0.000015227,-3.141554304,0.000014372,-0.382678880,-0.923881418,2.356204344,0.000014802,0.425826172,-0.010443292,0.440858490
1766484258.258863,1766484258.258748531,-0.000008413,-3.141572680,0.000007708,-0.382645049,-0.923895430,2.356277581,0.000007617,0.426189697,-0.009980299,0.440885773
1766484258.273885,1766484258.273767233,0.000027093,3.141563093,0.000018172,0.382725013,0.923862308,2.356104475,0.000008471,0.426514313,-0.009591656,0.440946594
1766484258.288838,1766484258.288755894,0.000027093,3.141563093,0.000018172,0.382725013,0.923862308,2.356104475,0.000008471,0.426514313,-0.009591656,0.440946594
1766484258.304011,1766484258.303778410,0.000036266,3.141540456,0.000026742,0.382762780,0.923846661,2.356022716,0.000017171,0.426849548,-0.009171997,0.440984375
1766484258.319013,1766484258.318794012,0.000036381,3.141534064,0.000028018,0.382748509,0.923852573,2.356053609,0.000020102,0.427162506,-0.008755296,0.441006714
1766484258.333883,1766484258.333770514,0.000100839,3.141432065,0.000077315,0.382782334,0.923838555,2.355980372,0.000054879,0.427511383,-0.008286837,0.441062408
1766484258.348902,1766484258.348779440,0.000122986,3.141385460,0.000096462,0.382746902,0.923853232,2.356057071,0.000072172,0.427899017,-0.007787184,0.441067017
1766484258.363973,1766484258.363788366,0.000151970,3.141327403,0.000120955,0.382688586,0.923877385,2.356183305,0.000093451,0.428250458,-0.007304719,0.441088226
1766484258.378891,1766484258.378778696,0.000094490,3.141441919,0.000072491,0.382687856,0.923877696,2.356184903,0.000051550,0.428617737,-0.006796904,0.441055145
1766484258.393864,1766484258.393768311,-0.000012435,-3.141559364,0.000012113,-0.382634223,-0.923899914,2.356301017,0.000012999,0.428984070,-0.006300620,0.440992218
1766484258.408915,1766484258.408781052,-0.000066182,-3.141449908,0.000057881,-0.382611460,-0.923909338,2.356350285,0.000053281,0.429342773,-0.005852094,0.440959625
1766484258.423891,1766484258.423773766,-0.000054679,-3.141477871,0.000047220,-0.382649476,-0.923893595,2.356267993,0.000042562,0.429708099,-0.005381187,0.440978363
1766484258.438919,1766484258.438778639,-0.000034251,-3.141520482,0.000029630,-0.382631270,-0.923901136,2.356307408,0.000026787,0.430064423,-0.004938756,0.440983398
1766484258.453848,1766484258.453764915,-0.000004361,-3.141560962,0.000008078,-0.382627703,-0.923902614,2.356315131,0.000013806,0.430438965,-0.004459588,0.440998047
1766484258.468856,1766484258.468768835,-0.000024196,-3.141532732,0.000022642,-0.382671253,-0.923884577,2.356220855,0.000023050,0.430790924,-0.003995567,0.441005310
1766484258.483948,1766484258.483792543,-0.000041174,-3.141507965,0.000035224,-0.382670022,-0.923885086,2.356223519,0.000031243,0.431115479,-0.003576151,0.441023376
1766484258.498893,1766484258.498786688,-0.000044313,-3.141508764,0.000036522,-0.382694995,-0.923874742,2.356169456,0.000030272,0.431465546,-0.003127373,0.441050232
1766484258.513923,1766484258.513789415,-0.000042722,-3.141498644,0.000037726,-0.382764132,-0.923846100,2.356019787,0.000035249,0.431814270,-0.002695534,0.441052856
1766484258.528879,1766484258.528777361,-0.000021745,-3.141542586,0.000019626,-0.382756998,-0.923849057,2.356035233,0.000018966,0.432133881,-0.002278430,0.441067566
1766484258.543934,1766484258.543791056,0.000047804,3.141509030,0.000038086,0.382768192,0.923844418,2.356010998,0.000029478,0.432484650,-0.001805953,0.441108215
1766484258.558882,1766484258.558770180,0.000078030,3.141467219,0.000060051,0.382789102,0.923835752,2.355965725,0.000043006,0.432816772,-0.001352781,0.441131042
1766484258.573913,1766484258.573791981,0.000083752,3.141449908,0.000066005,0.382739649,0.923856241,2.356072784,0.000049910,0.433174652,-0.000857890,0.441167816
1766484258.588962,1766484258.588801146,0.000043045,3.141517286,0.000034306,0.382702992,0.923871430,2.356152146,0.000026578,0.433538391,-0.000338920,0.441162903
1766484258.603898,1766484258.603790998,-0.000002442,-3.141571615,0.000005154,-0.382700901,-0.923872296,2.356156673,0.000009251,0.433881104,0.000141194,0.441134430
1766484258.618898,1766484258.618784189,-0.000032622,-3.141522879,0.000028420,-0.382655628,-0.923891048,2.356254678,0.000025991,0.434268280,0.000639031,0.441113525
1766484258.633859,1766484258.633777380,-0.000005862,-3.141558831,0.000009179,-0.382669285,-0.923885392,2.356225117,0.000014502,0.434626862,0.001106429,0.441110870
1766484258.648999,1766484258.648814440,0.000000000,-3.141575609,0.000003261,-0.382662026,-0.923888399,2.356240829,0.000007873,0.434986206,0.001608442,0.441090881
1766484258.663881,1766484258.663787365,-0.000036235,-3.141516753,0.000031260,-0.382638651,-0.923898079,2.356291429,0.000028130,0.435333679,0.002080648,0.441073486
1766484258.678903,1766484258.678789139,-0.000036235,-3.141516753,0.000031260,-0.382638651,-0.923898079,2.356291429,0.000028130,0.435333679,0.002080648,0.441073486
1766484258.694022,1766484258.693823576,-0.000075363,-3.141430467,0.000065846,-0.382673709,-0.923883556,2.356215529,0.000060501,0.435653473,0.002522408,0.441052094
1766484258.708933,1766484258.708797216,-0.000103402,-3.141385193,0.000087462,-0.382688961,-0.923877235,2.356182506,0.000076048,0.436001923,0.002993639,0.441046082
1766484258.723833,1766484258.723774672,-0.000050621,-3.141490388,0.000042951,-0.382685276,-0.923878767,2.356190495,0.000037555,0.436381653,0.003488573,0.441099304
1766484258.738924,1766484258.738797426,0.000005197,-3.141580669,-0.000000107,-0.382729688,-0.923860371,2.356094355,0.000006530,0.436695709,0.003892507,0.441122162
1766484258.753922,1766484258.753798723,0.000067311,3.141481600,0.000052345,0.382747031,0.923853184,2.356056805,0.000038417,0.437032166,0.004343093,0.441158234
1766484258.768907,1766484258.768793583,0.000097962,3.141417418,0.000078787,0.382750103,0.923851908,2.356050147,0.000062199,0.437358765,0.004805031,0.441206757
1766484258.783916,1766484258.783793926,0.000086727,3.141451506,0.000067075,0.382781844,0.923838759,2.355981437,0.000048600,0.437697723,0.005281203,0.441213989
1766484258.798884,1766484258.798788548,0.000042411,3.141527939,0.000031976,0.382762656,0.923846712,2.356022983,0.000021777,0.438014954,0.005749890,0.441193726
1766484258.814130,1766484258.813851833,0.000015008,3.141572680,0.000010755,0.382717509,0.923865417,2.356120721,0.000006355,0.438350067,0.006241198,0.441175385
1766484258.828933,1766484258.828792810,-0.000013046,-3.141567354,0.000010868,-0.382696103,-0.923874284,2.356167060,0.000009191,0.438718719,0.006776447,0.441136963
1766484258.843916,1766484258.843800306,0.000010253,3.141587061,0.000005806,0.382649355,0.923893647,2.356268260,0.000000622,0.439102386,0.007318833,0.441134583
1766484258.858929,1766484258.858794451,0.000035861,3.141531401,0.000028285,0.382629178,0.923902003,2.356311936,0.000021435,0.439471558,0.007812104,0.441163635
1766484258.873949,1766484258.873796940,0.000011816,3.141588126,0.000006325,0.382623028,0.923904551,2.356325251,-0.000000169,0.439926056,0.008463694,0.441164825
1766484258.888865,1766484258.888786316,-0.000040613,-3.141504237,0.000035677,-0.382642464,-0.923896500,2.356283173,0.000033074,0.440253143,0.008929129,0.441128845
1766484258.903928,1766484258.903800011,-0.000053161,-3.141486926,0.000044785,-0.382629177,-0.923902002,2.356311936,0.000038670,0.440596954,0.009406058,0.441126495
1766484258.918890,1766484258.918786526,-0.000053161,-3.141486926,0.000044785,-0.382629177,-0.923902002,2.356311936,0.000038670,0.440596954,0.009406058,0.441126495
1766484258.933843,1766484258.933784723,-0.000016006,-3.141544184,0.000016667,-0.382647017,-0.923894615,2.356273320,0.000019328,0.440915924,0.009866446,0.441137573
1766484258.948897,1766484258.948797703,0.000026361,3.141552440,0.000019872,0.382665594,0.923886921,2.356233106,0.000013533,0.441259247,0.010352872,0.441141632
1766484258.963923,1766484258.963809252,0.000047209,3.141505302,0.000038522,0.382678141,0.923881723,2.356205942,0.000031318,0.441600616,0.010806212,0.441161621
1766484258.978946,1766484258.978819609,0.000035202,3.141542586,0.000025842,0.382741743,0.923855377,2.356068256,0.000016391,0.441897949,0.011217465,0.441158234
1766484258.993846,1766484258.993789196,0.000040243,3.141546847,0.000027356,0.382774220,0.923841921,2.355997949,0.000013457,0.442220703,0.011676189,0.441179321
1766484259.008907,1766484259.008805037,0.000069169,3.141483730,0.000052796,0.382762532,0.923846762,2.356023249,0.000037077,0.442562469,0.012159435,0.441215607
1766484259.023936,1766484259.023803234,0.000077297,3.141460561,0.000060986,0.382774463,0.923841818,2.355997416,0.000046223,0.442888306,0.012632779,0.441206085
1766484259.038897,1766484259.038800240,0.000087533,3.141432864,0.000071012,0.382732390,0.923859248,2.356088496,0.000057061,0.443239441,0.013176106,0.441185089
1766484259.053928,1766484259.053808928,0.000073997,3.141451506,0.000061190,0.382685028,0.923878868,2.356191028,0.000051043,0.443604767,0.013708240,0.441165253
1766484259.068893,1766484259.068799496,0.000019509,3.141571082,0.000013139,0.382675436,0.923882845,2.356211801,0.000006232,0.443948395,0.014213561,0.441118591
1766484259.084140,1766484259.083893776,-0.000020909,-3.141542852,0.000019187,-0.382667562,-0.923886106,2.356228845,0.000019005,0.444302185,0.014726915,0.441106049
1766484259.098912,1766484259.098798990,-0.000065034,-3.141462958,0.000054857,-0.382653535,-0.923891913,2.356259205,0.000047470,0.444618408,0.015186954,0.441076080
1766484259.114087,1766484259.113827229,-0.000084496,-3.141432864,0.000069606,-0.382671741,-0.923884371,2.356219790,0.000057646,0.444980408,0.015718500,0.441055939
1766484259.128954,1766484259.128805161,-0.000053442,-3.141478937,0.000046444,-0.382652428,-0.923892372,2.356261602,0.000042306,0.445306946,0.016196171,0.441060303
1766484259.143961,1766484259.143827915,-0.000009454,-3.141572414,0.000008240,-0.382653292,-0.923892017,2.356259738,0.000007541,0.445638916,0.016657772,0.441076904
1766484259.158887,1766484259.158800364,0.000012464,3.141583333,0.000007541,0.382696719,0.923874029,2.356165728,0.000001921,0.445979858,0.017141550,0.441082550
1766484259.173939,1766484259.173825502,0.000000000,-3.141583333,0.000001784,-0.382685524,-0.923878666,2.356189963,0.000004306,0.446297058,0.017602654,0.441085388
1766484259.188977,1766484259.188829422,-0.000005000,-3.141581468,0.000004450,-0.382713450,-0.923867098,2.356129509,0.000004210,0.446615906,0.018070408,0.441089783
1766484259.203914,1766484259.203820944,0.000029995,3.141547646,0.000022470,0.382797347,0.923832339,2.355947881,0.000015049,0.446933350,0.018517651,0.441119751
1766484259.218955,1766484259.218839169,0.000094492,3.141412091,0.000078205,0.382776921,0.923840797,2.355992090,0.000065321,0.447272552,0.019010460,0.441156403
1766484259.233935,1766484259.233828068,0.000133198,3.141348974,0.000108165,0.382782698,0.923838399,2.355979573,0.000087067,0.447598145,0.019481369,0.441140137
1766484259.249013,1766484259.248849392,0.000089875,3.141427538,0.000073118,0.382794636,0.923833458,2.355953740,0.000059068,0.447909271,0.019960726,0.441091888
1766484259.263944,1766484259.263830662,0.000001729,-3.141588925,-0.000000085,-0.382732395,-0.923859250,2.356088496,0.000002053,0.448255798,0.020503544,0.441017670
1766484259.278955,1766484259.278831244,-0.000072318,-3.141426472,0.000065205,-0.382704711,-0.923870714,2.356148418,0.000062927,0.448610626,0.021054562,0.440951050
1766484259.294136,1766484259.293902397,-0.000072318,-3.141426472,0.000065205,-0.382704711,-0.923870714,2.356148418,0.000062927,0.448610626,0.021054562,0.440951050
1766484259.308952,1766484259.308829784,-0.000087890,-3.141402504,0.000076982,-0.382666941,-0.923886357,2.356230177,0.000071022,0.448959564,0.021611263,0.440948975
1766484259.323907,1766484259.323818922,-0.000072743,-3.141439522,0.000062899,-0.382613674,-0.923908420,2.356345491,0.000056824,0.449278076,0.022107498,0.440945435
1766484259.338921,1766484259.338828325,-0.000045885,-3.141479469,0.000042851,-0.382647262,-0.923894512,2.356272787,0.000043506,0.449626312,0.022616165,0.440928223
1766484259.354053,1766484259.353853703,-0.000003531,-3.141572414,0.000005504,-0.382665963,-0.923886768,2.356232307,0.000008674,0.449952820,0.023085264,0.440956268
1766484259.368911,1766484259.368830681,-0.000003640,-3.141579338,0.000004229,-0.382651446,-0.923892781,2.356263732,0.000005455,0.450283966,0.023585175,0.440961945
1766484259.383889,1766484259.383815765,-0.000043769,-3.141483730,0.000041060,-0.382678756,-0.923881468,2.356204610,0.000041941,0.450597229,0.024081457,0.440921509
1766484259.398920,1766484259.398817539,-0.000051097,-3.141475741,0.000045974,-0.382690073,-0.923876779,2.356180109,0.000044229,0.450885071,0.024542292,0.440921082
1766484259.414221,1766484259.413915634,-0.000034012,-3.141517552,0.000030081,-0.382655382,-0.923891150,2.356255210,0.000028185,0.451203094,0.025059912,0.440927002
1766484259.428925,1766484259.428823233,0.000016221,3.141557234,0.000014271,0.382715295,0.923866334,2.356125514,0.000013258,0.451510376,0.025511600,0.440951477
1766484259.443959,1766484259.443848372,0.000101420,3.141396112,0.000084463,0.382773230,0.923842326,2.356000079,0.000071376,0.451880188,0.026004324,0.440998840
1766484259.458997,1766484259.458833218,0.000104342,3.141383329,0.000088258,0.382757975,0.923848645,2.356033103,0.000076723,0.452175507,0.026438854,0.440998535
1766484259.473927,1766484259.473828077,0.000065077,3.141455767,0.000056260,0.382793039,0.923834121,2.355957203,0.000050775,0.452497864,0.026949423,0.440973175
1766484259.488951,1766484259.488844872,0.000026906,3.141549244,0.000020736,0.382758474,0.923848445,2.356032037,0.000014903,0.452829102,0.027482763,0.440940552
1766484259.503926,1766484259.503827333,-0.000004182,-3.141579071,0.000004531,-0.382694381,-0.923874997,2.356170788,0.000005474,0.453140594,0.028014194,0.440901489
1766484259.519367,1766484259.518947124,-0.000006876,-3.141560163,0.000009393,-0.382683555,-0.923879481,2.356194224,0.000013693,0.453477631,0.028577118,0.440858887
1766484259.533892,1766484259.533794403,0.000019054,3.141563625,0.000014356,0.382640497,0.923897316,2.356287435,0.000009764,0.453809967,0.029114611,0.440845093
1766484259.549097,1766484259.548848391,-0.000023407,-3.141541255,0.000020646,-0.382633607,-0.923900169,2.356302348,0.000019266,0.454150085,0.029632441,0.440778076
1766484259.564061,1766484259.563859463,-0.000039804,-3.141492252,0.000037598,-0.382669160,-0.923885442,2.356225383,0.000038764,0.454464966,0.030120836,0.440764771
1766484259.578971,1766484259.578859568,-0.000049297,-3.141478937,0.000044528,-0.382627086,-0.923902868,2.356316463,0.000043101,0.454768311,0.030604130,0.440762390
1766484259.593900,1766484259.593835592,-0.000044233,-3.141497046,0.000038725,-0.382626594,-0.923903072,2.356317528,0.000035704,0.455080231,0.031125927,0.440767273
1766484259.609049,1766484259.608919859,-0.000016558,-3.141540722,0.000017585,-0.382663010,-0.923887991,2.356238699,0.000020822,0.455391571,0.031632559,0.440771790
1766484259.623924,1766484259.623839140,0.000019683,3.141561228,0.000015105,0.382660427,0.923889061,2.356244291,0.000010751,0.455699219,0.032093346,0.440770630
1766484259.638906,1766484259.638833761,0.000064972,3.141457365,0.000055900,0.382697454,0.923873722,2.356164130,0.000050062,0.456019806,0.032582661,0.440779144
1766484259.653941,1766484259.653843641,0.000075749,3.141447778,0.000062717,0.382771757,0.923842939,2.356003275,0.000052424,0.456361298,0.033081898,0.440777802
1766484259.669186,1766484259.668879509,0.000075749,3.141447778,0.000062717,0.382771757,0.923842939,2.356003275,0.000052424,0.456361298,0.033081898,0.440777802
1766484259.683938,1766484259.683846712,0.000059334,3.141476007,0.000049732,0.382776556,0.923840952,2.355992889,0.000042526,0.456637421,0.033498405,0.440763947
1766484259.698914,1766484259.698841095,0.000037380,3.141514357,0.000032252,0.382790335,0.923835244,2.355963061,0.000029012,0.456950073,0.034010323,0.440744324
1766484259.713948,1766484259.713847160,0.000042432,3.141517819,0.000033924,0.382802267,0.923830299,2.355937229,0.000026446,0.457287781,0.034551193,0.440723083
1766484259.729014,1766484259.728864193,0.000052931,3.141487991,0.000044480,0.382749000,0.923852369,2.356052544,0.000038217,0.457617065,0.035070637,0.440699890
1766484259.743979,1766484259.743864298,0.000080272,3.141443783,0.000065568,0.382724640,0.923862459,2.356105274,0.000053407,0.457974457,0.035643772,0.440676605
1766484259.758923,1766484259.758835316,0.000061443,3.141476007,0.000050702,0.382684414,0.923879124,2.356192360,0.000042127,0.458273376,0.036186054,0.440649292
1766484259.773975,1766484259.773864985,-0.000009471,-3.141565489,0.000009572,-0.382640743,-0.923897214,2.356286902,0.000010736,0.458602386,0.036766613,0.440586792
1766484259.788931,1766484259.788854361,-0.000054894,-3.141475475,0.000047778,-0.382653905,-0.923891760,2.356258406,0.000043628,0.458914124,0.037265305,0.440545197
1766484259.803934,1766484259.803853035,-0.000026136,-3.141521814,0.000025627,-0.382640866,-0.923897162,2.356286636,0.000027724,0.459219879,0.037778954,0.440551453
1766484259.819049,1766484259.818874598,-0.000040660,-3.141498644,0.000036768,-0.382628809,-0.923902155,2.356312735,0.000035649,0.459564514,0.038326550,0.440496887
1766484259.834003,1766484259.833870888,-0.000020124,-3.141551108,0.000017245,-0.382661411,-0.923888653,2.356242161,0.000015341,0.459855377,0.038813873,0.440476868
1766484259.848953,1766484259.848819494,0.000008716,3.141587327,0.000005045,0.382671253,0.923884577,2.356220855,0.000000793,0.460144867,0.039291328,0.440471313
1766484259.863968,1766484259.863857508,-0.000005076,-3.141575876,0.000005555,-0.382665225,-0.923887074,2.356233905,0.000006779,0.460437866,0.039792660,0.440462311
1766484259.879277,1766484259.878946304,0.000009653,3.141569750,0.000008842,0.382716033,0.923866028,2.356123916,0.000008733,0.460717072,0.040254009,0.440483978
1766484259.893912,1766484259.893850327,0.000027225,3.141546581,0.000021393,0.382742113,0.923855224,2.356067457,0.000016072,0.461022583,0.040736393,0.440483521
1766484259.908950,1766484259.908860683,0.000018419,3.141558032,0.000015134,0.382769054,0.923844062,2.356009134,0.000012467,0.461318146,0.041202175,0.440451843
1766484259.924094,1766484259.923905611,0.000051540,3.141476540,0.000046032,0.382809647,0.923827240,2.355921250,0.000043769,0.461662903,0.041728481,0.440448395
1766484259.938973,1766484259.938871384,0.000066535,3.141458430,0.000056423,0.382773972,0.923842022,2.355998482,0.000049267,0.462009308,0.042287697,0.440416779
1766484259.953941,1766484259.953859806,0.000001680,3.141592654,0.000000776,0.382730057,0.923860218,2.356093556,-0.000000321,0.462308929,0.042825523,0.440338654
1766484259.968961,1766484259.968869209,-0.000089901,-3.141382530,0.000081729,-0.382625358,-0.923903578,2.356320191,0.000079868,0.462919342,0.043999031,0.440224243
1766484259.984024,1766484259.983876228,-0.000089901,-3.141382530,0.000081729,-0.382625358,-0.923903578,2.356320191,0.000079868,0.462919342,0.043999031,0.440224243
1766484259.998945,1766484259.998860121,-0.000119314,-3.141324473,0.000106423,-0.382620679,-0.923905512,2.356330311,0.000101061,0.463230316,0.044507820,0.440177063
1766484260.013961,1766484260.013862848,-0.000077333,-3.141426206,0.000067569,-0.382643691,-0.923895988,2.356280510,0.000062095,0.463568817,0.045045670,0.440185760
1766484260.029118,1766484260.028894901,-0.000022304,-3.141532200,0.000021868,-0.382607895,-0.923910817,2.356358008,0.000023660,0.463865326,0.045549244,0.440187347
1766484260.044031,1766484260.043871164,-0.000022304,-3.141532200,0.000021868,-0.382607895,-0.923910817,2.356358008,0.000023660,0.463865326,0.045549244,0.440187347
1766484260.058952,1766484260.058859110,0.000008278,3.141576675,0.000006881,0.382626349,0.923903175,2.356318061,0.000005798,0.464158417,0.046071392,0.440198090
1766484260.073985,1766484260.073863983,0.000004545,3.141576142,0.000005259,0.382665471,0.923886972,2.356233372,0.000006758,0.464456909,0.046593369,0.440199493
1766484260.089058,1766484260.088882923,0.000015142,3.141568419,0.000011631,0.382633362,0.923900271,2.356302881,0.000008298,0.464736267,0.047116600,0.440203857
1766484260.104003,1766484260.103881121,0.000007374,3.141577740,0.000006260,0.382651077,0.923892934,2.356264531,0.000005479,0.465020935,0.047619690,0.440173309
1766484260.119072,1766484260.118880987,0.000016399,3.141549510,0.000015831,0.382708282,0.923869239,2.356140694,0.000016791,0.465286377,0.048055878,0.440154785
1766484260.133972,1766484260.133859873,0.000010094,3.141581202,0.000006854,0.382692167,0.923875914,2.356175582,0.000003358,0.465552673,0.048479595,0.440089752
1766484260.149003,1766484260.148874760,0.000025892,3.141537792,0.000022459,0.382721814,0.923863633,2.356111400,0.000020387,0.465815002,0.048930691,0.440067078
1766484260.163998,1766484260.163866997,0.000012174,3.141563359,0.000011229,0.382669039,0.923885494,2.356225649,0.000011203,0.466031860,0.049319481,0.440034210
1766484260.178963,1766484260.178863049,0.000006555,3.141571082,0.000007156,0.382703854,0.923871073,2.356150282,0.000008710,0.466206818,0.049604767,0.440030182
1766484260.194244,1766484260.193928003,0.000017502,3.141566821,0.000013028,0.382670638,0.923884832,2.356222187,0.000008584,0.466325500,0.049840080,0.440033295
1766484260.209024,1766484260.208894730,-0.000007419,-3.141563891,0.000008930,-0.382639267,-0.923897825,2.356290098,0.000011867,0.466416077,0.049993153,0.439996460
1766484260.223957,1766484260.223862648,-0.000023814,-3.141527939,0.000023383,-0.382650216,-0.923893290,2.356266396,0.000025339,0.466471649,0.050069210,0.439975098
1766484260.238966,1766484260.238864183,-0.000017494,-3.141543385,0.000017508,-0.382666701,-0.923886462,2.356230709,0.000019412,0.466503632,0.050120964,0.439977356
1766484260.254037,1766484260.253882408,0.000000000,-3.141583865,0.000001682,-0.382690076,-0.923876781,2.356180109,0.000004060,0.466528046,0.050157677,0.439995728
1766484260.268996,1766484260.268874407,0.000027762,3.141562294,0.000018634,0.382700901,0.923872296,2.356156673,0.000008712,0.466535187,0.050171299,0.440016724
1766484260.283968,1766484260.283866882,0.000041626,3.141530602,0.000031102,0.382699670,0.923872806,2.356159336,0.000020699,0.466538574,0.050178696,0.440030579
1766484260.299057,1766484260.298883677,0.000044174,3.141524743,0.000033400,0.382699670,0.923872806,2.356159336,0.000022918,0.466539337,0.050178989,0.440033813
1766484260.314030,1766484260.313881874,0.000041724,3.141530336,0.000031199,0.382699670,0.923872806,2.356159336,0.000020803,0.466540985,0.050179646,0.440031006
1766484260.328982,1766484260.328867912,0.000041724,3.141530336,0.000031199,0.382699670,0.923872806,2.356159336,0.000020803,0.466540985,0.050179646,0.440031006
1766484260.344017,1766484260.343880892,0.000041724,3.141530336,0.000031198,0.382696841,0.923873978,2.356165462,0.000020803,0.466540680,0.050182549,0.440031006
1766484260.358991,1766484260.358874798,0.000041724,3.141530336,0.000031198,0.382696841,0.923873978,2.356165462,0.000020803,0.466540680,0.050182549,0.440031006
1766484260.373995,1766484260.373870611,0.000041724,3.141530336,0.000031198,0.382696841,0.923873978,2.356165462,0.000020803,0.466540680,0.050182549,0.440031006
1766484260.388920,1766484260.388849974,0.000039203,3.141535928,0.000028963,0.382692289,0.923875863,2.356175315,0.000018702,0.466542419,0.050183243,0.440028198
1766484260.404171,1766484260.403912783,0.000039229,3.141535928,0.000028976,0.382687983,0.923877647,2.356184636,0.000018697,0.466542419,0.050183247,0.440028198
1766484260.419007,1766484260.418880701,0.000039229,3.141535928,0.000028976,0.382687983,0.923877647,2.356184636,0.000018697,0.466542419,0.050183247,0.440028198
1766484260.433956,1766484260.433861017,0.000039256,3.141536195,0.000028937,0.382683432,0.923879532,2.356194490,0.000018569,0.466542419,0.050183247,0.440028198
1766484260.449018,1766484260.448876381,0.000039256,3.141536195,0.000028937,0.382683432,0.923879532,2.356194490,0.000018569,0.466542419,0.050183247,0.440028198
1766484260.464003,1766484260.463873625,0.000039256,3.141536195,0.000028937,0.382683432,0.923879532,2.356194490,0.000018569,0.466542419,0.050183247,0.440028198
1766484260.479009,1766484260.478881598,0.000039256,3.141536195,0.000028937,0.382683432,0.923879532,2.356194490,0.000018569,0.466542419,0.050183247,0.440028198
1766484260.493934,1766484260.493852139,0.000039283,3.141536195,0.000028949,0.382679003,0.923881367,2.356204078,0.000018564,0.466542419,0.050183247,0.440028198
1766484260.509173,1766484260.508943319,0.000039283,3.141536195,0.000028949,0.382679003,0.923881367,2.356204078,0.000018564,0.466542419,0.050183247,0.440028198
1766484260.523957,1766484260.523854971,0.000039283,3.141536195,0.000028949,0.382679003,0.923881367,2.356204078,0.000018564,0.466542419,0.050183247,0.440028198
1766484260.538948,1766484260.538859129,0.000039283,3.141536195,0.000028949,0.382679003,0.923881367,2.356204078,0.000018564,0.466542419,0.050183247,0.440028198
1766484260.554003,1766484260.553881407,0.000036783,3.141541787,0.000026724,0.382678880,0.923881418,2.356204344,0.000016459,0.466544128,0.050183895,0.440025452
1766484260.568998,1766484260.568883419,0.000027725,3.141538059,0.000023254,0.382678880,0.923881418,2.356204344,0.000019915,0.466543732,0.050184948,0.440025421
1766484260.583975,1766484260.583870888,0.000027725,3.141538059,0.000023254,0.382678880,0.923881418,2.356204344,0.000019915,0.466543732,0.050184948,0.440025421
1766484260.598975,1766484260.598867655,0.000027725,3.141538059,0.000023254,0.382678880,0.923881418,2.356204344,0.000019915,0.466543732,0.050184948,0.440025421
1766484260.614280,1766484260.613937616,0.000025182,3.141543651,0.000021009,0.382678880,0.923881418,2.356204344,0.000017818,0.466542969,0.050184650,0.440022125
1766484260.628946,1766484260.628859520,0.000025182,3.141543651,0.000021009,0.382678880,0.923881418,2.356204344,0.000017818,0.466542969,0.050184650,0.440022125
1766484260.643928,1766484260.643856525,0.000025209,3.141543651,0.000021021,0.382674451,0.923883252,2.356213931,0.000017813,0.466542969,0.050184654,0.440022125
1766484260.658937,1766484260.658857822,0.000025209,3.141543651,0.000021021,0.382674451,0.923883252,2.356213931,0.000017813,0.466542969,0.050184654,0.440022125
1766484260.674100,1766484260.673882723,0.000025209,3.141543651,0.000021021,0.382674451,0.923883252,2.356213931,0.000017813,0.466542969,0.050184654,0.440022125
1766484260.688946,1766484260.688858747,0.000025209,3.141543651,0.000021021,0.382674451,0.923883252,2.356213931,0.000017813,0.466542969,0.050184654,0.440022125
1766484260.703943,1766484260.703861475,0.000022757,3.141549244,0.000018818,0.382674451,0.923883252,2.356213931,0.000015698,0.466542236,0.050184353,0.440018890
1766484260.719059,1766484260.718884945,0.000022757,3.141549244,0.000018818,0.382674451,0.923883252,2.356213931,0.000015698,0.466542236,0.050184353,0.440018890
1766484260.734009,1766484260.733916998,0.000022757,3.141549244,0.000018818,0.382674451,0.923883252,2.356213931,0.000015698,0.466542236,0.050184353,0.440018890
1766484260.749031,1766484260.748923063,0.000022757,3.141549244,0.000018818,0.382674451,0.923883252,2.356213931,0.000015698,0.466542236,0.050184353,0.440018890
1766484260.764125,1766484260.763968706,0.000022757,3.141549244,0.000018818,0.382674451,0.923883252,2.356213931,0.000015698,0.466542236,0.050184353,0.440018890
1766484260.779356,1766484260.778996944,0.000017666,3.141560962,0.000014224,0.382674452,0.923883252,2.356213931,0.000011260,0.466543182,0.050184761,0.440012726
1766484260.794008,1766484260.793911457,0.000017666,3.141560962,0.000014224,0.382674452,0.923883252,2.356213931,0.000011260,0.466543182,0.050184761,0.440012726
1766484260.809014,1766484260.808918238,0.000017666,3.141560962,0.000014224,0.382674452,0.923883252,2.356213931,0.000011260,0.466543182,0.050184761,0.440012726
1766484260.824025,1766484260.823922634,0.000017666,3.141560962,0.000014224,0.382674452,0.923883252,2.356213931,0.000011260,0.466543182,0.050184761,0.440012726
1766484260.838977,1766484260.838902712,0.000015183,3.141566555,0.000012007,0.382674452,0.923883252,2.356213931,0.000009151,0.466542480,0.050184471,0.440009552
1766484260.854011,1766484260.853911638,0.000015183,3.141566555,0.000012007,0.382674452,0.923883252,2.356213931,0.000009151,0.466542480,0.050184471,0.440009552
1766484260.869045,1766484260.868923187,0.000015183,3.141566555,0.000012007,0.382674452,0.923883252,2.356213931,0.000009151,0.466542480,0.050184471,0.440009552
1766484260.884258,1766484260.883992195,0.000012689,3.141572147,0.000009785,0.382674329,0.923883303,2.356214198,0.000007045,0.466541748,0.050184193,0.440006348
1766484260.898999,1766484260.898915529,0.000012689,3.141572147,0.000009785,0.382674329,0.923883303,2.356214198,0.000007045,0.466541748,0.050184193,0.440006348
1766484260.914052,1766484260.913931608,0.000010187,3.141577740,0.000007559,0.382674452,0.923883252,2.356213931,0.000004940,0.466540985,0.050183887,0.440003113
1766484260.929075,1766484260.928942680,0.000010187,3.141577740,0.000007559,0.382674452,0.923883252,2.356213931,0.000004940,0.466540985,0.050183887,0.440003113
1766484260.944041,1766484260.943930149,0.000010187,3.141577740,0.000007559,0.382674452,0.923883252,2.356213931,0.000004940,0.466540985,0.050183887,0.440003113
1766484260.959036,1766484260.958928108,0.000010187,3.141577740,0.000007559,0.382674452,0.923883252,2.356213931,0.000004940,0.466540985,0.050183887,0.440003113
1766484260.974233,1766484260.973970890,0.000007657,3.141583599,0.000005270,0.382674329,0.923883303,2.356214198,0.000002718,0.466540283,0.050183601,0.439999817
1766484260.989252,1766484260.988985062,0.000007657,3.141583599,0.000005270,0.382674329,0.923883303,2.356214198,0.000002718,0.466540283,0.050183601,0.439999817
1766484261.004022,1766484261.003928423,0.000007657,3.141583599,0.000005270,0.382674329,0.923883303,2.356214198,0.000002718,0.466540283,0.050183601,0.439999817
1766484261.019098,1766484261.018943787,0.000005210,3.141589191,0.000003069,0.382674329,0.923883303,2.356214198,0.000000602,0.466539490,0.050183319,0.439996704
1766484261.034062,1766484261.033938646,0.000005210,3.141589191,0.000003069,0.382674329,0.923883303,2.356214198,0.000000602,0.466539490,0.050183319,0.439996704
1766484261.049044,1766484261.048934221,0.000005210,3.141589191,0.000003069,0.382674329,0.923883303,2.356214198,0.000000602,0.466539490,0.050183319,0.439996704
1766484261.063999,1766484261.063919306,0.000005210,3.141589191,0.000003069,0.382674329,0.923883303,2.356214198,0.000000602,0.466539490,0.050183319,0.439996704
1766484261.079096,1766484261.078947067,0.000002708,-3.141590523,-0.000000843,-0.382674329,-0.923883303,2.356214198,0.000001502,0.466538788,0.050183010,0.439993530
1766484261.094059,1766484261.093938351,0.000002708,-3.141590523,-0.000000843,-0.382674329,-0.923883303,2.356214198,0.000001502,0.466538788,0.050183010,0.439993530
1766484261.109016,1766484261.108927965,0.000002708,-3.141590523,-0.000000843,-0.382674329,-0.923883303,2.356214198,0.000001502,0.466538788,0.050183010,0.439993530
1766484261.124064,1766484261.123937607,0.000002708,-3.141590523,-0.000000843,-0.382674329,-0.923883303,2.356214198,0.000001502,0.466538788,0.050183010,0.439993530
1766484261.139072,1766484261.138947964,0.000002708,-3.141590523,-0.000000843,-0.382674329,-0.923883303,2.356214198,0.000001502,0.466538788,0.050183010,0.439993530
1766484261.154048,1766484261.153940201,0.000002708,-3.141590523,-0.000000843,-0.382674329,-0.923883303,2.356214198,0.000001502,0.466538788,0.050183010,0.439993530
1766484261.169019,1766484261.168932915,0.000002708,-3.141590523,-0.000000843,-0.382674329,-0.923883303,2.356214198,0.000001502,0.466538788,0.050183010,0.439993530
1766484261.184109,1766484261.183958054,0.000000000,-3.141584664,0.000001529,-0.382674329,-0.923883303,2.356214198,0.000003691,0.466537994,0.050182735,0.439990234
1766484261.199013,1766484261.198930502,0.000000000,-3.141584664,0.000001529,-0.382674329,-0.923883303,2.356214198,0.000003691,0.466537994,0.050182735,0.439990234
1766484261.214061,1766484261.213946104,0.000000000,-3.141584664,0.000001529,-0.382674329,-0.923883303,2.356214198,0.000003691,0.466537994,0.050182735,0.439990234
1766484261.229044,1766484261.228934765,0.000000000,-3.141584664,0.000001529,-0.382674329,-0.923883303,2.356214198,0.000003691,0.466537994,0.050182735,0.439990234
1766484261.244313,1766484261.244019270,0.000000000,-3.141584664,0.000001529,-0.382674329,-0.923883303,2.356214198,0.000003691,0.466537994,0.050182735,0.439990234
1766484261.259036,1766484261.258941889,0.000000000,-3.141584664,0.000001529,-0.382674329,-0.923883303,2.356214198,0.000003691,0.466537994,0.050182735,0.439990234
1766484261.274061,1766484261.273955822,-0.000002317,-3.141579071,0.000003669,-0.382674329,-0.923883303,2.356214198,0.000005831,0.466537231,0.050182434,0.439987000
1766484261.289101,1766484261.288950205,-0.000002317,-3.141579071,0.000003669,-0.382674329,-0.923883303,2.356214198,0.000005831,0.466537231,0.050182434,0.439987000
1766484261.304021,1766484261.303935766,-0.000002317,-3.141579071,0.000003669,-0.382674329,-0.923883303,2.356214198,0.000005831,0.466537231,0.050182434,0.439987000
1766484261.319075,1766484261.318956852,-0.000002317,-3.141579071,0.000003669,-0.382674329,-0.923883303,2.356214198,0.000005831,0.466537231,0.050182434,0.439987000
1766484261.334069,1766484261.333958626,-0.000002317,-3.141579071,0.000003669,-0.382674329,-0.923883303,2.356214198,0.000005831,0.466537231,0.050182434,0.439987000
1766484261.349105,1766484261.348965883,-0.000002317,-3.141579071,0.000003669,-0.382674329,-0.923883303,2.356214198,0.000005831,0.466537231,0.050182434,0.439987000
1766484261.364094,1766484261.363958597,-0.000002317,-3.141579071,0.000003669,-0.382674329,-0.923883303,2.356214198,0.000005831,0.466537231,0.050182434,0.439987000
1766484261.379077,1766484261.378957987,-0.000002317,-3.141579071,0.000003669,-0.382674329,-0.923883303,2.356214198,0.000005831,0.466537231,0.050182434,0.439987000
1766484261.394055,1766484261.393942118,-0.000002317,-3.141579071,0.000003669,-0.382674329,-0.923883303,2.356214198,0.000005831,0.466537231,0.050182434,0.439987000
1766484261.409250,1766484261.409015417,-0.000002317,-3.141579071,0.000003669,-0.382674329,-0.923883303,2.356214198,0.000005831,0.466537231,0.050182434,0.439987000
1766484261.424086,1766484261.423963785,-0.000002317,-3.141579071,0.000003669,-0.382674329,-0.923883303,2.356214198,0.000005831,0.466537231,0.050182434,0.439987000
1766484261.439060,1766484261.438957453,-0.000002317,-3.141579071,0.000003669,-0.382674329,-0.923883303,2.356214198,0.000005831,0.466537231,0.050182434,0.439987000
1766484261.454445,1766484261.454052687,-0.000002317,-3.141579071,0.000003669,-0.382674329,-0.923883303,2.356214198,0.000005831,0.466537231,0.050182434,0.439987000
1766484261.469034,1766484261.468950033,-0.000002317,-3.141579071,0.000003669,-0.382674329,-0.923883303,2.356214198,0.000005831,0.466537231,0.050182434,0.439987000
1766484261.484050,1766484261.483956575,-0.000002317,-3.141579071,0.000003669,-0.382674329,-0.923883303,2.356214198,0.000005831,0.466537231,0.050182434,0.439987000
1766484261.499117,1766484261.498973608,-0.000002317,-3.141579071,0.000003669,-0.382674329,-0.923883303,2.356214198,0.000005831,0.466537231,0.050182434,0.439987000
1766484261.514096,1766484261.513969660,-0.000004859,-3.141573213,0.000005965,-0.382674452,-0.923883252,2.356213931,0.000008051,0.466536499,0.050182133,0.439983765
1766484261.529072,1766484261.528954744,-0.000004859,-3.141573213,0.000005965,-0.382674452,-0.923883252,2.356213931,0.000008051,0.466536499,0.050182133,0.439983765
1766484261.544097,1766484261.543972492,-0.000004859,-3.141573213,0.000005965,-0.382674452,-0.923883252,2.356213931,0.000008051,0.466536499,0.050182133,0.439983765
1766484261.559132,1766484261.558966637,-0.000004859,-3.141573213,0.000005965,-0.382674452,-0.923883252,2.356213931,0.000008051,0.466536499,0.050182133,0.439983765
1766484261.574048,1766484261.573957682,-0.000004859,-3.141573213,0.000005965,-0.382674452,-0.923883252,2.356213931,0.000008051,0.466536499,0.050182133,0.439983765
1766484261.589012,1766484261.588950634,-0.000004859,-3.141573213,0.000005965,-0.382674452,-0.923883252,2.356213931,0.000008051,0.466536499,0.050182133,0.439983765
1766484261.604075,1766484261.603963852,-0.000004859,-3.141573213,0.000005965,-0.382674452,-0.923883252,2.356213931,0.000008051,0.466536499,0.050182133,0.439983765
1766484261.619082,1766484261.618966103,-0.000004859,-3.141573213,0.000005965,-0.382674452,-0.923883252,2.356213931,0.000008051,0.466536499,0.050182133,0.439983765
1766484261.634094,1766484261.633957863,-0.000004859,-3.141573213,0.000005965,-0.382674452,-0.923883252,2.356213931,0.000008051,0.466536499,0.050182133,0.439983765
1766484261.649128,1766484261.648978949,-0.000004859,-3.141573213,0.000005965,-0.382674452,-0.923883252,2.356213931,0.000008051,0.466536499,0.050182133,0.439983765
1766484261.664169,1766484261.663981199,-0.000004859,-3.141573213,0.000005965,-0.382674452,-0.923883252,2.356213931,0.000008051,0.466536499,0.050182133,0.439983765
1766484261.679106,1766484261.678973436,-0.000004859,-3.141573213,0.000005965,-0.382674452,-0.923883252,2.356213931,0.000008051,0.466536499,0.050182133,0.439983765
1766484261.694060,1766484261.693960667,-0.000004859,-3.141573213,0.000005965,-0.382674452,-0.923883252,2.356213931,0.000008051,0.466536499,0.050182133,0.439983765
1766484261.709222,1766484261.708984613,-0.000004859,-3.141573213,0.000005965,-0.382674452,-0.923883252,2.356213931,0.000008051,0.466536499,0.050182133,0.439983765
1766484261.724050,1766484261.723962069,-0.000004859,-3.141573213,0.000005965,-0.382674452,-0.923883252,2.356213931,0.000008051,0.466536499,0.050182133,0.439983765
1766484261.739063,1766484261.738971710,-0.000004859,-3.141573213,0.000005965,-0.382674452,-0.923883252,2.356213931,0.000008051,0.466536499,0.050182133,0.439983765
1766484261.754093,1766484261.753980398,-0.000004859,-3.141573213,0.000005965,-0.382674452,-0.923883252,2.356213931,0.000008051,0.466536499,0.050182133,0.439983765
1766484261.769076,1766484261.768980742,-0.000004859,-3.141573213,0.000005965,-0.382674452,-0.923883252,2.356213931,0.000008051,0.466536499,0.050182133,0.439983765
1766484261.784052,1766484261.783972263,-0.000004859,-3.141573213,0.000005965,-0.382674452,-0.923883252,2.356213931,0.000008051,0.466536499,0.050182133,0.439983765
1766484261.799048,1766484261.798969984,-0.000004859,-3.141573213,0.000005965,-0.382674452,-0.923883252,2.356213931,0.000008051,0.466536499,0.050182133,0.439983765
1766484261.814126,1766484261.813993931,-0.000004859,-3.141573213,0.000005965,-0.382674452,-0.923883252,2.356213931,0.000008051,0.466536499,0.050182133,0.439983765
1766484261.829088,1766484261.828978539,-0.000004859,-3.141573213,0.000005965,-0.382674452,-0.923883252,2.356213931,0.000008051,0.466536499,0.050182133,0.439983765
1766484261.844103,1766484261.843992472,-0.000004859,-3.141573213,0.000005965,-0.382674452,-0.923883252,2.356213931,0.000008051,0.466536499,0.050182133,0.439983765
1766484261.859063,1766484261.858973265,-0.000004859,-3.141573213,0.000005965,-0.382674452,-0.923883252,2.356213931,0.000008051,0.466536499,0.050182133,0.439983765
1766484261.874318,1766484261.874034882,-0.000004859,-3.141573213,0.000005965,-0.382674452,-0.923883252,2.356213931,0.000008051,0.466536499,0.050182133,0.439983765
1766484261.889097,1766484261.888981342,-0.000004859,-3.141573213,0.000005965,-0.382674452,-0.923883252,2.356213931,0.000008051,0.466536499,0.050182133,0.439983765
1766484261.904063,1766484261.903976202,-0.000004859,-3.141573213,0.000005965,-0.382674452,-0.923883252,2.356213931,0.000008051,0.466536499,0.050182133,0.439983765
1766484261.919185,1766484261.919011831,-0.000004859,-3.141573213,0.000005965,-0.382674452,-0.923883252,2.356213931,0.000008051,0.466536499,0.050182133,0.439983765
1766484261.934110,1766484261.933997631,-0.000004859,-3.141573213,0.000005965,-0.382674452,-0.923883252,2.356213931,0.000008051,0.466536499,0.050182133,0.439983765
1766484261.949079,1766484261.948982000,-0.000004859,-3.141573213,0.000005965,-0.382674452,-0.923883252,2.356213931,0.000008051,0.466536499,0.050182133,0.439983765
1766484261.964100,1766484261.963985443,-0.000004859,-3.141573213,0.000005965,-0.382674452,-0.923883252,2.356213931,0.000008051,0.466536499,0.050182133,0.439983765
1766484261.979347,1766484261.979044676,-0.000004859,-3.141573213,0.000005965,-0.382674452,-0.923883252,2.356213931,0.000008051,0.466536499,0.050182133,0.439983765
1766484261.994086,1766484261.993987322,-0.000004859,-3.141573213,0.000005965,-0.382674452,-0.923883252,2.356213931,0.000008051,0.466536499,0.050182133,0.439983765
1766484262.009089,1766484262.008986473,-0.000004859,-3.141573213,0.000005965,-0.382674452,-0.923883252,2.356213931,0.000008051,0.466536499,0.050182133,0.439983765
1766484262.024091,1766484262.023984194,-0.000004859,-3.141573213,0.000005965,-0.382674452,-0.923883252,2.356213931,0.000008051,0.466536499,0.050182133,0.439983765
1766484262.039094,1766484262.038989305,-0.000004859,-3.141573213,0.000005965,-0.382674452,-0.923883252,2.356213931,0.000008051,0.466536499,0.050182133,0.439983765
1766484262.054103,1766484262.053995132,-0.000004859,-3.141573213,0.000005965,-0.382674452,-0.923883252,2.356213931,0.000008051,0.466536499,0.050182133,0.439983765
1766484262.069078,1766484262.068990946,-0.000004859,-3.141573213,0.000005965,-0.382674452,-0.923883252,2.356213931,0.000008051,0.466536499,0.050182133,0.439983765
1766484262.084337,1766484262.084065914,-0.000004859,-3.141573213,0.000005965,-0.382674452,-0.923883252,2.356213931,0.000008051,0.466536499,0.050182133,0.439983765
1766484262.099111,1766484262.098995686,-0.000004859,-3.141573213,0.000005965,-0.382674452,-0.923883252,2.356213931,0.000008051,0.466536499,0.050182133,0.439983765
1766484262.114116,1766484262.114002228,-0.000004859,-3.141573213,0.000005965,-0.382674452,-0.923883252,2.356213931,0.000008051,0.466536499,0.050182133,0.439983765
1766484262.129183,1766484262.129003525,-0.000004859,-3.141573213,0.000005965,-0.382674452,-0.923883252,2.356213931,0.000008051,0.466536499,0.050182133,0.439983765
1766484262.144120,1766484262.144006729,-0.000004859,-3.141573213,0.000005965,-0.382674452,-0.923883252,2.356213931,0.000008051,0.466536499,0.050182133,0.439983765
1766484262.159108,1766484262.158996582,-0.000004859,-3.141573213,0.000005965,-0.382674452,-0.923883252,2.356213931,0.000008051,0.466536499,0.050182133,0.439983765
1766484262.174059,1766484262.173990011,-0.000004859,-3.141573213,0.000005965,-0.382674452,-0.923883252,2.356213931,0.000008051,0.466536499,0.050182133,0.439983765
1766484262.189403,1766484262.189057350,-0.000004859,-3.141573213,0.000005965,-0.382674452,-0.923883252,2.356213931,0.000008051,0.466536499,0.050182133,0.439983765
1766484262.204081,1766484262.203995943,-0.000004859,-3.141573213,0.000005965,-0.382674452,-0.923883252,2.356213931,0.000008051,0.466536499,0.050182133,0.439983765
1766484262.219112,1766484262.219003677,-0.000004859,-3.141573213,0.000005965,-0.382674452,-0.923883252,2.356213931,0.000008051,0.466536499,0.050182133,0.439983765
1766484262.234118,1766484262.234003782,-0.000004859,-3.141573213,0.000005965,-0.382674452,-0.923883252,2.356213931,0.000008051,0.466536499,0.050182133,0.439983765
1766484262.249149,1766484262.249013424,-0.000004859,-3.141573213,0.000005965,-0.382674452,-0.923883252,2.356213931,0.000008051,0.466536499,0.050182133,0.439983765
1766484262.264107,1766484262.263998508,-0.000004859,-3.141573213,0.000005965,-0.382674452,-0.923883252,2.356213931,0.000008051,0.466536499,0.050182133,0.439983765
1766484262.279082,1766484262.278996468,-0.000008785,-3.141564424,0.000009460,-0.382674329,-0.923883303,2.356214198,0.000011359,0.466535461,0.050181728,0.439982727
1766484262.294137,1766484262.294012547,-0.000008785,-3.141564424,0.000009460,-0.382674329,-0.923883303,2.356214198,0.000011359,0.466535461,0.050181728,0.439982727
1766484262.309247,1766484262.309048891,-0.000008785,-3.141564424,0.000009460,-0.382674329,-0.923883303,2.356214198,0.000011359,0.466535461,0.050181728,0.439982727
1766484262.324107,1766484262.324010134,-0.000008785,-3.141564424,0.000009460,-0.382674329,-0.923883303,2.356214198,0.000011359,0.466535461,0.050181728,0.439982727
1766484262.339077,1766484262.339002848,-0.000008785,-3.141564424,0.000009460,-0.382674329,-0.923883303,2.356214198,0.000011359,0.466535461,0.050181728,0.439982727
1766484262.354155,1766484262.354027033,-0.000008785,-3.141564424,0.000009460,-0.382674329,-0.923883303,2.356214198,0.000011359,0.466535461,0.050181728,0.439982727
1766484262.369085,1766484262.369005919,-0.000008785,-3.141564424,0.000009460,-0.382674329,-0.923883303,2.356214198,0.000011359,0.466535461,0.050181728,0.439982727
1766484262.384079,1766484262.384003162,-0.000008785,-3.141564424,0.000009460,-0.382674329,-0.923883303,2.356214198,0.000011359,0.466535461,0.050181728,0.439982727
1766484262.399189,1766484262.399024487,-0.000008785,-3.141564424,0.000009460,-0.382674329,-0.923883303,2.356214198,0.000011359,0.466535461,0.050181728,0.439982727
1766484262.414154,1766484262.414029360,-0.000008785,-3.141564424,0.000009460,-0.382674329,-0.923883303,2.356214198,0.000011359,0.466535461,0.050181728,0.439982727
1766484262.429081,1766484262.429007053,-0.000008785,-3.141564424,0.000009460,-0.382674329,-0.923883303,2.356214198,0.000011359,0.466535461,0.050181728,0.439982727
1766484262.444108,1766484262.444013596,-0.000008785,-3.141564424,0.000009460,-0.382674329,-0.923883303,2.356214198,0.000011359,0.466535461,0.050181728,0.439982727
1766484262.459098,1766484262.459007740,-0.000008785,-3.141564424,0.000009460,-0.382674329,-0.923883303,2.356214198,0.000011359,0.466535461,0.050181728,0.439982727
1766484262.474087,1766484262.474009037,-0.000008785,-3.141564424,0.000009460,-0.382674329,-0.923883303,2.356214198,0.000011359,0.466535461,0.050181728,0.439982727
1766484262.489069,1766484262.489004374,-0.000008785,-3.141564424,0.000009460,-0.382677404,-0.923882029,2.356207540,0.000011359,0.466535767,0.050178818,0.439982727
1766484262.504194,1766484262.504047394,-0.000008785,-3.141564424,0.000009460,-0.382677404,-0.923882029,2.356207540,0.000011359,0.466535767,0.050178818,0.439982727
1766484262.519179,1766484262.519031286,-0.000008785,-3.141564424,0.000009460,-0.382677404,-0.923882029,2.356207540,0.000011359,0.466535767,0.050178818,0.439982727
1766484262.534114,1766484262.534020185,-0.000008785,-3.141564424,0.000009460,-0.382677404,-0.923882029,2.356207540,0.000011359,0.466535767,0.050178818,0.439982727
1766484262.549179,1766484262.549036026,-0.000008785,-3.141564424,0.000009460,-0.382677404,-0.923882029,2.356207540,0.000011359,0.466535767,0.050178818,0.439982727
1766484262.564281,1766484262.564021826,-0.000008785,-3.141564424,0.000009460,-0.382677404,-0.923882029,2.356207540,0.000011359,0.466535767,0.050178818,0.439982727
1766484262.579143,1766484262.579024315,-0.000008785,-3.141564424,0.000009460,-0.382677404,-0.923882029,2.356207540,0.000011359,0.466535767,0.050178818,0.439982727
1766484262.594110,1766484262.594023943,-0.000008785,-3.141564424,0.000009460,-0.382677404,-0.923882029,2.356207540,0.000011359,0.466535767,0.050178818,0.439982727
1766484262.609169,1766484262.609036684,-0.000008785,-3.141564424,0.000009460,-0.382677404,-0.923882029,2.356207540,0.000011359,0.466535767,0.050178818,0.439982727
1766484262.624207,1766484262.624038935,-0.000008785,-3.141564424,0.000009460,-0.382677404,-0.923882029,2.356207540,0.000011359,0.466535767,0.050178818,0.439982727
1766484262.639086,1766484262.639018059,-0.000008785,-3.141564424,0.000009460,-0.382677404,-0.923882029,2.356207540,0.000011359,0.466535767,0.050178818,0.439982727
1766484262.654135,1766484262.654032707,-0.000008785,-3.141564424,0.000009460,-0.382677404,-0.923882029,2.356207540,0.000011359,0.466535767,0.050178818,0.439982727
1766484262.669353,1766484262.669095993,-0.000008785,-3.141564424,0.000009460,-0.382677404,-0.923882029,2.356207540,0.000011359,0.466535767,0.050178818,0.439982727
1766484262.684152,1766484262.684040308,-0.000008785,-3.141564424,0.000009460,-0.382677404,-0.923882029,2.356207540,0.000011359,0.466535767,0.050178818,0.439982727
1766484262.699095,1766484262.699017048,-0.000008785,-3.141564424,0.000009460,-0.382677404,-0.923882029,2.356207540,0.000011359,0.466535767,0.050178818,0.439982727
1766484262.714150,1766484262.714033842,-0.000008785,-3.141564424,0.000009460,-0.382677404,-0.923882029,2.356207540,0.000011359,0.466535767,0.050178818,0.439982727
1766484262.729101,1766484262.729022980,-0.000008785,-3.141564424,0.000009460,-0.382677404,-0.923882029,2.356207540,0.000011359,0.466535767,0.050178818,0.439982727
1766484262.744136,1766484262.744037151,-0.000008785,-3.141564424,0.000009460,-0.382677404,-0.923882029,2.356207540,0.000011359,0.466535767,0.050178818,0.439982727
1766484262.759124,1766484262.759036303,-0.000008785,-3.141564424,0.000009460,-0.382677404,-0.923882029,2.356207540,0.000011359,0.466535767,0.050178818,0.439982727
1766484262.774123,1766484262.774032116,-0.000008785,-3.141564424,0.000009460,-0.382677404,-0.923882029,2.356207540,0.000011359,0.466535767,0.050178818,0.439982727
1766484262.789133,1766484262.789033890,-0.000008785,-3.141564424,0.000009460,-0.382677404,-0.923882029,2.356207540,0.000011359,0.466535767,0.050178818,0.439982727
1766484262.804090,1766484262.804026842,-0.000008785,-3.141564424,0.000009460,-0.382677404,-0.923882029,2.356207540,0.000011359,0.466535767,0.050178818,0.439982727
1766484262.819274,1766484262.819095850,-0.000008785,-3.141564424,0.000009460,-0.382677404,-0.923882029,2.356207540,0.000011359,0.466535767,0.050178818,0.439982727
1766484262.834141,1766484262.834036589,-0.000008785,-3.141564424,0.000009460,-0.382677404,-0.923882029,2.356207540,0.000011359,0.466535767,0.050178818,0.439982727
1766484262.849122,1766484262.849034071,-0.000008785,-3.141564424,0.000009460,-0.382677404,-0.923882029,2.356207540,0.000011359,0.466535767,0.050178818,0.439982727
1766484262.864088,1766484262.864026308,-0.000008785,-3.141564424,0.000009460,-0.382677404,-0.923882029,2.356207540,0.000011359,0.466535767,0.050178818,0.439982727
1766484262.879148,1766484262.879045248,-0.000008785,-3.141564424,0.000009460,-0.382677404,-0.923882029,2.356207540,0.000011359,0.466535767,0.050178818,0.439982727
1766484262.894114,1766484262.894032955,-0.000008785,-3.141564424,0.000009460,-0.382677404,-0.923882029,2.356207540,0.000011359,0.466535767,0.050178818,0.439982727
1766484262.909356,1766484262.909114838,-0.000008785,-3.141564424,0.000009460,-0.382677404,-0.923882029,2.356207540,0.000011359,0.466535767,0.050178818,0.439982727
1766484262.924357,1766484262.924081326,-0.000008785,-3.141564424,0.000009460,-0.382677404,-0.923882029,2.356207540,0.000011359,0.466535767,0.050178818,0.439982727
1766484262.939184,1766484262.939055443,-0.000008785,-3.141564424,0.000009460,-0.382677404,-0.923882029,2.356207540,0.000011359,0.466535767,0.050178818,0.439982727
1766484262.954151,1766484262.954042196,-0.000008785,-3.141564424,0.000009460,-0.382677404,-0.923882029,2.356207540,0.000011359,0.466535767,0.050178818,0.439982727
1766484262.969172,1766484262.969052076,-0.000008785,-3.141564424,0.000009460,-0.382677404,-0.923882029,2.356207540,0.000011359,0.466535767,0.050178818,0.439982727
1766484262.984216,1766484262.984058857,-0.000008785,-3.141564424,0.000009460,-0.382677404,-0.923882029,2.356207540,0.000011359,0.466535767,0.050178818,0.439982727
1766484262.999158,1766484262.999048471,-0.000008785,-3.141564424,0.000009460,-0.382677404,-0.923882029,2.356207540,0.000011359,0.466535767,0.050178818,0.439982727
1766484263.014480,1766484263.014104128,-0.000008785,-3.141564424,0.000009460,-0.382677404,-0.923882029,2.356207540,0.000011359,0.466535767,0.050178818,0.439982727
1766484263.029274,1766484263.029066563,-0.000008785,-3.141564424,0.000009460,-0.382677404,-0.923882029,2.356207540,0.000011359,0.466535767,0.050178818,0.439982727
1766484263.044183,1766484263.044060469,-0.000008785,-3.141564424,0.000009460,-0.382677404,-0.923882029,2.356207540,0.000011359,0.466535767,0.050178818,0.439982727
1766484263.059165,1766484263.059056520,-0.000008785,-3.141564424,0.000009460,-0.382677404,-0.923882029,2.356207540,0.000011359,0.466535767,0.050178818,0.439982727
1766484263.074166,1766484263.074057817,-0.000008785,-3.141564424,0.000009460,-0.382677404,-0.923882029,2.356207540,0.000011359,0.466535767,0.050178818,0.439982727
1766484263.089175,1766484263.089065552,-0.000008785,-3.141564424,0.000009460,-0.382677404,-0.923882029,2.356207540,0.000011359,0.466535767,0.050178818,0.439982727
1766484263.104139,1766484263.104056597,-0.000008785,-3.141564424,0.000009460,-0.382677404,-0.923882029,2.356207540,0.000011359,0.466535767,0.050178818,0.439982727
1766484263.119172,1766484263.119064808,-0.000008785,-3.141564424,0.000009460,-0.382677404,-0.923882029,2.356207540,0.000011359,0.466535767,0.050178818,0.439982727
1766484263.134219,1766484263.134074450,-0.000008785,-3.141564424,0.000009460,-0.382677404,-0.923882029,2.356207540,0.000011359,0.466535767,0.050178818,0.439982727
1766484263.149188,1766484263.149070024,-0.000008785,-3.141564424,0.000009460,-0.382677404,-0.923882029,2.356207540,0.000011359,0.466535767,0.050178818,0.439982727
1766484263.164144,1766484263.164050579,-0.000008785,-3.141564424,0.000009460,-0.382677404,-0.923882029,2.356207540,0.000011359,0.466535767,0.050178818,0.439982727
1766484263.179188,1766484263.179073572,-0.000008785,-3.141564424,0.000009460,-0.382677404,-0.923882029,2.356207540,0.000011359,0.466535767,0.050178818,0.439982727
1766484263.194122,1766484263.194049120,-0.000008785,-3.141564424,0.000009460,-0.382677404,-0.923882029,2.356207540,0.000011359,0.466535767,0.050178818,0.439982727
1766484263.209131,1766484263.209056616,-0.000008785,-3.141564424,0.000009460,-0.382677404,-0.923882029,2.356207540,0.000011359,0.466535767,0.050178818,0.439982727
1766484263.224208,1766484263.224070787,-0.000008785,-3.141564424,0.000009460,-0.382677404,-0.923882029,2.356207540,0.000011359,0.466535767,0.050178818,0.439982727
1766484263.239119,1766484263.239051819,-0.000008785,-3.141564424,0.000009460,-0.382677404,-0.923882029,2.356207540,0.000011359,0.466535767,0.050178818,0.439982727
1766484263.254156,1766484263.254060745,-0.000008785,-3.141564424,0.000009460,-0.382677404,-0.923882029,2.356207540,0.000011359,0.466535767,0.050178818,0.439982727
1766484263.269164,1766484263.269060135,-0.000008785,-3.141564424,0.000009460,-0.382677404,-0.923882029,2.356207540,0.000011359,0.466535767,0.050178818,0.439982727
1766484263.284189,1766484263.284062624,-0.000008785,-3.141564424,0.000009460,-0.382677404,-0.923882029,2.356207540,0.000011359,0.466535767,0.050178818,0.439982727
1766484263.299148,1766484263.299054384,-0.000008785,-3.141564424,0.000009460,-0.382677404,-0.923882029,2.356207540,0.000011359,0.466535767,0.050178818,0.439982727
1766484263.314167,1766484263.314067364,-0.000008785,-3.141564424,0.000009460,-0.382677404,-0.923882029,2.356207540,0.000011359,0.466535767,0.050178818,0.439982727
1766484263.329172,1766484263.329064131,-0.000008785,-3.141564424,0.000009460,-0.382677404,-0.923882029,2.356207540,0.000011359,0.466535767,0.050178818,0.439982727
1766484263.344138,1766484263.344063759,-0.000008785,-3.141564424,0.000009460,-0.382677404,-0.923882029,2.356207540,0.000011359,0.466535767,0.050178818,0.439982727
1766484263.359139,1766484263.359062195,-0.000008785,-3.141564424,0.000009460,-0.382677404,-0.923882029,2.356207540,0.000011359,0.466535767,0.050178818,0.439982727
1766484263.374157,1766484263.374067068,-0.000008785,-3.141564424,0.000009460,-0.382677404,-0.923882029,2.356207540,0.000011359,0.466535767,0.050178818,0.439982727
1766484263.389261,1766484263.389080048,-0.000008785,-3.141564424,0.000009460,-0.382677404,-0.923882029,2.356207540,0.000011359,0.466535767,0.050178818,0.439982727
1766484263.404159,1766484263.404078245,-0.000008785,-3.141564424,0.000009460,-0.382677404,-0.923882029,2.356207540,0.000011359,0.466535767,0.050178818,0.439982727
1766484263.419187,1766484263.419080257,-0.000008785,-3.141564424,0.000009460,-0.382677404,-0.923882029,2.356207540,0.000011359,0.466535767,0.050178818,0.439982727
1766484263.434210,1766484263.434071064,-0.000008785,-3.141564424,0.000009460,-0.382677404,-0.923882029,2.356207540,0.000011359,0.466535767,0.050178818,0.439982727
1766484263.449356,1766484263.449153185,-0.000008785,-3.141564424,0.000009460,-0.382677404,-0.923882029,2.356207540,0.000011359,0.466535767,0.050178818,0.439982727
1766484263.464139,1766484263.464071274,-0.000008785,-3.141564424,0.000009460,-0.382677404,-0.923882029,2.356207540,0.000011359,0.466535767,0.050178818,0.439982727
1766484263.479153,1766484263.479076385,-0.000008785,-3.141564424,0.000009460,-0.382677404,-0.923882029,2.356207540,0.000011359,0.466535767,0.050178818,0.439982727
1766484263.494179,1766484263.494071245,-0.000008785,-3.141564424,0.000009460,-0.382677404,-0.923882029,2.356207540,0.000011359,0.466535767,0.050178818,0.439982727
1766484263.509180,1766484263.509079695,-0.000008785,-3.141564424,0.000009460,-0.382677404,-0.923882029,2.356207540,0.000011359,0.466535767,0.050178818,0.439982727
1766484263.524166,1766484263.524082422,-0.000008785,-3.141564424,0.000009460,-0.382677404,-0.923882029,2.356207540,0.000011359,0.466535767,0.050178818,0.439982727
1766484263.539216,1766484263.539092541,-0.000008785,-3.141564424,0.000009460,-0.382677404,-0.923882029,2.356207540,0.000011359,0.466535767,0.050178818,0.439982727
1766484263.554542,1766484263.554190874,-0.000008785,-3.141564424,0.000009460,-0.382677404,-0.923882029,2.356207540,0.000011359,0.466535767,0.050178818,0.439982727
1766484263.569184,1766484263.569090366,-0.000008785,-3.141564424,0.000009460,-0.382677404,-0.923882029,2.356207540,0.000011359,0.466535767,0.050178818,0.439982727
1766484263.584202,1766484263.584094763,-0.000008785,-3.141564424,0.000009460,-0.382677404,-0.923882029,2.356207540,0.000011359,0.466535767,0.050178818,0.439982727
1766484263.599190,1766484263.599081039,-0.000008785,-3.141564424,0.000009460,-0.382677404,-0.923882029,2.356207540,0.000011359,0.466535767,0.050178818,0.439982727
1766484263.614179,1766484263.614089966,-0.000008785,-3.141564424,0.000009460,-0.382677404,-0.923882029,2.356207540,0.000011359,0.466535767,0.050178818,0.439982727
1766484263.629211,1766484263.629099607,-0.000008785,-3.141564424,0.000009460,-0.382677404,-0.923882029,2.356207540,0.000011359,0.466535767,0.050178818,0.439982727
1766484263.644208,1766484263.644090652,-0.000008785,-3.141564424,0.000009460,-0.382680234,-0.923880857,2.356201414,0.000011359,0.466536072,0.050175896,0.439982727
1766484263.659213,1766484263.659093380,-0.000008785,-3.141564424,0.000009460,-0.382680234,-0.923880857,2.356201414,0.000011359,0.466536072,0.050175896,0.439982727
1766484263.674152,1766484263.674081802,-0.000008785,-3.141564424,0.000009460,-0.382680234,-0.923880857,2.356201414,0.000011359,0.466536072,0.050175896,0.439982727
1766484263.689157,1766484263.689083576,-0.000008785,-3.141564424,0.000009460,-0.382680234,-0.923880857,2.356201414,0.000011359,0.466536072,0.050175896,0.439982727
1766484263.704157,1766484263.704087019,-0.000008785,-3.141564424,0.000009460,-0.382680234,-0.923880857,2.356201414,0.000011359,0.466536072,0.050175896,0.439982727
1766484263.719515,1766484263.719175577,-0.000008785,-3.141564424,0.000009460,-0.382680234,-0.923880857,2.356201414,0.000011359,0.466536072,0.050175896,0.439982727
1766484263.734194,1766484263.734094143,-0.000008785,-3.141564424,0.000009460,-0.382680234,-0.923880857,2.356201414,0.000011359,0.466536072,0.050175896,0.439982727
1766484263.749223,1766484263.749101162,-0.000008785,-3.141564424,0.000009460,-0.382680234,-0.923880857,2.356201414,0.000011359,0.466536072,0.050175896,0.439982727
1766484263.764204,1766484263.764091253,-0.000008785,-3.141564424,0.000009460,-0.382680234,-0.923880857,2.356201414,0.000011359,0.466536072,0.050175896,0.439982727
1766484263.779146,1766484263.779085159,-0.000008785,-3.141564424,0.000009460,-0.382680234,-0.923880857,2.356201414,0.000011359,0.466536072,0.050175896,0.439982727
1766484263.794150,1766484263.794086218,-0.000008785,-3.141564424,0.000009460,-0.382680234,-0.923880857,2.356201414,0.000011359,0.466536072,0.050175896,0.439982727
1766484263.809168,1766484263.809093237,-0.000008785,-3.141564424,0.000009460,-0.382680234,-0.923880857,2.356201414,0.000011359,0.466536072,0.050175896,0.439982727
1766484263.824293,1766484263.824121237,-0.000008785,-3.141564424,0.000009460,-0.382680234,-0.923880857,2.356201414,0.000011359,0.466536072,0.050175896,0.439982727
1766484263.839156,1766484263.839089870,-0.000008785,-3.141564424,0.000009460,-0.382680234,-0.923880857,2.356201414,0.000011359,0.466536072,0.050175896,0.439982727
1766484263.854203,1766484263.854101658,-0.000008785,-3.141564424,0.000009460,-0.382680234,-0.923880857,2.356201414,0.000011359,0.466536072,0.050175896,0.439982727
1766484263.869196,1766484263.869097233,-0.000008785,-3.141564424,0.000009460,-0.382680234,-0.923880857,2.356201414,0.000011359,0.466536072,0.050175896,0.439982727
1766484263.884223,1766484263.884113073,-0.000008785,-3.141564424,0.000009460,-0.382680234,-0.923880857,2.356201414,0.000011359,0.466536072,0.050175896,0.439982727
1766484263.899221,1766484263.899103165,-0.000008785,-3.141564424,0.000009460,-0.382680234,-0.923880857,2.356201414,0.000011359,0.466536072,0.050175896,0.439982727
1766484263.914239,1766484263.914117336,-0.000008785,-3.141564424,0.000009460,-0.382680234,-0.923880857,2.356201414,0.000011359,0.466536072,0.050175896,0.439982727
1766484263.929418,1766484263.929134607,-0.000008785,-3.141564424,0.000009460,-0.382680234,-0.923880857,2.356201414,0.000011359,0.466536072,0.050175896,0.439982727
1766484263.944210,1766484263.944104910,-0.000008785,-3.141564424,0.000009460,-0.382680234,-0.923880857,2.356201414,0.000011359,0.466536072,0.050175896,0.439982727
1766484263.959197,1766484263.959105253,-0.000008811,-3.141564424,0.000009472,-0.382684786,-0.923878972,2.356191561,0.000011354,0.466536072,0.050175896,0.439982727
1766484263.974267,1766484263.974126339,-0.000008811,-3.141564424,0.000009472,-0.382684786,-0.923878972,2.356191561,0.000011354,0.466536072,0.050175896,0.439982727
1766484263.989230,1766484263.989114285,-0.000008811,-3.141564424,0.000009472,-0.382684786,-0.923878972,2.356191561,0.000011354,0.466536072,0.050175896,0.439982727
1766484264.004189,1766484264.004104853,-0.000008811,-3.141564424,0.000009472,-0.382684786,-0.923878972,2.356191561,0.000011354,0.466536072,0.050175896,0.439982727
1766484264.019207,1766484264.019110203,-0.000008811,-3.141564424,0.000009472,-0.382684786,-0.923878972,2.356191561,0.000011354,0.466536072,0.050175896,0.439982727
1766484264.034340,1766484264.034136772,-0.000008811,-3.141564424,0.000009472,-0.382684786,-0.923878972,2.356191561,0.000011354,0.466536072,0.050175896,0.439982727
1766484264.049229,1766484264.049118280,-0.000008811,-3.141564424,0.000009472,-0.382684786,-0.923878972,2.356191561,0.000011354,0.466536072,0.050175896,0.439982727
1766484264.064158,1766484264.064100742,-0.000008811,-3.141564424,0.000009472,-0.382684786,-0.923878972,2.356191561,0.000011354,0.466536072,0.050175896,0.439982727
1766484264.079278,1766484264.079126835,-0.000008811,-3.141564424,0.000009472,-0.382684786,-0.923878972,2.356191561,0.000011354,0.466536072,0.050175896,0.439982727
1766484264.094250,1766484264.094131708,-0.000008811,-3.141564424,0.000009472,-0.382684786,-0.923878972,2.356191561,0.000011354,0.466536072,0.050175896,0.439982727
1766484264.109223,1766484264.109119177,-0.000008811,-3.141564424,0.000009472,-0.382684786,-0.923878972,2.356191561,0.000011354,0.466536072,0.050175896,0.439982727
1766484264.124226,1766484264.124114513,-0.000008811,-3.141564424,0.000009472,-0.382684786,-0.923878972,2.356191561,0.000011354,0.466536072,0.050175896,0.439982727
1766484264.139230,1766484264.139122725,-0.000008811,-3.141564424,0.000009472,-0.382684786,-0.923878972,2.356191561,0.000011354,0.466536072,0.050175896,0.439982727
1766484264.154282,1766484264.154134750,-0.000008811,-3.141564424,0.000009472,-0.382684786,-0.923878972,2.356191561,0.000011354,0.466536072,0.050175896,0.439982727
1766484264.169188,1766484264.169111013,-0.000008811,-3.141564424,0.000009472,-0.382684786,-0.923878972,2.356191561,0.000011354,0.466536072,0.050175896,0.439982727
1766484264.184200,1766484264.184116840,-0.000008811,-3.141564424,0.000009472,-0.382684786,-0.923878972,2.356191561,0.000011354,0.466536072,0.050175896,0.439982727
1766484264.199520,1766484264.199149132,-0.000008811,-3.141564424,0.000009472,-0.382684786,-0.923878972,2.356191561,0.000011354,0.466536072,0.050175896,0.439982727
1766484264.214443,1766484264.214169502,-0.000008811,-3.141564424,0.000009472,-0.382684786,-0.923878972,2.356191561,0.000011354,0.466536072,0.050175896,0.439982727
1766484264.229220,1766484264.229118347,-0.000008811,-3.141564424,0.000009472,-0.382684786,-0.923878972,2.356191561,0.000011354,0.466536072,0.050175896,0.439982727
1766484264.244304,1766484264.244155884,-0.000008811,-3.141564424,0.000009472,-0.382684786,-0.923878972,2.356191561,0.000011354,0.466536072,0.050175896,0.439982727
1766484264.259255,1766484264.259135485,-0.000008811,-3.141564424,0.000009472,-0.382684786,-0.923878972,2.356191561,0.000011354,0.466536072,0.050175896,0.439982727
1766484264.274199,1766484264.274118185,-0.000008811,-3.141564424,0.000009472,-0.382684786,-0.923878972,2.356191561,0.000011354,0.466536072,0.050175896,0.439982727
1766484264.289190,1766484264.289118528,-0.000008811,-3.141564424,0.000009472,-0.382684786,-0.923878972,2.356191561,0.000011354,0.466536072,0.050175896,0.439982727
1766484264.304269,1766484264.304130793,-0.000008811,-3.141564424,0.000009472,-0.382684786,-0.923878972,2.356191561,0.000011354,0.466536072,0.050175896,0.439982727
1766484264.319253,1766484264.319131136,-0.000008811,-3.141564424,0.000009472,-0.382684786,-0.923878972,2.356191561,0.000011354,0.466536072,0.050175896,0.439982727
1766484264.334207,1766484264.334123611,-0.000008811,-3.141564424,0.000009472,-0.382684786,-0.923878972,2.356191561,0.000011354,0.466536072,0.050175896,0.439982727
1766484264.349257,1766484264.349137783,-0.000008811,-3.141564424,0.000009472,-0.382684786,-0.923878972,2.356191561,0.000011354,0.466536072,0.050175896,0.439982727
1766484264.364304,1766484264.364149809,-0.000008811,-3.141564424,0.000009472,-0.382684786,-0.923878972,2.356191561,0.000011354,0.466536072,0.050175896,0.439982727
1766484264.379247,1766484264.379137278,-0.000008811,-3.141564424,0.000009472,-0.382684786,-0.923878972,2.356191561,0.000011354,0.466536072,0.050175896,0.439982727
1766484264.394203,1766484264.394125938,-0.000008811,-3.141564424,0.000009472,-0.382684786,-0.923878972,2.356191561,0.000011354,0.466536072,0.050175896,0.439982727
1766484264.409313,1766484264.409158468,-0.000008811,-3.141564424,0.000009472,-0.382687615,-0.923877800,2.356185435,0.000011354,0.466536316,0.050173004,0.439982727
1766484264.424274,1766484264.424150467,-0.000008811,-3.141564424,0.000009472,-0.382687615,-0.923877800,2.356185435,0.000011354,0.466536316,0.050173004,0.439982727
1766484264.439230,1766484264.439138174,-0.000008811,-3.141564424,0.000009472,-0.382687615,-0.923877800,2.356185435,0.000011354,0.466536316,0.050173004,0.439982727
1766484264.454249,1766484264.454144001,-0.000008811,-3.141564424,0.000009472,-0.382687615,-0.923877800,2.356185435,0.000011354,0.466536316,0.050173004,0.439982727
1766484264.469361,1766484264.469162703,-0.000004885,-3.141573213,0.000005977,-0.382687615,-0.923877800,2.356185435,0.000008046,0.466537354,0.050173401,0.439983765
1766484264.484266,1766484264.484148026,-0.000004885,-3.141573213,0.000005977,-0.382687615,-0.923877800,2.356185435,0.000008046,0.466537354,0.050173401,0.439983765
1766484264.499240,1766484264.499140501,0.000000000,-3.141585463,0.000001376,-0.382687615,-0.923877800,2.356185435,0.000003322,0.466538666,0.050173897,0.439982605
1766484264.514496,1766484264.514167309,0.000026519,3.141540456,0.000022238,0.382687984,0.923877647,2.356184636,0.000019038,0.466544250,0.050176003,0.439948578
1766484264.529318,1766484264.529158115,0.000067716,3.141445647,0.000059409,0.382688596,0.923877390,2.356183305,0.000054951,0.466559265,0.050181740,0.439863586
1766484264.544280,1766484264.544150591,0.000108768,3.141351105,0.000096463,0.382689451,0.923877030,2.356181441,0.000090768,0.466606232,0.050199848,0.439712524
1766484264.559212,1766484264.559134960,0.000068369,3.141441652,0.000060475,0.382690072,0.923876779,2.356180109,0.000056671,0.466652222,0.050217636,0.439500061
1766484264.574350,1766484264.574156284,0.000043784,3.141495715,0.000038774,0.382691304,0.923876270,2.356177446,0.000036402,0.466710480,0.050240078,0.439178650
1766484264.589313,1766484264.589160442,-0.000005641,-3.141579071,0.000005205,-0.382692536,-0.923875762,2.356174783,0.000005195,0.466775543,0.050265182,0.438819763
1766484264.604234,1766484264.604138851,0.000011254,3.141565489,0.000010397,0.382694258,0.923875048,2.356171054,0.000010395,0.466845551,0.050292145,0.438476471
1766484264.619446,1766484264.619173527,0.000035090,3.141508764,0.000032261,0.382695856,0.923874385,2.356167592,0.000032037,0.466919067,0.050320454,0.438122864
1766484264.634314,1766484264.634171009,0.000068054,3.141431266,0.000062318,0.382697453,0.923873721,2.356164130,0.000061529,0.466993500,0.050349163,0.437804230
1766484264.649299,1766484264.649157047,0.000099801,3.141356165,0.000091354,0.382699294,0.923872954,2.356160135,0.000090146,0.467096344,0.050388863,0.437413879
1766484264.664248,1766484264.664146662,0.000099674,3.141353768,0.000091754,0.382701139,0.923872189,2.356156141,0.000091277,0.467189789,0.050424931,0.437002136
1766484264.679368,1766484264.679179192,0.000096813,3.141357763,0.000089668,0.382698556,0.923873259,2.356161733,0.000089980,0.467263611,0.050453300,0.436556213
1766484264.694247,1766484264.694146872,0.000055713,3.141448843,0.000053254,0.382700406,0.923872498,2.356157739,0.000055771,0.467323425,0.050476238,0.436076782
1766484264.709325,1766484264.709162712,-0.000018028,-3.141571348,0.000012405,-0.382702008,-0.923871838,2.356154276,0.000006392,0.467384338,0.050499611,0.435600647
1766484264.724435,1766484264.724187851,-0.000073153,-3.141448310,0.000061412,-0.382699298,-0.923872957,2.356160135,0.000052680,0.467458862,0.050528316,0.435117981
1766484264.739279,1766484264.739168644,-0.000058822,-3.141483464,0.000048065,-0.382696593,-0.923874079,2.356165994,0.000039183,0.467536499,0.050558197,0.434702362
1766484264.754306,1766484264.754169226,-0.000013792,-3.141588659,0.000007135,-0.382694258,-0.923875048,2.356171054,-0.000000794,0.467612610,0.050587460,0.434308472
1766484264.769244,1766484264.769155025,0.000016094,3.141526341,0.000020123,0.382691428,0.923876220,2.356177180,0.000027553,0.467685455,0.050615467,0.433931091
1766484264.784338,1766484264.784178257,0.000009355,3.141539124,0.000014564,0.382693274,0.923875456,2.356173185,0.000022937,0.467771423,0.050648636,0.433522369
1766484264.799296,1766484264.799168825,-0.000026140,-3.141567886,0.000016814,-0.382690444,-0.923876628,2.356179310,0.000006439,0.467852783,0.050679966,0.433073547
1766484264.814251,1766484264.814156055,-0.000026140,-3.141567886,0.000016814,-0.382690444,-0.923876628,2.356179310,0.000006439,0.467852783,0.050679966,0.433073547
1766484264.829320,1766484264.829169273,-0.000044017,-3.141529803,0.000032360,-0.382692166,-0.923875914,2.356175582,0.000020611,0.467914551,0.050703682,0.432643372
1766484264.844333,1766484264.844174623,-0.000007918,3.141570549,0.000000572,0.382689953,0.923876832,2.356180375,0.000011726,0.467996582,0.050735184,0.432208191
1766484264.859249,1766484264.859158278,0.000032368,3.141476540,0.000037170,0.382691673,0.923876117,2.356176647,0.000047444,0.468087341,0.050770264,0.431838806
1766484264.874241,1766484264.874160528,0.000069463,3.141389454,0.000070969,0.382693392,0.923875401,2.356172919,0.000080574,0.468180267,0.050806103,0.431481720
1766484264.889320,1766484264.889177561,0.000076892,3.141370013,0.000078121,0.382695359,0.923874585,2.356168658,0.000088133,0.468260376,0.050836933,0.431078094
1766484264.904267,1766484264.904170752,0.000073591,3.141375340,0.000075577,0.382696959,0.923873923,2.356165195,0.000086304,0.468325592,0.050862003,0.430682526
1766484264.919275,1766484264.919173241,0.000041177,3.141446712,0.000046946,0.382694379,0.923874995,2.356170788,0.000059537,0.468398987,0.050890240,0.430220825
1766484264.934381,1766484264.934212208,0.000034763,3.141458697,0.000041691,0.382696102,0.923874282,2.356167060,0.000055228,0.468468689,0.050917049,0.429802612
1766484264.949311,1766484264.949183702,0.000032193,3.141462159,0.000039841,0.382698070,0.923873467,2.356162799,0.000054120,0.468527069,0.050939392,0.429347961
1766484264.964290,1766484264.964174986,-0.000002002,3.141537792,0.000009573,0.382695365,0.923874589,2.356168658,0.000025725,0.468572479,0.050956734,0.428899506
1766484264.979288,1766484264.979178905,-0.000045727,-3.141550576,0.000029175,-0.382697210,-0.923873825,2.356164663,0.000010687,0.468638092,0.050981922,0.428427002
1766484264.994317,1766484264.994186878,-0.000066897,-3.141505036,0.000047668,-0.382698931,-0.923873111,2.356160934,0.000027673,0.468722748,0.051014549,0.427985321
1766484265.009327,1766484265.009192228,-0.000056395,-3.141531135,0.000037823,-0.382696472,-0.923874130,2.356166261,0.000017627,0.468782257,0.051037334,0.427566956
1766484265.024260,1766484265.024168968,-0.000035198,-3.141581735,0.000018349,-0.382698318,-0.923873366,2.356162266,-0.000001691,0.468843750,0.051060921,0.427146484
1766484265.039271,1766484265.039174080,-0.000025090,3.141578273,-0.000008838,0.382699917,0.923872704,2.356158804,0.000011444,0.468915039,0.051088348,0.426773010
1766484265.054327,1766484265.054193735,-0.000026880,-3.141580936,0.000014659,-0.382697457,-0.923873723,2.356164130,0.000000270,0.469001251,0.051120354,0.426336548
1766484265.069269,1766484265.069179296,-0.000040500,-3.141552174,0.000026454,-0.382699179,-0.923873010,2.356160402,0.000010949,0.469069000,0.051146400,0.425901855
1766484265.084317,1766484265.084191799,-0.000043582,-3.141547380,0.000028795,-0.382700901,-0.923872296,2.356156673,0.000012574,0.469126556,0.051168430,0.425498352
1766484265.099413,1766484265.099196196,-0.000029175,-3.141582800,0.000015363,-0.382695365,-0.923874589,2.356168658,-0.000001031,0.469211273,0.051204121,0.425085358
1766484265.114354,1766484265.114204168,0.000001924,3.141529270,0.000013017,0.382697211,0.923873825,2.356164663,0.000028911,0.469308075,0.051241493,0.424718384
1766484265.129274,1766484265.129174232,0.000051667,3.141413423,0.000058162,0.382699298,0.923872956,2.356160135,0.000072907,0.469393799,0.051274448,0.424305939
1766484265.144292,1766484265.144191504,0.000041664,3.141434196,0.000049567,0.382700899,0.923872294,2.356156673,0.000065225,0.469438873,0.051291691,0.423911713
1766484265.159360,1766484265.159204245,0.000020853,3.141479469,0.000031291,0.382698317,0.923873365,2.356162266,0.000048294,0.469491211,0.051311710,0.423458405
1766484265.174260,1766484265.174179554,-0.000010489,3.141548445,0.000003614,0.382700163,0.923872602,2.356158271,0.000022429,0.469550537,0.051334435,0.423008850
1766484265.189320,1766484265.189199686,-0.000061187,-3.141523944,0.000041412,-0.382702007,-0.923871837,2.356154276,0.000020031,0.469610870,0.051357563,0.422512268
1766484265.204328,1766484265.204201937,-0.000061187,-3.141523944,0.000041412,-0.382702007,-0.923871837,2.356154276,0.000020031,0.469610870,0.051357563,0.422512268
1766484265.219335,1766484265.219205856,-0.000110690,-3.141413157,0.000085478,-0.382699295,-0.923872956,2.356160135,0.000061736,0.469664185,0.051377979,0.422055298
1766484265.234349,1766484265.234196424,-0.000130453,-3.141370546,0.000102761,-0.382701015,-0.923872241,2.356156407,0.000077637,0.469737427,0.051406151,0.421610657
1766484265.249352,1766484265.249208450,-0.000116006,-3.141405966,0.000089310,-0.382700279,-0.923872548,2.356158005,0.000064040,0.469820404,0.051441162,0.421162720
1766484265.264310,1766484265.264202833,-0.000101486,-3.141441120,0.000075876,-0.382697452,-0.923873721,2.356164130,0.000050580,0.469864532,0.051457966,0.420779602
1766484265.279276,1766484265.279186249,-0.000097028,-3.141453370,0.000071472,-0.382699175,-0.923873008,2.356160402,0.000045774,0.469912170,0.051476170,0.420384674
1766484265.294299,1766484265.294194221,-0.000072995,-3.141510362,0.000049466,-0.382698193,-0.923873417,2.356162532,0.000024046,0.469976593,0.051503948,0.419996887
1766484265.309299,1766484265.309192896,-0.000099146,-3.141453104,0.000072502,-0.382695484,-0.923874537,2.356168391,0.000045492,0.470053192,0.051533440,0.419549286
1766484265.324462,1766484265.324223757,-0.000101160,-3.141450707,0.000073891,-0.382697452,-0.923873721,2.356164130,0.000046214,0.470129364,0.051562702,0.419119507
1766484265.339291,1766484265.339197636,-0.000073219,-3.141516221,0.000048448,-0.382696225,-0.923874232,2.356166793,0.000021297,0.470186707,0.051587742,0.418766968
1766484265.354310,1766484265.354202032,0.000003589,3.141491986,0.000020921,0.382695365,0.923874588,2.356168658,0.000045815,0.470264557,0.051620720,0.418403381
1766484265.369376,1766484265.369217157,0.000071730,3.141334593,0.000082514,0.382697326,0.923873768,2.356164396,0.000105482,0.470336975,0.051648575,0.418059570
1766484265.384355,1766484265.384215355,0.000072576,3.141330865,0.000083618,0.382691667,0.923876112,2.356176647,0.000107043,0.470394928,0.051673798,0.417658386
1766484265.399325,1766484265.399198294,0.000036796,3.141409961,0.000051955,0.382693640,0.923875300,2.356172386,0.000077352,0.470449310,0.051694584,0.417152924
1766484265.414342,1766484265.414210081,0.000006810,3.141476540,0.000025364,0.382695242,0.923874639,2.356168924,0.000052334,0.470486145,0.051708633,0.416769470
1766484265.429390,1766484265.429222345,-0.000041222,3.141583599,-0.000017309,0.382689706,0.923876933,2.356180908,0.000012070,0.470544800,0.051734150,0.416277130
1766484265.444294,1766484265.444195509,-0.000084222,-3.141506101,0.000055467,-0.382688720,-0.923877340,2.356183039,0.000023867,0.470611908,0.051762959,0.415792358
1766484265.459293,1766484265.459201336,-0.000070895,-3.141514889,0.000047629,-0.382683308,-0.923879583,2.356194757,0.000022357,0.470673737,0.051788532,0.415365234
1766484265.474309,1766484265.474204063,-0.000053521,-3.141556168,0.000031705,-0.382685031,-0.923878870,2.356191028,0.000006613,0.470717773,0.051805317,0.414978699
1766484265.489379,1766484265.489226103,-0.000053521,-3.141556168,0.000031705,-0.382685031,-0.923878870,2.356191028,0.000006613,0.470717773,0.051805317,0.414978699
1766484265.504290,1766484265.504201174,-0.000059822,-3.141543918,0.000036960,-0.382686876,-0.923878105,2.356187033,0.000011066,0.470759766,0.051821312,0.414559021
1766484265.519300,1766484265.519201040,-0.000042667,-3.141585996,0.000020983,-0.382682325,-0.923879991,2.356196887,-0.000005088,0.470865814,0.051865131,0.413943329
1766484265.534398,1766484265.534216642,-0.000052429,-3.141566022,0.000029315,-0.382684170,-0.923879227,2.356192892,0.000002270,0.470934113,0.051891369,0.413511719
1766484265.549357,1766484265.549214840,-0.000063202,-3.141543385,0.000038623,-0.382685892,-0.923878513,2.356189164,0.000010666,0.470984772,0.051910759,0.413107666
1766484265.564300,1766484265.564202785,-0.000071668,-3.141526341,0.000045795,-0.382683431,-0.923879532,2.356194490,0.000016919,0.471044495,0.051933601,0.412645264
1766484265.579433,1766484265.579239130,-0.000046834,-3.141584664,0.000023163,-0.382682325,-0.923879991,2.356196887,-0.000005271,0.471100586,0.051958115,0.412270355
1766484265.594337,1766484265.594209671,0.000015844,3.141456033,0.000033460,0.382684169,0.923879225,2.356192892,0.000060079,0.471157410,0.051979889,0.411934082
1766484265.609247,1766484265.609196186,0.000063280,3.141346045,0.000076418,0.382686009,0.923878456,2.356188898,0.000101810,0.471212952,0.052001118,0.411551697
1766484265.624327,1766484265.624217749,0.000058684,3.141354567,0.000072664,0.382683426,0.923879527,2.356194490,0.000098753,0.471268188,0.052022259,0.411125061
1766484265.639291,1766484265.639204025,0.000021787,3.141436592,0.000039925,0.382685153,0.923878817,2.356190762,0.000067922,0.471328705,0.052045448,0.410686920
1766484265.654325,1766484265.654215097,-0.000013959,3.141515688,0.000008278,0.382687000,0.923878054,2.356186767,0.000038224,0.471375977,0.052063511,0.410217010
1766484265.669308,1766484265.669210911,-0.000051932,-3.141584930,0.000025467,-0.382684539,-0.923879074,2.356192093,-0.000006369,0.471396484,0.052071106,0.409732788
1766484265.684309,1766484265.684208870,-0.000092412,-3.141494649,0.000061441,-0.382686136,-0.923878410,2.356188631,0.000027590,0.471424194,0.052081554,0.409281891
1766484265.699321,1766484265.699204922,-0.000086076,-3.141510895,0.000055406,-0.382685275,-0.923878767,2.356190495,0.000021298,0.471488220,0.052109116,0.408846893
1766484265.714285,1766484265.714206219,-0.000090487,-3.141502905,0.000058972,-0.382682569,-0.923879888,2.356196354,0.000024145,0.471541351,0.052129448,0.408448029
1766484265.729347,1766484265.729210854,-0.000080038,-3.141528471,0.000049254,-0.382684415,-0.923879124,2.356192360,0.000014334,0.471579346,0.052143864,0.408037872
1766484265.744282,1766484265.744210482,-0.000055115,-3.141587061,0.000026530,-0.382686385,-0.923878309,2.356188099,-0.000007962,0.471632568,0.052164188,0.407628357
1766484265.759293,1766484265.759208918,-0.000055115,-3.141587061,0.000026530,-0.382686385,-0.923878309,2.356188099,-0.000007962,0.471632568,0.052164188,0.407628357
1766484265.774253,1766484265.774202824,-0.000041042,3.141564424,-0.000013558,0.382683802,0.923879379,2.356193691,0.000020893,0.471696167,0.052188606,0.407230377
1766484265.789382,1766484265.789233685,-0.000072355,-3.141551641,0.000041271,-0.382685646,-0.923878615,2.356189697,0.000005101,0.471753906,0.052210701,0.406748840
1766484265.804279,1766484265.804207325,-0.000095235,-3.141501573,0.000061420,-0.382687243,-0.923877952,2.356186234,0.000023851,0.471784241,0.052222183,0.406355438
1766484265.819304,1766484265.819211960,-0.000077290,-3.141543918,0.000045028,-0.382684661,-0.923879022,2.356191827,0.000007724,0.471830444,0.052239803,0.405956177
1766484265.834319,1766484265.834208965,-0.000023796,3.141517552,0.000003378,0.382686508,0.923878258,2.356187832,0.000039245,0.471907715,0.052269524,0.405589386
1766484265.849354,1766484265.849232435,0.000025263,3.141404102,0.000047748,0.382688350,0.923877490,2.356183838,0.000082265,0.471980225,0.052297390,0.405236053
1766484265.864276,1766484265.864211559,0.000038867,3.141371345,0.000060300,0.382685888,0.923878508,2.356189164,0.000094794,0.472036591,0.052318954,0.404817383
1766484265.879287,1766484265.879214764,-0.000017798,3.141498378,0.000009817,0.382687615,0.923877799,2.356185435,0.000046955,0.472072113,0.052332390,0.404344971
1766484265.894594,1766484265.894292116,-0.000070663,-3.141568419,0.000037279,-0.382689460,-0.923877035,2.356181441,-0.000002326,0.472114716,0.052348610,0.403847168
1766484265.909263,1766484265.909212112,-0.000114882,-3.141469616,0.000076611,-0.382686749,-0.923878155,2.356187300,0.000034854,0.472142548,0.052359097,0.403396606
1766484265.924299,1766484265.924218655,-0.000126108,-3.141445647,0.000086383,-0.382688593,-0.923877390,2.356183305,0.000043778,0.472171051,0.052369785,0.402971497
1766484265.939273,1766484265.939217329,-0.000106164,-3.141492785,0.000068151,-0.382690441,-0.923876626,2.356179310,0.000025819,0.472217255,0.052387390,0.402555817
1766484265.954759,1766484265.954305410,-0.000089067,-3.141533531,0.000052456,-0.382689459,-0.923877035,2.356181441,0.000010268,0.472274872,0.052412502,0.402146210
1766484265.969300,1766484265.969221592,-0.000105227,-3.141498378,0.000066648,-0.382686628,-0.923878206,2.356187566,0.000023415,0.472321747,0.052430447,0.401752655
1766484265.984280,1766484265.984217644,-0.000092244,-3.141531135,0.000054382,-0.382685891,-0.923878512,2.356189164,0.000010768,0.472398163,0.052459396,0.400906372
1766484265.999501,1766484265.999288559,-0.000092244,-3.141531135,0.000054382,-0.382685891,-0.923878512,2.356189164,0.000010768,0.472398163,0.052459396,0.400906372
1766484266.014334,1766484266.014228582,-0.000069340,-3.141585197,0.000033458,-0.382687861,-0.923877698,2.356184903,-0.000009823,0.472445923,0.052477615,0.400514404
1766484266.029283,1766484266.029216766,-0.000062124,3.141581735,-0.000026608,0.382689706,0.923876933,2.356180908,0.000016931,0.472505310,0.052500359,0.400093445
1766484266.044297,1766484266.044227600,-0.000046305,3.141544450,-0.000012167,0.382691429,0.923876220,2.356177180,0.000031127,0.472552948,0.052518539,0.399720062
1766484266.059402,1766484266.059250355,-0.000035686,3.141518618,-0.000002318,0.382693274,0.923875455,2.356173185,0.000041028,0.472593323,0.052533916,0.399339539
1766484266.074266,1766484266.074220896,-0.000001970,3.141440321,0.000028238,0.382687860,0.923877695,2.356184903,0.000070745,0.472643860,0.052556271,0.398945984
1766484266.089312,1766484266.089230776,0.000026055,3.141374541,0.000053770,0.382689580,0.923876980,2.356181174,0.000095769,0.472701599,0.052578369,0.398562134
1766484266.104316,1766484266.104232788,0.000018478,3.141390253,0.000047264,0.382691549,0.923876165,2.356176913,0.000089961,0.472754395,0.052598526,0.398114838
1766484266.119355,1766484266.119241476,0.000000000,3.141432065,0.000030728,0.382689090,0.923877185,2.356182240,0.000074182,0.472781494,0.052608650,0.397661407
1766484266.134342,1766484266.134236336,-0.000039047,3.141517819,-0.000003718,0.382690691,0.923876525,2.356178778,0.000042041,0.472792023,0.052612377,0.397228821
1766484266.149334,1766484266.149240255,-0.000039047,3.141517819,-0.000003718,0.382690691,0.923876525,2.356178778,0.000042041,0.472792023,0.052612377,0.397228821
1766484266.164348,1766484266.164237738,-0.000089936,-3.141553239,0.000049087,-0.382689705,-0.923876933,2.356180908,0.000000998,0.472809052,0.052621750,0.396747162
1766484266.179306,1766484266.179234505,-0.000102192,-3.141526607,0.000059844,-0.382686998,-0.923878054,2.356186767,0.000010956,0.472844666,0.052635193,0.396319214
1766484266.194279,1766484266.194227934,-0.000107632,-3.141515955,0.000064395,-0.382688966,-0.923877238,2.356182506,0.000014835,0.472891998,0.052653244,0.395882080
1766484266.209387,1766484266.209262848,-0.000097195,-3.141541521,0.000054682,-0.382686506,-0.923878258,2.356187832,0.000005023,0.472933441,0.052668968,0.395447968
1766484266.224457,1766484266.224267244,-0.000100895,-3.141534597,0.000057716,-0.382685399,-0.923878716,2.356190229,0.000007513,0.472976227,0.052688320,0.395035645
1766484266.239299,1766484266.239234209,-0.000118379,-3.141496247,0.000073131,-0.382682690,-0.923879837,2.356196088,0.000021883,0.473016388,0.052703575,0.394610046
1766484266.254316,1766484266.254241705,-0.000125881,-3.141480801,0.000079551,-0.382684412,-0.923879123,2.356192360,0.000027583,0.473040405,0.052712582,0.394194641
1766484266.269354,1766484266.269241571,-0.000108095,-3.141522612,0.000063335,-0.382686259,-0.923878359,2.356188365,0.000011672,0.473070831,0.052724026,0.393803284
1766484266.284335,1766484266.284244061,-0.000078616,-3.141591322,0.000036571,-0.382688230,-0.923877544,2.356184104,-0.000014428,0.473121094,0.052743164,0.393382568
1766484266.299298,1766484266.299237251,-0.000077569,3.141589990,-0.000035323,0.382687123,0.923878003,2.356186501,0.000016073,0.473177307,0.052767750,0.392986084
1766484266.314375,1766484266.314258814,-0.000039449,3.141501573,-0.000000796,0.382684663,0.923879021,2.356191827,0.000049622,0.473218628,0.052783447,0.392613525
1766484266.329375,1766484266.329259872,-0.000006270,3.141424608,0.000029258,0.382686507,0.923878255,2.356187832,0.000078827,0.473247742,0.052794376,0.392233307
1766484266.344314,1766484266.344241619,-0.000011865,3.141436060,0.000024482,0.382688229,0.923877542,2.356184104,0.000074607,0.473274994,0.052804638,0.391836517
1766484266.359308,1766484266.359242916,-0.000026848,3.141468550,0.000011344,0.382690076,0.923876779,2.356180109,0.000062465,0.473315063,0.052819813,0.391380066
1766484266.374337,1766484266.374250174,-0.000041560,3.141524477,-0.000006153,0.382687615,0.923877799,2.356185435,0.000039446,0.473338409,0.052827305,0.390907104
1766484266.389354,1766484266.389257193,-0.000079342,-3.141575876,0.000039862,-0.382689337,-0.923877086,2.356181707,-0.000007431,0.473339905,0.052827507,0.390460205
1766484266.404319,1766484266.404248238,-0.000112541,-3.141501840,0.000069364,-0.382684167,-0.923879225,2.356192892,0.000020417,0.473363159,0.052839169,0.389933472
1766484266.419435,1766484266.419275284,-0.000139683,-3.141441386,0.000093469,-0.382685640,-0.923878612,2.356189697,0.000043149,0.473403046,0.052854416,0.389585907
1766484266.434388,1766484266.434259892,-0.000132600,-3.141459229,0.000086783,-0.382687609,-0.923877798,2.356185435,0.000036262,0.473451813,0.052872978,0.389138672
1766484266.449342,1766484266.449255705,-0.000112285,-3.141506633,0.000068328,-0.382689457,-0.923877034,2.356181441,0.000018251,0.473468567,0.052879128,0.388749786
1766484266.464323,1766484266.464246988,-0.000090504,-3.141557500,0.000048534,-0.382686876,-0.923878105,2.356187033,-0.000001078,0.473487335,0.052886028,0.388359070
1766484266.479355,1766484266.479257822,-0.000090984,-3.141558032,0.000048653,-0.382688721,-0.923877341,2.356183039,-0.000001416,0.473527313,0.052901196,0.387936401
1766484266.494448,1766484266.494307518,-0.000107651,-3.141521281,0.000063385,-0.382687613,-0.923877799,2.356185435,0.000012372,0.473562042,0.052917439,0.387524414
1766484266.509341,1766484266.509263039,-0.000122332,-3.141489323,0.000076281,-0.382684904,-0.923878919,2.356191294,0.000024325,0.473591980,0.052928703,0.387095001
1766484266.524434,1766484266.524291277,-0.000122332,-3.141489323,0.000076281,-0.382684904,-0.923878919,2.356191294,0.000024325,0.473591980,0.052928703,0.387095001
1766484266.539387,1766484266.539279461,-0.000095229,-3.141552174,0.000051736,-0.382686753,-0.923878156,2.356187300,0.000000478,0.473634949,0.052945038,0.386706665
1766484266.554357,1766484266.554271221,-0.000022711,3.141466420,0.000013663,0.382688722,0.923877339,2.356183039,0.000062658,0.473696930,0.052968773,0.386360809
1766484266.569343,1766484266.569259882,0.000043262,3.141315152,0.000073082,0.382686132,0.923878403,2.356188631,0.000119911,0.473740387,0.052985283,0.386016205
1766484266.584685,1766484266.584359646,0.000040118,3.141321011,0.000070509,0.382687978,0.923877639,2.356184636,0.000117806,0.473749054,0.052988266,0.385629181
1766484266.599371,1766484266.599274397,0.000015443,3.141376139,0.000048563,0.382689703,0.923876929,2.356180908,0.000097062,0.473760284,0.052992264,0.385185577
1766484266.614394,1766484266.614281416,-0.000030153,3.141478404,0.000007932,0.382691552,0.923876167,2.356176913,0.000058546,0.473784882,0.053001469,0.384706970
1766484266.629423,1766484266.629288912,-0.000063680,3.141577207,-0.000026461,0.382689091,0.923877188,2.356182240,0.000019320,0.473820374,0.053013645,0.384218353
1766484266.644394,1766484266.644280434,-0.000099006,-3.141529004,0.000057914,-0.382687982,-0.923877646,2.356184636,0.000010458,0.473832825,0.053021152,0.383777802
1766484266.659399,1766484266.659279585,-0.000097984,-3.141532466,0.000056779,-0.382689951,-0.923876831,2.356180375,0.000009054,0.473848236,0.053026711,0.383351135
1766484266.674332,1766484266.674265623,-0.000108179,-3.141510362,0.000065718,-0.382687120,-0.923878003,2.356186501,0.000017314,0.473871002,0.053035233,0.382942627
1766484266.689502,1766484266.689308405,-0.000099513,-3.141531401,0.000057689,-0.382689089,-0.923877187,2.356182240,0.000009254,0.473904846,0.053047993,0.382520172
1766484266.704365,1766484266.704273939,-0.000094661,-3.141543651,0.000053104,-0.382690812,-0.923876474,2.356178511,0.000004523,0.473925995,0.053055866,0.382129913
1766484266.719396,1766484266.719284058,-0.000077109,-3.141584664,0.000037148,-0.382688230,-0.923877545,2.356184104,-0.000011064,0.473948761,0.053064270,0.381720825
1766484266.734569,1766484266.734311819,-0.000076185,-3.141588126,0.000036059,-0.382690075,-0.923876780,2.356180109,-0.000012486,0.473976837,0.053074795,0.381296265
1766484266.749430,1766484266.749298334,-0.000074970,3.141592654,-0.000034632,0.382692167,0.923875914,2.356175582,0.000014345,0.474015533,0.053089458,0.380865845
1766484266.764332,1766484266.764267445,-0.000073243,3.141588126,-0.000032967,0.382686631,0.923878207,2.356187566,0.000016106,0.474047241,0.053104492,0.380454468
1766484266.779364,1766484266.779272795,-0.000043450,3.141519150,-0.000006007,0.382688354,0.923877493,2.356183838,0.000042268,0.474072601,0.053113979,0.380095612
1766484266.794580,1766484266.794313669,-0.000006571,3.141433929,0.000027336,0.382690198,0.923876727,2.356179843,0.000074578,0.474097198,0.053123165,0.379726074
1766484266.809385,1766484266.809278488,0.000016202,3.141380932,0.000047996,0.382687612,0.923877795,2.356185435,0.000094702,0.474130737,0.053135777,0.379317688
1766484266.824370,1766484266.824281454,-0.000009908,3.141439522,0.000024724,0.382689214,0.923877135,2.356181973,0.000072633,0.474154114,0.053144539,0.378914001
1766484266.839345,1766484266.839275837,-0.000036479,3.141498644,0.000001137,0.382691183,0.923876321,2.356177712,0.000050407,0.474169464,0.053150085,0.378455200
1766484266.854447,1766484266.854302168,-0.000081640,-3.141585197,0.000039139,-0.382690198,-0.923876729,2.356179843,-0.000012177,0.474172424,0.053153896,0.377968567
1766484266.869397,1766484266.869287729,-0.000145919,-3.141440054,0.000096604,-0.382687854,-0.923877695,2.356184903,0.000042571,0.474172211,0.053153358,0.377435608
1766484266.884372,1766484266.884285688,-0.000137431,-3.141460294,0.000088811,-0.382689578,-0.923876982,2.356181174,0.000034845,0.474188385,0.053159298,0.377054199
1766484266.899427,1766484266.899296761,-0.000137431,-3.141460294,0.000088811,-0.382689578,-0.923876982,2.356181174,0.000034845,0.474188385,0.053159298,0.377054199
1766484266.914445,1766484266.914310932,-0.000112512,-3.141517819,0.000066293,-0.382691426,-0.923876219,2.356177180,0.000013040,0.474204407,0.053165115,0.376654602
1766484266.929386,1766484266.929291725,-0.000110691,-3.141522879,0.000064484,-0.382688720,-0.923877340,2.356183039,0.000011052,0.474214081,0.053168495,0.376276001
1766484266.944429,1766484266.944305420,-0.000108592,-3.141529004,0.000062342,-0.382687736,-0.923877748,2.356185169,0.000008624,0.474237488,0.053180260,0.375857605
1766484266.959560,1766484266.959307194,-0.000111713,-3.141523145,0.000064905,-0.382689950,-0.923876830,2.356180375,0.000010733,0.474268829,0.053191986,0.375372803
1766484266.974355,1766484266.974282503,-0.000102037,-3.141545782,0.000056103,-0.382686998,-0.923878054,2.356186767,0.000002128,0.474276154,0.053194500,0.375030365
1766484266.989346,1766484266.989279985,-0.000098238,-3.141555636,0.000052463,-0.382688967,-0.923877238,2.356182506,-0.000001697,0.474277374,0.053194542,0.374600159
1766484267.004353,1766484267.004283667,-0.000095868,-3.141562027,0.000050145,-0.382690689,-0.923876525,2.356178778,-0.000004196,0.474297302,0.053201893,0.374208740
1766484267.019459,1766484267.019303083,-0.000103127,-3.141546581,0.000056454,-0.382685030,-0.923878869,2.356191028,0.000001550,0.474342712,0.053222244,0.373801239
1766484267.034338,1766484267.034278631,-0.000054592,3.141527140,-0.000012683,0.382687000,0.923878054,2.356186767,0.000040709,0.474384491,0.053238060,0.373438110
1766484267.049390,1766484267.049294233,-0.000001622,3.141405966,0.000034972,0.382688967,0.923877235,2.356182506,0.000086549,0.474401215,0.053244190,0.373092590
1766484267.064381,1766484267.064285994,0.000012515,3.141372676,0.000047872,0.382686382,0.923878304,2.356188099,0.000099221,0.474415924,0.053249493,0.372669495
1766484267.079351,1766484267.079287052,-0.000013093,3.141429934,0.000025087,0.382685277,0.923878765,2.356190495,0.000077672,0.474434113,0.053259232,0.372225464
1766484267.094373,1766484267.094290257,-0.000090532,-3.141580137,0.000044215,-0.382686999,-0.923878054,2.356186767,-0.000011541,0.474430695,0.053257488,0.371727631
1766484267.109335,1766484267.109283447,-0.000164433,-3.141412890,0.000110355,-0.382688959,-0.923877235,2.356182506,0.000051576,0.474400787,0.053245430,0.371242523
1766484267.124692,1766484267.124361753,-0.000161533,-3.141420081,0.000107639,-0.382686253,-0.923878357,2.356188365,0.000048810,0.474402374,0.053245617,0.370835083
1766484267.139369,1766484267.139297009,-0.000122268,-3.141510628,0.000072175,-0.382688227,-0.923877544,2.356184104,0.000014496,0.474433746,0.053257423,0.370445007
1766484267.154405,1766484267.154304743,-0.000080047,3.141577740,-0.000034123,0.382690076,0.923876780,2.356180109,0.000022206,0.474462891,0.053268326,0.370077332
1766484267.169424,1766484267.169311285,-0.000082843,3.141583333,-0.000036485,0.382687492,0.923877850,2.356185702,0.000020157,0.474467926,0.053269897,0.369652405
1766484267.184433,1766484267.184312820,-0.000104934,-3.141552706,0.000056117,-0.382689336,-0.923877085,2.356181707,-0.000001625,0.474471008,0.053270645,0.369215546
1766484267.199357,1766484267.199292898,-0.000133337,-3.141488790,0.000081467,-0.382688103,-0.923877594,2.356184370,0.000022465,0.474485565,0.053279060,0.368810425
1766484267.214402,1766484267.214304447,-0.000119436,-3.141521547,0.000068778,-0.382685644,-0.923878614,2.356189697,0.000009994,0.474504852,0.053286140,0.368396484
1766484267.229463,1766484267.229302883,-0.000119436,-3.141521547,0.000068778,-0.382685644,-0.923878614,2.356189697,0.000009994,0.474504852,0.053286140,0.368396484
1766484267.244381,1766484267.244301796,-0.000078014,3.141568685,-0.000031452,0.382687738,0.923877748,2.356185169,0.000025999,0.474516998,0.053290367,0.367980774
1766484267.259365,1766484267.259296179,-0.000034233,3.141468018,0.000008035,0.382690076,0.923876778,2.356180109,0.000064124,0.474544067,0.053300377,0.367508972
1766484267.274367,1766484267.274296999,0.000011560,3.141362823,0.000049317,0.382687366,0.923877896,2.356185968,0.000103956,0.474582733,0.053315014,0.367151276
1766484267.289472,1766484267.289330006,0.000035165,3.141308228,0.000070667,0.382689208,0.923877129,2.356181973,0.000124658,0.474606445,0.053323818,0.366757538
1766484267.304383,1766484267.304301977,0.000000000,3.141387324,0.000039289,0.382691181,0.923876317,2.356177712,0.000094850,0.474588593,0.053316498,0.366318573
1766484267.319458,1766484267.319318771,-0.000017316,3.141426472,0.000023799,0.382685769,0.923878561,2.356189430,0.000080079,0.474580841,0.053316097,0.365867981
1766484267.334709,1766484267.334362507,-0.000040690,3.141478937,0.000002963,0.382687492,0.923877849,2.356185702,0.000060316,0.474585052,0.053317307,0.365434631
1766484267.349481,1766484267.349335909,-0.000070374,3.141545516,-0.000023489,0.382689461,0.923877034,2.356181441,0.000035241,0.474584076,0.053316467,0.364962799
1766484267.364351,1766484267.364297390,-0.000083639,3.141575077,-0.000035273,0.382686877,0.923878105,2.356187033,0.000024123,0.474572296,0.053311459,0.364539948
1766484267.379531,1766484267.379337072,-0.000093175,-3.141589191,0.000043704,-0.382688599,-0.923877391,2.356183305,-0.000016229,0.474568542,0.053309574,0.364119019
1766484267.394376,1766484267.394303560,-0.000124893,-3.141517819,0.000072012,-0.382690318,-0.923876677,2.356179576,0.000010671,0.474569550,0.053309578,0.363698364
1766484267.409436,1766484267.409315586,-0.000131007,-3.141504769,0.000077333,-0.382687734,-0.923877747,2.356185169,0.000015530,0.474591156,0.053317547,0.363261993
1766484267.424496,1766484267.424328566,-0.000127089,-3.141514357,0.000073689,-0.382689703,-0.923876932,2.356180908,0.000011850,0.474607239,0.053323395,0.362837158
1766484267.439444,1766484267.439337730,-0.000106743,-3.141561228,0.000055322,-0.382688721,-0.923877340,2.356183039,-0.000005908,0.474605255,0.053325245,0.362460419
1766484267.454407,1766484267.454313993,-0.000092549,3.141590789,-0.000042395,0.382690567,0.923876576,2.356179044,0.000018570,0.474611481,0.053327202,0.362039520
1766484267.469404,1766484267.469309092,-0.000089977,3.141584398,-0.000039984,0.382687984,0.923877646,2.356184636,0.000021030,0.474624023,0.053331680,0.361616730
1766484267.484391,1766484267.484311581,-0.000113323,-3.141548711,0.000060756,-0.382689828,-0.923876881,2.356180642,-0.000001385,0.474634033,0.053335178,0.361219421
1766484267.499413,1766484267.499311924,-0.000087384,3.141576941,-0.000037360,0.382691552,0.923876168,2.356176913,0.000023979,0.474649841,0.053340927,0.360836700
1766484267.514424,1766484267.514321089,-0.000087384,3.141576941,-0.000037360,0.382691552,0.923876168,2.356176913,0.000023979,0.474649841,0.053340927,0.360836700
1766484267.529483,1766484267.529318333,-0.000036587,3.141460561,0.000008374,0.382689092,0.923877186,2.356182240,0.000068020,0.474670197,0.053348392,0.360484680
1766484267.544427,1766484267.544328690,-0.000005909,3.141390253,0.000035998,0.382688106,0.923877591,2.356184370,0.000094627,0.474686066,0.053357204,0.360081512
1766484267.559398,1766484267.559318781,-0.000013993,3.141408097,0.000028850,0.382690075,0.923876777,2.356180109,0.000087931,0.474677643,0.053353466,0.359659332
1766484267.574364,1766484267.574312449,-0.000059499,3.141511161,-0.000011892,0.382687247,0.923877951,2.356186234,0.000049029,0.474650757,0.053342602,0.359224091
1766484267.589430,1766484267.589328527,-0.000119935,-3.141537260,0.000066002,-0.382689089,-0.923877187,2.356182240,0.000002640,0.474622894,0.053331326,0.358737000
1766484267.604469,1766484267.604328156,-0.000164490,-3.141436326,0.000105897,-0.382690928,-0.923876421,2.356178245,0.000040739,0.474618317,0.053329090,0.358275604
1766484267.619442,1766484267.619331837,-0.000160155,-3.141446979,0.000101856,-0.382688346,-0.923877491,2.356183838,0.000036648,0.474629974,0.053333179,0.357844666
1766484267.634552,1766484267.634344578,-0.000145265,-3.141481067,0.000088455,-0.382690193,-0.923876728,2.356179843,0.000023750,0.474621368,0.053329388,0.357443146
1766484267.649529,1766484267.649362326,-0.000136291,-3.141502106,0.000080284,-0.382692163,-0.923875913,2.356175582,0.000015749,0.474612396,0.053325466,0.357057343
1766484267.664424,1766484267.664319277,-0.000141812,-3.141490388,0.000085076,-0.382686503,-0.923878256,2.356187832,0.000020106,0.474616638,0.053329803,0.356640564
1766484267.679428,1766484267.679332495,-0.000163643,-3.141441120,0.000104588,-0.382688345,-0.923877491,2.356183838,0.000038687,0.474620941,0.053331047,0.356208099
1766484267.694374,1766484267.694319010,-0.000147737,-3.141477871,0.000090208,-0.382690193,-0.923876727,2.356179843,0.000024754,0.474614624,0.053328148,0.355812408
1766484267.709475,1766484267.709345341,-0.000125934,-3.141527939,0.000070557,-0.382687858,-0.923877696,2.356184903,0.000005798,0.474610291,0.053325954,0.355401520
1766484267.724443,1766484267.724337339,-0.000094409,3.141585197,-0.000042184,0.382689583,0.923876984,2.356181174,0.000021509,0.474630524,0.053333435,0.355046509
1766484267.739440,1766484267.739335060,-0.000049929,3.141483198,-0.000002120,0.382688477,0.923877441,2.356183571,0.000060116,0.474667725,0.053350616,0.354694122
1766484267.754457,1766484267.754337788,-0.000010106,3.141392118,0.000033703,0.382690320,0.923876674,2.356179576,0.000094569,0.474673492,0.053352409,0.354325134
1766484267.769455,1766484267.769325972,0.000007556,3.141375872,0.000044970,0.382687736,0.923877744,2.356185169,0.000098694,0.474653717,0.053343094,0.353946136
1766484267.784461,1766484267.784339428,0.000001423,3.141389454,0.000039538,0.382689581,0.923876980,2.356181174,0.000093593,0.474644440,0.053339024,0.353516846
1766484267.799400,1766484267.799328089,-0.000029369,3.141458697,0.000012065,0.382691552,0.923876167,2.356176913,0.000067499,0.474643280,0.053338120,0.353044067
1766484267.814499,1766484267.814355612,-0.000080692,3.141575343,-0.000033962,0.382688845,0.923877289,2.356182772,0.000023436,0.474626129,0.053331005,0.352593719
1766484267.829479,1766484267.829340935,-0.000133706,-3.141489856,0.000081434,-0.382690686,-0.923876524,2.356178778,0.000021902,0.474594452,0.053318233,0.352117615
1766484267.844417,1766484267.844331741,-0.000156340,-3.141438723,0.000101673,-0.382692528,-0.923875758,2.356174783,0.000041191,0.474580841,0.053312450,0.351672424
1766484267.859401,1766484267.859333754,-0.000151204,-3.141450707,0.000097008,-0.382687116,-0.923878001,2.356186501,0.000036639,0.474578644,0.053314228,0.351254456
1766484267.874717,1766484267.874393940,-0.000120410,-3.141521281,0.000069279,-0.382689088,-0.923877187,2.356182240,0.000009930,0.474567169,0.053309322,0.350885010
1766484267.889456,1766484267.889347315,-0.000120410,-3.141521281,0.000069279,-0.382689088,-0.923877187,2.356182240,0.000009930,0.474567169,0.053309322,0.350885010
1766484267.904401,1766484267.904331207,-0.000112535,-3.141539390,0.000062176,-0.382690812,-0.923876474,2.356178511,0.000003071,0.474552887,0.053303310,0.350495575
1766484267.919498,1766484267.919362068,-0.000110049,-3.141545516,0.000059856,-0.382688228,-0.923877544,2.356184104,0.000000718,0.474547913,0.053300953,0.350081940
1766484267.934492,1766484267.934353828,-0.000107418,-3.141551907,0.000057417,-0.382690074,-0.923876780,2.356180109,-0.000001732,0.474560516,0.053305378,0.349663025
1766484267.949441,1766484267.949345827,-0.000097648,-3.141574544,0.000048572,-0.382692043,-0.923875964,2.356175848,-0.000010319,0.474556000,0.053303181,0.349258514
1766484267.964403,1766484267.964340448,-0.000068545,3.141544450,-0.000022440,0.382693890,0.923875200,2.356171853,0.000035383,0.474539673,0.053296398,0.348898499
1766484267.979715,1766484267.979425430,-0.000028278,3.141452305,0.000013792,0.382688353,0.923877491,2.356183838,0.000070243,0.474537964,0.053298351,0.348523407
1766484267.994408,1766484267.994338989,-0.000006421,3.141401971,0.000033520,0.382690197,0.923876726,2.356179843,0.000089312,0.474547485,0.053301647,0.348150208
1766484268.009439,1766484268.009347200,0.000005826,3.141397977,0.000039942,0.382692165,0.923875910,2.356175582,0.000088814,0.474551941,0.053301769,0.347743164
1766484268.024502,1766484268.024362564,-0.000008143,3.141429402,0.000027476,0.382689336,0.923877083,2.356181707,0.000076970,0.474530640,0.053293034,0.347346436
1766484268.039424,1766484268.039343119,-0.000011526,3.141436859,0.000024486,0.382691305,0.923876268,2.356177446,0.000074173,0.474508942,0.053284111,0.346913940
1766484268.054444,1766484268.054350615,-0.000021763,3.141460028,0.000015324,0.382690444,0.923876626,2.356179310,0.000065429,0.474488770,0.053278847,0.346458679
1766484268.069478,1766484268.069345236,-0.000080376,3.141592654,-0.000037129,0.382687738,0.923877748,2.356185169,0.000015380,0.474461182,0.053267666,0.345993439
1766484268.084553,1766484268.084373713,-0.000120980,-3.141499976,0.000073619,-0.382689580,-0.923876983,2.356181174,0.000019663,0.474428131,0.053254345,0.345541870
1766484268.099442,1766484268.099354982,-0.000084174,-3.141584131,0.000040514,-0.382688845,-0.923877290,2.356182772,-0.000012169,0.474398804,0.053242039,0.344769012
1766484268.114501,1766484268.114373207,-0.000084174,-3.141584131,0.000040514,-0.382688845,-0.923877290,2.356182772,-0.000012169,0.474398804,0.053242039,0.344769012
1766484268.129477,1766484268.129363775,-0.000084174,-3.141584131,0.000040514,-0.382688845,-0.923877290,2.356182772,-0.000012169,0.474398804,0.053242039,0.344769012
1766484268.144409,1766484268.144348621,-0.000074973,3.141579870,-0.000032187,0.382691798,0.923876067,2.356176381,0.000020251,0.474395325,0.053239906,0.344126801
1766484268.159461,1766484268.159361601,-0.000104522,-3.141538325,0.000058678,-0.382689089,-0.923877187,2.356182240,0.000005097,0.474372040,0.053230412,0.343693848
1766484268.174394,1766484268.174347639,-0.000107346,-3.141532200,0.000061155,-0.382687982,-0.923877646,2.356184636,0.000007386,0.474351593,0.053225101,0.343282074
1766484268.189529,1766484268.189368963,-0.000108243,-3.141530336,0.000061926,-0.382690073,-0.923876780,2.356180109,0.000008075,0.474339935,0.053220047,0.342821472
1766484268.204417,1766484268.204351664,-0.000076199,3.141581735,-0.000033110,0.382691921,0.923876016,2.356176114,0.000019624,0.474344513,0.053221397,0.342461578
1766484268.219471,1766484268.219364882,-0.000026323,3.141468018,0.000011689,0.382689214,0.923877135,2.356181973,0.000062611,0.474348785,0.053222626,0.342141663
1766484268.234449,1766484268.234354496,0.000002154,3.141403037,0.000037277,0.382691058,0.923876369,2.356177979,0.000087179,0.474345276,0.053220791,0.341765747
1766484268.249606,1766484268.249377966,-0.000001996,3.141412358,0.000033577,0.382692904,0.923875605,2.356173984,0.000083667,0.474336029,0.053216743,0.341357849
1766484268.264488,1766484268.264370441,-0.000009849,3.141430201,0.000026535,0.382687368,0.923877899,2.356185968,0.000076928,0.474327789,0.053216202,0.340942230
1766484268.279469,1766484268.279372692,-0.000034244,3.141485595,0.000004667,0.382689338,0.923877085,2.356181707,0.000056007,0.474284485,0.053198830,0.340481079
1766484268.294423,1766484268.294360638,-0.000077879,3.141584930,-0.000034498,0.382691306,0.923876270,2.356177446,0.000018470,0.474228455,0.053176506,0.340006989
1766484268.309422,1766484268.309359074,-0.000129128,-3.141483730,0.000080491,-0.382688595,-0.923877390,2.356183305,0.000025608,0.474195007,0.053163029,0.339559845
1766484268.324858,1766484268.324450731,-0.000145538,-3.141446712,0.000095155,-0.382690438,-0.923876625,2.356179310,0.000039568,0.474189514,0.053160465,0.339131104
1766484268.339479,1766484268.339378119,-0.000134151,-3.141472545,0.000084952,-0.382692162,-0.923875912,2.356175582,0.000029813,0.474176544,0.053154984,0.338760864
1766484268.354466,1766484268.354374170,-0.000106299,-3.141535928,0.000059958,-0.382686752,-0.923878156,2.356187300,0.000005864,0.474151001,0.053147602,0.338371918
1766484268.369494,1766484268.369379759,-0.000084066,-3.141586795,0.000039955,-0.382688722,-0.923877341,2.356183039,-0.000013379,0.474134369,0.053140629,0.337958832
1766484268.384553,1766484268.384403944,-0.000104952,-3.141539390,0.000058673,-0.382690566,-0.923876576,2.356179044,0.000004522,0.474125366,0.053136681,0.337543549
1766484268.399431,1766484268.399367809,-0.000122760,-3.141498910,0.000074645,-0.382687980,-0.923877645,2.356184636,0.000019814,0.474108246,0.053129547,0.337116394
1766484268.414457,1766484268.414372683,-0.000122760,-3.141498910,0.000074645,-0.382687980,-0.923877645,2.356184636,0.000019814,0.474108246,0.053129547,0.337116394
1766484268.429498,1766484268.429384947,-0.000120660,-3.141503704,0.000072758,-0.382689580,-0.923876983,2.356181174,0.000018002,0.474076691,0.053116844,0.336745056
1766484268.444483,1766484268.444377661,-0.000081404,3.141592654,-0.000037604,0.382688722,0.923877341,2.356183039,0.000015576,0.474064301,0.053114651,0.336368073
1766484268.459492,1766484268.459383726,-0.000030823,3.141477072,0.000007878,0.382686139,0.923878409,2.356188631,0.000059289,0.474076813,0.053119022,0.336003357
1766484268.474511,1766484268.474390745,0.000001114,3.141404368,0.000036542,0.382687982,0.923877643,2.356184636,0.000086763,0.474077667,0.053118900,0.335645050
1766484268.489510,1766484268.489394188,0.000013376,3.141376405,0.000047557,0.382689827,0.923876878,2.356180642,0.000097334,0.474052704,0.053108719,0.335253632
1766484268.504561,1766484268.504429340,-0.000002741,3.141413423,0.000033029,0.382687245,0.923877949,2.356186234,0.000083318,0.474015839,0.053093899,0.334816284
1766484268.519741,1766484268.519430399,-0.000029873,3.141475208,0.000008673,0.382686139,0.923878409,2.356188631,0.000059969,0.473988525,0.053085873,0.334396729
1766484268.534454,1766484268.534370661,-0.000045776,3.141511427,-0.000005604,0.382687985,0.923877646,2.356184636,0.000046281,0.473953613,0.053071785,0.333952759
1766484268.549599,1766484268.549404860,-0.000078116,3.141585197,-0.000034658,0.382689952,0.923876831,2.356180375,0.000018392,0.473895111,0.053048512,0.333498352
1766484268.564463,1766484268.564373732,-0.000090944,-3.141570816,0.000046189,-0.382687368,-0.923877901,2.356185968,-0.000007314,0.473856720,0.053033096,0.333076630
1766484268.579509,1766484268.579386473,-0.000118963,-3.141506900,0.000071362,-0.382689088,-0.923877187,2.356182240,0.000016850,0.473841461,0.053026672,0.332646576
1766484268.594516,1766484268.594391823,-0.000134864,-3.141470681,0.000085638,-0.382690931,-0.923876422,2.356178245,0.000030538,0.473824829,0.053019753,0.332238342
1766484268.609748,1766484268.609438658,-0.000120832,-3.141502372,0.000073092,-0.382688350,-0.923877493,2.356183838,0.000018584,0.473786682,0.053004417,0.331837860
1766484268.624502,1766484268.624393940,-0.000100175,-3.141549510,0.000054530,-0.382690320,-0.923876678,2.356179576,0.000000761,0.473758331,0.052992886,0.331435242
1766484268.639446,1766484268.639379978,-0.000083099,-3.141588126,0.000039253,-0.382689214,-0.923877137,2.356181973,-0.000013809,0.473741425,0.052988922,0.331059082
1766484268.654527,1766484268.654397726,-0.000091676,-3.141568419,0.000046986,-0.382686753,-0.923878156,2.356187300,-0.000006347,0.473721649,0.052980785,0.330634003
1766484268.669507,1766484268.669391632,-0.000106968,-3.141533531,0.000060725,-0.382688351,-0.923877493,2.356183838,0.000006843,0.473684357,0.052965778,0.330243774
1766484268.684500,1766484268.684395552,-0.000089310,-3.141573479,0.000044925,-0.382690198,-0.923876729,2.356179843,-0.000008231,0.473657318,0.052954769,0.329852997
1766484268.699427,1766484268.699382544,-0.000038971,3.141497312,0.000000241,0.382687738,0.923877747,2.356185169,0.000051499,0.473655945,0.052953766,0.329496216
1766484268.714607,1766484268.714447737,0.000016037,3.141372144,0.000049602,0.382689580,0.923876979,2.356181174,0.000098793,0.473664215,0.052956516,0.329153320
1766484268.729512,1766484268.729403734,0.000010623,3.141384927,0.000044655,0.382691426,0.923876215,2.356177180,0.000093924,0.473635132,0.052944729,0.328750275
1766484268.744517,1766484268.744400263,-0.000010457,3.141433130,0.000025694,0.382693273,0.923875453,2.356173185,0.000075691,0.473579285,0.052922523,0.328341003
1766484268.759481,1766484268.759390831,-0.000043910,3.141509563,-0.000004385,0.382687739,0.923877748,2.356185169,0.000046785,0.473519897,0.052901966,0.327883881
1766484268.774482,1766484268.774394512,-0.000090799,-3.141568685,0.000046530,-0.382689706,-0.923876933,2.356180908,-0.000006302,0.473469055,0.052881668,0.327400787
1766484268.789516,1766484268.789403200,-0.000126271,-3.141487991,0.000078356,-0.382691424,-0.923876218,2.356177180,0.000024186,0.473431152,0.052866428,0.326962036
1766484268.804484,1766484268.804393530,-0.000126271,-3.141487991,0.000078356,-0.382691424,-0.923876218,2.356177180,0.000024186,0.473431152,0.052866428,0.326962036
1766484268.819649,1766484268.819436550,-0.000140111,-3.141456033,0.000090864,-0.382688962,-0.923877237,2.356182506,0.000036301,0.473396545,0.052852448,0.326538239
1766484268.834501,1766484268.834396839,-0.000138821,-3.141458697,0.000089759,-0.382690808,-0.923876473,2.356178511,0.000035317,0.473365204,0.052839771,0.326132812
1766484268.849569,1766484268.849411011,-0.000120477,-3.141500242,0.000073335,-0.382692532,-0.923875760,2.356174783,0.000019636,0.473340637,0.052829739,0.325755798
1766484268.864453,1766484268.864390373,-0.000120535,-3.141499709,0.000073464,-0.382689949,-0.923876830,2.356180375,0.000019871,0.473304016,0.052814995,0.325352173
1766484268.879829,1766484268.879459620,-0.000106500,-3.141531135,0.000060968,-0.382691919,-0.923876015,2.356176114,0.000008040,0.473261444,0.052797905,0.324954041
1766484268.894484,1766484268.894402266,-0.000087805,-3.141573479,0.000044230,-0.382690936,-0.923876423,2.356178245,-0.000007944,0.473228241,0.052787575,0.324569641
1766484268.909456,1766484268.909397840,-0.000080961,-3.141588659,0.000038163,-0.382688230,-0.923877544,2.356184104,-0.000013646,0.473205688,0.052778294,0.324157593
1766484268.924542,1766484268.924420357,-0.000103198,-3.141538059,0.000058118,-0.382689951,-0.923876831,2.356180375,0.000005473,0.473191467,0.052772366,0.323781921
1766484268.939517,1766484268.939414740,-0.000039461,3.141502372,-0.000000953,0.382691798,0.923876066,2.356176381,0.000049255,0.473181030,0.052767830,0.323453186
1766484268.954532,1766484268.954416513,0.000020300,3.141367084,0.000052539,0.382689334,0.923877081,2.356181707,0.000100315,0.473155670,0.052757397,0.323096466
1766484268.969498,1766484268.969404936,0.000030877,3.141343382,0.000061960,0.382690194,0.923876723,2.356179843,0.000109240,0.473099762,0.052737743,0.322283966
1766484268.984965,1766484268.984524012,0.000030877,3.141343382,0.000061960,0.382690194,0.923876723,2.356179843,0.000109240,0.473099762,0.052737743,0.322283966
1766484268.999487,1766484268.999405622,0.000030877,3.141343382,0.000061960,0.382690194,0.923876723,2.356179843,0.000109240,0.473099762,0.052737743,0.322283966
1766484269.014518,1766484269.014413834,-0.000055035,3.141539657,-0.000015282,0.382688354,0.923877493,2.356183838,0.000035012,0.473014832,0.052703968,0.321608124
1766484269.029555,1766484269.029427528,-0.000085603,-3.141575609,0.000042805,-0.382690321,-0.923876678,2.356179576,-0.000008506,0.472954803,0.052680103,0.321149872
1766484269.044521,1766484269.044428825,-0.000103753,-3.141533798,0.000059189,-0.382692165,-0.923875913,2.356175582,0.000007335,0.472916565,0.052664700,0.320708374
1766484269.059499,1766484269.059418678,-0.000116502,-3.141504503,0.000070684,-0.382686505,-0.923878257,2.356187832,0.000018428,0.472885834,0.052655327,0.320325317
1766484269.074473,1766484269.074405432,-0.000107069,-3.141525542,0.000062301,-0.382688474,-0.923877442,2.356183571,0.000010514,0.472833008,0.052634243,0.319915497
1766484269.089805,1766484269.089553356,-0.000102725,-3.141534863,0.000058510,-0.382690197,-0.923876729,2.356179843,0.000007040,0.472780762,0.052613403,0.319532654
1766484269.104464,1766484269.104407787,-0.000081880,-3.141581735,0.000039913,-0.382687738,-0.923877748,2.356185169,-0.000010623,0.472752380,0.052601852,0.319135040
1766484269.119514,1766484269.119421005,-0.000072864,3.141583599,-0.000031926,0.382689583,0.923876984,2.356181174,0.000018125,0.472738007,0.052595749,0.318735809
1766484269.134573,1766484269.134434462,-0.000072515,3.141583066,-0.000031663,0.382691306,0.923876271,2.356177446,0.000018304,0.472708252,0.052583733,0.318354309
1766484269.149575,1766484269.149438381,-0.000094069,-3.141552706,0.000051098,-0.382693273,-0.923875455,2.356173185,0.000000454,0.472660095,0.052564503,0.317931213
1766484269.164479,1766484269.164413691,-0.000081220,-3.141557500,0.000044245,-0.382690567,-0.923876576,2.356179044,0.000000698,0.472630981,0.052551533,0.317557983
1766484269.179525,1766484269.179425001,-0.000023911,3.141497845,0.000007096,0.382689584,0.923876983,2.356181174,0.000048371,0.472618225,0.052549099,0.317201660
1766484269.194582,1766484269.194441557,0.000019347,3.141399841,0.000045831,0.382691549,0.923876165,2.356176913,0.000085366,0.472581024,0.052534088,0.316830627
1766484269.209502,1766484269.209421158,0.000028837,3.141378802,0.000054240,0.382688965,0.923877235,2.356182506,0.000093269,0.472536163,0.052516125,0.316455627
1766484269.224555,1766484269.224434614,0.000011421,3.141419015,0.000038501,0.382690812,0.923876472,2.356178511,0.000078025,0.472497070,0.052500420,0.316027954
1766484269.239583,1766484269.239440918,-0.000034754,3.141524477,-0.000003009,0.382692536,0.923875761,2.356174783,0.000038144,0.472454071,0.052483185,0.315569946
1766484269.254550,1766484269.254439116,-0.000070344,-3.141579071,0.000035093,-0.382689952,-0.923876831,2.356180375,-0.000007186,0.472378632,0.052453316,0.315140106
1766484269.269536,1766484269.269423962,-0.000108657,-3.141490921,0.000069659,-0.382691917,-0.923876015,2.356176114,0.000026203,0.472289581,0.052418087,0.314680481
1766484269.284546,1766484269.284435987,-0.000105308,-3.141498111,0.000066736,-0.382690933,-0.923876423,2.356178245,0.000023523,0.472238098,0.052400604,0.314262390
1766484269.299568,1766484269.299442053,-0.000121306,-3.141461093,0.000081209,-0.382688102,-0.923877594,2.356184370,0.000037561,0.472203125,0.052386520,0.313866638
1766484269.314745,1766484269.314474583,-0.000108633,-3.141489323,0.000069954,-0.382690072,-0.923876779,2.356180109,0.000026946,0.472162018,0.052369995,0.313475189
1766484269.329503,1766484269.329423428,-0.000094550,-3.141520748,0.000057435,-0.382691796,-0.923876066,2.356176381,0.000015124,0.472114532,0.052351032,0.313114014
1766484269.344559,1766484269.344444036,-0.000073664,-3.141567620,0.000038818,-0.382689214,-0.923877137,2.356181973,-0.000002531,0.472074677,0.052334999,0.312718018
1766484269.359564,1766484269.359449148,-0.000073664,-3.141567620,0.000038818,-0.382689214,-0.923877137,2.356181973,-0.000002531,0.472074677,0.052334999,0.312718018
1766484269.374496,1766484269.374429226,-0.000081431,-3.141549510,0.000045871,-0.382688352,-0.923877494,2.356183838,0.000004348,0.472038025,0.052323257,0.312285339
1766484269.389539,1766484269.389436007,-0.000113489,-3.141475741,0.000074795,-0.382690071,-0.923876779,2.356180109,0.000032291,0.471992432,0.052305054,0.311867035
1766484269.404571,1766484269.404448509,-0.000125834,-3.141446979,0.000086002,-0.382687240,-0.923877950,2.356186234,0.000043215,0.471943726,0.052285595,0.311479065
1766484269.419581,1766484269.419461250,-0.000063529,-3.141588126,0.000030213,-0.382689091,-0.923877188,2.356182240,-0.000010065,0.471923218,0.052277164,0.311162842
1766484269.434509,1766484269.434432507,0.000002622,3.141446979,0.000029085,0.382691182,0.923876320,2.356177712,0.000066791,0.471906403,0.052270054,0.310815308
1766484269.449616,1766484269.449460745,0.000025636,3.141395313,0.000049602,0.382688473,0.923877439,2.356183571,0.000086254,0.471873230,0.052256645,0.310430634
1766484269.464560,1766484269.464447021,0.000014017,3.141422478,0.000039037,0.382690197,0.923876727,2.356179843,0.000075929,0.471823029,0.052236629,0.310029419
1766484269.479532,1766484269.479444504,-0.000022901,3.141507432,0.000005728,0.382692167,0.923875913,2.356175582,0.000043749,0.471747589,0.052206718,0.309571594
1766484269.494493,1766484269.494429827,-0.000103501,-3.141493584,0.000066767,-0.382686628,-0.923878206,2.356187566,0.000025960,0.471660339,0.052175316,0.309090759
1766484269.509592,1766484269.509462595,-0.000143091,-3.141402770,0.000102432,-0.382688344,-0.923877490,2.356183838,0.000060335,0.471591949,0.052148174,0.308663208
1766484269.524561,1766484269.524449825,-0.000128558,-3.141434994,0.000089553,-0.382690315,-0.923876676,2.356179576,0.000048230,0.471532867,0.052124611,0.308263733
1766484269.539569,1766484269.539455414,-0.000090983,-3.141519949,0.000055940,-0.382692165,-0.923875914,2.356175582,0.000016176,0.471491730,0.052108078,0.307910889
1766484269.554558,1766484269.554456711,-0.000056060,3.141587061,-0.000024826,0.382689706,0.923876933,2.356180908,0.000013310,0.471454010,0.052092892,0.307529968
1766484269.569654,1766484269.569464922,-0.000085105,-3.141531401,0.000051034,-0.382691427,-0.923876219,2.356177180,0.000012011,0.471404938,0.052073235,0.307102661
1766484269.584592,1766484269.584462881,-0.000128017,-3.141433397,0.000089609,-0.382693267,-0.923875453,2.356173185,0.000049071,0.471345581,0.052049683,0.306694580
1766484269.599525,1766484269.599442005,-0.000107446,-3.141478937,0.000071393,-0.382687734,-0.923877747,2.356185169,0.000031971,0.471284271,0.052028294,0.306306488
1766484269.614662,1766484269.614471436,-0.000071425,-3.141560429,0.000039160,-0.382689706,-0.923876933,2.356180908,0.000001219,0.471242004,0.052011341,0.305930939
1766484269.629580,1766484269.629462004,-0.000020072,3.141508764,0.000006780,0.382691552,0.923876168,2.356176913,0.000042593,0.471223389,0.052003559,0.305593170
1766484269.644574,1766484269.644467831,0.000018164,3.141422744,0.000040902,0.382688966,0.923877236,2.356182506,0.000075012,0.471197021,0.051992790,0.305228912
1766484269.659556,1766484269.659455061,0.000043045,3.141390786,0.000058511,0.382690687,0.923876522,2.356178778,0.000085014,0.471149109,0.051972473,0.304887573
1766484269.674545,1766484269.674448967,0.000052012,3.141371345,0.000066373,0.382692408,0.923875808,2.356175049,0.000092279,0.471090698,0.051949203,0.304497772
1766484269.689570,1766484269.689460278,0.000046545,3.141384661,0.000061299,0.382686996,0.923878050,2.356186767,0.000087174,0.471036743,0.051930733,0.304077209
1766484269.704573,1766484269.704465389,0.000036820,3.141407564,0.000052424,0.382688965,0.923877236,2.356182506,0.000078455,0.470991760,0.051912716,0.303663513
1766484269.719640,1766484269.719489098,0.000009457,3.141470947,0.000027657,0.382690813,0.923876473,2.356178511,0.000054411,0.470910767,0.051880634,0.303233765
1766484269.734513,1766484269.734444618,0.000009457,3.141470947,0.000027657,0.382690813,0.923876473,2.356178511,0.000054411,0.470910767,0.051880634,0.303233765
1766484269.749588,1766484269.749462843,-0.000020072,3.141539390,0.000000920,0.382688107,0.923877596,2.356184370,0.000028445,0.470815216,0.051842876,0.302793335
1766484269.764606,1766484269.764451504,-0.000053500,-3.141569218,0.000029198,-0.382687000,-0.923878054,2.356186767,0.000000589,0.470747620,0.051819122,0.302379639
1766484269.779586,1766484269.779475689,-0.000085998,-3.141494383,0.000058529,-0.382688843,-0.923877289,2.356182772,0.000028940,0.470701813,0.051800800,0.301947205
1766484269.794548,1766484269.794461012,-0.000088463,-3.141487991,0.000060891,-0.382686136,-0.923878410,2.356188631,0.000031421,0.470649597,0.051779930,0.301549377
1766484269.809527,1766484269.809451818,-0.000082141,-3.141501307,0.000055423,-0.382688228,-0.923877544,2.356184104,0.000026479,0.470591034,0.051756580,0.301132874
1766484269.824598,1766484269.824477196,-0.000073982,-3.141518884,0.000048291,-0.382690074,-0.923876780,2.356180109,0.000019921,0.470546600,0.051738750,0.300734039
1766484269.839556,1766484269.839459419,-0.000067538,-3.141532732,0.000042664,-0.382689090,-0.923877188,2.356182240,0.000014757,0.470494507,0.051721031,0.300343689
1766484269.854573,1766484269.854470253,-0.000075447,-3.141513558,0.000049986,-0.382686260,-0.923878360,2.356188365,0.000022101,0.470425751,0.051693768,0.299978394
1766484269.869783,1766484269.869501829,-0.000078522,-3.141505568,0.000052936,-0.382688105,-0.923877595,2.356184370,0.000025203,0.470354340,0.051665432,0.299568634
1766484269.884553,1766484269.884468079,-0.000037960,3.141588925,-0.000016822,0.382686508,0.923878258,2.356187832,0.000008986,0.470308441,0.051646759,0.299004150
1766484269.899516,1766484269.899456501,-0.000037960,3.141588925,-0.000016822,0.382686508,0.923878258,2.356187832,0.000008986,0.470308441,0.051646759,0.299004150
1766484269.914737,1766484269.914500475,0.000000000,3.141503171,0.000017122,0.382688476,0.923877442,2.356183571,0.000041335,0.470275726,0.051633511,0.298641876
1766484269.929638,1766484269.929489851,0.000038542,3.141416619,0.000051487,0.382690195,0.923876727,2.356179843,0.000073942,0.470220795,0.051611572,0.298303589
1766484269.944531,1766484269.944463968,0.000057164,3.141375340,0.000067989,0.382692162,0.923875910,2.356175582,0.000089447,0.470152161,0.051584297,0.297909302
1766484269.959582,1766484269.959477663,0.000030343,3.141437658,0.000043674,0.382686752,0.923878154,2.356187300,0.000065793,0.470081543,0.051559296,0.297469513
1766484269.974715,1766484269.974497318,-0.000062878,-3.141534597,0.000040154,-0.382688229,-0.923877545,2.356184104,0.000014787,0.469990784,0.051523479,0.297012115
1766484269.989588,1766484269.989481449,-0.000112156,-3.141421146,0.000084627,-0.382690192,-0.923876727,2.356179843,0.000057765,0.469885193,0.051481815,0.296544128
1766484270.004633,1766484270.004489183,-0.000118768,-3.141404901,0.000090789,-0.382687731,-0.923877745,2.356185169,0.000064005,0.469811523,0.051452568,0.296128052
1766484270.019626,1766484270.019494534,-0.000092683,-3.141463224,0.000067580,-0.382689456,-0.923877034,2.356181441,0.000042054,0.469775818,0.051438152,0.295770691
1766484270.034571,1766484270.034471035,-0.000069174,-3.141515688,0.000046681,-0.382686998,-0.923878054,2.356186767,0.000022317,0.469732666,0.051420826,0.295385101
1766484270.049632,1766484270.049495935,-0.000055723,-3.141544983,0.000034862,-0.382688721,-0.923877341,2.356183039,0.000011359,0.469666199,0.051394402,0.295018341
1766484270.064545,1766484270.064470053,-0.000097812,-3.141448044,0.000072854,-0.382690440,-0.923876626,2.356179310,0.000048085,0.469569397,0.051356201,0.294599579
1766484270.080015,1766484270.079632998,-0.000105845,-3.141428869,0.000080233,-0.382692284,-0.923875861,2.356175315,0.000055405,0.469499176,0.051328308,0.294186646
1766484270.094563,1766484270.094476938,-0.000091867,-3.141459229,0.000067967,-0.382689702,-0.923876932,2.356180908,0.000044056,0.469448334,0.051307987,0.293807922
1766484270.109545,1766484270.109471560,-0.000059891,-3.141531135,0.000039437,-0.382691674,-0.923876118,2.356176647,0.000016958,0.469402191,0.051289444,0.293411438
1766484270.124713,1766484270.124495745,-0.000010064,3.141542054,0.000005033,0.382690691,0.923876526,2.356178778,0.000025300,0.469370636,0.051279682,0.293086609
1766484270.139582,1766484270.139485359,0.000013863,3.141488524,0.000026328,0.382687983,0.923877646,2.356184636,0.000045449,0.469333649,0.051264835,0.292752777
1766484270.154616,1766484270.154495955,0.000026533,3.141460561,0.000037532,0.382689705,0.923876932,2.356180908,0.000055942,0.469281952,0.051244179,0.292376709
1766484270.169550,1766484270.169474602,0.000027534,3.141459762,0.000038147,0.382691550,0.923876168,2.356176913,0.000056119,0.469204437,0.051213470,0.291996185
1766484270.184792,1766484270.184526205,0.000004568,3.141513291,0.000017296,0.382693397,0.923875404,2.356172919,0.000035786,0.469113861,0.051177601,0.291558807
1766484270.199586,1766484270.199479342,-0.000016692,3.141563093,-0.000002054,0.382690937,0.923876424,2.356178245,0.000016849,0.469032166,0.051145241,0.291120667
1766484270.214594,1766484270.214493275,-0.000058471,-3.141525808,0.000039801,-0.382692658,-0.923875710,2.356174516,0.000019690,0.468954529,0.051114464,0.290666504
1766484270.229649,1766484270.229505539,-0.000088466,-3.141456300,0.000066956,-0.382686996,-0.923878053,2.356186767,0.000046060,0.468873871,0.051085625,0.290272034
1766484270.244606,1766484270.244496107,-0.000098632,-3.141432065,0.000076289,-0.382688717,-0.923877339,2.356183039,0.000055309,0.468794342,0.051054180,0.289907806
1766484270.259622,1766484270.259495735,-0.000058289,-3.141522346,0.000040379,-0.382690689,-0.923876525,2.356178778,0.000021324,0.468721985,0.051025391,0.289531677
1766484270.274568,1766484270.274489880,-0.000058289,-3.141522346,0.000040379,-0.382690689,-0.923876525,2.356178778,0.000021324,0.468721985,0.051025391,0.289531677
1766484270.289643,1766484270.289508581,-0.000036571,-3.141570549,0.000021123,-0.382688230,-0.923877545,2.356184104,0.000003213,0.468660248,0.051000759,0.289131409
1766484270.304562,1766484270.304484129,-0.000045882,-3.141548179,0.000029705,-0.382690075,-0.923876781,2.356180109,0.000011765,0.468603271,0.050978065,0.288748871
1766484270.319625,1766484270.319504261,-0.000032034,-3.141578539,0.000017498,-0.382691798,-0.923876067,2.356176381,0.000000391,0.468535065,0.050950996,0.288378296
1766484270.334614,1766484270.334505081,-0.000015347,3.141570283,-0.000002809,0.382689091,0.923877188,2.356182240,0.000013270,0.468462830,0.050922329,0.288003876
1766484270.349639,1766484270.349517107,-0.000010819,3.141561228,0.000001015,0.382687984,0.923877647,2.356184636,0.000016587,0.468399689,0.050900253,0.287634003
1766484270.364580,1766484270.364496946,-0.000002168,3.141542852,0.000008528,0.382689952,0.923876831,2.356180375,0.000023420,0.468348389,0.050879738,0.287234406
1766484270.379627,1766484270.379508257,0.000042808,3.141441919,0.000048617,0.382691918,0.923876014,2.356176114,0.000061439,0.468299500,0.050860146,0.286873505
1766484270.394607,1766484270.394505739,0.000080242,3.141358029,0.000081961,0.382689207,0.923877132,2.356181973,0.000093028,0.468234314,0.050834198,0.286534760
1766484270.409605,1766484270.409509897,0.000087966,3.141341784,0.000088637,0.382688222,0.923877539,2.356184104,0.000099055,0.468163055,0.050808933,0.286154541
1766484270.424632,1766484270.424512386,0.000063119,3.141399308,0.000066153,0.382689825,0.923876879,2.356180642,0.000077236,0.468096497,0.050782555,0.285769073
1766484270.439587,1766484270.439504147,0.000027242,3.141482665,0.000033630,0.382691674,0.923876117,2.356176647,0.000045595,0.468011475,0.050748901,0.285334595
1766484270.455112,1766484270.454825878,-0.000011677,3.141572680,-0.000001572,0.382689091,0.923877188,2.356182240,0.000011461,0.467901215,0.050705372,0.284877747
1766484270.469558,1766484270.469492674,-0.000039875,-3.141546847,0.000027185,-0.382687984,-0.923877647,2.356184636,0.000013530,0.467800079,0.050668453,0.284451538
1766484270.484586,1766484270.484500647,-0.000065767,-3.141486393,0.000050713,-0.382685398,-0.923878716,2.356190229,0.000036502,0.467722931,0.050637867,0.284029816
1766484270.499568,1766484270.499490738,-0.000065318,-3.141486127,0.000050556,-0.382687121,-0.923878003,2.356186501,0.000036710,0.467648285,0.050608273,0.283666748
1766484270.514646,1766484270.514517546,-0.000047318,-3.141525542,0.000034699,-0.382689090,-0.923877188,2.356182240,0.000021948,0.467568329,0.050576569,0.283292145
1766484270.529587,1766484270.529503584,-0.000027877,-3.141568419,0.000017515,-0.382687984,-0.923877647,2.356184636,0.000005861,0.467502045,0.050553230,0.282916718
1766484270.544647,1766484270.544523239,-0.000025316,-3.141572680,0.000015516,-0.382685524,-0.923878666,2.356189963,0.000004383,0.467442688,0.050529526,0.282508484
1766484270.559904,1766484270.559587002,-0.000036440,-3.141546048,0.000025751,-0.382687369,-0.923877902,2.356185968,0.000014556,0.467366516,0.050499344,0.282111664
1766484270.574544,1766484270.574493170,-0.000052332,-3.141483997,0.000044965,-0.382689089,-0.923877187,2.356182240,0.000040179,0.467269104,0.050459686,0.281726166
1766484270.589624,1766484270.589514256,-0.000042145,-3.141505835,0.000036081,-0.382686384,-0.923878309,2.356188099,0.000032041,0.467197662,0.050431343,0.281351074
1766484270.604558,1766484270.604498625,0.000013715,3.141554038,0.000013725,0.382685401,0.923878717,2.356190229,0.000015214,0.467169861,0.050422989,0.281017120
1766484270.619842,1766484270.619542360,0.000070444,3.141426206,0.000064390,0.382687119,0.923878001,2.356186501,0.000063410,0.467130035,0.050406963,0.280694214
1766484270.634589,1766484270.634504557,0.000090883,3.141380932,0.000082494,0.382684533,0.923879070,2.356192093,0.000080413,0.467047028,0.050374069,0.280330566
1766484270.649660,1766484270.649530888,0.000090883,3.141380932,0.000082494,0.382684533,0.923879070,2.356192093,0.000080413,0.467047028,0.050374069,0.280330566
1766484270.664662,1766484270.664521933,0.000083632,3.141399308,0.000075628,0.382686379,0.923878306,2.356188099,0.000073311,0.466952362,0.050336658,0.279934723
1766484270.679579,1766484270.679507256,0.000036762,3.141507166,0.000033339,0.382687983,0.923877646,2.356184636,0.000032456,0.466867920,0.050303303,0.279543396
1766484270.694609,1766484270.694518566,-0.000009465,-3.141571348,0.000008449,-0.382685032,-0.923878870,2.356191028,0.000008031,0.466789459,0.050272205,0.279139343
1766484270.709672,1766484270.709572077,0.000002086,3.141588925,0.000001677,0.382686631,0.923878208,2.356187566,0.000001323,0.466721741,0.050245380,0.278826660
1766484270.724655,1766484270.724529743,-0.000002791,-3.141584398,0.000002869,-0.382687615,-0.923877800,2.356185435,0.000003280,0.466664215,0.050222683,0.278611450
1766484270.739568,1766484270.739504576,0.000054037,3.141472545,0.000047944,0.382688843,0.923877289,2.356182772,0.000045143,0.466627411,0.050207993,0.278432983
1766484270.754652,1766484270.754535913,0.000035263,3.141515688,0.000031016,0.382689336,0.923877086,2.356181707,0.000028806,0.466597748,0.050196278,0.278294434
1766484270.769682,1766484270.769531727,0.000011654,3.141570017,0.000009715,0.382682448,0.923879940,2.356196621,0.000008227,0.466580963,0.050192616,0.278175568
1766484270.784622,1766484270.784522772,0.000019877,3.141551641,0.000017029,0.382682817,0.923879787,2.356195822,0.000015142,0.466566345,0.050186802,0.278082825
1766484270.799551,1766484270.799505949,0.000021158,3.141548978,0.000018131,0.382683186,0.923879634,2.356195023,0.000016127,0.466551727,0.050181019,0.278024048
1766484270.814790,1766484270.814531803,0.000007080,3.141581202,0.000005462,0.382683186,0.923879634,2.356195023,0.000003935,0.466539673,0.050176296,0.277986145
1766484270.829675,1766484270.829535007,0.000003489,3.141589458,0.000002223,0.382683309,0.923879583,2.356194757,0.000000809,0.466538055,0.050175659,0.277978516
1766484270.844597,1766484270.844521284,0.000000000,-3.141590257,0.000000459,-0.382683309,-0.923879583,2.356194757,0.000001107,0.466538818,0.050175968,0.277975616
1766484270.859637,1766484270.859525681,0.000000000,-3.141590257,0.000000459,-0.382683309,-0.923879583,2.356194757,0.000001107,0.466538818,0.050175968,0.277975616
1766484270.874599,1766484270.874516249,0.000000000,-3.141590257,0.000000459,-0.382683309,-0.923879583,2.356194757,0.000001107,0.466538818,0.050175968,0.277975616
1766484270.889648,1766484270.889538288,-0.000002966,-3.141581202,0.000003561,-0.382683309,-0.923879583,2.356194757,0.000004722,0.466537811,0.050175571,0.277974579
1766484270.904588,1766484270.904513836,-0.000002966,-3.141581202,0.000003561,-0.382683309,-0.923879583,2.356194757,0.000004722,0.466537811,0.050175571,0.277974579
1766484270.919732,1766484270.919566870,-0.000006889,-3.141572414,0.000007055,-0.382683309,-0.923879583,2.356194757,0.000008032,0.466536743,0.050175171,0.277973572
1766484270.934674,1766484270.934528589,-0.000010776,-3.141563625,0.000010532,-0.382683186,-0.923879634,2.356195023,0.000011347,0.466535736,0.050174778,0.277972534
1766484270.949671,1766484270.949541092,-0.000010776,-3.141563625,0.000010532,-0.382683186,-0.923879634,2.356195023,0.000011347,0.466535736,0.050174778,0.277972534
1766484270.964590,1766484270.964519024,-0.000018598,-3.141545782,0.000017560,-0.382683186,-0.923879634,2.356195023,0.000018093,0.466533661,0.050173977,0.277970459
1766484270.979849,1766484270.979608774,-0.000018598,-3.141545782,0.000017560,-0.382683186,-0.923879634,2.356195023,0.000018093,0.466533661,0.050173977,0.277970459
1766484270.994613,1766484270.994529247,-0.000018598,-3.141545782,0.000017560,-0.382683186,-0.923879634,2.356195023,0.000018093,0.466533661,0.050173977,0.277970459
1766484271.009588,1766484271.009522915,-0.000022533,-3.141536727,0.000021110,-0.382683186,-0.923879634,2.356195023,0.000021523,0.466532623,0.050173576,0.277969421
1766484271.024681,1766484271.024545431,-0.000022533,-3.141536727,0.000021110,-0.382683186,-0.923879634,2.356195023,0.000021523,0.466532623,0.050173576,0.277969421
1766484271.039617,1766484271.039530993,-0.000022533,-3.141536727,0.000021110,-0.382683186,-0.923879634,2.356195023,0.000021523,0.466532623,0.050173576,0.277969421
1766484271.054719,1766484271.054542303,-0.000022533,-3.141536727,0.000021110,-0.382683186,-0.923879634,2.356195023,0.000021523,0.466532623,0.050173576,0.277969421
1766484271.069568,1766484271.069522619,-0.000026409,-3.141528205,0.000024531,-0.382683186,-0.923879634,2.356195023,0.000024718,0.466531586,0.050173180,0.277968384
1766484271.085062,1766484271.084619045,-0.000026409,-3.141528205,0.000024531,-0.382683186,-0.923879634,2.356195023,0.000024718,0.466531586,0.050173180,0.277968384
1766484271.099618,1766484271.099528551,-0.000026409,-3.141528205,0.000024531,-0.382683186,-0.923879634,2.356195023,0.000024718,0.466531586,0.050173180,0.277968384
1766484271.114727,1766484271.114538431,-0.000026409,-3.141528205,0.000024531,-0.382683186,-0.923879634,2.356195023,0.000024718,0.466531586,0.050173180,0.277968384
1766484271.129645,1766484271.129534006,-0.000026409,-3.141528205,0.000024531,-0.382683186,-0.923879634,2.356195023,0.000024718,0.466531586,0.050173180,0.277968384
1766484271.144654,1766484271.144543409,-0.000026409,-3.141528205,0.000024531,-0.382683186,-0.923879634,2.356195023,0.000024718,0.466531586,0.050173180,0.277968384
1766484271.159631,1766484271.159544468,-0.000026409,-3.141528205,0.000024531,-0.382683186,-0.923879634,2.356195023,0.000024718,0.466531586,0.050173180,0.277968384
1766484271.174594,1766484271.174530029,-0.000026409,-3.141528205,0.000024531,-0.382683186,-0.923879634,2.356195023,0.000024718,0.466531586,0.050173180,0.277968384
1766484271.189676,1766484271.189563036,-0.000026409,-3.141528205,0.000024531,-0.382683186,-0.923879634,2.356195023,0.000024718,0.466531586,0.050173180,0.277968384
1766484271.204623,1766484271.204536200,-0.000026409,-3.141528205,0.000024531,-0.382683186,-0.923879634,2.356195023,0.000024718,0.466531586,0.050173180,0.277968384
1766484271.219619,1766484271.219539404,-0.000026409,-3.141528205,0.000024531,-0.382683186,-0.923879634,2.356195023,0.000024718,0.466531586,0.050173180,0.277968384
1766484271.234782,1766484271.234586954,-0.000017465,-3.141524210,0.000021164,-0.382683186,-0.923879634,2.356195023,0.000028275,0.466531982,0.050172138,0.277968414
1766484271.249870,1766484271.249643326,-0.000017465,-3.141524210,0.000021164,-0.382683186,-0.923879634,2.356195023,0.000028275,0.466531982,0.050172138,0.277968414
1766484271.264640,1766484271.264546394,-0.000014921,-3.141529803,0.000018919,-0.382683186,-0.923879634,2.356195023,0.000026178,0.466531219,0.050171829,0.277971313
1766484271.279628,1766484271.279546261,-0.000014921,-3.141529803,0.000018919,-0.382683186,-0.923879634,2.356195023,0.000026178,0.466531219,0.050171829,0.277971313
1766484271.294638,1766484271.294545412,-0.000014921,-3.141529803,0.000018919,-0.382683186,-0.923879634,2.356195023,0.000026178,0.466531219,0.050171829,0.277971313
1766484271.309602,1766484271.309537888,-0.000014921,-3.141529803,0.000018919,-0.382683186,-0.923879634,2.356195023,0.000026178,0.466531219,0.050171829,0.277971313
1766484271.324625,1766484271.324543238,-0.000014921,-3.141529803,0.000018919,-0.382683186,-0.923879634,2.356195023,0.000026178,0.466531219,0.050171829,0.277971313
1766484271.339628,1766484271.339551210,-0.000014921,-3.141529803,0.000018919,-0.382683186,-0.923879634,2.356195023,0.000026178,0.466531219,0.050171829,0.277971313
1766484271.354857,1766484271.354588747,-0.000014947,-3.141529803,0.000018931,-0.382687615,-0.923877800,2.356185435,0.000026173,0.466531219,0.050171829,0.277971313
1766484271.369597,1766484271.369542122,-0.000014947,-3.141529803,0.000018931,-0.382687615,-0.923877800,2.356185435,0.000026173,0.466531219,0.050171829,0.277971313
1766484271.384663,1766484271.384560585,-0.000014947,-3.141529803,0.000018931,-0.382687615,-0.923877800,2.356185435,0.000026173,0.466531219,0.050171829,0.277971313
1766484271.399653,1766484271.399557829,-0.000014947,-3.141529803,0.000018931,-0.382687615,-0.923877800,2.356185435,0.000026173,0.466531219,0.050171829,0.277971313
1766484271.414705,1766484271.414557695,-0.000012439,-3.141535662,0.000016651,-0.382687615,-0.923877800,2.356185435,0.000023947,0.466530457,0.050171539,0.277974091
1766484271.429697,1766484271.429572344,-0.000012439,-3.141535662,0.000016651,-0.382687615,-0.923877800,2.356185435,0.000023947,0.466530457,0.050171539,0.277974091
1766484271.444620,1766484271.444549322,-0.000012439,-3.141535662,0.000016651,-0.382687615,-0.923877800,2.356185435,0.000023947,0.466530457,0.050171539,0.277974091
1766484271.459989,1766484271.459664345,-0.000012439,-3.141535662,0.000016651,-0.382687615,-0.923877800,2.356185435,0.000023947,0.466530457,0.050171539,0.277974091
1766484271.474617,1766484271.474546909,-0.000012439,-3.141535662,0.000016651,-0.382687615,-0.923877800,2.356185435,0.000023947,0.466530457,0.050171539,0.277974091
1766484271.489667,1766484271.489561319,-0.000009943,-3.141541255,0.000014428,-0.382687738,-0.923877749,2.356185169,0.000021841,0.466529694,0.050171211,0.277976898
1766484271.504721,1766484271.504572630,-0.000007447,-3.141547114,0.000012154,-0.382687738,-0.923877749,2.356185169,0.000019612,0.466528931,0.050170937,0.277979736
1766484271.519712,1766484271.519577026,-0.000007447,-3.141547114,0.000012154,-0.382687738,-0.923877749,2.356185169,0.000019612,0.466528931,0.050170937,0.277979736
1766484271.534655,1766484271.534563780,-0.000007447,-3.141547114,0.000012154,-0.382687738,-0.923877749,2.356185169,0.000019612,0.466528931,0.050170937,0.277979736
1766484271.549688,1766484271.549575567,-0.000004915,-3.141552706,0.000009914,-0.382687738,-0.923877749,2.356185169,0.000017513,0.466528137,0.050170609,0.277982635
1766484271.564714,1766484271.564576149,-0.000004915,-3.141552706,0.000009914,-0.382687738,-0.923877749,2.356185169,0.000017513,0.466528137,0.050170609,0.277982635
1766484271.579654,1766484271.579562664,-0.000004915,-3.141552706,0.000009914,-0.382687738,-0.923877749,2.356185169,0.000017513,0.466528137,0.050170609,0.277982635
1766484271.594648,1766484271.594560385,-0.000004915,-3.141552706,0.000009914,-0.382687738,-0.923877749,2.356185169,0.000017513,0.466528137,0.050170609,0.277982635
1766484271.609615,1766484271.609555721,-0.000004915,-3.141552706,0.000009914,-0.382687738,-0.923877749,2.356185169,0.000017513,0.466528137,0.050170609,0.277982635
1766484271.624949,1766484271.624661922,-0.000004915,-3.141552706,0.000009914,-0.382687738,-0.923877749,2.356185169,0.000017513,0.466528137,0.050170609,0.277982635
1766484271.639620,1766484271.639559746,-0.000002407,-3.141558565,0.000007635,-0.382687738,-0.923877749,2.356185169,0.000015286,0.466527405,0.050170319,0.277985382
1766484271.654701,1766484271.654580593,-0.000002407,-3.141558565,0.000007635,-0.382687738,-0.923877749,2.356185169,0.000015286,0.466527405,0.050170319,0.277985382
1766484271.669727,1766484271.669590712,-0.000002407,-3.141558565,0.000007635,-0.382687738,-0.923877749,2.356185169,0.000015286,0.466527405,0.050170319,0.277985382
1766484271.684644,1766484271.684568644,-0.000002407,-3.141558565,0.000007635,-0.382687738,-0.923877749,2.356185169,0.000015286,0.466527405,0.050170319,0.277985382
1766484271.699636,1766484271.699563503,-0.000002407,-3.141558565,0.000007635,-0.382687738,-0.923877749,2.356185169,0.000015286,0.466527405,0.050170319,0.277985382
1766484271.714629,1766484271.714564562,-0.000002407,-3.141558565,0.000007635,-0.382687738,-0.923877749,2.356185169,0.000015286,0.466527405,0.050170319,0.277985382
1766484271.729723,1766484271.729578733,-0.000002407,-3.141558565,0.000007635,-0.382687738,-0.923877749,2.356185169,0.000015286,0.466527405,0.050170319,0.277985382
1766484271.744632,1766484271.744567156,-0.000002407,-3.141558565,0.000007635,-0.382687738,-0.923877749,2.356185169,0.000015286,0.466527405,0.050170319,0.277985382
1766484271.759730,1766484271.759590864,-0.000002407,-3.141558565,0.000007635,-0.382687738,-0.923877749,2.356185169,0.000015286,0.466527405,0.050170319,0.277985382
1766484271.774624,1766484271.774568319,-0.000002407,-3.141558565,0.000007635,-0.382687738,-0.923877749,2.356185169,0.000015286,0.466527405,0.050170319,0.277985382
1766484271.789671,1766484271.789579391,0.000000000,-3.141564158,0.000005453,-0.382687738,-0.923877749,2.356185169,0.000013163,0.466526642,0.050170025,0.277988159
1766484271.804654,1766484271.804570675,0.000000000,-3.141564158,0.000005453,-0.382687738,-0.923877749,2.356185169,0.000013163,0.466526642,0.050170025,0.277988159
1766484271.819731,1766484271.819595814,0.000000000,-3.141564158,0.000005453,-0.382687738,-0.923877749,2.356185169,0.000013163,0.466526642,0.050170025,0.277988159
1766484271.834680,1766484271.834581614,0.000000000,-3.141564158,0.000005453,-0.382687738,-0.923877749,2.356185169,0.000013163,0.466526642,0.050170025,0.277988159
1766484271.849670,1766484271.849581003,0.000000000,-3.141564158,0.000005453,-0.382687738,-0.923877749,2.356185169,0.000013163,0.466526642,0.050170025,0.277988159
1766484271.864676,1766484271.864579916,0.000000000,-3.141564158,0.000005453,-0.382687738,-0.923877749,2.356185169,0.000013163,0.466526642,0.050170025,0.277988159
1766484271.879637,1766484271.879574537,0.000000000,-3.141564158,0.000005453,-0.382687738,-0.923877749,2.356185169,0.000013163,0.466526642,0.050170025,0.277988159
1766484271.894671,1766484271.894581556,0.000000000,-3.141564158,0.000005453,-0.382687738,-0.923877749,2.356185169,0.000013163,0.466526642,0.050170025,0.277988159
1766484271.909694,1766484271.909581900,0.000000000,-3.141564158,0.000005453,-0.382687738,-0.923877749,2.356185169,0.000013163,0.466526642,0.050170025,0.277988159
1766484271.924989,1766484271.924659491,0.000000000,-3.141564158,0.000005453,-0.382687738,-0.923877749,2.356185169,0.000013163,0.466526642,0.050170025,0.277988159
1766484271.939675,1766484271.939579487,0.000000000,-3.141564158,0.000005453,-0.382687738,-0.923877749,2.356185169,0.000013163,0.466526642,0.050170025,0.277988159
1766484271.954709,1766484271.954588175,0.000000000,-3.141564158,0.000005453,-0.382687738,-0.923877749,2.356185169,0.000013163,0.466526642,0.050170025,0.277988159
1766484271.969724,1766484271.969598770,0.000002584,-3.141569750,0.000003189,-0.382687738,-0.923877749,2.356185169,0.000011074,0.466525818,0.050169701,0.277990967
1766484271.984710,1766484271.984596252,0.000002584,-3.141569750,0.000003189,-0.382687738,-0.923877749,2.356185169,0.000011074,0.466525818,0.050169701,0.277990967
1766484271.999655,1766484271.999584436,0.000002584,-3.141569750,0.000003189,-0.382687738,-0.923877749,2.356185169,0.000011074,0.466525818,0.050169701,0.277990967
1766484272.014683,1766484272.014595032,0.000002584,-3.141569750,0.000003189,-0.382687738,-0.923877749,2.356185169,0.000011074,0.466525818,0.050169701,0.277990967
1766484272.029949,1766484272.029631615,0.000002584,-3.141569750,0.000003189,-0.382687738,-0.923877749,2.356185169,0.000011074,0.466525818,0.050169701,0.277990967
1766484272.044655,1766484272.044589520,0.000002584,-3.141569750,0.000003189,-0.382687738,-0.923877749,2.356185169,0.000011074,0.466525818,0.050169701,0.277990967
1766484272.059689,1766484272.059595585,0.000002584,-3.141569750,0.000003189,-0.382687738,-0.923877749,2.356185169,0.000011074,0.466525818,0.050169701,0.277990967
1766484272.074706,1766484272.074598074,0.000002584,-3.141569750,0.000003189,-0.382687738,-0.923877749,2.356185169,0.000011074,0.466525818,0.050169701,0.277990967
1766484272.089736,1766484272.089608192,0.000002584,-3.141569750,0.000003189,-0.382687738,-0.923877749,2.356185169,0.000011074,0.466525818,0.050169701,0.277990967
1766484272.104662,1766484272.104594469,0.000002584,-3.141569750,0.000003189,-0.382687738,-0.923877749,2.356185169,0.000011074,0.466525818,0.050169701,0.277990967
1766484272.119779,1766484272.119617701,0.000002584,-3.141569750,0.000003189,-0.382687738,-0.923877749,2.356185169,0.000011074,0.466525818,0.050169701,0.277990967
1766484272.134741,1766484272.134615183,0.000002584,-3.141569750,0.000003189,-0.382687738,-0.923877749,2.356185169,0.000011074,0.466525818,0.050169701,0.277990967
1766484272.149749,1766484272.149612188,0.000002584,-3.141569750,0.000003189,-0.382687738,-0.923877749,2.356185169,0.000011074,0.466525818,0.050169701,0.277990967
1766484272.164672,1766484272.164596319,0.000002584,-3.141569750,0.000003189,-0.382687738,-0.923877749,2.356185169,0.000011074,0.466525818,0.050169701,0.277990967
1766484272.179652,1766484272.179589748,0.000002584,-3.141569750,0.000003189,-0.382687738,-0.923877749,2.356185169,0.000011074,0.466525818,0.050169701,0.277990967
1766484272.194765,1766484272.194624901,0.000002584,-3.141569750,0.000003189,-0.382687738,-0.923877749,2.356185169,0.000011074,0.466525818,0.050169701,0.277990967
1766484272.209644,1766484272.209593058,0.000005128,-3.141575609,0.000000892,-0.382687738,-0.923877749,2.356185169,0.000008855,0.466525024,0.050169411,0.277993835
1766484272.224943,1766484272.224672079,0.000005128,-3.141575609,0.000000892,-0.382687738,-0.923877749,2.356185169,0.000008855,0.466525024,0.050169411,0.277993835
1766484272.239712,1766484272.239611864,0.000005128,-3.141575609,0.000000892,-0.382687738,-0.923877749,2.356185169,0.000008855,0.466525024,0.050169411,0.277993835
1766484272.254752,1766484272.254626274,0.000005128,-3.141575609,0.000000892,-0.382687738,-0.923877749,2.356185169,0.000008855,0.466525024,0.050169411,0.277993835
1766484272.269733,1766484272.269634724,0.000005128,-3.141575609,0.000000892,-0.382687738,-0.923877749,2.356185169,0.000008855,0.466525024,0.050169411,0.277993835
1766484272.284673,1766484272.284603357,0.000005128,-3.141575609,0.000000892,-0.382687738,-0.923877749,2.356185169,0.000008855,0.466525024,0.050169411,0.277993835
1766484272.299745,1766484272.299616814,0.000005128,-3.141575609,0.000000892,-0.382687738,-0.923877749,2.356185169,0.000008855,0.466525024,0.050169411,0.277993835
1766484272.314746,1766484272.314623117,0.000005128,-3.141575609,0.000000892,-0.382687738,-0.923877749,2.356185169,0.000008855,0.466525024,0.050169411,0.277993835
1766484272.329943,1766484272.329669714,0.000005128,-3.141575609,0.000000892,-0.382687738,-0.923877749,2.356185169,0.000008855,0.466525024,0.050169411,0.277993835
1766484272.344695,1766484272.344609022,0.000005128,-3.141575609,0.000000892,-0.382687738,-0.923877749,2.356185169,0.000008855,0.466525024,0.050169411,0.277993835
1766484272.359721,1766484272.359616041,0.000005128,-3.141575609,0.000000892,-0.382687738,-0.923877749,2.356185169,0.000008855,0.466525024,0.050169411,0.277993835
1766484272.374648,1766484272.374600887,0.000005128,-3.141575609,0.000000892,-0.382687738,-0.923877749,2.356185169,0.000008855,0.466525024,0.050169411,0.277993835
1766484272.389692,1766484272.389608622,0.000005128,-3.141575609,0.000000892,-0.382687738,-0.923877749,2.356185169,0.000008855,0.466525024,0.050169411,0.277993835
1766484272.404876,1766484272.404632092,0.000005128,-3.141575609,0.000000892,-0.382687738,-0.923877749,2.356185169,0.000008855,0.466525024,0.050169411,0.277993835
1766484272.419759,1766484272.419631004,0.000005128,-3.141575609,0.000000892,-0.382687738,-0.923877749,2.356185169,0.000008855,0.466525024,0.050169411,0.277993835
1766484272.434687,1766484272.434614658,0.000005128,-3.141575609,0.000000892,-0.382687738,-0.923877749,2.356185169,0.000008855,0.466525024,0.050169411,0.277993835
1766484272.449759,1766484272.449633598,0.000005128,-3.141575609,0.000000892,-0.382687738,-0.923877749,2.356185169,0.000008855,0.466525024,0.050169411,0.277993835
1766484272.464767,1766484272.464635372,0.000005128,-3.141575609,0.000000892,-0.382687738,-0.923877749,2.356185169,0.000008855,0.466525024,0.050169411,0.277993835
1766484272.479681,1766484272.479611397,0.000005128,-3.141575609,0.000000892,-0.382687738,-0.923877749,2.356185169,0.000008855,0.466525024,0.050169411,0.277993835
1766484272.494684,1766484272.494611979,0.000005128,-3.141575609,0.000000892,-0.382687738,-0.923877749,2.356185169,0.000008855,0.466525024,0.050169411,0.277993835
1766484272.509734,1766484272.509619951,0.000005128,-3.141575609,0.000000892,-0.382687738,-0.923877749,2.356185169,0.000008855,0.466525024,0.050169411,0.277993835
1766484272.524729,1766484272.524629354,0.000005128,-3.141575609,0.000000892,-0.382687738,-0.923877749,2.356185169,0.000008855,0.466525024,0.050169411,0.277993835
1766484272.539666,1766484272.539612532,0.000007702,-3.141581202,-0.000001367,-0.382687738,-0.923877749,2.356185169,0.000006764,0.466526825,0.050170101,0.277996918
1766484272.554737,1766484272.554634094,0.000007702,-3.141581202,-0.000001367,-0.382687738,-0.923877749,2.356185169,0.000006764,0.466526825,0.050170101,0.277996918
1766484272.569747,1766484272.569621086,0.000007702,-3.141581202,-0.000001367,-0.382687738,-0.923877749,2.356185169,0.000006764,0.466526825,0.050170101,0.277996918
1766484272.584780,1766484272.584640026,0.000007702,-3.141581202,-0.000001367,-0.382687738,-0.923877749,2.356185169,0.000006764,0.466526825,0.050170101,0.277996918
1766484272.599706,1766484272.599626064,0.000007702,-3.141581202,-0.000001367,-0.382687738,-0.923877749,2.356185169,0.000006764,0.466526825,0.050170101,0.277996918
1766484272.614928,1766484272.614679337,0.000007702,-3.141581202,-0.000001367,-0.382687738,-0.923877749,2.356185169,0.000006764,0.466526825,0.050170101,0.277996918
1766484272.629775,1766484272.629642963,0.000007702,-3.141581202,-0.000001367,-0.382687738,-0.923877749,2.356185169,0.000006764,0.466526825,0.050170101,0.277996918
1766484272.644664,1766484272.644616842,0.000007702,-3.141581202,-0.000001367,-0.382687738,-0.923877749,2.356185169,0.000006764,0.466526825,0.050170101,0.277996918
1766484272.659747,1766484272.659640074,0.000007702,-3.141581202,-0.000001367,-0.382687738,-0.923877749,2.356185169,0.000006764,0.466526825,0.050170101,0.277996918
1766484272.674688,1766484272.674622774,0.000007702,-3.141581202,-0.000001367,-0.382687738,-0.923877749,2.356185169,0.000006764,0.466526825,0.050170101,0.277996918
1766484272.689754,1766484272.689646244,0.000007702,-3.141581202,-0.000001367,-0.382687738,-0.923877749,2.356185169,0.000006764,0.466526825,0.050170101,0.277996918
1766484272.704709,1766484272.704630375,0.000007702,-3.141581202,-0.000001367,-0.382687738,-0.923877749,2.356185169,0.000006764,0.466526825,0.050170101,0.277996918
1766484272.719784,1766484272.719642401,0.000007702,-3.141581202,-0.000001367,-0.382687738,-0.923877749,2.356185169,0.000006764,0.466526825,0.050170101,0.277996918
1766484272.734786,1766484272.734642744,0.000007702,-3.141581202,-0.000001367,-0.382687738,-0.923877749,2.356185169,0.000006764,0.466526825,0.050170101,0.277996918
1766484272.749772,1766484272.749646902,0.000007702,-3.141581202,-0.000001367,-0.382687738,-0.923877749,2.356185169,0.000006764,0.466526825,0.050170101,0.277996918
1766484272.764753,1766484272.764643908,0.000007702,-3.141581202,-0.000001367,-0.382687738,-0.923877749,2.356185169,0.000006764,0.466526825,0.050170101,0.277996918
1766484272.779727,1766484272.779635668,0.000007702,-3.141581202,-0.000001367,-0.382687738,-0.923877749,2.356185169,0.000006764,0.466526825,0.050170101,0.277996918
1766484272.794734,1766484272.794644356,0.000007702,-3.141581202,-0.000001367,-0.382687738,-0.923877749,2.356185169,0.000006764,0.466526825,0.050170101,0.277996918
1766484272.809695,1766484272.809632778,0.000007702,-3.141581202,-0.000001367,-0.382687738,-0.923877749,2.356185169,0.000006764,0.466526825,0.050170101,0.277996918
1766484272.824803,1766484272.824656248,0.000007702,-3.141581202,-0.000001367,-0.382687738,-0.923877749,2.356185169,0.000006764,0.466526825,0.050170101,0.277996918
1766484272.839721,1766484272.839636326,0.000007702,-3.141581202,-0.000001367,-0.382687738,-0.923877749,2.356185169,0.000006764,0.466526825,0.050170101,0.277996918
1766484272.854739,1766484272.854647636,0.000007702,-3.141581202,-0.000001367,-0.382687738,-0.923877749,2.356185169,0.000006764,0.466526825,0.050170101,0.277996918
1766484272.869705,1766484272.869631529,0.000007702,-3.141581202,-0.000001367,-0.382687738,-0.923877749,2.356185169,0.000006764,0.466526825,0.050170101,0.277996918
1766484272.884827,1766484272.884658098,0.000007702,-3.141581202,-0.000001367,-0.382687738,-0.923877749,2.356185169,0.000006764,0.466526825,0.050170101,0.277996918
1766484272.899747,1766484272.899648190,0.000007702,-3.141581202,-0.000001367,-0.382687738,-0.923877749,2.356185169,0.000006764,0.466526825,0.050170101,0.277996918
1766484272.914748,1766484272.914644957,0.000007702,-3.141581202,-0.000001367,-0.382687738,-0.923877749,2.356185169,0.000006764,0.466526825,0.050170101,0.277996918
1766484272.929931,1766484272.929696321,0.000007702,-3.141581202,-0.000001367,-0.382687738,-0.923877749,2.356185169,0.000006764,0.466526825,0.050170101,0.277996918
1766484272.944757,1766484272.944654465,0.000007702,-3.141581202,-0.000001367,-0.382687738,-0.923877749,2.356185169,0.000006764,0.466526825,0.050170101,0.277996918
1766484272.959774,1766484272.959654331,0.000007702,-3.141581202,-0.000001367,-0.382687738,-0.923877749,2.356185169,0.000006764,0.466526825,0.050170101,0.277996918
1766484272.974747,1766484272.974648952,0.000007702,-3.141581202,-0.000001367,-0.382687738,-0.923877749,2.356185169,0.000006764,0.466526825,0.050170101,0.277996918
1766484272.989859,1766484272.989692688,0.000007702,-3.141581202,-0.000001367,-0.382687738,-0.923877749,2.356185169,0.000006764,0.466526825,0.050170101,0.277996918
1766484273.004764,1766484273.004647255,0.000007702,-3.141581202,-0.000001367,-0.382687738,-0.923877749,2.356185169,0.000006764,0.466526825,0.050170101,0.277996918
1766484273.019768,1766484273.019655466,0.000007702,-3.141581202,-0.000001367,-0.382687738,-0.923877749,2.356185169,0.000006764,0.466526825,0.050170101,0.277996918
1766484273.034741,1766484273.034645557,0.000007702,-3.141581202,-0.000001367,-0.382687738,-0.923877749,2.356185169,0.000006764,0.466526825,0.050170101,0.277996918
1766484273.049985,1766484273.049733639,0.000007702,-3.141581202,-0.000001367,-0.382687738,-0.923877749,2.356185169,0.000006764,0.466526825,0.050170101,0.277996918
1766484273.064773,1766484273.064660311,0.000007702,-3.141581202,-0.000001367,-0.382687738,-0.923877749,2.356185169,0.000006764,0.466526825,0.050170101,0.277996918
1766484273.079723,1766484273.079648733,0.000007702,-3.141581202,-0.000001367,-0.382687738,-0.923877749,2.356185169,0.000006764,0.466526825,0.050170101,0.277996918
1766484273.094759,1766484273.094652176,0.000007702,-3.141581202,-0.000001367,-0.382687738,-0.923877749,2.356185169,0.000006764,0.466526825,0.050170101,0.277996918
1766484273.109746,1766484273.109654427,0.000007702,-3.141581202,-0.000001367,-0.382687738,-0.923877749,2.356185169,0.000006764,0.466526825,0.050170101,0.277996918
1766484273.124780,1766484273.124666214,0.000007702,-3.141581202,-0.000001367,-0.382687738,-0.923877749,2.356185169,0.000006764,0.466526825,0.050170101,0.277996918
1766484273.139747,1766484273.139653683,0.000007702,-3.141581202,-0.000001367,-0.382687738,-0.923877749,2.356185169,0.000006764,0.466526825,0.050170101,0.277996918
1766484273.154819,1766484273.154681921,0.000007702,-3.141581202,-0.000001367,-0.382687738,-0.923877749,2.356185169,0.000006764,0.466526825,0.050170101,0.277996918
1766484273.169727,1766484273.169652224,0.000007702,-3.141581202,-0.000001367,-0.382687738,-0.923877749,2.356185169,0.000006764,0.466526825,0.050170101,0.277996918
1766484273.184728,1766484273.184653044,0.000007702,-3.141581202,-0.000001367,-0.382687738,-0.923877749,2.356185169,0.000006764,0.466526825,0.050170101,0.277996918
1766484273.199722,1766484273.199657202,0.000007702,-3.141581202,-0.000001367,-0.382687738,-0.923877749,2.356185169,0.000006764,0.466526825,0.050170101,0.277996918
1766484273.214761,1766484273.214661360,0.000007702,-3.141581202,-0.000001367,-0.382687738,-0.923877749,2.356185169,0.000006764,0.466526825,0.050170101,0.277996918
1766484273.229790,1766484273.229680777,0.000007702,-3.141581202,-0.000001367,-0.382687738,-0.923877749,2.356185169,0.000006764,0.466526825,0.050170101,0.277996918
1766484273.244758,1766484273.244660854,0.000007702,-3.141581202,-0.000001367,-0.382687738,-0.923877749,2.356185169,0.000006764,0.466526825,0.050170101,0.277996918
1766484273.259861,1766484273.259684086,0.000007702,-3.141581202,-0.000001367,-0.382687738,-0.923877749,2.356185169,0.000006764,0.466526825,0.050170101,0.277996918
1766484273.274736,1766484273.274660826,0.000007702,-3.141581202,-0.000001367,-0.382687738,-0.923877749,2.356185169,0.000006764,0.466526825,0.050170101,0.277996918
1766484273.289769,1766484273.289670944,0.000007702,-3.141581202,-0.000001367,-0.382687738,-0.923877749,2.356185169,0.000006764,0.466526825,0.050170101,0.277996918
1766484273.304771,1766484273.304665089,0.000007702,-3.141581202,-0.000001367,-0.382687738,-0.923877749,2.356185169,0.000006764,0.466526825,0.050170101,0.277996918
1766484273.320170,1766484273.319770098,0.000007702,-3.141581202,-0.000001367,-0.382687738,-0.923877749,2.356185169,0.000006764,0.466526825,0.050170101,0.277996918
1766484273.334816,1766484273.334686518,0.000007702,-3.141581202,-0.000001367,-0.382687738,-0.923877749,2.356185169,0.000006764,0.466526825,0.050170101,0.277996918
1766484273.349777,1766484273.349674225,0.000007702,-3.141581202,-0.000001367,-0.382687738,-0.923877749,2.356185169,0.000006764,0.466526825,0.050170101,0.277996918
1766484273.364798,1766484273.364678383,0.000007702,-3.141581202,-0.000001367,-0.382687738,-0.923877749,2.356185169,0.000006764,0.466526825,0.050170101,0.277996918
1766484273.379744,1766484273.379663706,0.000007702,-3.141581202,-0.000001367,-0.382687738,-0.923877749,2.356185169,0.000006764,0.466526825,0.050170101,0.277996918
1766484273.394792,1766484273.394675970,0.000007702,-3.141581202,-0.000001367,-0.382687738,-0.923877749,2.356185169,0.000006764,0.466526825,0.050170101,0.277996918
1766484273.409752,1766484273.409667015,0.000007702,-3.141581202,-0.000001367,-0.382687738,-0.923877749,2.356185169,0.000006764,0.466526825,0.050170101,0.277996918
1766484273.425003,1766484273.424718142,0.000007702,-3.141581202,-0.000001367,-0.382687738,-0.923877749,2.356185169,0.000006764,0.466526825,0.050170101,0.277996918
1766484273.439739,1766484273.439665556,0.000007702,-3.141581202,-0.000001367,-0.382687738,-0.923877749,2.356185169,0.000006764,0.466526825,0.050170101,0.277996918
1766484273.454778,1766484273.454676390,0.000007702,-3.141581202,-0.000001367,-0.382687738,-0.923877749,2.356185169,0.000006764,0.466526825,0.050170101,0.277996918
1766484273.469778,1766484273.469668150,0.000007702,-3.141581202,-0.000001367,-0.382687738,-0.923877749,2.356185169,0.000006764,0.466526825,0.050170101,0.277996918
1766484273.484795,1766484273.484680176,0.000007702,-3.141581202,-0.000001367,-0.382687738,-0.923877749,2.356185169,0.000006764,0.466526825,0.050170101,0.277996918
1766484273.499756,1766484273.499676943,0.000007702,-3.141581202,-0.000001367,-0.382687738,-0.923877749,2.356185169,0.000006764,0.466526825,0.050170101,0.277996918
1766484273.514746,1766484273.514676332,0.000007702,-3.141581202,-0.000001367,-0.382687738,-0.923877749,2.356185169,0.000006764,0.466526825,0.050170101,0.277996918
1766484273.529910,1766484273.529714346,0.000007702,-3.141581202,-0.000001367,-0.382687738,-0.923877749,2.356185169,0.000006764,0.466526825,0.050170101,0.277996918
1766484273.544774,1766484273.544685125,0.000007702,-3.141581202,-0.000001367,-0.382687738,-0.923877749,2.356185169,0.000006764,0.466526825,0.050170101,0.277996918
1766484273.559771,1766484273.559684753,0.000007702,-3.141581202,-0.000001367,-0.382687738,-0.923877749,2.356185169,0.000006764,0.466526825,0.050170101,0.277996918
1766484273.574882,1766484273.574729443,0.000007702,-3.141581202,-0.000001367,-0.382687738,-0.923877749,2.356185169,0.000006764,0.466526825,0.050170101,0.277996918
1766484273.589887,1766484273.589743137,0.000007702,-3.141581202,-0.000001367,-0.382687738,-0.923877749,2.356185169,0.000006764,0.466526825,0.050170101,0.277996918
1766484273.604744,1766484273.604676485,0.000007702,-3.141581202,-0.000001367,-0.382687738,-0.923877749,2.356185169,0.000006764,0.466526825,0.050170101,0.277996918
1766484273.619805,1766484273.619699478,0.000007702,-3.141581202,-0.000001367,-0.382687738,-0.923877749,2.356185169,0.000006764,0.466526825,0.050170101,0.277996918
1766484273.634797,1766484273.634679794,-0.000001241,-3.141585463,0.000001949,-0.382687738,-0.923877749,2.356185169,0.000003084,0.466526428,0.050171143,0.277996918
1766484273.649758,1766484273.649685621,-0.000001241,-3.141585463,0.000001949,-0.382687738,-0.923877749,2.356185169,0.000003084,0.466526428,0.050171143,0.277996918
1766484273.664744,1766484273.664679527,-0.000001241,-3.141585463,0.000001949,-0.382687738,-0.923877749,2.356185169,0.000003084,0.466526428,0.050171143,0.277996918
1766484273.679730,1766484273.679678202,-0.000001241,-3.141585463,0.000001949,-0.382687738,-0.923877749,2.356185169,0.000003084,0.466526428,0.050171143,0.277996918
1766484273.694834,1766484273.694700956,-0.000001241,-3.141585463,0.000001949,-0.382687738,-0.923877749,2.356185169,0.000003084,0.466526428,0.050171143,0.277996918
1766484273.709729,1766484273.709680080,-0.000001241,-3.141585463,0.000001949,-0.382687738,-0.923877749,2.356185169,0.000003084,0.466526428,0.050171143,0.277996918
1766484273.724815,1766484273.724700689,-0.000001241,-3.141585463,0.000001949,-0.382687738,-0.923877749,2.356185169,0.000003084,0.466526428,0.050171143,0.277996918
1766484273.739887,1766484273.739718199,-0.000001241,-3.141585463,0.000001949,-0.382687738,-0.923877749,2.356185169,0.000003084,0.466526428,0.050171143,0.277996918
1766484273.754899,1766484273.754716873,-0.000001241,-3.141585463,0.000001949,-0.382687738,-0.923877749,2.356185169,0.000003084,0.466526428,0.050171143,0.277996918
1766484273.769763,1766484273.769686937,-0.000001241,-3.141585463,0.000001949,-0.382687738,-0.923877749,2.356185169,0.000003084,0.466526428,0.050171143,0.277996918
1766484273.784822,1766484273.784702778,-0.000001241,-3.141585463,0.000001949,-0.382687738,-0.923877749,2.356185169,0.000003084,0.466526428,0.050171143,0.277996918
1766484273.799830,1766484273.799698591,-0.000001241,-3.141585463,0.000001949,-0.382687738,-0.923877749,2.356185169,0.000003084,0.466526428,0.050171143,0.277996918
1766484273.814840,1766484273.814696312,-0.000001241,-3.141585463,0.000001949,-0.382687738,-0.923877749,2.356185169,0.000003084,0.466526428,0.050171143,0.277996918
1766484273.829808,1766484273.829697371,-0.000001241,-3.141585463,0.000001949,-0.382687738,-0.923877749,2.356185169,0.000003084,0.466526428,0.050171143,0.277996918
1766484273.844797,1766484273.844700098,-0.000001241,-3.141585463,0.000001949,-0.382687738,-0.923877749,2.356185169,0.000003084,0.466526428,0.050171143,0.277996918
1766484273.859814,1766484273.859705210,-0.000001241,-3.141585463,0.000001949,-0.382687738,-0.923877749,2.356185169,0.000003084,0.466526428,0.050171143,0.277996918
1766484273.874755,1766484273.874691486,-0.000001241,-3.141585463,0.000001949,-0.382687738,-0.923877749,2.356185169,0.000003084,0.466526428,0.050171143,0.277996918
1766484273.889799,1766484273.889703751,-0.000001241,-3.141585463,0.000001949,-0.382687738,-0.923877749,2.356185169,0.000003084,0.466526428,0.050171143,0.277996918
1766484273.904788,1766484273.904696941,-0.000001241,-3.141585463,0.000001949,-0.382687738,-0.923877749,2.356185169,0.000003084,0.466526428,0.050171143,0.277996918
1766484273.920002,1766484273.919773579,-0.000001241,-3.141585463,0.000001949,-0.382687738,-0.923877749,2.356185169,0.000003084,0.466526428,0.050171143,0.277996918
1766484273.934765,1766484273.934699059,-0.000001241,-3.141585463,0.000001949,-0.382687738,-0.923877749,2.356185169,0.000003084,0.466526428,0.050171143,0.277996918
1766484273.949971,1766484273.949753284,-0.000001241,-3.141585463,0.000001949,-0.382687738,-0.923877749,2.356185169,0.000003084,0.466526428,0.050171143,0.277996918
1766484273.964791,1766484273.964702129,-0.000001241,-3.141585463,0.000001949,-0.382687738,-0.923877749,2.356185169,0.000003084,0.466526428,0.050171143,0.277996918
1766484273.979761,1766484273.979697227,-0.000001241,-3.141585463,0.000001949,-0.382687738,-0.923877749,2.356185169,0.000003084,0.466526428,0.050171143,0.277996918
1766484273.994748,1766484273.994696140,-0.000001241,-3.141585463,0.000001949,-0.382687738,-0.923877749,2.356185169,0.000003084,0.466526428,0.050171143,0.277996918
1766484274.009775,1766484274.009704351,-0.000001241,-3.141585463,0.000001949,-0.382687738,-0.923877749,2.356185169,0.000003084,0.466526428,0.050171143,0.277996918
1766484274.024833,1766484274.024719477,-0.000001241,-3.141585463,0.000001949,-0.382687738,-0.923877749,2.356185169,0.000003084,0.466526428,0.050171143,0.277996918
1766484274.039877,1766484274.039714336,-0.000001241,-3.141585463,0.000001949,-0.382687738,-0.923877749,2.356185169,0.000003084,0.466526428,0.050171143,0.277996918
1766484274.054815,1766484274.054709435,-0.000001241,-3.141585463,0.000001949,-0.382687738,-0.923877749,2.356185169,0.000003084,0.466526428,0.050171143,0.277996918
1766484274.069796,1766484274.069706202,-0.000001241,-3.141585463,0.000001949,-0.382687738,-0.923877749,2.356185169,0.000003084,0.466526428,0.050171143,0.277996918
1766484274.084790,1766484274.084707260,-0.000001241,-3.141585463,0.000001949,-0.382687738,-0.923877749,2.356185169,0.000003084,0.466526428,0.050171143,0.277996918
1766484274.099782,1766484274.099709034,-0.000001241,-3.141585463,0.000001949,-0.382687738,-0.923877749,2.356185169,0.000003084,0.466526428,0.050171143,0.277996918
1766484274.114805,1766484274.114713907,-0.000001241,-3.141585463,0.000001949,-0.382687738,-0.923877749,2.356185169,0.000003084,0.466526428,0.050171143,0.277996918
1766484274.129828,1766484274.129719496,-0.000001241,-3.141585463,0.000001949,-0.382687738,-0.923877749,2.356185169,0.000003084,0.466526428,0.050171143,0.277996918
1766484274.144777,1766484274.144714117,-0.000001241,-3.141585463,0.000001949,-0.382687738,-0.923877749,2.356185169,0.000003084,0.466526428,0.050171143,0.277996918
1766484274.159904,1766484274.159738541,-0.000001241,-3.141585463,0.000001949,-0.382687738,-0.923877749,2.356185169,0.000003084,0.466526428,0.050171143,0.277996918
1766484274.174844,1766484274.174731255,-0.000001241,-3.141585463,0.000001949,-0.382687738,-0.923877749,2.356185169,0.000003084,0.466526428,0.050171143,0.277996918
1766484274.189872,1766484274.189726830,-0.000001241,-3.141585463,0.000001949,-0.382687738,-0.923877749,2.356185169,0.000003084,0.466526428,0.050171143,0.277996918
1766484274.204781,1766484274.204711199,-0.000001241,-3.141585463,0.000001949,-0.382687738,-0.923877749,2.356185169,0.000003084,0.466526428,0.050171143,0.277996918
1766484274.220171,1766484274.219790220,-0.000001241,-3.141585463,0.000001949,-0.382687738,-0.923877749,2.356185169,0.000003084,0.466526428,0.050171143,0.277996918
1766484274.234868,1766484274.234733582,-0.000001241,-3.141585463,0.000001949,-0.382687738,-0.923877749,2.356185169,0.000003084,0.466526428,0.050171143,0.277996918
1766484274.249851,1766484274.249721766,-0.000001241,-3.141585463,0.000001949,-0.382687738,-0.923877749,2.356185169,0.000003084,0.466526428,0.050171143,0.277996918
1766484274.264869,1766484274.264735937,-0.000001241,-3.141585463,0.000001949,-0.382687738,-0.923877749,2.356185169,0.000003084,0.466526428,0.050171143,0.277996918
1766484274.279802,1766484274.279717207,-0.000001241,-3.141585463,0.000001949,-0.382687738,-0.923877749,2.356185169,0.000003084,0.466526428,0.050171143,0.277996918
1766484274.294842,1766484274.294729710,-0.000001241,-3.141585463,0.000001949,-0.382687738,-0.923877749,2.356185169,0.000003084,0.466526428,0.050171143,0.277996918
1766484274.309791,1766484274.309720755,0.000001154,-3.141590789,-0.000000177,-0.382687738,-0.923877749,2.356185169,0.000001082,0.466528076,0.050171776,0.277999725
1766484274.325094,1766484274.324801922,0.000001154,-3.141590789,-0.000000177,-0.382687738,-0.923877749,2.356185169,0.000001082,0.466528076,0.050171776,0.277999725
1766484274.339823,1766484274.339726686,0.000001154,-3.141590789,-0.000000177,-0.382687738,-0.923877749,2.356185169,0.000001082,0.466528076,0.050171776,0.277999725
1766484274.354871,1766484274.354753494,0.000001154,-3.141590789,-0.000000177,-0.382687738,-0.923877749,2.356185169,0.000001082,0.466528076,0.050171776,0.277999725
1766484274.369843,1766484274.369727850,0.000001154,-3.141590789,-0.000000177,-0.382687738,-0.923877749,2.356185169,0.000001082,0.466528076,0.050171776,0.277999725
1766484274.384881,1766484274.384745359,0.000001154,-3.141590789,-0.000000177,-0.382687738,-0.923877749,2.356185169,0.000001082,0.466528076,0.050171776,0.277999725
1766484274.399832,1766484274.399733543,0.000001154,-3.141590789,-0.000000177,-0.382687738,-0.923877749,2.356185169,0.000001082,0.466528076,0.050171776,0.277999725
1766484274.414853,1766484274.414731503,0.000001154,-3.141590789,-0.000000177,-0.382687738,-0.923877749,2.356185169,0.000001082,0.466528076,0.050171776,0.277999725
1766484274.429851,1766484274.429728746,0.000001154,-3.141590789,-0.000000177,-0.382687738,-0.923877749,2.356185169,0.000001082,0.466528076,0.050171776,0.277999725
1766484274.444790,1766484274.444726706,0.000005041,3.141585729,0.000003654,0.382687738,0.923877749,2.356185169,0.000002234,0.466529114,0.050172176,0.278000763
1766484274.459868,1766484274.459748507,0.000005041,3.141585729,0.000003654,0.382687738,0.923877749,2.356185169,0.000002234,0.466529114,0.050172176,0.278000763
1766484274.474801,1766484274.474730968,0.000005041,3.141585729,0.000003654,0.382687738,0.923877749,2.356185169,0.000002234,0.466529114,0.050172176,0.278000763
1766484274.489894,1766484274.489745855,0.000005041,3.141585729,0.000003654,0.382687738,0.923877749,2.356185169,0.000002234,0.466529114,0.050172176,0.278000763
1766484274.504804,1766484274.504734755,0.000005041,3.141585729,0.000003654,0.382687738,0.923877749,2.356185169,0.000002234,0.466529114,0.050172176,0.278000763
1766484274.519869,1766484274.519757986,0.000005041,3.141585729,0.000003654,0.382687738,0.923877749,2.356185169,0.000002234,0.466529114,0.050172176,0.278000763
1766484274.534894,1766484274.534761906,0.000005041,3.141585729,0.000003654,0.382687738,0.923877749,2.356185169,0.000002234,0.466529114,0.050172176,0.278000763
1766484274.549859,1766484274.549746752,0.000005041,3.141585729,0.000003654,0.382687738,0.923877749,2.356185169,0.000002234,0.466529114,0.050172176,0.278000763
1766484274.564876,1766484274.564756393,0.000005041,3.141585729,0.000003654,0.382687738,0.923877749,2.356185169,0.000002234,0.466529114,0.050172176,0.278000763
1766484274.579846,1766484274.579749107,0.000005041,3.141585729,0.000003654,0.382687738,0.923877749,2.356185169,0.000002234,0.466529114,0.050172176,0.278000763
1766484274.594893,1766484274.594761133,0.000005041,3.141585729,0.000003654,0.382687738,0.923877749,2.356185169,0.000002234,0.466529114,0.050172176,0.278000763
1766484274.609828,1766484274.609741926,0.000005041,3.141585729,0.000003654,0.382687738,0.923877749,2.356185169,0.000002234,0.466529114,0.050172176,0.278000763
1766484274.625200,1766484274.624866009,0.000005041,3.141585729,0.000003654,0.382687738,0.923877749,2.356185169,0.000002234,0.466529114,0.050172176,0.278000763
1766484274.639890,1766484274.639755249,0.000005041,3.141585729,0.000003654,0.382687738,0.923877749,2.356185169,0.000002234,0.466529114,0.050172176,0.278000763
1766484274.654929,1766484274.654788256,0.000005041,3.141585729,0.000003654,0.382687738,0.923877749,2.356185169,0.000002234,0.466529114,0.050172176,0.278000763
1766484274.669821,1766484274.669741392,0.000005041,3.141585729,0.000003654,0.382687738,0.923877749,2.356185169,0.000002234,0.466529114,0.050172176,0.278000763
1766484274.684858,1766484274.684754848,0.000005041,3.141585729,0.000003654,0.382687738,0.923877749,2.356185169,0.000002234,0.466529114,0.050172176,0.278000763
1766484274.699854,1766484274.699744940,0.000005041,3.141585729,0.000003654,0.382687738,0.923877749,2.356185169,0.000002234,0.466529114,0.050172176,0.278000763
1766484274.715155,1766484274.714840174,0.000005041,3.141585729,0.000003654,0.382687738,0.923877749,2.356185169,0.000002234,0.466529114,0.050172176,0.278000763
1766484274.729925,1766484274.729773998,0.000005041,3.141585729,0.000003654,0.382687738,0.923877749,2.356185169,0.000002234,0.466529114,0.050172176,0.278000763
1766484274.744828,1766484274.744747162,0.000005041,3.141585729,0.000003654,0.382687738,0.923877749,2.356185169,0.000002234,0.466529114,0.050172176,0.278000763
1766484274.759918,1766484274.759778976,0.000005041,3.141585729,0.000003654,0.382687738,0.923877749,2.356185169,0.000002234,0.466529114,0.050172176,0.278000763
1766484274.774862,1766484274.774752617,0.000005041,3.141585729,0.000003654,0.382687738,0.923877749,2.356185169,0.000002234,0.466529114,0.050172176,0.278000763
1766484274.789865,1766484274.789759398,0.000005041,3.141585729,0.000003654,0.382687738,0.923877749,2.356185169,0.000002234,0.466529114,0.050172176,0.278000763
1766484274.804852,1766484274.804747105,0.000005041,3.141585729,0.000003654,0.382687738,0.923877749,2.356185169,0.000002234,0.466529114,0.050172176,0.278000763
1766484274.820169,1766484274.819873333,0.000005041,3.141585729,0.000003654,0.382687738,0.923877749,2.356185169,0.000002234,0.466529114,0.050172176,0.278000763
1766484274.834917,1766484274.834766865,0.000005041,3.141585729,0.000003654,0.382687738,0.923877749,2.356185169,0.000002234,0.466529114,0.050172176,0.278000763
1766484274.849908,1766484274.849767208,0.000005041,3.141585729,0.000003654,0.382687738,0.923877749,2.356185169,0.000002234,0.466529114,0.050172176,0.278000763
1766484274.864914,1766484274.864772797,0.000005041,3.141585729,0.000003654,0.382687738,0.923877749,2.356185169,0.000002234,0.466529114,0.050172176,0.278000763
1766484274.879877,1766484274.879762650,0.000005041,3.141585729,0.000003654,0.382687738,0.923877749,2.356185169,0.000002234,0.466529114,0.050172176,0.278000763
1766484274.894914,1766484274.894772530,0.000005041,3.141585729,0.000003654,0.382687738,0.923877749,2.356185169,0.000002234,0.466529114,0.050172176,0.278000763
1766484274.909844,1766484274.909756660,0.000005041,3.141585729,0.000003654,0.382687738,0.923877749,2.356185169,0.000002234,0.466529114,0.050172176,0.278000763
1766484274.925131,1766484274.924864054,0.000005041,3.141585729,0.000003654,0.382687738,0.923877749,2.356185169,0.000002234,0.466529114,0.050172176,0.278000763
1766484274.939931,1766484274.939777374,0.000005041,3.141585729,0.000003654,0.382687738,0.923877749,2.356185169,0.000002234,0.466529114,0.050172176,0.278000763
1766484274.954906,1766484274.954776525,0.000005041,3.141585729,0.000003654,0.382687738,0.923877749,2.356185169,0.000002234,0.466529114,0.050172176,0.278000763
1766484274.969979,1766484274.969797134,0.000005041,3.141585729,0.000003654,0.382687738,0.923877749,2.356185169,0.000002234,0.466529114,0.050172176,0.278000763
1766484274.984938,1766484274.984784365,0.000005041,3.141585729,0.000003654,0.382687738,0.923877749,2.356185169,0.000002234,0.466529114,0.050172176,0.278000763
1766484274.999881,1766484274.999770641,0.000005041,3.141585729,0.000003654,0.382687738,0.923877749,2.356185169,0.000002234,0.466529114,0.050172176,0.278000763
1766484275.014893,1766484275.014774799,0.000005041,3.141585729,0.000003654,0.382687738,0.923877749,2.356185169,0.000002234,0.466529114,0.050172176,0.278000763
1766484275.030091,1766484275.029847145,0.000005041,3.141585729,0.000003654,0.382687738,0.923877749,2.356185169,0.000002234,0.466529114,0.050172176,0.278000763
1766484275.044866,1766484275.044767141,0.000005041,3.141585729,0.000003654,0.382687738,0.923877749,2.356185169,0.000002234,0.466529114,0.050172176,0.278000763
1766484275.059901,1766484275.059779644,0.000005041,3.141585729,0.000003654,0.382687738,0.923877749,2.356185169,0.000002234,0.466529114,0.050172176,0.278000763
1766484275.074964,1766484275.074805498,0.000005041,3.141585729,0.000003654,0.382687738,0.923877749,2.356185169,0.000002234,0.466529114,0.050172176,0.278000763
1766484275.089992,1766484275.089803457,0.000005041,3.141585729,0.000003654,0.382687738,0.923877749,2.356185169,0.000002234,0.466529114,0.050172176,0.278000763
1766484275.104867,1766484275.104765892,0.000005041,3.141585729,0.000003654,0.382687738,0.923877749,2.356185169,0.000002234,0.466529114,0.050172176,0.278000763
1766484275.119945,1766484275.119793653,0.000005041,3.141585729,0.000003654,0.382687738,0.923877749,2.356185169,0.000002234,0.466529114,0.050172176,0.278000763
1766484275.135058,1766484275.134819746,0.000005041,3.141585729,0.000003654,0.382687738,0.923877749,2.356185169,0.000002234,0.466529114,0.050172176,0.278000763
1766484275.149944,1766484275.149805546,0.000005041,3.141585729,0.000003654,0.382687738,0.923877749,2.356185169,0.000002234,0.466529114,0.050172176,0.278000763
1766484275.164886,1766484275.164787531,0.000005041,3.141585729,0.000003654,0.382687738,0.923877749,2.356185169,0.000002234,0.466529114,0.050172176,0.278000763
1766484275.179896,1766484275.179787636,0.000005041,3.141585729,0.000003654,0.382687738,0.923877749,2.356185169,0.000002234,0.466529114,0.050172176,0.278000763
1766484275.194936,1766484275.194800854,0.000005041,3.141585729,0.000003654,0.382687738,0.923877749,2.356185169,0.000002234,0.466529114,0.050172176,0.278000763
1766484275.209856,1766484275.209776640,0.000005041,3.141585729,0.000003654,0.382687738,0.923877749,2.356185169,0.000002234,0.466529114,0.050172176,0.278000763
1766484275.224952,1766484275.224811316,0.000005041,3.141585729,0.000003654,0.382687738,0.923877749,2.356185169,0.000002234,0.466529114,0.050172176,0.278000763
1766484275.240087,1766484275.239819765,0.000005041,3.141585729,0.000003654,0.382687738,0.923877749,2.356185169,0.000002234,0.466529114,0.050172176,0.278000763
1766484275.254914,1766484275.254790783,0.000005041,3.141585729,0.000003654,0.382687738,0.923877749,2.356185169,0.000002234,0.466529114,0.050172176,0.278000763
1766484275.269873,1766484275.269785166,0.000005041,3.141585729,0.000003654,0.382687738,0.923877749,2.356185169,0.000002234,0.466529114,0.050172176,0.278000763
1766484275.284932,1766484275.284793377,0.000005041,3.141585729,0.000003654,0.382687738,0.923877749,2.356185169,0.000002234,0.466529114,0.050172176,0.278000763
1766484275.299927,1766484275.299798489,0.000005041,3.141585729,0.000003654,0.382687738,0.923877749,2.356185169,0.000002234,0.466529114,0.050172176,0.278000763
1766484275.314838,1766484275.314776897,0.000005041,3.141585729,0.000003654,0.382687738,0.923877749,2.356185169,0.000002234,0.466529114,0.050172176,0.278000763
1766484275.330010,1766484275.329801798,0.000005041,3.141585729,0.000003654,0.382687738,0.923877749,2.356185169,0.000002234,0.466529114,0.050172176,0.278000763
1766484275.345134,1766484275.344828367,0.000005041,3.141585729,0.000003654,0.382687738,0.923877749,2.356185169,0.000002234,0.466529114,0.050172176,0.278000763
1766484275.359909,1766484275.359794617,0.000005041,3.141585729,0.000003654,0.382687738,0.923877749,2.356185169,0.000002234,0.466529114,0.050172176,0.278000763
1766484275.374847,1766484275.374778986,0.000005041,3.141585729,0.000003654,0.382687738,0.923877749,2.356185169,0.000002234,0.466529114,0.050172176,0.278000763
1766484275.389930,1766484275.389804840,0.000005041,3.141585729,0.000003654,0.382687738,0.923877749,2.356185169,0.000002234,0.466529114,0.050172176,0.278000763
1766484275.404893,1766484275.404790163,0.000005041,3.141585729,0.000003654,0.382687738,0.923877749,2.356185169,0.000002234,0.466529114,0.050172176,0.278000763
1766484275.420128,1766484275.419884205,0.000005041,3.141585729,0.000003654,0.382687738,0.923877749,2.356185169,0.000002234,0.466529114,0.050172176,0.278000763
1766484275.434937,1766484275.434806108,0.000005041,3.141585729,0.000003654,0.382687738,0.923877749,2.356185169,0.000002234,0.466529114,0.050172176,0.278000763
1766484275.450151,1766484275.449867487,0.000005041,3.141585729,0.000003654,0.382687738,0.923877749,2.356185169,0.000002234,0.466529114,0.050172176,0.278000763
1766484275.464942,1766484275.464809895,0.000005041,3.141585729,0.000003654,0.382687738,0.923877749,2.356185169,0.000002234,0.466529114,0.050172176,0.278000763
1766484275.479865,1766484275.479793072,0.000005041,3.141585729,0.000003654,0.382687738,0.923877749,2.356185169,0.000002234,0.466529114,0.050172176,0.278000763
1766484275.494934,1766484275.494808197,0.000005041,3.141585729,0.000003654,0.382687738,0.923877749,2.356185169,0.000002234,0.466529114,0.050172176,0.278000763
1766484275.509936,1766484275.509813786,0.000005041,3.141585729,0.000003654,0.382687738,0.923877749,2.356185169,0.000002234,0.466529114,0.050172176,0.278000763
1766484275.524939,1766484275.524820805,0.000005041,3.141585729,0.000003654,0.382687738,0.923877749,2.356185169,0.000002234,0.466529114,0.050172176,0.278000763
1766484275.539896,1766484275.539801359,0.000007640,3.141579870,0.000005975,0.382687738,0.923877749,2.356185169,0.000004443,0.466530853,0.050172871,0.278003845
1766484275.554990,1766484275.554822922,0.000007640,3.141579870,0.000005975,0.382687738,0.923877749,2.356185169,0.000004443,0.466530853,0.050172871,0.278003845
1766484275.569977,1766484275.569818497,0.000007640,3.141579870,0.000005975,0.382687738,0.923877749,2.356185169,0.000004443,0.466530853,0.050172871,0.278003845
1766484275.584926,1766484275.584807158,0.000007640,3.141579870,0.000005975,0.382687738,0.923877749,2.356185169,0.000004443,0.466530853,0.050172871,0.278003845
1766484275.599910,1766484275.599811077,0.000007640,3.141579870,0.000005975,0.382687738,0.923877749,2.356185169,0.000004443,0.466530853,0.050172871,0.278003845
1766484275.614959,1766484275.614826441,0.000007640,3.141579870,0.000005975,0.382687738,0.923877749,2.356185169,0.000004443,0.466530853,0.050172871,0.278003845
1766484275.629943,1766484275.629818916,0.000007640,3.141579870,0.000005975,0.382687738,0.923877749,2.356185169,0.000004443,0.466530853,0.050172871,0.278003845
1766484275.644891,1766484275.644798517,0.000007640,3.141579870,0.000005975,0.382687738,0.923877749,2.356185169,0.000004443,0.466530853,0.050172871,0.278003845
1766484275.659993,1766484275.659823895,0.000007640,3.141579870,0.000005975,0.382687738,0.923877749,2.356185169,0.000004443,0.466530853,0.050172871,0.278003845
1766484275.675006,1766484275.674821854,0.000007640,3.141579870,0.000005975,0.382687738,0.923877749,2.356185169,0.000004443,0.466530853,0.050172871,0.278003845
1766484275.689959,1766484275.689818859,0.000007640,3.141579870,0.000005975,0.382687738,0.923877749,2.356185169,0.000004443,0.466530853,0.050172871,0.278003845
1766484275.704921,1766484275.704805374,0.000007640,3.141579870,0.000005975,0.382687738,0.923877749,2.356185169,0.000004443,0.466530853,0.050172871,0.278003845
1766484275.720076,1766484275.719858646,0.000007640,3.141579870,0.000005975,0.382687738,0.923877749,2.356185169,0.000004443,0.466530853,0.050172871,0.278003845
1766484275.734899,1766484275.734803200,0.000007640,3.141579870,0.000005975,0.382687738,0.923877749,2.356185169,0.000004443,0.466530853,0.050172871,0.278003845
1766484275.749914,1766484275.749814034,0.000007640,3.141579870,0.000005975,0.382687738,0.923877749,2.356185169,0.000004443,0.466530853,0.050172871,0.278003845
1766484275.764929,1766484275.764815092,0.000007640,3.141579870,0.000005975,0.382687738,0.923877749,2.356185169,0.000004443,0.466530853,0.050172871,0.278003845
1766484275.779879,1766484275.779808760,0.000007640,3.141579870,0.000005975,0.382687738,0.923877749,2.356185169,0.000004443,0.466530853,0.050172871,0.278003845
1766484275.794925,1766484275.794824839,0.000007640,3.141579870,0.000005975,0.382687738,0.923877749,2.356185169,0.000004443,0.466530853,0.050172871,0.278003845
1766484275.809885,1766484275.809811592,0.000007640,3.141579870,0.000005975,0.382687738,0.923877749,2.356185169,0.000004443,0.466530853,0.050172871,0.278003845
1766484275.825025,1766484275.824854136,0.000007640,3.141579870,0.000005975,0.382687738,0.923877749,2.356185169,0.000004443,0.466530853,0.050172871,0.278003845
1766484275.839970,1766484275.839830875,0.000007640,3.141579870,0.000005975,0.382687738,0.923877749,2.356185169,0.000004443,0.466530853,0.050172871,0.278003845
1766484275.854954,1766484275.854833126,0.000007640,3.141579870,0.000005975,0.382687738,0.923877749,2.356185169,0.000004443,0.466530853,0.050172871,0.278003845
1766484275.869905,1766484275.869818211,0.000007640,3.141579870,0.000005975,0.382687738,0.923877749,2.356185169,0.000004443,0.466530853,0.050172871,0.278003845
1766484275.884966,1766484275.884855509,0.000007640,3.141579870,0.000005975,0.382687738,0.923877749,2.356185169,0.000004443,0.466530853,0.050172871,0.278003845
1766484275.899946,1766484275.899840355,0.000007640,3.141579870,0.000005975,0.382687738,0.923877749,2.356185169,0.000004443,0.466530853,0.050172871,0.278003845
1766484275.915103,1766484275.914873600,0.000007640,3.141579870,0.000005975,0.382687738,0.923877749,2.356185169,0.000004443,0.466530853,0.050172871,0.278003845
1766484275.929942,1766484275.929833412,0.000007640,3.141579870,0.000005975,0.382687738,0.923877749,2.356185169,0.000004443,0.466530853,0.050172871,0.278003845
1766484275.944960,1766484275.944845438,0.000007640,3.141579870,0.000005975,0.382687738,0.923877749,2.356185169,0.000004443,0.466530853,0.050172871,0.278003845
1766484275.959961,1766484275.959845781,0.000007640,3.141579870,0.000005975,0.382687738,0.923877749,2.356185169,0.000004443,0.466530853,0.050172871,0.278003845
1766484275.974945,1766484275.974828482,0.000007640,3.141579870,0.000005975,0.382687738,0.923877749,2.356185169,0.000004443,0.466530853,0.050172871,0.278003845
1766484275.990004,1766484275.989859819,0.000007640,3.141579870,0.000005975,0.382687738,0.923877749,2.356185169,0.000004443,0.466530853,0.050172871,0.278003845
1766484276.004971,1766484276.004850149,0.000007640,3.141579870,0.000005975,0.382687738,0.923877749,2.356185169,0.000004443,0.466530853,0.050172871,0.278003845
1766484276.019943,1766484276.019841433,0.000007640,3.141579870,0.000005975,0.382687738,0.923877749,2.356185169,0.000004443,0.466530853,0.050172871,0.278003845
1766484276.034918,1766484276.034827948,0.000007640,3.141579870,0.000005975,0.382687738,0.923877749,2.356185169,0.000004443,0.466530853,0.050172871,0.278003845
1766484276.050225,1766484276.049931526,0.000007640,3.141579870,0.000005975,0.382687738,0.923877749,2.356185169,0.000004443,0.466530853,0.050172871,0.278003845
1766484276.064962,1766484276.064843416,0.000007640,3.141579870,0.000005975,0.382687738,0.923877749,2.356185169,0.000004443,0.466530853,0.050172871,0.278003845
1766484276.079899,1766484276.079828024,0.000007640,3.141579870,0.000005975,0.382687738,0.923877749,2.356185169,0.000004443,0.466530853,0.050172871,0.278003845
1766484276.095100,1766484276.094922066,0.000007640,3.141579870,0.000005975,0.382687738,0.923877749,2.356185169,0.000004443,0.466530853,0.050172871,0.278003845
1766484276.110015,1766484276.109861612,0.000007640,3.141579870,0.000005975,0.382687738,0.923877749,2.356185169,0.000004443,0.466530853,0.050172871,0.278003845
1766484276.124966,1766484276.124853611,0.000007640,3.141579870,0.000005975,0.382687738,0.923877749,2.356185169,0.000004443,0.466530853,0.050172871,0.278003845
1766484276.139895,1766484276.139831781,0.000007640,3.141579870,0.000005975,0.382687738,0.923877749,2.356185169,0.000004443,0.466530853,0.050172871,0.278003845
1766484276.155027,1766484276.154867172,0.000007640,3.141579870,0.000005975,0.382687738,0.923877749,2.356185169,0.000004443,0.466530853,0.050172871,0.278003845
1766484276.169913,1766484276.169839382,0.000007640,3.141579870,0.000005975,0.382687738,0.923877749,2.356185169,0.000004443,0.466530853,0.050172871,0.278003845
1766484276.184961,1766484276.184854269,0.000007640,3.141579870,0.000005975,0.382687738,0.923877749,2.356185169,0.000004443,0.466530853,0.050172871,0.278003845
1766484276.199994,1766484276.199864864,0.000007640,3.141579870,0.000005975,0.382687738,0.923877749,2.356185169,0.000004443,0.466530853,0.050172871,0.278003845
1766484276.214950,1766484276.214857340,0.000007640,3.141579870,0.000005975,0.382687738,0.923877749,2.356185169,0.000004443,0.466530853,0.050172871,0.278003845
1766484276.229947,1766484276.229852915,0.000007640,3.141579870,0.000005975,0.382687738,0.923877749,2.356185169,0.000004443,0.466530853,0.050172871,0.278003845
1766484276.244964,1766484276.244862318,0.000007640,3.141579870,0.000005975,0.382687738,0.923877749,2.356185169,0.000004443,0.466530853,0.050172871,0.278003845
1766484276.260309,1766484276.259977341,0.000007640,3.141579870,0.000005975,0.382687738,0.923877749,2.356185169,0.000004443,0.466530853,0.050172871,0.278003845
1766484276.274924,1766484276.274846792,0.000007640,3.141579870,0.000005975,0.382687738,0.923877749,2.356185169,0.000004443,0.466530853,0.050172871,0.278003845
1766484276.289950,1766484276.289859056,0.000007640,3.141579870,0.000005975,0.382687738,0.923877749,2.356185169,0.000004443,0.466530853,0.050172871,0.278003845
1766484276.304918,1766484276.304847240,0.000007640,3.141579870,0.000005975,0.382687738,0.923877749,2.356185169,0.000004443,0.466530853,0.050172871,0.278003845
1766484276.320208,1766484276.319906712,0.000007640,3.141579870,0.000005975,0.382687738,0.923877749,2.356185169,0.000004443,0.466530853,0.050172871,0.278003845
1766484276.334940,1766484276.334854364,0.000007640,3.141579870,0.000005975,0.382687738,0.923877749,2.356185169,0.000004443,0.466530853,0.050172871,0.278003845
1766484276.349954,1766484276.349862099,0.000007640,3.141579870,0.000005975,0.382687738,0.923877749,2.356185169,0.000004443,0.466530853,0.050172871,0.278003845
1766484276.365063,1766484276.364873648,0.000007640,3.141579870,0.000005975,0.382687738,0.923877749,2.356185169,0.000004443,0.466530853,0.050172871,0.278003845
1766484276.379923,1766484276.379851341,0.000007640,3.141579870,0.000005975,0.382687738,0.923877749,2.356185169,0.000004443,0.466530853,0.050172871,0.278003845
1766484276.394951,1766484276.394865274,0.000007640,3.141579870,0.000005975,0.382687738,0.923877749,2.356185169,0.000004443,0.466530853,0.050172871,0.278003845
1766484276.410061,1766484276.409895182,0.000007640,3.141579870,0.000005975,0.382687738,0.923877749,2.356185169,0.000004443,0.466530853,0.050172871,0.278003845
1766484276.425358,1766484276.424939871,0.000007640,3.141579870,0.000005975,0.382687738,0.923877749,2.356185169,0.000004443,0.466530853,0.050172871,0.278003845
1766484276.439952,1766484276.439857960,0.000007640,3.141579870,0.000005975,0.382687738,0.923877749,2.356185169,0.000004443,0.466530853,0.050172871,0.278003845
1766484276.454981,1766484276.454868078,0.000007640,3.141579870,0.000005975,0.382687738,0.923877749,2.356185169,0.000004443,0.466530853,0.050172871,0.278003845
1766484276.470390,1766484276.469947338,0.000007640,3.141579870,0.000005975,0.382687738,0.923877749,2.356185169,0.000004443,0.466530853,0.050172871,0.278003845
1766484276.484995,1766484276.484877825,0.000011225,3.141571615,0.000009211,0.382687738,0.923877749,2.356185169,0.000007571,0.466534912,0.050174461,0.278011658
1766484276.499945,1766484276.499861002,0.000016384,3.141559630,0.000013887,0.382687615,0.923877800,2.356185435,0.000012120,0.466550018,0.050180393,0.278042877
1766484276.514982,1766484276.514872074,-0.000026873,-3.141527672,0.000024847,-0.382686999,-0.923878054,2.356186767,0.000024875,0.466567993,0.050187542,0.278095825
1766484276.530033,1766484276.529881001,-0.000071680,-3.141426472,0.000064909,-0.382686135,-0.923878409,2.356188631,0.000063050,0.466598633,0.050199726,0.278214172
1766484276.544923,1766484276.544852972,-0.000038841,-3.141501573,0.000035370,-0.382685645,-0.923878614,2.356189697,0.000034642,0.466635315,0.050214207,0.278390198
1766484276.559976,1766484276.559868336,-0.000042371,-3.141494649,0.000038325,-0.382684538,-0.923879073,2.356192093,0.000037165,0.466664703,0.050225937,0.278615143
1766484276.575056,1766484276.574880600,-0.000043443,-3.141493051,0.000039126,-0.382683062,-0.923879684,2.356195289,0.000037698,0.466724213,0.050249554,0.278900787
1766484276.590042,1766484276.589900255,-0.000073225,-3.141426472,0.000065623,-0.382681706,-0.923880243,2.356198219,0.000062755,0.466782013,0.050272522,0.279181366
1766484276.604917,1766484276.604850292,-0.000065556,-3.141445381,0.000058462,-0.382679984,-0.923880957,2.356201947,0.000055488,0.466859833,0.050303326,0.279537811
1766484276.620187,1766484276.619913578,-0.000017826,-3.141555636,0.000015317,-0.382678265,-0.923881673,2.356205675,0.000013689,0.466951202,0.050339447,0.279965515
1766484276.635045,1766484276.634882450,0.000014767,3.141554038,0.000014210,0.382676420,0.923882437,2.356209670,0.000015013,0.467037476,0.050373554,0.280382874
1766484276.649980,1766484276.649868250,0.000050294,3.141471480,0.000046418,0.382679124,0.923881315,2.356203811,0.000046352,0.467145782,0.050416313,0.280822693
1766484276.664976,1766484276.664864779,0.000093670,3.141371079,0.000085666,0.382681826,0.923880190,2.356197952,0.000084432,0.467253662,0.050458885,0.281233246
1766484276.679993,1766484276.679875374,0.000117038,3.141316484,0.000106907,0.382680099,0.923880901,2.356201681,0.000105180,0.467334778,0.050490978,0.281650909
1766484276.694969,1766484276.694870949,0.000105331,3.141341784,0.000096658,0.382682808,0.923879781,2.356195822,0.000095733,0.467379242,0.050508839,0.282026184
1766484276.709944,1766484276.709853172,0.000042000,3.141484263,0.000040141,0.382685399,0.923878716,2.356190229,0.000042033,0.467420715,0.050525532,0.282352844
1766484276.725073,1766484276.724906683,-0.000044836,-3.141504769,0.000037527,-0.382683554,-0.923879481,2.356194224,0.000032018,0.467470978,0.050545689,0.282642700
1766484276.739946,1766484276.739854813,-0.000086510,-3.141411292,0.000074664,-0.382684411,-0.923879122,2.356192360,0.000067225,0.467536316,0.050568691,0.283016968
1766484276.755001,1766484276.754882336,-0.000038846,-3.141521281,0.000031601,-0.382687122,-0.923878003,2.356186501,0.000025537,0.467602753,0.050595013,0.283420410
1766484276.769979,1766484276.769857883,0.000018069,3.141533531,0.000019659,0.382685523,0.923878666,2.356189963,0.000023854,0.467681946,0.050626358,0.283856537
1766484276.785102,1766484276.784922361,0.000009384,3.141551641,0.000012182,0.382683678,0.923879430,2.356193958,0.000017150,0.467767273,0.050660126,0.284224792
1766484276.799962,1766484276.799862862,0.000009384,3.141551641,0.000012182,0.382683678,0.923879430,2.356193958,0.000017150,0.467767273,0.050660126,0.284224792
1766484276.814928,1766484276.814848423,-0.000028197,-3.141549777,0.000021230,-0.382686138,-0.923878411,2.356188631,0.000014411,0.467841095,0.050689476,0.284594666
1766484276.830086,1766484276.829897404,-0.000069725,-3.141456566,0.000058248,-0.382687120,-0.923878002,2.356186501,0.000049523,0.467893921,0.050707600,0.284962311
1766484276.844976,1766484276.844872713,-0.000092281,-3.141406499,0.000078248,-0.382685272,-0.923878765,2.356190495,0.000068335,0.467948639,0.050729443,0.285323822
1766484276.859974,1766484276.859869242,-0.000045600,-3.141514357,0.000036046,-0.382683554,-0.923879481,2.356194224,0.000027443,0.468048889,0.050768970,0.285750488
1766484276.874933,1766484276.874845743,0.000008953,3.141545516,0.000013155,0.382686262,0.923878360,2.356188365,0.000020062,0.468155731,0.050811096,0.286179810
1766484276.890051,1766484276.889891386,0.000062309,3.141422478,0.000061345,0.382687365,0.923877899,2.356185968,0.000066688,0.468246613,0.050844074,0.286635254
1766484276.904942,1766484276.904856443,0.000072380,3.141398243,0.000070634,0.382685395,0.923878714,2.356190229,0.000075957,0.468327484,0.050876099,0.287061493
1766484276.919953,1766484276.919864178,0.000052092,3.141442984,0.000052701,0.382683552,0.923879479,2.356194224,0.000059171,0.468406616,0.050907486,0.287428162
1766484276.934971,1766484276.934879780,0.000027660,3.141497046,0.000031071,0.382689090,0.923877188,2.356182240,0.000038872,0.468472687,0.050930737,0.287800049
1766484276.949960,1766484276.949871540,0.000017468,3.141519417,0.000022083,0.382687368,0.923877901,2.356185968,0.000030489,0.468516541,0.050948292,0.288144562
1766484276.964987,1766484276.964871407,-0.000003183,3.141565223,0.000003778,0.382685524,0.923878666,2.356189963,0.000013280,0.468560730,0.050966019,0.288523224
1766484276.979952,1766484276.979865074,-0.000026913,3.141592654,-0.000012432,0.382687984,0.923877647,2.356184636,0.000005150,0.468632050,0.050995583,0.288914185
1766484276.995286,1766484276.994946241,-0.000051818,-3.141536461,0.000034689,-0.382689090,-0.923877188,2.356182240,0.000016042,0.468698578,0.051018986,0.289268555
1766484277.009951,1766484277.009886742,-0.000080224,-3.141473078,0.000059939,-0.382687120,-0.923878002,2.356186501,0.000039886,0.468751587,0.051040165,0.289639404
1766484277.024956,1766484277.024863243,-0.000089763,-3.141452571,0.000068269,-0.382689702,-0.923876932,2.356180908,0.000047534,0.468808075,0.051062714,0.290035889
1766484277.039979,1766484277.039877415,-0.000051745,-3.141540456,0.000033891,-0.382688106,-0.923877596,2.356184370,0.000014211,0.468892822,0.051096191,0.290425659
1766484277.054986,1766484277.054876328,-0.000047260,-3.141551641,0.000029679,-0.382686261,-0.923878360,2.356188365,0.000009902,0.468978058,0.051129948,0.290829956
1766484277.069947,1766484277.069862843,-0.000067873,-3.141506101,0.000047915,-0.382691796,-0.923876067,2.356176381,0.000026995,0.469034363,0.051149349,0.291203705
1766484277.085040,1766484277.084881067,-0.000067770,-3.141507699,0.000047561,-0.382689951,-0.923876831,2.356180375,0.000026276,0.469083710,0.051169121,0.291618622
1766484277.100099,1766484277.099899054,-0.000038222,-3.141576142,0.000020816,-0.382687984,-0.923877647,2.356184636,0.000000314,0.469161652,0.051200008,0.292052063
1766484277.114971,1766484277.114891529,-0.000038222,-3.141576142,0.000020816,-0.382687984,-0.923877647,2.356184636,0.000000314,0.469161652,0.051200008,0.292052063
1766484277.129938,1766484277.129861832,0.000001949,3.141516487,0.000015474,0.382686139,0.923878411,2.356188631,0.000034811,0.469259857,0.051238804,0.292485229
1766484277.145102,1766484277.144888639,0.000029475,3.141452039,0.000040522,0.382691181,0.923876320,2.356177712,0.000059316,0.469368591,0.051278767,0.293025513
1766484277.160016,1766484277.159879446,0.000070701,3.141357230,0.000077707,0.382689331,0.923877081,2.356181707,0.000095223,0.469445648,0.051309288,0.293462463
1766484277.174948,1766484277.174849510,0.000072701,3.141351371,0.000079752,0.382692160,0.923875909,2.356175582,0.000097546,0.469498291,0.051330269,0.293838318
1766484277.189974,1766484277.189870119,0.000022625,3.141464556,0.000034962,0.382690074,0.923876779,2.356180109,0.000054844,0.469537231,0.051346004,0.294195801
1766484277.205022,1766484277.204876900,-0.000050130,-3.141556168,0.000030138,-0.382688107,-0.923877596,2.356184370,0.000007262,0.469564178,0.051357052,0.294533386
1766484277.220004,1766484277.219891071,-0.000078645,-3.141492519,0.000055489,-0.382693764,-0.923875251,2.356172120,0.000031208,0.469611847,0.051373058,0.294881104
1766484277.234929,1766484277.234852314,-0.000071413,-3.141510096,0.000048785,-0.382692165,-0.923875914,2.356175582,0.000024472,0.469678375,0.051399448,0.295257507
1766484277.249956,1766484277.249864578,-0.000074399,-3.141504503,0.000051235,-0.382690073,-0.923876780,2.356180109,0.000026484,0.469753784,0.051429394,0.295654846
1766484277.265002,1766484277.264880180,-0.000060524,-3.141537260,0.000038558,-0.382692658,-0.923875710,2.356174516,0.000014007,0.469830597,0.051459869,0.296086456
1766484277.279896,1766484277.279846907,-0.000055503,-3.141573745,0.000029257,-0.382690936,-0.923876424,2.356178245,-0.000001886,0.469886292,0.051483253,0.296491699
1766484277.295010,1766484277.294914961,-0.000045011,3.141586795,-0.000019671,0.382693520,0.923875354,2.356172652,0.000011319,0.469937988,0.051503857,0.296882263
1766484277.310039,1766484277.309901476,-0.000070856,-3.141540722,0.000042668,-0.382691674,-0.923876118,2.356176647,0.000010431,0.469995117,0.051526638,0.297259766
1766484277.325052,1766484277.324925661,-0.000056664,-3.141574278,0.000029691,-0.382692659,-0.923875710,2.356174516,-0.000002354,0.470069946,0.051553284,0.297660095
1766484277.339984,1766484277.339898825,-0.000027344,3.141543119,-0.000003153,0.382695366,0.923874589,2.356168658,0.000028114,0.470143341,0.051582394,0.298070923
1766484277.355058,1766484277.354927063,0.000008130,3.141461360,0.000028878,0.382693519,0.923875352,2.356172652,0.000059094,0.470219940,0.051612759,0.298525146
1766484277.370048,1766484277.369923830,0.000037095,3.141394248,0.000055099,0.382691548,0.923876165,2.356176913,0.000084553,0.470313202,0.051649628,0.298976776
1766484277.384974,1766484277.384906769,0.000047830,3.141368682,0.000064951,0.382694253,0.923875043,2.356171054,0.000094309,0.470392487,0.051681061,0.299395782
1766484277.399979,1766484277.399909973,0.000035856,3.141395047,0.000054375,0.382695362,0.923874586,2.356168658,0.000084421,0.470429871,0.051693050,0.299760345
1766484277.415001,1766484277.414909124,0.000014533,3.141442718,0.000035403,0.382693642,0.923875301,2.356172386,0.000066480,0.470452362,0.051702271,0.300098816
1766484277.430051,1766484277.429930925,0.000014533,3.141442718,0.000035403,0.382693642,0.923875301,2.356172386,0.000066480,0.470452362,0.051702271,0.300098816
1766484277.445014,1766484277.444924831,-0.000021200,3.141523145,0.000003507,0.382696227,0.923874232,2.356166793,0.000036165,0.470495117,0.051719440,0.300465179
1766484277.460034,1766484277.459927082,-0.000059733,-3.141575609,0.000030854,-0.382694258,-0.923875048,2.356171054,-0.000003556,0.470553558,0.051742737,0.300836731
1766484277.475472,1766484277.475056410,-0.000080782,-3.141528471,0.000049597,-0.382695364,-0.923874589,2.356168658,0.000014191,0.470602875,0.051759441,0.301202942
1766484277.490027,1766484277.489926338,-0.000067135,-3.141560429,0.000037178,-0.382693273,-0.923875455,2.356173185,0.000002040,0.470649078,0.051777962,0.301641846
1766484277.505016,1766484277.504917383,-0.000041258,3.141565223,-0.000013810,0.382696104,0.923874283,2.356167060,0.000020566,0.470704926,0.051800156,0.302045685
1766484277.520097,1766484277.519953251,-0.000010164,3.141493318,0.000014313,0.382694381,0.923874996,2.356170788,0.000047832,0.470770691,0.051826283,0.302449310
1766484277.535071,1766484277.534939051,-0.000032607,3.141543385,-0.000005635,0.382699671,0.923872805,2.356159336,0.000028998,0.470819183,0.051842636,0.302843292
1766484277.549968,1766484277.549911261,-0.000066407,-3.141565756,0.000035823,-0.382697825,-0.923873570,2.356163331,-0.000000282,0.470858704,0.051858532,0.303202026
1766484277.565029,1766484277.564933062,-0.000081911,-3.141531401,0.000049558,-0.382700531,-0.923872449,2.356157472,0.000012621,0.470923187,0.051884163,0.303587708
1766484277.580057,1766484277.579923391,-0.000037851,3.141552440,-0.000009790,0.382698564,0.923873264,2.356161733,0.000025819,0.471017426,0.051921398,0.304027374
1766484277.595056,1766484277.594942093,-0.000024732,3.141521814,0.000002131,0.382699548,0.923872856,2.356159603,0.000037456,0.471083557,0.051944641,0.304457611
1766484277.609998,1766484277.609915733,0.000016142,3.141428070,0.000038949,0.382697947,0.923873517,2.356163065,0.000072938,0.471135925,0.051965508,0.304879883
1766484277.625061,1766484277.624936581,0.000023496,3.141410493,0.000045710,0.382700530,0.923872446,2.356157472,0.000079651,0.471195313,0.051989155,0.305285339
1766484277.640010,1766484277.639919996,0.000024279,3.141407564,0.000046632,0.382698561,0.923873261,2.356161733,0.000080854,0.471266754,0.052017502,0.305695190
1766484277.655061,1766484277.654937506,-0.000002757,3.141468284,0.000022525,0.382699548,0.923872855,2.356159603,0.000057978,0.471313660,0.052033245,0.306077850
1766484277.669988,1766484277.669922352,-0.000021545,3.141510628,0.000005743,0.382697826,0.923873569,2.356163331,0.000042013,0.471339630,0.052043797,0.306421875
1766484277.685341,1766484277.685062408,-0.000061937,-3.141583599,0.000030344,-0.382703362,-0.923871277,2.356151347,-0.000007669,0.471366089,0.052051556,0.306776947
1766484277.700019,1766484277.699935198,-0.000107618,-3.141480535,0.000071167,-0.382701513,-0.923872040,2.356155342,0.000031199,0.471411102,0.052069630,0.307134644
1766484277.714989,1766484277.714927435,-0.000136160,-3.141416352,0.000096633,-0.382699540,-0.923872854,2.356159603,0.000055386,0.471454559,0.052087040,0.307494263
1766484277.730025,1766484277.729937553,-0.000131759,-3.141427005,0.000092561,-0.382705077,-0.923870561,2.356147619,0.000051307,0.471495361,0.052100365,0.307910431
1766484277.744998,1766484277.744930744,-0.000094398,-3.141513025,0.000058843,-0.382703359,-0.923871276,2.356151347,0.000018720,0.471543091,0.052119392,0.308326111
1766484277.760086,1766484277.759951830,-0.000060546,-3.141590523,0.000028376,-0.382701639,-0.923871990,2.356155075,-0.000010601,0.471608765,0.052145523,0.308761017
1766484277.775005,1766484277.774927855,-0.000089025,-3.141526607,0.000053762,-0.382704098,-0.923870971,2.356149749,0.000013474,0.471662781,0.052167057,0.309147583
1766484277.790098,1766484277.789958239,-0.000113574,-3.141471480,0.000075651,-0.382702250,-0.923871734,2.356153744,0.000034242,0.471702942,0.052183216,0.309508820
1766484277.805088,1766484277.804952145,-0.000113574,-3.141471480,0.000075651,-0.382702250,-0.923871734,2.356153744,0.000034242,0.471702942,0.052183216,0.309508820
1766484277.820050,1766484277.819958687,-0.000135649,-3.141421945,0.000095327,-0.382700402,-0.923872497,2.356157739,0.000052900,0.471738800,0.052197701,0.309898071
1766484277.835258,1766484277.834983349,-0.000107541,-3.141486660,0.000069959,-0.382698560,-0.923873263,2.356161733,0.000028384,0.471795349,0.052220200,0.310315369
1766484277.850034,1766484277.849940062,-0.000039654,3.141543385,-0.000008890,0.382704100,0.923870971,2.356149749,0.000030347,0.471873657,0.052248123,0.310788452
1766484277.865028,1766484277.864944220,0.000039253,3.141362823,0.000062111,0.382702250,0.923871730,2.356153744,0.000098656,0.471954102,0.052279968,0.311278381
1766484277.879974,1766484277.879930973,0.000047854,3.141342849,0.000069906,0.382700527,0.923872443,2.356157472,0.000106237,0.471999023,0.052297977,0.311690613
1766484277.895100,1766484277.894963026,0.000015683,3.141415287,0.000041184,0.382702868,0.923871478,2.356152412,0.000078931,0.472039307,0.052314190,0.312076599
1766484277.910090,1766484277.909960508,-0.000038242,3.141537526,-0.000007117,0.382701025,0.923872245,2.356156407,0.000032783,0.472063080,0.052323933,0.312414063
1766484277.925084,1766484277.924963474,-0.000074361,-3.141566288,0.000039395,-0.382699301,-0.923872958,2.356160135,-0.000002050,0.472084717,0.052332829,0.312765137
1766484277.940090,1766484277.939960480,-0.000069729,-3.141577207,0.000035166,-0.382701885,-0.923871888,2.356154543,-0.000006208,0.472120300,0.052347141,0.313150726
1766484277.955106,1766484277.954972029,-0.000052164,3.141567620,-0.000019306,0.382700163,0.923872602,2.356158271,0.000021546,0.472169861,0.052366959,0.313571075
1766484277.970048,1766484277.969949961,-0.000063674,3.141592654,-0.000029413,0.382698318,0.923873366,2.356162266,0.000012184,0.472217743,0.052386112,0.313960937
1766484277.985028,1766484277.984943628,-0.000069761,-3.141579071,0.000034824,-0.382696349,-0.923874181,2.356166527,-0.000007074,0.472267700,0.052406090,0.314382751
1766484278.000098,1766484277.999969482,-0.000056307,3.141575077,-0.000022647,0.382699056,0.923873060,2.356160668,0.000018894,0.472305695,0.052421341,0.314776062
1766484278.015061,1766484278.014960289,-0.000051041,3.141562560,-0.000017819,0.382697211,0.923873825,2.356164663,0.000023668,0.472348602,0.052438553,0.315174744
1766484278.030090,1766484278.029969692,-0.000079831,-3.141558032,0.000043502,-0.382695364,-0.923874589,2.356168658,0.000000717,0.472396973,0.052457882,0.315544952
1766484278.045016,1766484278.044947863,-0.000095840,-3.141522080,0.000057776,-0.382697947,-0.923873518,2.356163065,0.000014262,0.472447540,0.052478077,0.315923218
1766484278.060089,1766484278.059974432,-0.000072020,-3.141576941,0.000036275,-0.382695980,-0.923874334,2.356167326,-0.000006523,0.472500793,0.052499336,0.316381409
1766484278.075137,1766484278.074942112,-0.000030466,3.141513291,0.000001113,0.382694258,0.923875047,2.356171054,0.000042490,0.472537537,0.052514122,0.316826477
1766484278.090113,1766484278.089975595,0.000037770,3.141357496,0.000062444,0.382696960,0.923873921,2.356165195,0.000101401,0.472605713,0.052541157,0.317294952
1766484278.105084,1766484278.104966640,0.000037770,3.141357496,0.000062444,0.382696960,0.923873921,2.356165195,0.000101401,0.472605713,0.052541157,0.317294952
1766484278.120102,1766484278.119963884,0.000053984,3.141319946,0.000077119,0.382697819,0.923873563,2.356163331,0.000115644,0.472669006,0.052563271,0.317720215
1766484278.135022,1766484278.134949684,-0.000004817,3.141453104,0.000024477,0.382695119,0.923874689,2.356169190,0.000065385,0.472700348,0.052576195,0.318269714
1766484278.150022,1766484278.149948835,-0.000002024,3.141446446,0.000027042,0.382698071,0.923873466,2.356162799,0.000067926,0.472719025,0.052583858,0.318573669
1766484278.165100,1766484278.164980173,-0.000039212,3.141530602,-0.000006240,0.382696104,0.923874283,2.356167060,0.000036167,0.472744537,0.052594273,0.318955200
1766484278.180008,1766484278.179950237,-0.000052741,3.141560962,-0.000018299,0.382694382,0.923874997,2.356170788,0.000024731,0.472780884,0.052608940,0.319336548
1766484278.195050,1766484278.194965124,-0.000064279,3.141586795,-0.000028572,0.382692413,0.923875812,2.356175049,0.000015006,0.472805695,0.052619091,0.319733978
1766484278.210053,1766484278.209954977,-0.000076610,3.141590523,-0.000034982,0.382695119,0.923874691,2.356169190,0.000015643,0.472834351,0.052631908,0.320126648
1766484278.225214,1766484278.225028753,-0.000093430,-3.141556967,0.000049987,-0.382693273,-0.923875455,2.356173185,-0.000001393,0.472878876,0.052649712,0.320494354
1766484278.240109,1766484278.239977837,-0.000087586,-3.141570816,0.000044638,-0.382694257,-0.923875047,2.356171054,-0.000006672,0.472935272,0.052669136,0.320915588
1766484278.255096,1766484278.254981518,-0.000089655,-3.141566555,0.000046409,-0.382696718,-0.923874028,2.356165728,-0.000005099,0.472966431,0.052681786,0.321339844
1766484278.270116,1766484278.269980431,-0.000091949,-3.141561495,0.000048437,-0.382694995,-0.923874742,2.356169456,-0.000003201,0.472983398,0.052688862,0.321737274
1766484278.285017,1766484278.284956932,-0.000084705,-3.141578539,0.000041829,-0.382693027,-0.923875557,2.356173718,-0.000009688,0.473022980,0.052704754,0.322155457
1766484278.300050,1766484278.299970150,-0.000040363,3.141505568,-0.000001982,0.382695735,0.923874435,2.356167859,0.000047951,0.473084961,0.052729362,0.322601288
1766484278.314996,1766484278.314954519,-0.000011783,3.141440054,0.000023756,0.382693889,0.923875198,2.356171853,0.000072746,0.473128510,0.052746815,0.323015900
1766484278.330166,1766484278.329985619,0.000012690,3.141383862,0.000045814,0.382692164,0.923875910,2.356175582,0.000094021,0.473174194,0.052765095,0.323462769
1766484278.345045,1766484278.344963551,-0.000007490,3.141429402,0.000027778,0.382694626,0.923874892,2.356170255,0.000076845,0.473223389,0.052784737,0.323850159
1766484278.360073,1766484278.359975576,-0.000022694,3.141463490,0.000014232,0.382695611,0.923874485,2.356168125,0.000064008,0.473270447,0.052800499,0.324243256
1766484278.375116,1766484278.374975443,-0.000039334,3.141501307,-0.000000691,0.382693890,0.923875200,2.356171853,0.000049723,0.473288879,0.052808144,0.324610321
1766484278.390142,1766484278.389997244,-0.000071092,3.141573479,-0.000029171,0.382692044,0.923875965,2.356175848,0.000022461,0.473283417,0.052806435,0.324957489
1766484278.405143,1766484278.404990911,-0.000086249,-3.141577740,0.000042695,-0.382694627,-0.923874895,2.356170255,-0.000009614,0.473299255,0.052813087,0.325348328
1766484278.420089,1766484278.419980288,-0.000118381,-3.141505036,0.000071450,-0.382692779,-0.923875658,2.356174250,0.000017822,0.473332520,0.052826530,0.325706085
1766484278.435108,1766484278.434989929,-0.000118381,-3.141505036,0.000071450,-0.382692779,-0.923875658,2.356174250,0.000017822,0.473332520,0.052826530,0.325706085
1766484278.450068,1766484278.449979782,-0.000140500,-3.141454968,0.000091248,-0.382690930,-0.923876421,2.356178245,0.000036718,0.473371979,0.052842400,0.326109436
1766484278.465083,1766484278.464987278,-0.000136460,-3.141464556,0.000087547,-0.382696221,-0.923874230,2.356166793,0.000033062,0.473405151,0.052852718,0.326547058
1766484278.480067,1766484278.479987860,-0.000092096,-3.141565489,0.000047740,-0.382694380,-0.923874996,2.356170788,-0.000005074,0.473444885,0.052868671,0.326992645
1766484278.495104,1766484278.494993925,-0.000052562,3.141529537,-0.000012203,0.382692782,0.923875659,2.356174250,0.000039214,0.473485596,0.052884972,0.327399658
1766484278.510166,1766484278.509990931,-0.000073306,3.141576675,-0.000030805,0.382695365,0.923874589,2.356168658,0.000021408,0.473503143,0.052892292,0.327799713
1766484278.525154,1766484278.525001287,-0.000098473,-3.141551641,0.000053336,-0.382693396,-0.923875404,2.356172919,0.000000103,0.473517975,0.052898525,0.328179657
1766484278.540082,1766484278.539974451,-0.000094112,-3.141562027,0.000049334,-0.382691428,-0.923876219,2.356177180,-0.000003860,0.473561279,0.052915901,0.328611938
1766484278.555168,1766484278.554992914,-0.000073051,3.141575077,-0.000030382,0.382694012,0.923875149,2.356171587,0.000022097,0.473619873,0.052939262,0.329054749
1766484278.570144,1766484278.569998503,-0.000006131,3.141422478,0.000029731,0.382695241,0.923874637,2.356168924,0.000079784,0.473681854,0.052960728,0.329496948
1766484278.585029,1766484278.584972858,0.000024073,3.141353768,0.000056830,0.382693270,0.923875450,2.356173185,0.000105744,0.473719452,0.052975899,0.329971008
1766484278.600115,1766484278.599997044,0.000013137,3.141378535,0.000047039,0.382696101,0.923874279,2.356167060,0.000096395,0.473723877,0.052978024,0.330323425
1766484278.615056,1766484278.614980698,-0.000033846,3.141485328,0.000004901,0.382694135,0.923875097,2.356171321,0.000056054,0.473737274,0.052983753,0.330696716
1766484278.630105,1766484278.629997015,-0.000076780,3.141582800,-0.000033582,0.382692167,0.923875914,2.356175582,0.000019243,0.473754089,0.052990749,0.331064148
1766484278.645027,1766484278.644976616,-0.000103369,-3.141542320,0.000057381,-0.382694872,-0.923874792,2.356169723,0.000003472,0.473765472,0.052995659,0.331421021
1766484278.660321,1766484278.660045624,-0.000076812,3.141582800,-0.000033597,0.382695980,0.923874334,2.356167326,0.000019250,0.473787689,0.053001698,0.331853210
1766484278.675029,1766484278.674977779,-0.000070674,3.141568685,-0.000028060,0.382694258,0.923875047,2.356171054,0.000024595,0.473814423,0.053012543,0.332243317
1766484278.690103,1766484278.690000534,-0.000089897,-3.141573213,0.000045247,-0.382692043,-0.923875965,2.356175848,-0.000008221,0.473849792,0.053026913,0.332703949
1766484278.705140,1766484278.704997063,-0.000103738,-3.141541787,0.000057653,-0.382694625,-0.923874894,2.356170255,0.000003647,0.473867096,0.053034061,0.333069733
1766484278.720202,1766484278.720029354,-0.000104010,-3.141540988,0.000057932,-0.382692903,-0.923875608,2.356173984,0.000003964,0.473872772,0.053036724,0.333454407
1766484278.735082,1766484278.734991550,-0.000099286,-3.141551641,0.000053712,-0.382693888,-0.923875200,2.356171853,-0.000000053,0.473888916,0.053040367,0.333879211
1766484278.750058,1766484278.749984503,-0.000080894,3.141567620,-0.000032578,0.382696596,0.923874079,2.356165994,0.000027043,0.473935852,0.053060326,0.334300781
1766484278.765155,1766484278.765013456,-0.000069297,3.141540722,-0.000022074,0.382694751,0.923874843,2.356169989,0.000037249,0.473983643,0.053079395,0.334718719
1766484278.780061,1766484278.779988050,-0.000047203,3.141490388,-0.000002237,0.382692783,0.923875658,2.356174250,0.000056272,0.474020020,0.053094078,0.335166809
1766484278.795073,1766484278.794993639,-0.000031583,3.141454968,0.000011756,0.382695366,0.923874587,2.356168658,0.000069645,0.474038361,0.053101681,0.335616638
1766484278.810091,1766484278.809988260,-0.000031583,3.141454968,0.000011756,0.382695366,0.923874587,2.356168658,0.000069645,0.474038361,0.053101681,0.335616638
1766484278.825103,1766484278.824997425,0.000007393,3.141366285,0.000046730,0.382693517,0.923875348,2.356172652,0.000103154,0.474077179,0.053117241,0.336040802
1766484278.840067,1766484278.839988232,0.000017389,3.141343382,0.000055730,0.382691794,0.923876061,2.356176381,0.000111821,0.474105713,0.053128830,0.336466736
1766484278.855124,1766484278.855008841,0.000022401,3.141331930,0.000060237,0.382697452,0.923873716,2.356164130,0.000116151,0.474116791,0.053130451,0.336851807
1766484278.870140,1766484278.870012283,-0.000027765,3.141446446,0.000015151,0.382695365,0.923874587,2.356168658,0.000072852,0.474111328,0.053128841,0.337210632
1766484278.885045,1766484278.884990692,-0.000093593,-3.141589191,0.000043896,-0.382693397,-0.923875404,2.356172919,-0.000016309,0.474119202,0.053132404,0.337559540
1766484278.900089,1766484278.900002956,-0.000124275,-3.141519150,0.000071472,-0.382691549,-0.923876168,2.356176913,0.000010175,0.474128296,0.053136387,0.337924622
1766484278.915199,1766484278.915009499,-0.000119028,-3.141531135,0.000066755,-0.382694256,-0.923875047,2.356171054,0.000005642,0.474132751,0.053138588,0.338335815
1766484278.930123,1766484278.930013895,-0.000123156,-3.141521547,0.000070496,-0.382692533,-0.923875760,2.356174783,0.000009281,0.474137360,0.053140785,0.338721191
1766484278.945089,1766484278.945000172,-0.000101409,-3.141571082,0.000050972,-0.382690567,-0.923876576,2.356179044,-0.000009439,0.474176208,0.053156399,0.339152039
1766484278.960094,1766484278.960004568,-0.000100937,-3.141572147,0.000050550,-0.382693150,-0.923875506,2.356173451,-0.000009841,0.474206635,0.053168762,0.339586578
1766484278.975388,1766484278.975054979,-0.000101595,-3.141570283,0.000051211,-0.382694257,-0.923875047,2.356171054,-0.000009106,0.474215393,0.053169537,0.339988007
1766484278.990144,1766484278.990017414,-0.000101595,-3.141570283,0.000051211,-0.382694257,-0.923875047,2.356171054,-0.000009106,0.474215393,0.053169537,0.339988007
1766484279.005109,1766484279.005005121,-0.000115620,-3.141538325,0.000063805,-0.382692165,-0.923875913,2.356175582,0.000002973,0.474218201,0.053171101,0.340387909
1766484279.020418,1766484279.020078897,-0.000137477,-3.141488524,0.000083431,-0.382693761,-0.923875250,2.356172120,0.000021796,0.474270477,0.053192207,0.341018036
1766484279.035143,1766484279.035023928,-0.000137151,-3.141489323,0.000083127,-0.382691793,-0.923876065,2.356176381,0.000021489,0.474301483,0.053204750,0.341427124
1766484279.050065,1766484279.050004482,-0.000056146,3.141511960,-0.000010496,0.382690076,0.923876779,2.356180109,0.000048019,0.474331207,0.053216743,0.341917511
1766484279.065128,1766484279.065021753,0.000032092,3.141311157,0.000068688,0.382693022,0.923875549,2.356173718,0.000123893,0.474361816,0.053229080,0.342390808
1766484279.080237,1766484279.080036879,0.000045708,3.141280531,0.000080838,0.382693881,0.923875191,2.356171853,0.000135435,0.474387207,0.053236347,0.342826843
1766484279.095155,1766484279.095032454,-0.000005144,3.141396379,0.000035180,0.382691919,0.923876012,2.356176114,0.000091651,0.474389923,0.053237907,0.343202454
1766484279.110112,1766484279.110012770,-0.000077388,3.141560962,-0.000029685,0.382694382,0.923874996,2.356170788,0.000029448,0.474374817,0.053232475,0.343554382
1766484279.125317,1766484279.125047207,-0.000131563,-3.141500775,0.000078355,-0.382692409,-0.923875811,2.356175049,0.000017268,0.474362122,0.053228001,0.343913513
1766484279.140148,1766484279.140025139,-0.000107162,-3.141556168,0.000056483,-0.382690935,-0.923876423,2.356178245,-0.000003651,0.474385834,0.053237629,0.344280792
1766484279.155141,1766484279.155024529,-0.000088260,3.141586262,-0.000039548,0.382693520,0.923875353,2.356172652,0.000019841,0.474411835,0.053248219,0.344716400
1766484279.170113,1766484279.170017958,-0.000074882,3.141556168,-0.000027609,0.382694382,0.923874996,2.356170788,0.000031182,0.474429108,0.053252293,0.345159546
1766484279.185425,1766484279.185055256,-0.000083358,3.141575876,-0.000035296,0.382692536,0.923875761,2.356174783,0.000023701,0.474434845,0.053255039,0.345560730
1766484279.200132,1766484279.200023890,-0.000100831,-3.141569750,0.000050960,-0.382695241,-0.923874640,2.356168924,-0.000008714,0.474449036,0.053260990,0.345955933
1766484279.215118,1766484279.215015411,-0.000119397,-3.141527140,0.000067690,-0.382693271,-0.923875454,2.356173185,0.000007417,0.474466064,0.053268089,0.346346436
1766484279.230259,1766484279.230038881,-0.000116513,-3.141533531,0.000065134,-0.382691426,-0.923876219,2.356177180,0.000005017,0.474480652,0.053274200,0.346758789
1766484279.245125,1766484279.245021582,-0.000096935,-3.141577740,0.000047632,-0.382689583,-0.923876984,2.356181174,-0.000011659,0.474495422,0.053280422,0.347179962
1766484279.260149,1766484279.260035038,-0.000070139,3.141546847,-0.000023635,0.382692167,0.923875913,2.356175582,0.000034581,0.474518036,0.053289658,0.347618195
1766484279.275128,1766484279.275023937,-0.000033863,3.141464556,0.000008869,0.382693274,0.923875453,2.356173185,0.000065653,0.474549438,0.053299301,0.348083893
1766484279.290216,1766484279.290051222,-0.000001593,3.141391319,0.000037789,0.382691304,0.923876266,2.356177446,0.000093309,0.474571503,0.053308308,0.348547668
1766484279.305093,1766484279.305016518,0.000004393,3.141378269,0.000043051,0.382694010,0.923875145,2.356171587,0.000098192,0.474574066,0.053309757,0.348948181
1766484279.320116,1766484279.320036173,0.000008931,3.141368149,0.000047084,0.382692164,0.923875909,2.356175582,0.000101998,0.474578918,0.053312069,0.349351105
1766484279.335197,1766484279.335065126,-0.000052405,3.141508231,-0.000008054,0.382690322,0.923876677,2.356179576,0.000049025,0.474582458,0.053313942,0.349697571
1766484279.350122,1766484279.350032091,-0.000052405,3.141508231,-0.000008054,0.382690322,0.923876677,2.356179576,0.000049025,0.474582458,0.053313942,0.349697571
1766484279.365124,1766484279.365034342,-0.000104516,-3.141558565,0.000054802,-0.382692904,-0.923875608,2.356173984,-0.000004252,0.474582733,0.053314487,0.350043549
1766484279.380068,1766484279.380017757,-0.000131639,-3.141496247,0.000079256,-0.382693762,-0.923875250,2.356172120,0.000019345,0.474572266,0.053307781,0.350452209
1766484279.395228,1766484279.395047665,-0.000107564,-3.141550309,0.000057790,-0.382692165,-0.923875913,2.356175582,-0.000001021,0.474560974,0.053303783,0.350858459
1766484279.410086,1766484279.410022259,-0.000105988,-3.141553771,0.000056400,-0.382694626,-0.923874894,2.356170255,-0.000002319,0.474566193,0.053306255,0.351273438
1766484279.425120,1766484279.425036907,-0.000103411,-3.141559098,0.000054190,-0.382692781,-0.923875659,2.356174250,-0.000004287,0.474587402,0.053314983,0.351695343
1766484279.440139,1766484279.440037012,-0.000100174,-3.141566022,0.000051370,-0.382691059,-0.923876372,2.356177979,-0.000006866,0.474594818,0.053318275,0.352101501
1766484279.455221,1766484279.455053806,-0.000098932,-3.141568419,0.000050338,-0.382696349,-0.923874181,2.356166527,-0.000007735,0.474589569,0.053313641,0.352556671
1766484279.470137,1766484279.470037222,-0.000100727,-3.141563891,0.000052033,-0.382694503,-0.923874945,2.356170522,-0.000005987,0.474589996,0.053314201,0.352922516
1766484279.485092,1766484279.485029936,-0.000082695,3.141580936,-0.000035958,0.382692782,0.923875659,2.356174250,0.000021236,0.474602966,0.053319679,0.353355042
1766484279.500234,1766484279.500065565,-0.000071741,3.141532200,-0.000021572,0.382690814,0.923876474,2.356178511,0.000041653,0.474609955,0.053324066,0.353804199
1766484279.515119,1766484279.515035868,-0.000046563,3.141475208,0.000000964,0.382696473,0.923874129,2.356166261,0.000063162,0.474617004,0.053324123,0.354218658
1766484279.530154,1766484279.530050993,-0.000030662,3.141439522,0.000015138,0.382694504,0.923874943,2.356170522,0.000076604,0.474639679,0.053333424,0.354668945
1766484279.545141,1766484279.545043707,-0.000013293,3.141400373,0.000030652,0.382692535,0.923875757,2.356174783,0.000091365,0.474666687,0.053344398,0.355117767
1766484279.560241,1766484279.560057640,-0.000006682,3.141385726,0.000036508,0.382695241,0.923874635,2.356168924,0.000096866,0.474665192,0.053344261,0.355539490
1766484279.575137,1766484279.575043201,-0.000028891,3.141436859,0.000016465,0.382693397,0.923875402,2.356172919,0.000077496,0.474639008,0.053334431,0.355893799
1766484279.590188,1766484279.590059757,-0.000079320,3.141552174,-0.000028895,0.382691675,0.923876117,2.356176647,0.000033877,0.474621918,0.053328213,0.356230347
1766484279.605258,1766484279.605115891,-0.000126087,-3.141526075,0.000070984,-0.382694132,-0.923875098,2.356171321,0.000006629,0.474620453,0.053328114,0.356610901
1766484279.620138,1766484279.620053530,-0.000153868,-3.141462425,0.000095996,-0.382695113,-0.923874689,2.356169190,0.000030715,0.474613159,0.053322666,0.357002380
1766484279.635199,1766484279.635067225,-0.000134928,-3.141504769,0.000079145,-0.382693270,-0.923875454,2.356173185,0.000014779,0.474602081,0.053318745,0.357412048
1766484279.650124,1766484279.650043726,-0.000107253,-3.141567354,0.000054385,-0.382695979,-0.923874334,2.356167326,-0.000008836,0.474612000,0.053323063,0.357864777
1766484279.665190,1766484279.665064335,-0.000073915,3.141542586,-0.000024564,0.382694136,0.923875098,2.356171321,0.000037271,0.474642914,0.053335560,0.358311646
1766484279.680110,1766484279.680042982,-0.000083415,3.141564957,-0.000033233,0.382692167,0.923875913,2.356175582,0.000028755,0.474641663,0.053335484,0.358711304
1766484279.695156,1766484279.695056677,-0.000098823,-3.141584664,0.000047179,-0.382697702,-0.923873620,2.356163598,-0.000015219,0.474613068,0.053321693,0.359123352
1766484279.710235,1766484279.710075378,-0.000113021,-3.141551641,0.000060056,-0.382695856,-0.923874385,2.356167592,-0.000002681,0.474599426,0.053316845,0.359508545
1766484279.725305,1766484279.725156784,-0.000113021,-3.141551641,0.000060056,-0.382695856,-0.923874385,2.356167592,-0.000002681,0.474599426,0.053316845,0.359508545
1766484279.740121,1766484279.740047455,-0.000073582,3.141544450,-0.000024767,0.382694013,0.923875149,2.356171587,0.000036347,0.474627533,0.053328232,0.359966919
1766484279.755205,1766484279.755071878,-0.000040664,3.141469882,0.000004708,0.382696596,0.923874078,2.356165994,0.000064494,0.474655334,0.053339504,0.360421387
1766484279.770320,1766484279.770122528,-0.000004524,3.141388389,0.000036996,0.382694872,0.923874788,2.356169723,0.000095223,0.474665833,0.053343998,0.360862671
1766484279.785093,1766484279.785042048,0.000016830,3.141340452,0.000056032,0.382692778,0.923875653,2.356174250,0.000113281,0.474662811,0.053343281,0.361345306
1766484279.800179,1766484279.800068378,0.000005027,3.141367883,0.000045331,0.382695363,0.923874584,2.356168658,0.000102868,0.474648346,0.053338070,0.361734009
1766484279.815173,1766484279.815060139,-0.000009902,3.141402770,0.000031759,0.382693642,0.923875299,2.356172386,0.000089609,0.474631744,0.053332035,0.362107330
1766484279.830209,1766484279.830076694,-0.000038478,3.141468550,0.000005972,0.382694628,0.923874893,2.356170255,0.000064691,0.474608002,0.053320129,0.362493713
1766484279.845156,1766484279.845060110,-0.000066099,3.141531934,-0.000018915,0.382697457,0.923873722,2.356164130,0.000040697,0.474594666,0.053315300,0.362852356
1766484279.860180,1766484279.860065699,-0.000074387,3.141551641,-0.000026514,0.382695366,0.923874588,2.356168658,0.000033179,0.474602661,0.053318886,0.363259583
1766484279.875376,1766484279.875117302,-0.000095043,-3.141585996,0.000045178,-0.382693397,-0.923875404,2.356172919,-0.000015111,0.474592926,0.053315556,0.363676453
1766484279.890170,1766484279.890065908,-0.000098332,-3.141577740,0.000048277,-0.382691551,-0.923876168,2.356176913,-0.000011926,0.474575348,0.053309113,0.364087036
1766484279.905130,1766484279.905049562,-0.000073885,3.141552706,-0.000026487,0.382694259,0.923875047,2.356171054,0.000032591,0.474564087,0.053305115,0.364524200
1766484279.920235,1766484279.920076847,-0.000063152,3.141529004,-0.000016993,0.382692660,0.923875709,2.356174516,0.000041486,0.474569519,0.053307640,0.364909180
1766484279.935187,1766484279.935078621,-0.000071734,3.141549510,-0.000024881,0.382690691,0.923876525,2.356178778,0.000033655,0.474569641,0.053308140,0.365323303
1766484279.950138,1766484279.950061321,-0.000090975,-3.141591588,0.000042229,-0.382693274,-0.923875455,2.356173185,-0.000016916,0.474560150,0.053304886,0.365738831
1766484279.965225,1766484279.965084076,-0.000086817,3.141585197,-0.000038677,0.382691306,0.923876270,2.356177446,0.000020057,0.474553833,0.053302879,0.366160217
1766484279.980205,1766484279.980087042,-0.000086817,3.141585197,-0.000038677,0.382691306,0.923876270,2.356177446,0.000020057,0.474553833,0.053302879,0.366160217
1766484279.995165,1766484279.995072126,-0.000075689,3.141560962,-0.000028900,0.382689338,0.923877086,2.356181707,0.000029122,0.474553772,0.053303295,0.366606140
1766484280.010131,1766484280.010060549,-0.000040965,3.141482665,0.000002123,0.382694136,0.923875097,2.356171321,0.000058646,0.474573517,0.053308495,0.367215851
1766484280.025160,1766484280.025068521,-0.000020827,3.141437658,0.000020037,0.382692413,0.923875809,2.356175049,0.000075584,0.474570984,0.053307899,0.367634644
1766484280.040182,1766484280.040069342,-0.000013038,3.141420880,0.000026845,0.382690567,0.923876573,2.356179044,0.000081844,0.474547974,0.053299366,0.368062927
1766484280.055139,1766484280.055059195,-0.000021546,3.141440853,0.000019094,0.382693274,0.923875453,2.356173185,0.000074245,0.474525360,0.053290947,0.368441162
1766484280.070136,1766484280.070062160,-0.000071813,3.141556168,-0.000026192,0.382691306,0.923876270,2.356177446,0.000030595,0.474507080,0.053284271,0.368815186
1766484280.085183,1766484280.085062027,-0.000110648,-3.141539923,0.000061203,-0.382689335,-0.923877085,2.356181707,0.000003186,0.474490662,0.053278301,0.369199493
1766484280.100170,1766484280.100074053,-0.000134303,-3.141483997,0.000082831,-0.382693146,-0.923875505,2.356173451,0.000024494,0.474430603,0.053252670,0.369985046
1766484280.115165,1766484280.115053654,-0.000134303,-3.141483997,0.000082831,-0.382693146,-0.923875505,2.356173451,0.000024494,0.474430603,0.053252670,0.369985046
1766484280.130156,1766484280.130058527,-0.000109754,-3.141539124,0.000060942,-0.382691181,-0.923876321,2.356177712,0.000003726,0.474427979,0.053252045,0.370425171
1766484280.145261,1766484280.145071745,-0.000085872,3.141592654,-0.000039667,0.382693889,0.923875200,2.356171853,0.000016431,0.474430603,0.053253475,0.370846313
1766484280.160166,1766484280.160055876,-0.000097437,-3.141565489,0.000050208,-0.382692043,-0.923875965,2.356175848,-0.000006096,0.474411530,0.053246494,0.371271454
1766484280.175143,1766484280.175052643,-0.000139516,-3.141492519,0.000083608,-0.382693023,-0.923875556,2.356173718,0.000019560,0.474384613,0.053234558,0.371646759
1766484280.190174,1766484280.190058231,-0.000149024,-3.141469882,0.000092332,-0.382695606,-0.923874485,2.356168125,0.000028197,0.474375153,0.053231297,0.372049255
1766484280.205166,1766484280.205056190,-0.000086486,3.141574810,-0.000036537,0.382691921,0.923876015,2.356176114,0.000024791,0.474363525,0.053227604,0.372957855
1766484280.220159,1766484280.220054865,-0.000086486,3.141574810,-0.000036537,0.382691921,0.923876015,2.356176114,0.000024791,0.474363525,0.053227604,0.372957855
1766484280.235233,1766484280.235071898,-0.000043827,3.141478937,0.000001514,0.382693029,0.923875556,2.356173718,0.000060916,0.474350983,0.053220016,0.373404266
1766484280.250223,1766484280.250074387,-0.000015420,3.141415287,0.000026816,0.382695488,0.923874535,2.356168391,0.000084883,0.474352478,0.053221046,0.373881165
1766484280.265206,1766484280.265070438,-0.000008447,3.141400373,0.000032890,0.382693765,0.923875248,2.356172120,0.000090438,0.474340118,0.053216663,0.374300018
1766484280.280150,1766484280.280062437,-0.000011586,3.141408363,0.000029911,0.382691797,0.923876063,2.356176381,0.000087348,0.474307007,0.053204144,0.374711792
1766484280.295148,1766484280.295056343,-0.000044671,3.141484796,0.000000003,0.382694382,0.923874995,2.356170788,0.000058371,0.474273102,0.053191380,0.375079773
1766484280.310219,1766484280.310078859,-0.000102092,-3.141568951,0.000051695,-0.382695610,-0.923874487,2.356168125,-0.000008586,0.474254913,0.053181602,0.375404785
1766484280.325162,1766484280.325069427,-0.000124831,-3.141515955,0.000072340,-0.382693640,-0.923875301,2.356172386,0.000011544,0.474247559,0.053179157,0.375815430
1766484280.340208,1766484280.340077162,-0.000124831,-3.141515955,0.000072340,-0.382693640,-0.923875301,2.356172386,0.000011544,0.474247559,0.053179157,0.375815430
1766484280.355197,1766484280.355079651,-0.000140663,-3.141478937,0.000086737,-0.382696344,-0.923874180,2.356166527,0.000025614,0.474221924,0.053169609,0.376213196
1766484280.370151,1766484280.370064735,-0.000110472,-3.141546581,0.000059847,-0.382694379,-0.923874996,2.356170788,0.000000144,0.474191620,0.053158218,0.376677612
1766484280.385113,1766484280.385051966,-0.000068060,3.141543385,-0.000022012,0.382692536,0.923875760,2.356174783,0.000035782,0.474181000,0.053154465,0.377132813
1766484280.400123,1766484280.400053263,-0.000058764,3.141523145,-0.000013845,0.382695366,0.923874588,2.356168658,0.000043353,0.474176331,0.053153015,0.377529633
1766484280.415125,1766484280.415052891,-0.000079044,3.141570283,-0.000032233,0.382696227,0.923874232,2.356166793,0.000025459,0.474150909,0.053140491,0.377941467
1766484280.430167,1766484280.430064917,-0.000099324,-3.141567620,0.000050672,-0.382694380,-0.923874996,2.356170788,-0.000007441,0.474117340,0.053127804,0.378325623
1766484280.445198,1766484280.445065737,-0.000117358,-3.141525276,0.000067105,-0.382696839,-0.923873977,2.356165462,0.000008668,0.474095551,0.053119774,0.378748657
1766484280.460173,1766484280.460071564,-0.000086145,3.141590257,-0.000039335,0.382694873,0.923874793,2.356169723,0.000017591,0.474090881,0.053118378,0.379222137
1766484280.475130,1766484280.475056171,-0.000003388,3.141402770,0.000034769,0.382693273,0.923875452,2.356173185,0.000088363,0.474085297,0.053116528,0.379685516
1766484280.490152,1766484280.490063429,0.000053507,3.141274406,0.000085612,0.382691543,0.923876159,2.356176913,0.000136772,0.474065796,0.053109364,0.380173279
1766484280.505508,1766484280.505127668,0.000046039,3.141292515,0.000078698,0.382694005,0.923875141,2.356171587,0.000129836,0.474051636,0.053104286,0.380595306
1766484280.520136,1766484280.520053625,0.000002899,3.141392118,0.000039711,0.382692165,0.923875910,2.356175582,0.000092081,0.474026581,0.053094944,0.380961182
1766484280.535172,1766484280.535065889,-0.000053735,3.141522080,-0.000011318,0.382690076,0.923876780,2.356180109,0.000042883,0.473984558,0.053078999,0.381331512
1766484280.550124,1766484280.550054312,-0.000092534,-3.141573745,0.000046363,-0.382692781,-0.923875659,2.356174250,-0.000008972,0.473938690,0.053061569,0.381715515
1766484280.565205,1766484280.565083265,-0.000075322,3.141573745,-0.000031176,0.382693889,0.923875200,2.356171853,0.000023147,0.473917206,0.053050480,0.382113159
1766484280.580116,1766484280.580052137,-0.000071863,3.141567087,-0.000028304,0.382692167,0.923875914,2.356175582,0.000025561,0.473901672,0.053044834,0.382525757
1766484280.595184,1766484280.595080853,-0.000088688,-3.141579071,0.000043567,-0.382694750,-0.923874844,2.356169989,-0.000010696,0.473870911,0.053033249,0.382919464
1766484280.610485,1766484280.610154390,-0.000093924,-3.141565489,0.000048585,-0.382692781,-0.923875659,2.356174250,-0.000005424,0.473832611,0.053018776,0.383357086
1766484280.625189,1766484280.625068903,-0.000084858,-3.141584930,0.000040677,-0.382690813,-0.923876474,2.356178511,-0.000012670,0.473804352,0.053008167,0.383794342
1766484280.640132,1766484280.640057802,-0.000079550,3.141589458,-0.000036135,0.382693520,0.923875353,2.356172652,0.000016698,0.473792114,0.053003803,0.384190796
1766484280.655250,1766484280.655076027,-0.000077085,3.141585197,-0.000034182,0.382691798,0.923876067,2.356176381,0.000018195,0.473778381,0.052998848,0.384599030
1766484280.670195,1766484280.670073032,-0.000079648,3.141592654,-0.000036793,0.382690075,0.923876780,2.356180109,0.000015240,0.473747253,0.052987087,0.384999084
1766484280.685121,1766484280.685052156,-0.000071042,3.141574011,-0.000029250,0.382695366,0.923874589,2.356168658,0.000022205,0.473710052,0.052969971,0.385450317
1766484280.700162,1766484280.700066805,-0.000046981,3.141520482,-0.000007893,0.382693521,0.923875353,2.356172652,0.000042329,0.473688385,0.052961922,0.385907318
1766484280.715110,1766484280.715052128,-0.000046981,3.141520482,-0.000007893,0.382693521,0.923875353,2.356172652,0.000042329,0.473688385,0.052961922,0.385907318
1766484280.730168,1766484280.730067253,-0.000010116,3.141437924,0.000024934,0.382691797,0.923876064,2.356176381,0.000073411,0.473687042,0.052961788,0.386340210
1766484280.745149,1766484280.745059729,0.000000000,3.141416619,0.000033684,0.382694257,0.923875045,2.356171054,0.000081317,0.473677582,0.052958530,0.386793335
1766484280.760227,1766484280.760078907,0.000013291,3.141387324,0.000045429,0.382692410,0.923875808,2.356175049,0.000092306,0.473644409,0.052946014,0.387216919
1766484280.775191,1766484280.775073051,-0.000023147,3.141471480,0.000012494,0.382690691,0.923876524,2.356178778,0.000060404,0.473594513,0.052926941,0.387577667
1766484280.790247,1766484280.790085554,-0.000078284,-3.141587061,0.000037232,-0.382693274,-0.923875455,2.356173185,-0.000012396,0.473543762,0.052907589,0.387946472
1766484280.805133,1766484280.805054426,-0.000112212,-3.141508498,0.000067938,-0.382691426,-0.923876219,2.356177180,0.000017403,0.473504120,0.052892551,0.388311707
1766484280.820314,1766484280.820081234,-0.000127727,-3.141471746,0.000082137,-0.382692408,-0.923875810,2.356175049,0.000031412,0.473461792,0.052873375,0.388710632
1766484280.835151,1766484280.835058689,-0.000127321,-3.141471213,0.000082051,-0.382694991,-0.923874740,2.356169456,0.000031735,0.473430939,0.052861740,0.389134583
1766484280.850120,1766484280.850051641,-0.000104286,-3.141522346,0.000061627,-0.382693272,-0.923875455,2.356173185,0.000012523,0.473423462,0.052859245,0.389554596
1766484280.865182,1766484280.865070105,-0.000104286,-3.141522346,0.000061627,-0.382693272,-0.923875455,2.356173185,0.000012523,0.473423462,0.052859245,0.389554596
1766484280.880163,1766484280.880060673,-0.000090751,-3.141551641,0.000049769,-0.382691181,-0.923876321,2.356177712,0.000001581,0.473400269,0.052850620,0.390015076
1766484280.895177,1766484280.895062923,-0.000059454,3.141540722,-0.000017527,0.382692905,0.923875608,2.356173984,0.000035366,0.473324158,0.052822792,0.390732239
1766484280.910117,1766484280.910049200,-0.000080892,3.141591056,-0.000037061,0.382691059,0.923876372,2.356177979,0.000016216,0.473292145,0.052810711,0.391114441
1766484280.925475,1766484280.925145388,-0.000102282,-3.141544184,0.000056522,-0.382691919,-0.923876015,2.356176114,0.000002819,0.473272705,0.052800518,0.391533112
1766484280.940153,1766484280.940060854,-0.000100572,-3.141546581,0.000055274,-0.382694503,-0.923874945,2.356170522,0.000002038,0.473246368,0.052790642,0.391956146
1766484280.955168,1766484280.955061436,-0.000035188,3.141491453,0.000003109,0.382692782,0.923875658,2.356174250,0.000053481,0.473222717,0.052781788,0.392434021
1766484280.970164,1766484280.970065355,0.000005224,3.141400906,0.000039103,0.382691058,0.923876369,2.356177979,0.000087576,0.473205414,0.052775414,0.392882324
1766484280.985170,1766484280.985069513,0.000009327,3.141392650,0.000042579,0.382693518,0.923875349,2.356172652,0.000090604,0.473189697,0.052769753,0.393317657
1766484281.000140,1766484281.000057459,0.000004503,3.141405433,0.000037904,0.382691673,0.923876114,2.356176647,0.000085623,0.473143280,0.052752052,0.393741974
1766484281.015116,1766484281.015051842,-0.000053794,3.141539923,-0.000014760,0.382692659,0.923875710,2.356174516,0.000034652,0.473066864,0.052719616,0.394093048
1766484281.030348,1766484281.030093193,-0.000093843,-3.141552706,0.000050994,-0.382695241,-0.923874640,2.356168924,0.000000496,0.473006378,0.052696453,0.394480225
1766484281.045149,1766484281.045061350,-0.000067403,3.141573745,-0.000027518,0.382693520,0.923875353,2.356172652,0.000021632,0.472989166,0.052690098,0.394881165
1766484281.060175,1766484281.060063362,-0.000053984,3.141544983,-0.000015816,0.382691675,0.923876117,2.356176647,0.000032351,0.472963440,0.052680496,0.395315369
1766484281.075174,1766484281.075061560,-0.000054827,3.141548445,-0.000016868,0.382689830,0.923876882,2.356180642,0.000030912,0.472913574,0.052661438,0.395740570
1766484281.090155,1766484281.090059996,-0.000075649,-3.141588126,0.000035811,-0.382695365,-0.923874589,2.356168658,-0.000012384,0.472857941,0.052637074,0.396140717
1766484281.105153,1766484281.105054855,-0.000063492,3.141571615,-0.000025303,0.382693274,0.923875455,2.356173185,0.000021868,0.472814972,0.052620808,0.396637146
1766484281.120126,1766484281.120054007,-0.000068910,3.141561228,-0.000025819,0.382691429,0.923876219,2.356177180,0.000027702,0.472778351,0.052608074,0.397023254
1766484281.135244,1766484281.135084391,-0.000060608,3.141543918,-0.000018672,0.382694259,0.923875047,2.356171054,0.000034110,0.472741211,0.052593975,0.397415375
1766484281.150130,1766484281.150054455,-0.000057194,3.141537792,-0.000015923,0.382692413,0.923875812,2.356175049,0.000036286,0.472711365,0.052582752,0.397837463
1766484281.165181,1766484281.165067911,-0.000062373,3.141551108,-0.000020863,0.382693397,0.923875404,2.356172919,0.000031126,0.472692322,0.052572666,0.398246674
1766484281.180201,1766484281.180056334,-0.000054880,3.141535662,-0.000014446,0.382695981,0.923874334,2.356167326,0.000036828,0.472656464,0.052559143,0.398696411
1766484281.195189,1766484281.195069790,-0.000026169,3.141472012,0.000010996,0.382694012,0.923875148,2.356171587,0.000060736,0.472604523,0.052539303,0.399173584
1766484281.210133,1766484281.210057974,-0.000003366,3.141421945,0.000031109,0.382692166,0.923875911,2.356175582,0.000079501,0.472560547,0.052522541,0.399633331
1766484281.225169,1766484281.225065947,0.000032292,3.141342316,0.000062818,0.382695115,0.923874685,2.356169190,0.000109461,0.472535614,0.052513184,0.400034058
1766484281.240185,1766484281.240065813,0.000032292,3.141342316,0.000062818,0.382695115,0.923874685,2.356169190,0.000109461,0.472535614,0.052513184,0.400034058
1766484281.255151,1766484281.255064249,0.000003455,3.141409428,0.000036656,0.382693272,0.923875452,2.356173185,0.000083978,0.472489471,0.052495571,0.400407196
1766484281.270117,1766484281.270049095,-0.000039008,3.141508231,-0.000001865,0.382691306,0.923876270,2.356177446,0.000046462,0.472426758,0.052471550,0.400792419
1766484281.285133,1766484281.285051584,-0.000087968,-3.141564158,0.000046088,-0.382696718,-0.923874028,2.356165728,-0.000003669,0.472362000,0.052443653,0.401173340
1766484281.300203,1766484281.300067663,-0.000117261,-3.141495715,0.000072716,-0.382694993,-0.923874741,2.356169456,0.000022342,0.472319550,0.052427486,0.401527313
1766484281.315143,1766484281.315054893,-0.000135589,-3.141452305,0.000089489,-0.382693145,-0.923875504,2.356173451,0.000038888,0.472276031,0.052410919,0.401933472
1766484281.330129,1766484281.330051899,-0.000110733,-3.141507166,0.000067510,-0.382691180,-0.923876321,2.356177712,0.000018302,0.472234711,0.052395222,0.402377197
1766484281.345299,1766484281.345087051,-0.000086716,-3.141560163,0.000046274,-0.382694011,-0.923875149,2.356171587,-0.000001584,0.472188660,0.052377651,0.402807922
1766484281.360230,1766484281.360073805,-0.000071349,3.141592654,-0.000032959,0.382692167,0.923875914,2.356175582,0.000013652,0.472140198,0.052359158,0.403258545
1766484281.375137,1766484281.375050783,-0.000098805,-3.141529004,0.000057821,-0.382690073,-0.923876780,2.356180109,0.000010496,0.472092865,0.052341137,0.403665039
1766484281.390121,1766484281.390049934,-0.000103156,-3.141517552,0.000062022,-0.382692902,-0.923875608,2.356173984,0.000014954,0.472050415,0.052324978,0.404049988
1766484281.405140,1766484281.405050755,-0.000099199,-3.141524477,0.000058869,-0.382691057,-0.923876372,2.356177979,0.000012512,0.472001617,0.052306328,0.404490906
1766484281.420098,1766484281.420045137,-0.000064232,3.141583066,-0.000027837,0.382692044,0.923875965,2.356175848,0.000016719,0.471959320,0.052287163,0.404947479
1766484281.435200,1766484281.435059547,-0.000028895,3.141504503,0.000003520,0.382694628,0.923874894,2.356170255,0.000046249,0.471918610,0.052271732,0.405424438
1766484281.450162,1766484281.450062275,0.000005701,3.141427538,0.000034228,0.382692904,0.923875606,2.356173984,0.000075183,0.471881531,0.052257648,0.405854309
1766484281.465179,1766484281.465074062,0.000032597,3.141368149,0.000058016,0.382691056,0.923876368,2.356177979,0.000097470,0.471828705,0.052237438,0.406315369
1766484281.480116,1766484281.480047941,0.000010686,3.141419814,0.000038009,0.382693641,0.923875300,2.356172386,0.000077796,0.471773834,0.052216457,0.406712555
1766484281.495098,1766484281.495045185,-0.000037592,3.141531401,-0.000005645,0.382691921,0.923876016,2.356176114,0.000035488,0.471729675,0.052199612,0.407047943
1766484281.510197,1766484281.510066032,-0.000087233,-3.141538858,0.000050590,-0.382692903,-0.923875608,2.356173984,0.000008159,0.471674530,0.052175510,0.407419006
1766484281.525170,1766484281.525062799,-0.000100819,-3.141506101,0.000063134,-0.382695363,-0.923874588,2.356168658,0.000020690,0.471620453,0.052154850,0.407838379
1766484281.540142,1766484281.540060282,-0.000097038,-3.141513025,0.000060062,-0.382693641,-0.923875302,2.356172386,0.000018216,0.471562073,0.052132446,0.408251251
1766484281.555129,1766484281.555051327,-0.000077438,-3.141555636,0.000042855,-0.382691797,-0.923876067,2.356176381,0.000002283,0.471517883,0.052115620,0.408697388
1766484281.570138,1766484281.570052862,-0.000047538,3.141563359,-0.000016354,0.382694504,0.923874946,2.356170522,0.000022629,0.471487152,0.052103973,0.409115326
1766484281.585116,1766484281.585053921,-0.000057367,3.141587860,-0.000025583,0.382692659,0.923875710,2.356174516,0.000013191,0.471425690,0.052080460,0.409542633
1766484281.600129,1766484281.600052834,-0.000082290,-3.141538591,0.000048357,-0.382690689,-0.923876525,2.356178778,0.000009228,0.471355835,0.052053642,0.409950012
1766484281.615130,1766484281.615048170,-0.000082290,-3.141538591,0.000048357,-0.382690689,-0.923876525,2.356178778,0.000009228,0.471355835,0.052053642,0.409950012
1766484281.630153,1766484281.630061626,-0.000117463,-3.141456832,0.000080249,-0.382691793,-0.923876065,2.356176381,0.000040265,0.471308746,0.052032608,0.410321045
1766484281.645174,1766484281.645061016,-0.000109216,-3.141473877,0.000073179,-0.382694377,-0.923874995,2.356170788,0.000033969,0.471280640,0.052022034,0.410759979
1766484281.660218,1766484281.660076618,-0.000063272,-3.141576408,0.000032336,-0.382692536,-0.923875761,2.356174783,-0.000004602,0.471243073,0.052007793,0.411236084
1766484281.675171,1766484281.675057411,-0.000008864,3.141487192,0.000016085,0.382690813,0.923876474,2.356178511,0.000050413,0.471181030,0.051983971,0.411695679
1766484281.690153,1766484281.690058708,0.000025323,3.141411559,0.000046350,0.382693394,0.923875401,2.356172919,0.000078809,0.471117889,0.051959751,0.412173309
1766484281.705164,1766484281.705055714,0.000012397,3.141442718,0.000034416,0.382691550,0.923876167,2.356176913,0.000066889,0.471072357,0.051942417,0.412580078
1766484281.720360,1766484281.720092058,-0.000003288,3.141480801,0.000019883,0.382689706,0.923876932,2.356180908,0.000052298,0.471018860,0.051921947,0.412990234
1766484281.735169,1766484281.735066652,-0.000034788,3.141554304,-0.000008732,0.382695243,0.923874640,2.356168924,0.000024372,0.470953522,0.051893784,0.413367462
1766484281.750122,1766484281.750047684,-0.000059065,-3.141574011,0.000030852,-0.382693397,-0.923875405,2.356172919,-0.000002690,0.470892334,0.051870312,0.413727081
1766484281.765393,1766484281.765111208,-0.000063615,-3.141561495,0.000035349,-0.382695980,-0.923874334,2.356167326,0.000002221,0.470832214,0.051847279,0.414154022
1766484281.780146,1766484281.780052185,-0.000064479,-3.141557234,0.000036563,-0.382694134,-0.923875099,2.356171321,0.000004024,0.470760986,0.051819923,0.414587830
1766484281.795156,1766484281.795054436,-0.000073504,-3.141534597,0.000045063,-0.382692289,-0.923875863,2.356175315,0.000012754,0.470684479,0.051790493,0.414991394
1766484281.810088,1766484281.810040951,-0.000071339,-3.141537526,0.000043503,-0.382690443,-0.923876627,2.356179310,0.000011815,0.470626892,0.051768402,0.415415466
1766484281.825188,1766484281.825065851,-0.000045260,3.141590523,-0.000020500,0.382693274,0.923875456,2.356173185,0.000009645,0.470591003,0.051754818,0.415833221
1766484281.840103,1766484281.840045452,-0.000024248,3.141544717,-0.000002029,0.382691306,0.923876271,2.356177446,0.000026784,0.470541290,0.051735790,0.416277954
1766484281.855112,1766484281.855047226,-0.000024248,3.141544717,-0.000002029,0.382691306,0.923876271,2.356177446,0.000026784,0.470541290,0.051735790,0.416277954
1766484281.870122,1766484281.870046139,-0.000022270,3.141542586,-0.000000707,0.382692413,0.923875812,2.356175049,0.000027389,0.470470856,0.051705727,0.416707886
1766484281.885194,1766484281.885069132,-0.000028261,3.141558831,-0.000006583,0.382694381,0.923874997,2.356170788,0.000021031,0.470385529,0.051672981,0.417274628
1766484281.900171,1766484281.900068998,-0.000024426,3.141552174,-0.000003538,0.382692536,0.923875761,2.356174783,0.000023373,0.470337402,0.051654606,0.417690948
1766484281.915209,1766484281.915058851,-0.000007450,3.141515688,0.000011285,0.382690690,0.923876525,2.356178778,0.000036979,0.470280365,0.051632771,0.418141693
1766484281.930161,1766484281.930051565,0.000026610,3.141440587,0.000041390,0.382693272,0.923875454,2.356173185,0.000065153,0.470217224,0.051608543,0.418620514
1766484281.945267,1766484281.945075512,0.000047399,3.141395313,0.000059655,0.382691548,0.923876165,2.356176913,0.000082089,0.470172119,0.051591320,0.419038727
1766484281.960130,1766484281.960048676,0.000038770,3.141417151,0.000051491,0.382689703,0.923876931,2.356180908,0.000073653,0.470125305,0.051573456,0.419440277
1766484281.975123,1766484281.975046158,-0.000030175,3.141576142,-0.000010779,0.382695366,0.923874589,2.356168658,0.000013401,0.470055603,0.051543606,0.419771759
1766484281.990200,1766484281.990065098,-0.000078688,-3.141496513,0.000054745,-0.382693395,-0.923875404,2.356172919,0.000029354,0.469961884,0.051507496,0.420144623
1766484282.005175,1766484282.005051374,-0.000093409,-3.141460561,0.000068424,-0.382691425,-0.923876218,2.356177180,0.000043145,0.469872467,0.051473026,0.420563568
1766484282.020143,1766484282.020052195,-0.000079728,-3.141489856,0.000056499,-0.382694256,-0.923875047,2.356171054,0.000032231,0.469814880,0.051450966,0.420963684
1766484282.035139,1766484282.035048246,-0.000057235,-3.141538591,0.000036784,-0.382692535,-0.923875761,2.356174783,0.000014022,0.469762329,0.051430840,0.421406921
1766484282.050279,1766484282.050081015,-0.000038328,-3.141579604,0.000020202,-0.382698072,-0.923873468,2.356162799,-0.000001306,0.469708252,0.051407074,0.421841461
1766484282.065147,1766484282.065056324,-0.000023390,3.141574544,-0.000007340,0.382695981,0.923874335,2.356167326,0.000012841,0.469630524,0.051377262,0.422342316
1766484282.080106,1766484282.080041409,-0.000047811,-3.141553239,0.000029628,-0.382694258,-0.923875048,2.356171054,0.000009059,0.469559479,0.051349895,0.422709351
1766484282.095198,1766484282.095061302,-0.000051967,-3.141541521,0.000033790,-0.382692289,-0.923875863,2.356175315,0.000013676,0.469486969,0.051322018,0.423128723
1766484282.110329,1766484282.110086203,-0.000036109,-3.141575343,0.000019992,-0.382690690,-0.923876526,2.356178778,0.000001087,0.469428314,0.051299500,0.423539551
1766484282.125190,1766484282.125064135,-0.000009106,3.141550842,0.000003794,0.382691675,0.923876118,2.356176647,0.000021057,0.469371094,0.051274525,0.424003754
1766484282.140136,1766484282.140049219,0.000031734,3.141460028,0.000040037,0.382694379,0.923874995,2.356170788,0.000055192,0.469327271,0.051257820,0.424447845
1766484282.155365,1766484282.155092001,0.000042802,3.141437391,0.000049481,0.382692410,0.923875810,2.356175049,0.000063532,0.469274963,0.051237823,0.424916962
1766484282.170175,1766484282.170068026,0.000056743,3.141408097,0.000061526,0.382694992,0.923874739,2.356169456,0.000074396,0.469202881,0.051210140,0.425378754
1766484282.185128,1766484282.185049057,0.000053530,3.141392917,0.000062947,0.382693270,0.923875452,2.356173185,0.000082023,0.469118408,0.051178833,0.425773651
1766484282.200219,1766484282.200071573,0.000024931,3.141460561,0.000036793,0.382698808,0.923873161,2.356161201,0.000056248,0.469036530,0.051144241,0.426146240
1766484282.215155,1766484282.215058565,-0.000004595,3.141529803,0.000009904,0.382697088,0.923873876,2.356164929,0.000029912,0.468972748,0.051119724,0.426508636
1766484282.230175,1766484282.230058908,-0.000004595,3.141529803,0.000009904,0.382697088,0.923873876,2.356164929,0.000029912,0.468972748,0.051119724,0.426508636
1766484282.245171,1766484282.245052338,-0.000025310,3.141579338,-0.000009143,0.382695242,0.923874640,2.356168924,0.000010994,0.468901581,0.051092381,0.426920166
1766484282.260201,1766484282.260064125,-0.000031141,-3.141590257,0.000014844,-0.382693274,-0.923875456,2.356173185,-0.000004851,0.468822601,0.051061981,0.427348938
1766484282.275145,1766484282.275045872,-0.000061436,-3.141518884,0.000042495,-0.382695979,-0.923874334,2.356167326,0.000022321,0.468746490,0.051032711,0.427732361
1766484282.290117,1766484282.290045738,-0.000060239,-3.141519417,0.000041841,-0.382694134,-0.923875099,2.356171321,0.000022304,0.468689941,0.051011028,0.428153778
1766484282.305168,1766484282.305046797,-0.000032488,-3.141580137,0.000017403,-0.382692290,-0.923875863,2.356175315,-0.000000435,0.468636047,0.050990383,0.428596680
1766484282.320145,1766484282.320053577,-0.000030451,-3.141582267,0.000016054,-0.382697826,-0.923873570,2.356163331,-0.000001029,0.468550385,0.050954342,0.429026489
1766484282.335172,1766484282.335054636,-0.000047893,-3.141540189,0.000032163,-0.382695980,-0.923874334,2.356167326,0.000015071,0.468464111,0.050921104,0.429416504
1766484282.350166,1766484282.350060463,-0.000064448,-3.141499976,0.000047504,-0.382694256,-0.923875047,2.356171054,0.000030480,0.468398071,0.050895721,0.429822601
1766484282.365236,1766484282.365074635,-0.000046424,-3.141538325,0.000031840,-0.382692166,-0.923875914,2.356175582,0.000016213,0.468350708,0.050877670,0.430282410
1766484282.380147,1766484282.380048990,0.000004198,3.141533798,0.000013201,0.382694996,0.923874742,2.356169456,0.000026384,0.468291565,0.050854954,0.430745209
1766484282.395166,1766484282.395053864,0.000039970,3.141454968,0.000044809,0.382693272,0.923875454,2.356173185,0.000055954,0.468214874,0.050825417,0.431186890
1766484282.410170,1766484282.410050631,0.000063403,3.141404102,0.000065367,0.382691424,0.923876217,2.356177180,0.000074967,0.468142700,0.050797676,0.431641754
1766484282.425182,1766484282.425057888,0.000062617,3.141408363,0.000064189,0.382694008,0.923875147,2.356171587,0.000073149,0.468065399,0.050767960,0.432077789
1766484282.440162,1766484282.440054893,0.000041319,3.141459762,0.000044515,0.382695117,0.923874690,2.356169190,0.000053481,0.467975525,0.050730228,0.432466736
1766484282.455162,1766484282.455055952,-0.000006092,3.141570283,0.000001466,0.382693151,0.923875507,2.356173451,0.000011500,0.467875732,0.050691750,0.432853485
1766484282.470442,1766484282.470097065,-0.000019398,-3.141582800,0.000010846,-0.382696104,-0.923874284,2.356167060,0.000000840,0.467814331,0.050668129,0.433205933
1766484282.485156,1766484282.485053539,-0.000037976,-3.141538059,0.000027989,-0.382694381,-0.923874997,2.356170788,0.000017953,0.467748016,0.050642693,0.433594360
1766484282.500167,1766484282.500053406,-0.000064000,-3.141476007,0.000051884,-0.382692287,-0.923875862,2.356175315,0.000041637,0.467658661,0.050608223,0.434005432
1766484282.515152,1766484282.515048027,-0.000071628,-3.141456033,0.000059229,-0.382694993,-0.923874741,2.356169456,0.000049404,0.467568451,0.050573460,0.434415466
1766484282.530199,1766484282.530070066,-0.000063499,-3.141472012,0.000052417,-0.382693148,-0.923875505,2.356173451,0.000043578,0.467493317,0.050544556,0.434859344
1766484282.545135,1766484282.545048714,-0.000038953,-3.141525276,0.000030886,-0.382691428,-0.923876220,2.356177180,0.000023671,0.467428284,0.050519558,0.435285828
1766484282.560151,1766484282.560051203,-0.000015941,-3.141575077,0.000010727,-0.382692536,-0.923875762,2.356174783,0.000005069,0.467348450,0.050485767,0.435719727
1766484282.575373,1766484282.575090885,-0.000022793,-3.141556701,0.000017408,-0.382695242,-0.923874640,2.356168924,0.000012246,0.467250061,0.050447769,0.436141541
1766484282.590318,1766484282.590062380,-0.000042749,-3.141508764,0.000035799,-0.382693273,-0.923875455,2.356173185,0.000030572,0.467173340,0.050418259,0.436531006
1766484282.605154,1766484282.605062246,-0.000057403,-3.141472545,0.000049499,-0.382691303,-0.923876270,2.356177446,0.000044499,0.467108948,0.050393570,0.436956635
1766484282.620134,1766484282.620046139,-0.000057403,-3.141472545,0.000049499,-0.382691303,-0.923876270,2.356177446,0.000044499,0.467108948,0.050393570,0.436956635
1766484282.635222,1766484282.635069609,-0.000035290,-3.141520482,0.000030111,-0.382694011,-0.923875150,2.356171587,0.000026586,0.467039948,0.050367039,0.437415283
1766484282.650129,1766484282.650044203,0.000026098,3.141527939,0.000024438,0.382692166,0.923875914,2.356175582,0.000024901,0.466959900,0.050336220,0.437908875
1766484282.665155,1766484282.665056705,0.000079636,3.141408363,0.000072050,0.382690685,0.923876523,2.356178778,0.000069893,0.466881958,0.050306133,0.438329926
1766484282.680324,1766484282.680062056,0.000062473,3.141449908,0.000056172,0.382693517,0.923875352,2.356172652,0.000053986,0.466802429,0.050275494,0.438679138
1766484282.695159,1766484282.695057154,0.000020121,3.141548445,0.000017754,0.382692167,0.923875914,2.356175582,0.000016571,0.466731262,0.050248039,0.438970856
1766484282.710128,1766484282.710037947,0.000010633,3.141572147,0.000008836,0.382693643,0.923875303,2.356172386,0.000007438,0.466683105,0.050226509,0.439255707
1766484282.725178,1766484282.725051165,-0.000037596,-3.141502106,0.000034693,-0.382696963,-0.923873926,2.356165195,0.000034633,0.466631439,0.050206570,0.439460388
1766484282.740169,1766484282.740048170,0.000040588,3.141506367,0.000035260,0.382696348,0.923874181,2.356166527,0.000032092,0.466603851,0.050195972,0.439714844
1766484282.755194,1766484282.755050659,0.000061247,3.141460294,0.000053619,0.382695732,0.923874435,2.356167859,0.000049422,0.466575012,0.050184856,0.439862122
1766484282.770144,1766484282.770043850,0.000011537,3.141574278,0.000008846,0.382695242,0.923874640,2.356168924,0.000006281,0.466535156,0.050169453,0.439928558
1766484282.785252,1766484282.785081863,-0.000031355,-3.141513025,0.000029721,-0.382694995,-0.923874742,2.356169456,0.000030784,0.466517578,0.050162659,0.439951721
1766484282.800141,1766484282.800045967,-0.000016790,-3.141546048,0.000016674,-0.382697703,-0.923873621,2.356163598,0.000018316,0.466520233,0.050160728,0.439985901
1766484282.815132,1766484282.815045357,-0.000005608,-3.141571615,0.000006616,-0.382697703,-0.923873621,2.356163598,0.000008646,0.466523712,0.050162083,0.440004333
1766484282.830209,1766484282.830067396,0.000001868,-3.141588393,-0.000000048,-0.382697580,-0.923873672,2.356163864,0.000002326,0.466526001,0.050162968,0.440013916
1766484282.845106,1766484282.845037460,0.000006866,3.141585463,0.000004548,0.382697580,0.923873672,2.356163864,0.000002008,0.466527496,0.050163544,0.440020325
1766484282.860179,1766484282.860065699,0.000006866,3.141585463,0.000004548,0.382697580,0.923873672,2.356163864,0.000002008,0.466527496,0.050163544,0.440020325
1766484282.875098,1766484282.875037670,0.000009348,3.141579870,0.000006764,0.382697580,0.923873672,2.356163864,0.000004116,0.466528229,0.050163830,0.440023529
1766484282.890178,1766484282.890050411,0.000011891,3.141574011,0.000009060,0.382697580,0.923873672,2.356163864,0.000006336,0.466528992,0.050164139,0.440026825
1766484282.905118,1766484282.905040026,0.000007037,3.141561228,0.000009264,0.382697703,0.923873621,2.356163598,0.000013170,0.466529633,0.050165550,0.440027863
1766484282.920115,1766484282.920041323,0.000007037,3.141561228,0.000009264,0.382697703,0.923873621,2.356163598,0.000013170,0.466529633,0.050165550,0.440027863
1766484282.935161,1766484282.935053825,0.000010960,3.141552440,0.000012758,0.382697703,0.923873621,2.356163598,0.000016479,0.466530670,0.050165955,0.440028900
1766484282.950151,1766484282.950043917,0.000010960,3.141552440,0.000012758,0.382697703,0.923873621,2.356163598,0.000016479,0.466530670,0.050165955,0.440028900
1766484282.965164,1766484282.965056181,0.000014790,3.141543651,0.000016209,0.382697703,0.923873621,2.356163598,0.000019806,0.466531677,0.050166348,0.440029877
1766484282.980136,1766484282.980039835,0.000014790,3.141543651,0.000016209,0.382697703,0.923873621,2.356163598,0.000019806,0.466531677,0.050166348,0.440029877
1766484282.995234,1766484282.995071411,0.000014790,3.141543651,0.000016209,0.382700655,0.923872398,2.356157206,0.000019806,0.466532043,0.050163418,0.440029877
1766484283.010123,1766484283.010040045,0.000014790,3.141543651,0.000016209,0.382700655,0.923872398,2.356157206,0.000019806,0.466532043,0.050163418,0.440029877
1766484283.025192,1766484283.025058746,0.000014790,3.141543651,0.000016209,0.382700655,0.923872398,2.356157206,0.000019806,0.466532043,0.050163418,0.440029877
1766484283.040122,1766484283.040041924,0.000018714,3.141534597,0.000019754,0.382700655,0.923872398,2.356157206,0.000023238,0.466533081,0.050163818,0.440030945
1766484283.055238,1766484283.055080652,0.000018714,3.141534597,0.000019754,0.382700655,0.923872398,2.356157206,0.000023238,0.466533081,0.050163818,0.440030945
1766484283.070147,1766484283.070044041,0.000018714,3.141534597,0.000019754,0.382700655,0.923872398,2.356157206,0.000023238,0.466533081,0.050163818,0.440030945
1766484283.085103,1766484283.085036755,0.000018714,3.141534597,0.000019754,0.382700655,0.923872398,2.356157206,0.000023238,0.466533081,0.050163818,0.440030945
1766484283.100148,1766484283.100046635,0.000018714,3.141534597,0.000019754,0.382700655,0.923872398,2.356157206,0.000023238,0.466533081,0.050163818,0.440030945
1766484283.115159,1766484283.115043879,0.000018714,3.141534597,0.000019754,0.382700655,0.923872398,2.356157206,0.000023238,0.466533081,0.050163818,0.440030945
1766484283.130140,1766484283.130044699,0.000018714,3.141534597,0.000019754,0.382700655,0.923872398,2.356157206,0.000023238,0.466533081,0.050163818,0.440030945
1766484283.145132,1766484283.145039320,0.000018714,3.141534597,0.000019754,0.382700655,0.923872398,2.356157206,0.000023238,0.466533081,0.050163818,0.440030945
1766484283.160216,1766484283.160050154,0.000018714,3.141534597,0.000019754,0.382700655,0.923872398,2.356157206,0.000023238,0.466533081,0.050163818,0.440030945
1766484283.175152,1766484283.175045967,0.000018714,3.141534597,0.000019754,0.382700655,0.923872398,2.356157206,0.000023238,0.466533081,0.050163818,0.440030945
1766484283.190125,1766484283.190044403,0.000018714,3.141534597,0.000019754,0.382700655,0.923872398,2.356157206,0.000023238,0.466533081,0.050163818,0.440030945
1766484283.205289,1766484283.205054283,0.000018714,3.141534597,0.000019754,0.382700655,0.923872398,2.356157206,0.000023238,0.466533081,0.050163818,0.440030945
1766484283.220144,1766484283.220053434,0.000018714,3.141534597,0.000019754,0.382700655,0.923872398,2.356157206,0.000023238,0.466533081,0.050163818,0.440030945
1766484283.235154,1766484283.235053062,0.000018714,3.141534597,0.000019754,0.382700655,0.923872398,2.356157206,0.000023238,0.466533081,0.050163818,0.440030945
1766484283.250155,1766484283.250052452,0.000018714,3.141534597,0.000019754,0.382700655,0.923872398,2.356157206,0.000023238,0.466533081,0.050163818,0.440030945
1766484283.265347,1766484283.265136242,0.000018714,3.141534597,0.000019754,0.382700655,0.923872398,2.356157206,0.000023238,0.466533081,0.050163818,0.440030945
1766484283.280114,1766484283.280041456,0.000018714,3.141534597,0.000019754,0.382700655,0.923872398,2.356157206,0.000023238,0.466533081,0.050163818,0.440030945
1766484283.295116,1766484283.295042276,0.000018714,3.141534597,0.000019754,0.382700655,0.923872398,2.356157206,0.000023238,0.466533081,0.050163818,0.440030945
1766484283.310326,1766484283.310114622,0.000016170,3.141540456,0.000017458,0.382700655,0.923872398,2.356157206,0.000021018,0.466532318,0.050163540,0.440027649
1766484283.325172,1766484283.325056076,0.000016170,3.141540456,0.000017458,0.382700655,0.923872398,2.356157206,0.000021018,0.466532318,0.050163540,0.440027649
1766484283.340096,1766484283.340035200,0.000016170,3.141540456,0.000017458,0.382700655,0.923872398,2.356157206,0.000021018,0.466532318,0.050163540,0.440027649
1766484283.355158,1766484283.355051517,0.000020046,3.141531667,0.000020930,0.382700655,0.923872398,2.356157206,0.000024336,0.466533356,0.050163933,0.440028687
1766484283.370131,1766484283.370038271,0.000020046,3.141531667,0.000020930,0.382700655,0.923872398,2.356157206,0.000024336,0.466533356,0.050163933,0.440028687
1766484283.385123,1766484283.385038614,0.000020046,3.141531667,0.000020930,0.382700655,0.923872398,2.356157206,0.000024336,0.466533356,0.050163933,0.440028687
1766484283.400145,1766484283.400046587,0.000020046,3.141531667,0.000020930,0.382700655,0.923872398,2.356157206,0.000024336,0.466533356,0.050163933,0.440028687
1766484283.415534,1766484283.415153742,0.000020046,3.141531667,0.000020930,0.382700655,0.923872398,2.356157206,0.000024336,0.466533356,0.050163933,0.440028687
1766484283.430146,1766484283.430052996,0.000020046,3.141531667,0.000020930,0.382700655,0.923872398,2.356157206,0.000024336,0.466533356,0.050163933,0.440028687
1766484283.445114,1766484283.445039749,0.000020046,3.141531667,0.000020930,0.382700655,0.923872398,2.356157206,0.000024336,0.466533356,0.050163933,0.440028687
1766484283.460212,1766484283.460072279,0.000017564,3.141537260,0.000018713,0.382700655,0.923872398,2.356157206,0.000022228,0.466532623,0.050163635,0.440025513
1766484283.475169,1766484283.475044012,0.000005088,3.141565489,0.000007548,0.382700655,0.923872398,2.356157206,0.000011574,0.466528870,0.050162178,0.440009491
1766484283.490171,1766484283.490038872,-0.000032716,-3.141534064,0.000026324,-0.382723783,-0.923862817,2.356107139,0.000020804,0.466508392,0.050172348,0.439959778
1766484283.505166,1766484283.505055189,-0.000047150,-3.141502639,0.000039007,-0.382756874,-0.923849107,2.356035499,0.000032557,0.466436279,0.050231903,0.439936279
1766484283.520170,1766484283.520056248,-0.000046947,-3.141504769,0.000038505,-0.382750846,-0.923851605,2.356048549,0.000031611,0.466327240,0.050346588,0.439933960
1766484283.535161,1766484283.535049677,-0.000028312,-3.141548445,0.000021538,-0.382706929,-0.923869799,2.356143624,0.000015004,0.466176666,0.050475231,0.439959900
1766484283.550127,1766484283.550042868,-0.000026937,-3.141554304,0.000019781,-0.382707913,-0.923869392,2.356141493,0.000012560,0.465966919,0.050656128,0.439968506
1766484283.565190,1766484283.565054893,-0.000069525,-3.141460561,0.000057392,-0.382697946,-0.923873518,2.356163065,0.000047715,0.465719330,0.050894508,0.439921722
1766484283.580367,1766484283.580085039,-0.000070153,-3.141461892,0.000057427,-0.382680600,-0.923880703,2.356200615,0.000046981,0.465459839,0.051131012,0.439940643
1766484283.595152,1766484283.595046997,-0.000101839,-3.141393183,0.000085213,-0.382711228,-0.923868012,2.356134303,0.000072655,0.465199890,0.051373009,0.439909363
1766484283.610098,1766484283.610035658,-0.000078577,-3.141426739,0.000068047,-0.382719473,-0.923864599,2.356116460,0.000061605,0.464897858,0.051672478,0.439953735
1766484283.625250,1766484283.625079870,-0.000062903,-3.141467485,0.000053007,-0.382681830,-0.923880193,2.356197952,0.000045785,0.464557587,0.052014915,0.439998077
1766484283.640109,1766484283.640036583,-0.000052496,-3.141495182,0.000042900,-0.382663009,-0.923887990,2.356238699,0.000034982,0.464253937,0.052314022,0.440048523
1766484283.655104,1766484283.655036926,-0.000044966,-3.141517286,0.000035192,-0.382686876,-0.923878105,2.356187033,0.000026211,0.463948273,0.052590721,0.440067017
1766484283.670228,1766484283.670064449,-0.000044966,-3.141517286,0.000035192,-0.382686876,-0.923878105,2.356187033,0.000026211,0.463948273,0.052590721,0.440067017
1766484283.685228,1766484283.685070992,-0.000010033,3.141582800,-0.000002749,0.382668055,0.923885902,2.356227780,0.000006471,0.463623657,0.052880627,0.440108917
1766484283.700140,1766484283.700046062,-0.000025979,-3.141545249,0.000021072,-0.382710866,-0.923868168,2.356135102,0.000016926,0.463338623,0.053148472,0.440069611
1766484283.715140,1766484283.715035677,-0.000029596,-3.141542054,0.000023355,-0.382774712,-0.923841717,2.355996884,0.000017709,0.463027771,0.053412785,0.440068848
1766484283.730417,1766484283.730104685,-0.000034636,-3.141534064,0.000027212,-0.382757859,-0.923848700,2.356033369,0.000020435,0.462732697,0.053683117,0.440052399
1766484283.745099,1766484283.745034695,-0.000022145,-3.141544184,0.000019506,-0.382770653,-0.923843399,2.356005672,0.000018151,0.462403900,0.054010609,0.440058746
1766484283.760145,1766484283.760051250,-0.000012043,-3.141572680,0.000009386,-0.382796364,-0.923832747,2.355950012,0.000006921,0.462089386,0.054293251,0.440070587
1766484283.775139,1766484283.775048494,-0.000004791,-3.141568951,0.000006749,-0.382730672,-0.923859964,2.356092225,0.000010032,0.461773834,0.054604073,0.440094879
1766484283.790236,1766484283.790085793,0.000000000,-3.141586262,0.000001223,-0.382690199,-0.923876730,2.356179843,0.000002953,0.461423828,0.054940704,0.440123077
1766484283.805156,1766484283.805049419,-0.000010456,-3.141565223,0.000010079,-0.382673467,-0.923883660,2.356216062,0.000010671,0.461091797,0.055278172,0.440153137
1766484283.820132,1766484283.820042610,0.000001843,3.141586795,0.000001972,0.382638406,0.923898182,2.356291962,0.000002354,0.460785919,0.055574608,0.440176544
1766484283.835430,1766484283.835072279,-0.000006333,-3.141559098,0.000009345,-0.382629548,-0.923901850,2.356311137,0.000014289,0.460468933,0.055888908,0.440168854
1766484283.850126,1766484283.850038767,0.000001221,-3.141582534,0.000001372,-0.382657721,-0.923890182,2.356250150,0.000004908,0.460142883,0.056185204,0.440167023
1766484283.865134,1766484283.865044355,0.000007675,3.141582534,0.000005482,0.382664733,0.923887278,2.356234970,0.000003206,0.459812317,0.056473148,0.440166534
1766484283.880326,1766484283.880068302,0.000034653,3.141511693,0.000031498,0.382651691,0.923892678,2.356263200,0.000030769,0.459410339,0.056836414,0.440197876
1766484283.895245,1766484283.895073175,0.000046681,3.141477339,0.000043628,0.382669037,0.923885493,2.356225649,0.000044337,0.459078522,0.057125820,0.440208099
1766484283.910103,1766484283.910029888,0.000046681,3.141477339,0.000043628,0.382669037,0.923885493,2.356225649,0.000044337,0.459078522,0.057125820,0.440208099
1766484283.925182,1766484283.925056696,0.000068164,3.141445381,0.000059669,0.382705819,0.923870256,2.356146021,0.000054987,0.458750946,0.057409233,0.440239349
1766484283.940336,1766484283.940084696,0.000052431,3.141479203,0.000045930,0.382736329,0.923857618,2.356079974,0.000042372,0.458445282,0.057624584,0.440235565
1766484283.955111,1766484283.955031633,0.000003694,3.141592654,0.000001707,0.382754292,0.923850178,2.356041092,-0.000000707,0.458125366,0.057893620,0.440215302
1766484283.970120,1766484283.970033884,-0.000002718,-3.141582534,0.000003192,-0.382787384,-0.923836468,2.355969453,0.000004154,0.457817230,0.058170074,0.440224609
1766484283.985214,1766484283.985050201,-0.000008806,-3.141572414,0.000007941,-0.382772498,-0.923842635,2.356001677,0.000007664,0.457504517,0.058480171,0.440226013
1766484284.000355,1766484284.000123262,0.000010426,3.141561228,0.000010829,0.382703731,0.923871124,2.356150548,0.000012521,0.457178040,0.058817070,0.440246490
1766484284.015175,1766484284.015043497,0.000038520,3.141512492,0.000033133,0.382691182,0.923876322,2.356177712,0.000029659,0.456865265,0.059146042,0.440261475
1766484284.030174,1766484284.030053377,0.000051783,3.141474676,0.000046493,0.382642956,0.923896295,2.356282108,0.000044593,0.456530731,0.059466537,0.440268402
1766484284.045112,1766484284.045033455,0.000013298,3.141564424,0.000011544,0.382632008,0.923900831,2.356305810,0.000010497,0.456211670,0.059754108,0.440216827
1766484284.060346,1766484284.060118675,0.000032789,3.141510895,0.000030790,0.382665347,0.923887022,2.356233639,0.000031494,0.455892578,0.060032295,0.440249512
1766484284.075169,1766484284.075038433,0.000021926,3.141532999,0.000021542,0.382645787,0.923895124,2.356275983,0.000023363,0.455559296,0.060321938,0.440247314
1766484284.090130,1766484284.090038776,0.000009901,3.141583865,0.000006255,0.382611217,0.923909442,2.356350818,0.000002166,0.455228058,0.060616802,0.440255524
1766484284.105175,1766484284.105044603,-0.000009194,-3.141558831,0.000010718,-0.382644311,-0.923895736,2.356279179,0.000013865,0.454902679,0.060881989,0.440246826
1766484284.120135,1766484284.120038033,-0.000037508,-3.141493318,0.000036332,-0.382663870,-0.923887634,2.356236834,0.000038711,0.454576752,0.061146439,0.440225464
1766484284.135175,1766484284.135052919,-0.000035816,-3.141501840,0.000033921,-0.382683800,-0.923879379,2.356193691,0.000035097,0.454270905,0.061386185,0.440219055
1766484284.150153,1766484284.150050163,-0.000009030,-3.141574544,0.000007637,-0.382753431,-0.923850535,2.356042956,0.000006637,0.453952484,0.061629021,0.440243835
1766484284.165525,1766484284.165107489,0.000044103,3.141498378,0.000038416,0.382793656,0.923833867,2.355955871,0.000035106,0.453630951,0.061880951,0.440287598
1766484284.180212,1766484284.180053234,0.000053883,3.141469083,0.000048539,0.382766960,0.923844927,2.356013662,0.000046768,0.453330475,0.062151642,0.440289398
1766484284.195162,1766484284.195049524,0.000061698,3.141443250,0.000057094,0.382776186,0.923841104,2.355993688,0.000057204,0.452995605,0.062448879,0.440294952
1766484284.210127,1766484284.210038662,0.000046126,3.141477072,0.000043427,0.382776310,0.923841054,2.355993422,0.000044561,0.452660797,0.062745617,0.440284912
1766484284.225218,1766484284.225058556,0.000029811,3.141514357,0.000028753,0.382691305,0.923876271,2.356177446,0.000030464,0.452356812,0.063055351,0.440283081
1766484284.240210,1766484284.240057468,0.000008077,3.141590523,0.000004139,0.382677773,0.923881877,2.356206741,-0.000000561,0.452018280,0.063381138,0.440271576
1766484284.255366,1766484284.255086660,-0.000011921,-3.141548711,0.000013914,-0.382671253,-0.923884577,2.356220855,0.000018018,0.451706146,0.063665524,0.440266357
1766484284.270159,1766484284.270047665,-0.000044776,-3.141469349,0.000044274,-0.382617859,-0.923906689,2.356336437,0.000048395,0.451378113,0.063972279,0.440225067
1766484284.285160,1766484284.285045147,-0.000044776,-3.141469349,0.000044274,-0.382617859,-0.923906689,2.356336437,0.000048395,0.451378113,0.063972279,0.440225067
1766484284.300124,1766484284.300040007,-0.000023301,-3.141529537,0.000022840,-0.382638651,-0.923898080,2.356291429,0.000024699,0.451041077,0.064253693,0.440247192
1766484284.315145,1766484284.315039873,-0.000012588,-3.141562294,0.000011624,-0.382669408,-0.923885341,2.356224850,0.000011616,0.450740051,0.064502846,0.440244812
1766484284.330221,1766484284.330063820,0.000001190,3.141582534,0.000002486,0.382667070,0.923886310,2.356229910,0.000004447,0.450436218,0.064780121,0.440258514
1766484284.345092,1766484284.345031023,0.000047904,3.141483464,0.000043022,0.382695241,0.923874639,2.356168924,0.000041272,0.450124512,0.065025482,0.440290497
1766484284.360142,1766484284.360038996,0.000048275,3.141476806,0.000044468,0.382719598,0.923864549,2.356116193,0.000044276,0.449802399,0.065293915,0.440301941
1766484284.375433,1766484284.375115871,0.000041353,3.141490122,0.000038722,0.382706682,0.923869900,2.356144156,0.000039450,0.449466095,0.065552536,0.440295837
1766484284.390132,1766484284.390042543,0.000011229,3.141563093,0.000010844,0.382750355,0.923851809,2.356049614,0.000011506,0.449146973,0.065782677,0.440284027
1766484284.405135,1766484284.405040264,-0.000006651,-3.141581202,0.000005264,-0.382808665,-0.923827649,2.355923380,0.000004017,0.448806427,0.066029556,0.440281403
1766484284.420151,1766484284.420048952,-0.000029116,-3.141499976,0.000031187,-0.382781355,-0.923838964,2.355982503,0.000037237,0.448472473,0.066301559,0.440249207
1766484284.435243,1766484284.435064793,-0.000013287,-3.141546315,0.000015006,-0.382754415,-0.923850127,2.356040826,0.000018862,0.448156097,0.066591049,0.440262756
1766484284.450187,1766484284.450054646,-0.000018576,-3.141538325,0.000018978,-0.382748387,-0.923852624,2.356053875,0.000021541,0.447822510,0.066911018,0.440232971
1766484284.465155,1766484284.465046883,-0.000015865,-3.141549777,0.000015532,-0.382652307,-0.923892424,2.356261868,0.000016771,0.447514252,0.067232941,0.440230408
1766484284.480294,1766484284.480061769,-0.000005590,-3.141582534,0.000004518,-0.382639636,-0.923897672,2.356289299,0.000003605,0.447176361,0.067529160,0.440220245
1766484284.495176,1766484284.495050192,0.000029303,3.141504237,0.000030453,0.382660303,0.923889111,2.356244558,0.000035237,0.446840179,0.067804855,0.440263855
1766484284.510326,1766484284.510112762,0.000044120,3.141487991,0.000040404,0.382616260,0.923907352,2.356339899,0.000039909,0.446541595,0.068084091,0.440269867
1766484284.525186,1766484284.525056362,0.000060762,3.141437924,0.000057670,0.382613305,0.923908573,2.356346290,0.000059854,0.446208435,0.068366211,0.440304474
1766484284.540430,1766484284.540087938,0.000028089,3.141519150,0.000027039,0.382647017,0.923894615,2.356273320,0.000028581,0.445875824,0.068633179,0.440273376
1766484284.555181,1766484284.555062771,-0.000037125,-3.141496247,0.000035594,-0.382639266,-0.923897824,2.356290098,0.000037432,0.445567200,0.068884071,0.440215759
1766484284.570189,1766484284.570051432,-0.000046006,-3.141477339,0.000043314,-0.382639634,-0.923897671,2.356289299,0.000044468,0.445233765,0.069137901,0.440204773
1766484284.585155,1766484284.585048437,-0.000065431,-3.141430467,0.000061260,-0.382715906,-0.923866077,2.356124183,0.000062399,0.444944244,0.069361061,0.440171051
1766484284.600183,1766484284.600051880,-0.000021720,-3.141526341,0.000022724,-0.382761795,-0.923847069,2.356024847,0.000026475,0.444618958,0.069592880,0.440206543
1766484284.615282,1766484284.615083456,0.000002422,3.141588659,0.000001883,0.382747772,0.923852880,2.356055207,0.000001382,0.444278107,0.069847916,0.440216583
1766484284.630168,1766484284.630050182,0.000043520,3.141471480,0.000043294,0.382772004,0.923842838,2.356002743,0.000047644,0.443958801,0.070100510,0.440255432
1766484284.645186,1766484284.645052671,0.000042270,3.141469083,0.000043173,0.382739897,0.923856140,2.356072251,0.000048992,0.443624969,0.070399376,0.440244171
1766484284.660168,1766484284.660054445,0.000042270,3.141469083,0.000043173,0.382739897,0.923856140,2.356072251,0.000048992,0.443624969,0.070399376,0.440244171
1766484284.675268,1766484284.675064325,0.000053787,3.141432065,0.000055575,0.382699422,0.923872905,2.356159869,0.000063890,0.443322693,0.070688667,0.440264984
1766484284.690163,1766484284.690051794,0.000042792,3.141484263,0.000040508,0.382698685,0.923873213,2.356161467,0.000041881,0.442995178,0.070988289,0.440247620
1766484284.705164,1766484284.705050230,0.000017858,3.141547114,0.000016963,0.382673836,0.923883507,2.356215263,0.000017620,0.442657043,0.071280724,0.440244232
1766484284.720424,1766484284.720118999,-0.000002972,-3.141585996,0.000002647,-0.382648371,-0.923894055,2.356270390,0.000002507,0.442303223,0.071547539,0.440222198
1766484284.735172,1766484284.735046387,0.000009489,3.141553505,0.000011874,0.382665471,0.923886972,2.356233372,0.000016269,0.441639618,0.072076584,0.440217865
1766484284.750154,1766484284.750042200,0.000009489,3.141553505,0.000011874,0.382665471,0.923886972,2.356233372,0.000016269,0.441639618,0.072076584,0.440217865
1766484284.765216,1766484284.765050650,0.000036490,3.141501840,0.000034232,0.382661164,0.923888755,2.356242693,0.000034969,0.441308502,0.072315910,0.440231323
1766484284.780245,1766484284.780065298,0.000046342,3.141468550,0.000045153,0.382681708,0.923880244,2.356198219,0.000048461,0.441001709,0.072555550,0.440222748
1766484284.795162,1766484284.795048952,0.000016893,3.141544717,0.000016977,0.382714310,0.923866741,2.356127645,0.000018911,0.440713043,0.072800484,0.440172852
1766484284.810147,1766484284.810046911,0.000016726,3.141540189,0.000017765,0.382696841,0.923873978,2.356165462,0.000021035,0.440388184,0.073051559,0.440165344
1766484284.825323,1766484284.825107574,-0.000014657,-3.141563891,0.000012275,-0.382756506,-0.923849261,2.356036298,0.000010481,0.440023193,0.073309654,0.440124237
1766484284.840131,1766484284.840039015,-0.000003104,-3.141572680,0.000005257,-0.382810264,-0.923826987,2.355919918,0.000008632,0.439726654,0.073521790,0.440144684
1766484284.855124,1766484284.855036736,-0.000014941,-3.141543651,0.000016280,-0.382780248,-0.923839424,2.355984899,0.000019776,0.439407257,0.073759354,0.440139679
1766484284.870139,1766484284.870040894,-0.000007484,-3.141572147,0.000007382,-0.382777788,-0.923840443,2.355990226,0.000008040,0.438969025,0.074113731,0.440158417
1766484284.885411,1766484284.885106564,-0.000006436,-3.141581202,0.000005164,-0.382753800,-0.923850382,2.356042157,0.000004058,0.438624786,0.074415031,0.440138031
1766484284.900128,1766484284.900035143,-0.000006436,-3.141581202,0.000005164,-0.382753800,-0.923850382,2.356042157,0.000004058,0.438624786,0.074415031,0.440138031
1766484284.915158,1766484284.915039539,-0.000022913,-3.141540189,0.000020624,-0.382712834,-0.923867353,2.356130841,0.000019850,0.438312195,0.074716263,0.440102112
1766484284.930190,1766484284.930057049,0.000013225,3.141565756,0.000011255,0.382627826,0.923902564,2.356314865,0.000009895,0.437971741,0.075020058,0.440116608
1766484284.945151,1766484284.945045233,0.000021105,3.141536461,0.000020500,0.382635207,0.923899506,2.356298886,0.000021920,0.437624908,0.075318642,0.440109558
1766484284.960226,1766484284.960064173,0.000045583,3.141460294,0.000046381,0.382665715,0.923886869,2.356232840,0.000052421,0.437329468,0.075544250,0.440135376
1766484284.975324,1766484284.975047112,0.000035908,3.141482931,0.000037580,0.382638281,0.923898232,2.356292228,0.000043816,0.436986694,0.075796577,0.440119873
1766484284.990381,1766484284.990100145,0.000033788,3.141482931,0.000036601,0.382654151,0.923891659,2.356257873,0.000044221,0.436640259,0.076043732,0.440130859
1766484285.005150,1766484285.005041838,-0.000000000,-3.141581202,0.000002191,-0.382676174,-0.923882539,2.356210203,0.000005290,0.436320251,0.076272568,0.440085541
1766484285.020160,1766484285.020045996,-0.000014985,-3.141542320,0.000016552,-0.382659197,-0.923889571,2.356246954,0.000020384,0.435991638,0.076533386,0.440084412
1766484285.035225,1766484285.035057068,-0.000009730,-3.141563093,0.000010151,-0.382689829,-0.923876883,2.356180642,0.000011794,0.435689392,0.076753555,0.440074829
1766484285.050126,1766484285.050037384,0.000008242,3.141563625,0.000009363,0.382757367,0.923848904,2.356034434,0.000011832,0.435378479,0.076963249,0.440086395
1766484285.065133,1766484285.065035582,0.000022975,3.141515422,0.000025393,0.382742235,0.923855172,2.356067191,0.000031279,0.435060333,0.077189568,0.440075562
1766484285.080159,1766484285.080044270,0.000047445,3.141468018,0.000045769,0.382756258,0.923849361,2.356036831,0.000048492,0.434774536,0.077409515,0.440084473
1766484285.095345,1766484285.095079899,0.000031932,3.141508498,0.000030855,0.382733009,0.923858995,2.356087165,0.000032763,0.434516083,0.077649841,0.440041687
1766484285.110114,1766484285.110028505,0.000043548,3.141469882,0.000043609,0.382697455,0.923873722,2.356164130,0.000048380,0.434281830,0.077854675,0.440055603
1766484285.125196,1766484285.125051022,0.000013761,3.141554837,0.000013592,0.382671130,0.923884628,2.356221122,0.000014836,0.434105591,0.078014549,0.440009399
1766484285.140182,1766484285.140049696,-0.000004122,-3.141580936,0.000004147,-0.382704961,-0.923870615,2.356147885,0.000004624,0.433964813,0.078130112,0.439987640
1766484285.155136,1766484285.155041695,-0.000006421,-3.141575077,0.000006329,-0.382668055,-0.923885902,2.356227780,0.000006891,0.433857086,0.078206085,0.439998566
1766484285.170166,1766484285.170047760,0.000008792,3.141564424,0.000009463,0.382655998,0.923890896,2.356253879,0.000011358,0.433787170,0.078247849,0.440023590
1766484285.185125,1766484285.185030937,0.000013172,3.141550842,0.000014085,0.382679495,0.923881163,2.356203012,0.000016794,0.433744934,0.078253342,0.440033081
1766484285.200434,1766484285.200104713,0.000007048,3.141568419,0.000007893,0.382695119,0.923874691,2.356169190,0.000009846,0.433727783,0.078265442,0.440020477
1766484285.215106,1766484285.215028763,-0.000001783,-3.141560962,0.000006888,-0.382705945,-0.923870207,2.356145754,0.000014298,0.433720154,0.078272163,0.439991516
1766484285.230156,1766484285.230047941,-0.000020853,-3.141504503,0.000026501,-0.382709143,-0.923868881,2.356138830,0.000036730,0.433712677,0.078274353,0.439964661
1766484285.245180,1766484285.245052576,-0.000024793,-3.141492785,0.000030563,-0.382710865,-0.923868168,2.356135102,0.000041388,0.433710754,0.078276375,0.439958313
1766484285.260191,1766484285.260054588,-0.000024793,-3.141492785,0.000030563,-0.382705083,-0.923870563,2.356147619,0.000041389,0.433709808,0.078281731,0.439958313
1766484285.275134,1766484285.275038004,-0.000024793,-3.141492785,0.000030563,-0.382705083,-0.923870563,2.356147619,0.000041389,0.433709808,0.078281731,0.439958313
1766484285.290161,1766484285.290047169,-0.000026815,-3.141486926,0.000032618,-0.382702253,-0.923871735,2.356153744,0.000043708,0.433708618,0.078284096,0.439955017
1766484285.305254,1766484285.305075407,-0.000023742,-3.141495981,0.000029465,-0.382702254,-0.923871735,2.356153744,0.000040114,0.433709625,0.078284576,0.439956055
1766484285.320155,1766484285.320045710,-0.000023742,-3.141495981,0.000029465,-0.382702254,-0.923871735,2.356153744,0.000040114,0.433709625,0.078284576,0.439956055
1766484285.335177,1766484285.335052013,-0.000023742,-3.141495981,0.000029465,-0.382702254,-0.923871735,2.356153744,0.000040114,0.433709625,0.078284576,0.439956055
1766484285.350547,1766484285.350121498,-0.000023716,-3.141495981,0.000029454,-0.382694872,-0.923874792,2.356169723,0.000040119,0.433709137,0.078287292,0.439956055
1766484285.365160,1766484285.365048409,-0.000023716,-3.141495981,0.000029454,-0.382694872,-0.923874792,2.356169723,0.000040119,0.433709137,0.078287292,0.439956055
1766484285.380095,1766484285.380021572,-0.000020604,-3.141505302,0.000026232,-0.382694873,-0.923874793,2.356169723,0.000036408,0.433710144,0.078287796,0.439957092
1766484285.395167,1766484285.395050526,-0.000020604,-3.141505302,0.000026232,-0.382694873,-0.923874793,2.356169723,0.000036408,0.433710144,0.078287796,0.439957092
1766484285.410139,1766484285.410030127,-0.000018557,-3.141511161,0.000024165,-0.382690321,-0.923876678,2.356179576,0.000034094,0.433710846,0.078288132,0.439960388
1766484285.425148,1766484285.425039530,-0.000018557,-3.141511161,0.000024165,-0.382690321,-0.923876678,2.356179576,0.000034094,0.433710846,0.078288132,0.439960388
1766484285.440148,1766484285.440044165,-0.000018557,-3.141511161,0.000024165,-0.382687614,-0.923877799,2.356185435,0.000034094,0.433710327,0.078290810,0.439960388
1766484285.455452,1766484285.455132008,-0.000018557,-3.141511161,0.000024165,-0.382687614,-0.923877799,2.356185435,0.000034094,0.433710327,0.078290810,0.439960388
1766484285.470138,1766484285.470040083,-0.000018557,-3.141511161,0.000024165,-0.382687614,-0.923877799,2.356185435,0.000034094,0.433710327,0.078290810,0.439960388
1766484285.485123,1766484285.485040665,-0.000015482,-3.141520482,0.000020961,-0.382687615,-0.923877799,2.356185435,0.000030377,0.433711365,0.078291298,0.439961365
1766484285.500239,1766484285.500072479,-0.000015482,-3.141520482,0.000020961,-0.382687615,-0.923877799,2.356185435,0.000030377,0.433711365,0.078291298,0.439961365
1766484285.515230,1766484285.515066385,-0.000015456,-3.141520482,0.000020949,-0.382683063,-0.923879685,2.356195289,0.000030382,0.433711365,0.078291298,0.439961365
1766484285.530185,1766484285.530055761,-0.000015456,-3.141520482,0.000020949,-0.382683063,-0.923879685,2.356195289,0.000030382,0.433711365,0.078291298,0.439961365
1766484285.545132,1766484285.545035839,-0.000013519,-3.141526341,0.000018933,-0.382683063,-0.923879685,2.356195289,0.000028046,0.433711975,0.078291618,0.439964539
1766484285.560188,1766484285.560050488,-0.000013519,-3.141526341,0.000018933,-0.382683063,-0.923879685,2.356195289,0.000028046,0.433711975,0.078291618,0.439964539
1766484285.575116,1766484285.575032949,-0.000013519,-3.141526341,0.000018933,-0.382683063,-0.923879685,2.356195289,0.000028046,0.433711975,0.078291618,0.439964539
1766484285.590144,1766484285.590029001,-0.000011540,-3.141531934,0.000016949,-0.382683063,-0.923879685,2.356195289,0.000025841,0.433712738,0.078291985,0.439967773
1766484285.605181,1766484285.605043411,-0.000011540,-3.141531934,0.000016949,-0.382683063,-0.923879685,2.356195289,0.000025841,0.433712738,0.078291985,0.439967773
1766484285.620125,1766484285.620033979,-0.000011540,-3.141531934,0.000016949,-0.382683063,-0.923879685,2.356195289,0.000025841,0.433712738,0.078291985,0.439967773
1766484285.635148,1766484285.635042906,-0.000009522,-3.141538059,0.000014845,-0.382683063,-0.923879685,2.356195289,0.000023397,0.433713409,0.078292313,0.439971008
1766484285.650188,1766484285.650043726,-0.000009522,-3.141538059,0.000014845,-0.382683063,-0.923879685,2.356195289,0.000023397,0.433713409,0.078292313,0.439971008
1766484285.665231,1766484285.665076256,-0.000007548,-3.141543918,0.000012812,-0.382683063,-0.923879685,2.356195289,0.000021069,0.433714111,0.078292648,0.439974182
1766484285.680092,1766484285.680024624,-0.000005526,-3.141549777,0.000010757,-0.382683063,-0.923879685,2.356195289,0.000018749,0.433714783,0.078292999,0.439977478
1766484285.695188,1766484285.695039988,-0.000005526,-3.141549777,0.000010757,-0.382683063,-0.923879685,2.356195289,0.000018749,0.433714783,0.078292999,0.439977478
1766484285.710242,1766484285.710032701,-0.000003546,-3.141555902,0.000008670,-0.382680234,-0.923880857,2.356201414,0.000016299,0.433714935,0.078296051,0.439980713
1766484285.725121,1766484285.725031376,-0.000001572,-3.141561761,0.000006637,-0.382680234,-0.923880857,2.356201414,0.000013970,0.433715607,0.078296379,0.439983887
1766484285.740118,1766484285.740030289,-0.000001572,-3.141561761,0.000006637,-0.382680234,-0.923880857,2.356201414,0.000013970,0.433715607,0.078296379,0.439983887
1766484285.755135,1766484285.755034685,0.000000000,-3.141567620,0.000004790,-0.382680234,-0.923880857,2.356201414,0.000011564,0.433716339,0.078296707,0.439987122
1766484285.770220,1766484285.770051003,0.000002425,-3.141573479,0.000002549,-0.382680234,-0.923880857,2.356201414,0.000009322,0.433717041,0.078297073,0.439990417
1766484285.785115,1766484285.785027027,0.000004404,-3.141579338,0.000000514,-0.382680234,-0.923880857,2.356201414,0.000006994,0.433717743,0.078297401,0.439993561
1766484285.800151,1766484285.800040960,0.000004404,-3.141579338,0.000000514,-0.382680234,-0.923880857,2.356201414,0.000006994,0.433717743,0.078297401,0.439993561
1766484285.815212,1766484285.815047741,0.000004404,-3.141579338,0.000000514,-0.382680234,-0.923880857,2.356201414,0.000006994,0.433717743,0.078297401,0.439993561
1766484285.830189,1766484285.830044270,0.000006384,-3.141585463,-0.000001573,-0.382680234,-0.923880857,2.356201414,0.000004543,0.433718445,0.078297737,0.439996765
1766484285.845111,1766484285.845027685,0.000006384,-3.141585463,-0.000001573,-0.382680234,-0.923880857,2.356201414,0.000004543,0.433718445,0.078297737,0.439996765
1766484285.860162,1766484285.860041857,0.000008358,-3.141591056,-0.000003555,-0.382680234,-0.923880857,2.356201414,0.000002337,0.433719055,0.078298096,0.440000031
1766484285.875170,1766484285.875041723,0.000008358,-3.141591056,-0.000003555,-0.382680234,-0.923880857,2.356201414,0.000002337,0.433719055,0.078298096,0.440000031
1766484285.890123,1766484285.890035152,0.000008358,-3.141591056,-0.000003555,-0.382680234,-0.923880857,2.356201414,0.000002337,0.433719055,0.078298096,0.440000031
1766484285.905169,1766484285.905042410,0.000010381,3.141588126,0.000005662,0.382680234,0.923880857,2.356201414,0.000000105,0.433719788,0.078298439,0.440003296
1766484285.920130,1766484285.920036316,0.000010381,3.141588126,0.000005662,0.382680234,0.923880857,2.356201414,0.000000105,0.433719788,0.078298439,0.440003296
1766484285.935349,1766484285.935090065,0.000010381,3.141588126,0.000005662,0.382680234,0.923880857,2.356201414,0.000000105,0.433719788,0.078298439,0.440003296
1766484285.950100,1766484285.950020552,0.000010381,3.141588126,0.000005662,0.382680234,0.923880857,2.356201414,0.000000105,0.433719788,0.078298439,0.440003296
1766484285.965135,1766484285.965036154,0.000012322,3.141582534,0.000007628,0.382680234,0.923880857,2.356201414,0.000002317,0.433720459,0.078298790,0.440006500
1766484285.980220,1766484285.980035067,0.000012322,3.141582534,0.000007628,0.382680234,0.923880857,2.356201414,0.000002317,0.433720459,0.078298790,0.440006500
1766484285.995139,1766484285.995028257,0.000012322,3.141582534,0.000007628,0.382680234,0.923880857,2.356201414,0.000002317,0.433720459,0.078298790,0.440006500
1766484286.010107,1766484286.010020018,0.000012322,3.141582534,0.000007628,0.382680234,0.923880857,2.356201414,0.000002317,0.433720459,0.078298790,0.440006500
1766484286.025144,1766484286.025044441,0.000012322,3.141582534,0.000007628,0.382680234,0.923880857,2.356201414,0.000002317,0.433720459,0.078298790,0.440006500
1766484286.040303,1766484286.040065527,0.000012322,3.141582534,0.000007628,0.382680234,0.923880857,2.356201414,0.000002317,0.433720459,0.078298790,0.440006500
1766484286.055120,1766484286.055027246,0.000012322,3.141582534,0.000007628,0.382680234,0.923880857,2.356201414,0.000002317,0.433720459,0.078298790,0.440006500
1766484286.070117,1766484286.070028305,0.000012322,3.141582534,0.000007628,0.382680234,0.923880857,2.356201414,0.000002317,0.433720459,0.078298790,0.440006500
1766484286.085210,1766484286.085046053,0.000012322,3.141582534,0.000007628,0.382680234,0.923880857,2.356201414,0.000002317,0.433720459,0.078298790,0.440006500
1766484286.100177,1766484286.100053310,0.000015434,3.141573213,0.000010849,0.382680234,0.923880857,2.356201414,0.000006028,0.433721466,0.078299278,0.440007477
1766484286.115243,1766484286.115046024,0.000015434,3.141573213,0.000010849,0.382680234,0.923880857,2.356201414,0.000006028,0.433721466,0.078299278,0.440007477
1766484286.130164,1766484286.130036831,0.000015434,3.141573213,0.000010849,0.382680234,0.923880857,2.356201414,0.000006028,0.433721466,0.078299278,0.440007477
1766484286.145142,1766484286.145025492,0.000017446,3.141567354,0.000012900,0.382680234,0.923880857,2.356201414,0.000008349,0.433722168,0.078299622,0.440010712
1766484286.160148,1766484286.160047054,0.000008296,3.141564158,0.000009285,0.382680234,0.923880857,2.356201414,0.000011576,0.433721680,0.078300613,0.440010712
1766484286.175126,1766484286.175028563,0.000008296,3.141564158,0.000009285,0.382680234,0.923880857,2.356201414,0.000011576,0.433721680,0.078300613,0.440010712
1766484286.190308,1766484286.190083265,0.000008296,3.141564158,0.000009285,0.382680234,0.923880857,2.356201414,0.000011576,0.433721680,0.078300613,0.440010712
1766484286.205606,1766484286.205127239,0.000008296,3.141564158,0.000009285,0.382680234,0.923880857,2.356201414,0.000011576,0.433721680,0.078300613,0.440010712
1766484286.220147,1766484286.220031738,0.000008296,3.141564158,0.000009285,0.382680234,0.923880857,2.356201414,0.000011576,0.433721680,0.078300613,0.440010712
1766484286.235191,1766484286.235045671,0.000008296,3.141564158,0.000009285,0.382680234,0.923880857,2.356201414,0.000011576,0.433721680,0.078300613,0.440010712
1766484286.250198,1766484286.250050783,0.000008296,3.141564158,0.000009285,0.382680234,0.923880857,2.356201414,0.000011576,0.433721680,0.078300613,0.440010712
1766484286.265293,1766484286.265065193,0.000008296,3.141564158,0.000009285,0.382680234,0.923880857,2.356201414,0.000011576,0.433721680,0.078300613,0.440010712
1766484286.280095,1766484286.280017853,0.000008296,3.141564158,0.000009285,0.382680234,0.923880857,2.356201414,0.000011576,0.433721680,0.078300613,0.440010712
1766484286.295208,1766484286.295069456,0.000008296,3.141564158,0.000009285,0.382680234,0.923880857,2.356201414,0.000011576,0.433721680,0.078300613,0.440010712
