__time,/force/header/stamp/nanosec,/force/header/stamp/sec,/force/wrench/force/x,/force/wrench/force/y,/force/wrench/force/z,/force/wrench/torque/x,/force/wrench/torque/y,/force/wrench/torque/z
1766484206.370681,9256.000000000,1766484206.000000000,-14.672342699,-4.215205287,-0.457317077,0.268825411,0.374003665,0.231910951
1766484206.386982,9257.000000000,1766484206.000000000,-15.128477705,-3.908644903,-0.762195129,0.265770577,0.372470863,0.241187389
1766484206.402006,9258.000000000,1766484206.000000000,-14.216207692,-3.142243941,-0.762195129,0.270352828,0.366339655,0.247371681
1766484206.418445,9259.000000000,1766484206.000000000,-14.976432703,-3.908644903,-0.609756103,0.268825411,0.367872457,0.235003097
1766484206.434807,9260.000000000,1766484206.000000000,-14.748365200,-3.448804326,-0.228658539,0.267297994,0.367872457,0.231910951
1766484206.450234,9261.000000000,1766484206.000000000,-14.216207692,-4.215205287,-0.914634154,0.267297994,0.366339655,0.233457024
1766484206.466689,9262.000000000,1766484206.000000000,-15.356545208,-4.215205287,-0.762195129,0.267297994,0.374003665,0.241187389
1766484206.482096,9263.000000000,1766484206.000000000,-14.520297697,-3.755364710,-0.762195129,0.270352828,0.375536467,0.231910951
1766484206.498515,9264.000000000,1766484206.000000000,-14.216207692,-3.448804326,-0.533536590,0.268825411,0.372470863,0.228818805
1766484206.515185,9265.000000000,1766484206.000000000,-14.900410202,-4.598405768,-0.762195129,0.264243160,0.372470863,0.238095243
1766484206.530427,9266.000000000,1766484206.000000000,-14.292230194,-2.529123172,-0.381097564,0.271880245,0.363274051,0.238095243
1766484206.546849,9267.000000000,1766484206.000000000,-15.052455204,-4.138565191,-0.914634154,0.268825411,0.370938061,0.238095243
1766484206.562402,9268.000000000,1766484206.000000000,-14.748365200,-3.755364710,-0.914634154,0.265770577,0.374003665,0.238095243
1766484206.578991,9269.000000000,1766484206.000000000,-15.052455204,-4.138565191,-0.609756103,0.268825411,0.369405259,0.238095243
1766484206.594223,9270.000000000,1766484206.000000000,-14.900410202,-3.448804326,-0.762195129,0.267297994,0.372470863,0.231910951
1766484206.610736,9271.000000000,1766484206.000000000,-15.052455204,-3.142243941,-0.762195129,0.268825411,0.369405259,0.231910951
1766484206.627106,9272.000000000,1766484206.000000000,-14.900410202,-3.755364710,-0.381097564,0.265770577,0.366339655,0.238095243
1766484206.642469,9273.000000000,1766484206.000000000,-14.824387701,-3.908644903,-0.685975616,0.264243160,0.370938061,0.235003097
1766484206.659071,9274.000000000,1766484206.000000000,-15.128477705,-3.602084518,-0.609756103,0.273407663,0.364806853,0.244279535
1766484206.674383,9275.000000000,1766484206.000000000,-14.824387701,-4.061925095,-0.685975616,0.265770577,0.375536467,0.235003097
1766484206.690773,9276.000000000,1766484206.000000000,-15.052455204,-4.215205287,-0.457317077,0.267297994,0.363274051,0.235003097
1766484206.706221,9277.000000000,1766484206.000000000,-14.900410202,-4.061925095,-0.762195129,0.267297994,0.372470863,0.225726659
1766484206.722620,9278.000000000,1766484206.000000000,-15.356545208,-3.602084518,-1.067073180,0.270352828,0.370938061,0.235003097
1766484206.739105,9279.000000000,1766484206.000000000,-14.748365200,-3.602084518,-0.762195129,0.268825411,0.374003665,0.238095243
1766484206.754257,9280.000000000,1766484206.000000000,-14.900410202,-4.138565191,-0.838414641,0.268825411,0.366339655,0.231910951
1766484206.770501,9281.000000000,1766484206.000000000,-15.356545208,-3.755364710,-0.457317077,0.267297994,0.374003665,0.247371681
1766484206.786735,9282.000000000,1766484206.000000000,-14.672342699,-3.602084518,-0.381097564,0.264243160,0.364806853,0.238095243
1766484206.801958,9283.000000000,1766484206.000000000,-14.292230194,-3.448804326,-0.533536590,0.267297994,0.367872457,0.238095243
1766484206.818166,9284.000000000,1766484206.000000000,-15.204500206,-4.138565191,-0.609756103,0.270352828,0.369405259,0.235003097
1766484206.834443,9285.000000000,1766484206.000000000,-14.672342699,-4.598405768,-0.533536590,0.262715743,0.372470863,0.247371681
1766484206.850708,9286.000000000,1766484206.000000000,-14.672342699,-4.598405768,-0.457317077,0.268825411,0.374003665,0.225726659
1766484206.866932,9287.000000000,1766484206.000000000,-15.812680214,-4.368485479,-0.609756103,0.264243160,0.370938061,0.227272732
1766484206.882075,9288.000000000,1766484206.000000000,-14.824387701,-3.602084518,-0.838414641,0.270352828,0.370938061,0.228818805
1766484206.898419,9289.000000000,1766484206.000000000,-14.596320198,-4.291845383,-0.914634154,0.265770577,0.370938061,0.236549170
1766484206.914770,9290.000000000,1766484206.000000000,-14.824387701,-3.295524133,-0.762195129,0.268825411,0.364806853,0.241187389
1766484206.930115,9291.000000000,1766484206.000000000,-14.900410202,-3.448804326,-0.762195129,0.267297994,0.372470863,0.231910951
1766484206.945795,9292.000000000,1766484206.000000000,-14.444275196,-3.755364710,-0.609756103,0.273407663,0.370938061,0.238095243
1766484206.962615,9293.000000000,1766484206.000000000,-14.748365200,-3.295524133,-0.381097564,0.270352828,0.367872457,0.244279535
1766484206.978173,9294.000000000,1766484206.000000000,-13.988140189,-3.755364710,-0.838414641,0.265770577,0.366339655,0.230364878
1766484206.994461,9295.000000000,1766484206.000000000,-15.052455204,-4.138565191,-0.457317077,0.268825411,0.369405259,0.231910951
1766484207.010801,9296.000000000,1766484207.000000000,-15.812680214,-3.832004806,-0.685975616,0.264243160,0.370938061,0.233457024
1766484207.026137,9297.000000000,1766484207.000000000,-15.356545208,-3.602084518,-0.457317077,0.264243160,0.372470863,0.231910951
1766484207.042554,9298.000000000,1766484207.000000000,-15.052455204,-4.138565191,-0.381097564,0.270352828,0.369405259,0.225726659
1766484207.058082,9299.000000000,1766484207.000000000,-14.672342699,-3.678724614,-0.457317077,0.271880245,0.372470863,0.241187389
1766484207.074284,9300.000000000,1766484207.000000000,-14.064162690,-2.912323653,-0.381097564,0.270352828,0.367872457,0.235003097
1766484207.090580,9301.000000000,1766484207.000000000,-14.444275196,-4.061925095,-0.685975616,0.264243160,0.372470863,0.230364878
1766484207.106037,9302.000000000,1766484207.000000000,-14.444275196,-3.755364710,-0.152439026,0.267297994,0.366339655,0.244279535
1766484207.122537,9303.000000000,1766484207.000000000,-15.204500206,-4.061925095,-0.381097564,0.264243160,0.367872457,0.231910951
1766484207.137850,9304.000000000,1766484207.000000000,-14.824387701,-3.065603845,-0.457317077,0.270352828,0.369405259,0.228818805
1766484207.154481,9305.000000000,1766484207.000000000,-15.128477705,-3.985284999,-0.381097564,0.267297994,0.372470863,0.235003097
1766484207.170829,9306.000000000,1766484207.000000000,-14.824387701,-3.525444422,-0.304878051,0.267297994,0.375536467,0.235003097
1766484207.186331,9307.000000000,1766484207.000000000,-15.204500206,-3.985284999,-0.533536590,0.267297994,0.375536467,0.235003097
1766484207.202677,9308.000000000,1766484207.000000000,-14.672342699,-3.602084518,-0.533536590,0.261188326,0.370938061,0.235003097
1766484207.218099,9309.000000000,1766484207.000000000,-14.520297697,-3.755364710,-0.609756103,0.271880245,0.367872457,0.235003097
1766484207.234435,9310.000000000,1766484207.000000000,-14.900410202,-4.215205287,-0.609756103,0.261188326,0.372470863,0.244279535
1766484207.249849,9311.000000000,1766484207.000000000,-14.672342699,-3.755364710,-0.914634154,0.265770577,0.374003665,0.225726659
1766484207.266320,9312.000000000,1766484207.000000000,-14.748365200,-3.908644903,-0.609756103,0.261188326,0.374003665,0.231910951
1766484207.282683,9313.000000000,1766484207.000000000,-14.900410202,-3.448804326,-0.762195129,0.267297994,0.372470863,0.231910951
1766484207.297918,9314.000000000,1766484207.000000000,-14.748365200,-3.602084518,-0.457317077,0.268825411,0.374003665,0.225726659
1766484207.314400,9315.000000000,1766484207.000000000,-15.204500206,-4.215205287,-0.914634154,0.267297994,0.370938061,0.241187389
1766484207.329771,9316.000000000,1766484207.000000000,-14.976432703,-4.368485479,-0.685975616,0.264243160,0.374003665,0.235003097
1766484207.346235,9317.000000000,1766484207.000000000,-14.748365200,-4.598405768,-0.914634154,0.268825411,0.374003665,0.244279535
1766484207.362487,9318.000000000,1766484207.000000000,-15.128477705,-4.215205287,-0.152439026,0.262715743,0.370938061,0.235003097
1766484207.377999,9319.000000000,1766484207.000000000,-15.356545208,-4.445125575,-0.685975616,0.267297994,0.372470863,0.238095243
1766484207.394460,9320.000000000,1766484207.000000000,-14.976432703,-3.908644903,-0.990853667,0.268825411,0.369405259,0.235003097
1766484207.410044,9321.000000000,1766484207.000000000,-14.748365200,-3.755364710,-0.609756103,0.265770577,0.374003665,0.238095243
1766484207.426681,9322.000000000,1766484207.000000000,-14.900410202,-3.602084518,-0.609756103,0.264243160,0.372470863,0.231910951
1766484207.442336,9323.000000000,1766484207.000000000,-14.900410202,-3.295524133,-0.762195129,0.270352828,0.372470863,0.250463827
1766484207.458019,9324.000000000,1766484207.000000000,-14.824387701,-3.755364710,-0.533536590,0.267297994,0.369405259,0.235003097
1766484207.474580,9325.000000000,1766484207.000000000,-14.748365200,-3.448804326,-0.533536590,0.267297994,0.367872457,0.231910951
1766484207.490287,9326.000000000,1766484207.000000000,-15.356545208,-3.755364710,-0.609756103,0.265770577,0.366339655,0.244279535
1766484207.506011,9327.000000000,1766484207.000000000,-14.368252695,-4.751685960,-0.381097564,0.264243160,0.370938061,0.227272732
1766484207.522500,9328.000000000,1766484207.000000000,-14.672342699,-3.525444422,-0.457317077,0.267297994,0.372470863,0.235003097
1766484207.538469,9329.000000000,1766484207.000000000,-14.900410202,-3.525444422,-0.533536590,0.264243160,0.372470863,0.238095243
1766484207.554120,9330.000000000,1766484207.000000000,-14.976432703,-3.525444422,-0.304878051,0.270352828,0.374003665,0.235003097
1766484207.569719,9331.000000000,1766484207.000000000,-14.520297697,-3.448804326,-0.228658539,0.267297994,0.367872457,0.247371681
1766484207.586449,9332.000000000,1766484207.000000000,-14.520297697,-3.372164230,-0.381097564,0.270352828,0.367872457,0.235003097
1766484207.602048,9333.000000000,1766484207.000000000,-14.824387701,-4.215205287,-0.990853667,0.267297994,0.370938061,0.235003097
1766484207.617754,9334.000000000,1766484207.000000000,-14.216207692,-3.755364710,-0.914634154,0.265770577,0.374003665,0.244279535
1766484207.634517,9335.000000000,1766484207.000000000,-15.204500206,-3.908644903,-0.152439026,0.268825411,0.375536467,0.241187389
1766484207.650378,9336.000000000,1766484207.000000000,-15.052455204,-3.908644903,-0.609756103,0.262715743,0.370938061,0.231910951
1766484207.665792,9337.000000000,1766484207.000000000,-15.356545208,-3.908644903,-0.533536590,0.267297994,0.372470863,0.238095243
1766484207.682744,9338.000000000,1766484207.000000000,-14.596320198,-4.291845383,-0.609756103,0.265770577,0.369405259,0.238095243
1766484207.698137,9339.000000000,1766484207.000000000,-14.444275196,-3.755364710,-0.762195129,0.270352828,0.372470863,0.238095243
1766484207.714803,9340.000000000,1766484207.000000000,-15.128477705,-3.602084518,-0.762195129,0.265770577,0.372470863,0.235003097
1766484207.730619,9341.000000000,1766484207.000000000,-15.356545208,-3.602084518,-0.609756103,0.268825411,0.366339655,0.225726659
1766484207.746545,9342.000000000,1766484207.000000000,-14.520297697,-3.908644903,-0.609756103,0.265770577,0.367872457,0.247371681
1766484207.762317,9343.000000000,1766484207.000000000,-14.596320198,-4.291845383,-0.762195129,0.265770577,0.370938061,0.230364878
1766484207.777898,9344.000000000,1766484207.000000000,-15.508590210,-4.061925095,-0.914634154,0.265770577,0.369405259,0.235003097
1766484207.794490,9345.000000000,1766484207.000000000,-15.204500206,-3.755364710,-0.381097564,0.268825411,0.372470863,0.231910951
1766484207.810157,9346.000000000,1766484207.000000000,-14.748365200,-3.908644903,-0.381097564,0.267297994,0.367872457,0.231910951
1766484207.826678,9347.000000000,1766484207.000000000,-14.672342699,-3.908644903,-0.838414641,0.268825411,0.372470863,0.241187389
1766484207.842450,9348.000000000,1766484207.000000000,-14.596320198,-4.138565191,-0.609756103,0.268825411,0.369405259,0.244279535
1766484207.858206,9349.000000000,1766484207.000000000,-15.204500206,-4.215205287,-0.533536590,0.267297994,0.366339655,0.235003097
1766484207.873756,9350.000000000,1766484207.000000000,-14.976432703,-3.755364710,-0.838414641,0.267297994,0.374003665,0.241187389
1766484207.890465,9351.000000000,1766484207.000000000,-15.052455204,-4.291845383,-0.762195129,0.265770577,0.370938061,0.238095243
1766484207.906013,9352.000000000,1766484207.000000000,-15.660635212,-4.061925095,-0.609756103,0.265770577,0.375536467,0.235003097
1766484207.922535,9353.000000000,1766484207.000000000,-14.976432703,-4.138565191,-0.685975616,0.268825411,0.366339655,0.238095243
1766484207.938211,9354.000000000,1766484207.000000000,-15.356545208,-3.908644903,-0.609756103,0.264243160,0.374003665,0.235003097
1766484207.953766,9355.000000000,1766484207.000000000,-14.596320198,-4.291845383,-0.609756103,0.264243160,0.363274051,0.239641316
1766484207.970680,9356.000000000,1766484207.000000000,-14.520297697,-3.755364710,-0.762195129,0.271880245,0.367872457,0.241187389
1766484207.986231,9357.000000000,1766484207.000000000,-14.824387701,-3.602084518,-0.914634154,0.268825411,0.377069269,0.238095243
1766484208.001895,9358.000000000,1766484208.000000000,-14.976432703,-3.755364710,-0.228658539,0.265770577,0.366339655,0.244279535
1766484208.018736,9359.000000000,1766484208.000000000,-14.824387701,-3.755364710,-0.152439026,0.264243160,0.369405259,0.235003097
1766484208.034505,9360.000000000,1766484208.000000000,-15.660635212,-4.061925095,-0.457317077,0.270352828,0.374003665,0.244279535
1766484208.050364,9361.000000000,1766484208.000000000,-15.356545208,-4.215205287,-0.381097564,0.267297994,0.374003665,0.222634513
1766484208.066047,9362.000000000,1766484208.000000000,-14.824387701,-3.832004806,-0.457317077,0.264243160,0.370938061,0.235003097
1766484208.081659,9363.000000000,1766484208.000000000,-14.748365200,-3.448804326,-0.457317077,0.267297994,0.367872457,0.238095243
1766484208.098300,9364.000000000,1766484208.000000000,-14.976432703,-4.598405768,-0.152439026,0.270352828,0.366339655,0.230364878
1766484208.113772,9365.000000000,1766484208.000000000,-14.596320198,-4.215205287,-0.914634154,0.268825411,0.370938061,0.231910951
1766484208.130538,9366.000000000,1766484208.000000000,-14.596320198,-3.602084518,-0.762195129,0.268825411,0.370938061,0.231910951
1766484208.146091,9367.000000000,1766484208.000000000,-14.672342699,-3.448804326,-0.685975616,0.268825411,0.370938061,0.241187389
1766484208.161739,9368.000000000,1766484208.000000000,-15.508590210,-2.988963749,-0.533536590,0.271880245,0.369405259,0.225726659
1766484208.178700,9369.000000000,1766484208.000000000,-15.128477705,-3.755364710,-0.457317077,0.262715743,0.372470863,0.228818805
1766484208.194166,9370.000000000,1766484208.000000000,-15.128477705,-3.295524133,-0.457317077,0.267297994,0.377069269,0.241187389
1766484208.209632,9371.000000000,1766484208.000000000,-15.052455204,-4.138565191,-0.762195129,0.268825411,0.369405259,0.244279535
1766484208.226249,9372.000000000,1766484208.000000000,-14.748365200,-3.448804326,-0.685975616,0.267297994,0.367872457,0.238095243
1766484208.241841,9373.000000000,1766484208.000000000,-14.900410202,-3.755364710,-0.533536590,0.265770577,0.366339655,0.231910951
1766484208.258687,9374.000000000,1766484208.000000000,-15.204500206,-3.908644903,-0.457317077,0.267297994,0.367872457,0.244279535
1766484208.274304,9375.000000000,1766484208.000000000,-14.672342699,-2.988963749,-0.838414641,0.268825411,0.370938061,0.241187389
1766484208.289637,9376.000000000,1766484208.000000000,-14.596320198,-3.908644903,-0.609756103,0.261188326,0.369405259,0.225726659
1766484208.306520,9377.000000000,1766484208.000000000,-14.976432703,-4.138565191,-0.381097564,0.268825411,0.366339655,0.250463827
1766484208.322219,9378.000000000,1766484208.000000000,-14.824387701,-3.755364710,-0.685975616,0.267297994,0.369405259,0.228818805
1766484208.337746,9379.000000000,1766484208.000000000,-14.292230194,-3.448804326,-0.533536590,0.267297994,0.367872457,0.238095243
1766484208.353469,9380.000000000,1766484208.000000000,-14.748365200,-3.602084518,-0.914634154,0.268825411,0.374003665,0.244279535
1766484208.370490,9381.000000000,1766484208.000000000,-15.204500206,-3.755364710,-0.381097564,0.267297994,0.366339655,0.235003097
1766484208.385971,9382.000000000,1766484208.000000000,-14.900410202,-3.602084518,-0.685975616,0.268825411,0.366339655,0.244279535
1766484208.401564,9383.000000000,1766484208.000000000,-13.988140189,-3.295524133,-0.914634154,0.271880245,0.367872457,0.235003097
1766484208.418496,9384.000000000,1766484208.000000000,-15.356545208,-4.368485479,-0.381097564,0.268825411,0.364806853,0.235003097
1766484208.433832,9385.000000000,1766484208.000000000,-15.052455204,-4.138565191,-0.762195129,0.264243160,0.375536467,0.238095243
1766484208.449563,9386.000000000,1766484208.000000000,-15.052455204,-4.445125575,-0.609756103,0.268825411,0.367872457,0.228818805
1766484208.466559,9387.000000000,1766484208.000000000,-15.052455204,-3.755364710,-0.762195129,0.265770577,0.370938061,0.231910951
1766484208.482101,9388.000000000,1766484208.000000000,-14.824387701,-3.755364710,-0.685975616,0.267297994,0.370938061,0.241187389
1766484208.497516,9389.000000000,1766484208.000000000,-14.824387701,-3.755364710,-0.685975616,0.267297994,0.369405259,0.241187389
1766484208.514233,9390.000000000,1766484208.000000000,-14.444275196,-3.908644903,-0.609756103,0.268825411,0.364806853,0.247371681
1766484208.530089,9391.000000000,1766484208.000000000,-14.976432703,-2.682403364,-0.838414641,0.267297994,0.374003665,0.241187389
1766484208.545619,9392.000000000,1766484208.000000000,-14.672342699,-4.215205287,-0.381097564,0.262715743,0.370938061,0.235003097
1766484208.561496,9393.000000000,1766484208.000000000,-15.204500206,-4.138565191,-0.609756103,0.270352828,0.369405259,0.235003097
1766484208.578191,9394.000000000,1766484208.000000000,-15.204500206,-3.908644903,-0.609756103,0.268825411,0.375536467,0.235003097
1766484208.593779,9395.000000000,1766484208.000000000,-14.596320198,-3.755364710,-0.762195129,0.265770577,0.370938061,0.250463827
1766484208.609242,9396.000000000,1766484208.000000000,-14.444275196,-3.602084518,-0.838414641,0.268825411,0.366339655,0.244279535
1766484208.625758,9397.000000000,1766484208.000000000,-14.900410202,-2.529123172,-0.457317077,0.277989914,0.370938061,0.245825608
1766484208.641622,9398.000000000,1766484208.000000000,-14.596320198,-4.138565191,-0.914634154,0.268825411,0.370938061,0.244279535
1766484208.658139,9399.000000000,1766484208.000000000,-14.900410202,-3.602084518,-0.990853667,0.268825411,0.366339655,0.231910951
1766484208.673999,9400.000000000,1766484208.000000000,-14.596320198,-4.751685960,-0.685975616,0.265770577,0.370938061,0.236549170
1766484208.689371,9401.000000000,1766484208.000000000,-15.508590210,-4.598405768,-0.838414641,0.268825411,0.370938061,0.238095243
1766484208.705390,9402.000000000,1766484208.000000000,-14.900410202,-3.755364710,-0.609756103,0.270352828,0.372470863,0.238095243
1766484208.721951,9403.000000000,1766484208.000000000,-14.824387701,-4.291845383,-0.381097564,0.267297994,0.369405259,0.235003097
1766484208.737609,9404.000000000,1766484208.000000000,-14.976432703,-4.138565191,-0.381097564,0.268825411,0.366339655,0.238095243
1766484208.753195,9405.000000000,1766484208.000000000,-14.444275196,-3.142243941,-0.381097564,0.270352828,0.372470863,0.241187389
1766484208.769299,9406.000000000,1766484208.000000000,-14.520297697,-3.908644903,-0.609756103,0.268825411,0.367872457,0.241187389
1766484208.785167,9407.000000000,1766484208.000000000,-14.444275196,-3.448804326,-0.457317077,0.267297994,0.370938061,0.238095243
1766484208.801625,9408.000000000,1766484208.000000000,-15.052455204,-4.904966152,-0.381097564,0.265770577,0.367872457,0.233457024
1766484208.817888,9409.000000000,1766484208.000000000,-15.356545208,-4.751685960,-0.533536590,0.267297994,0.374003665,0.241187389
1766484208.834158,9410.000000000,1766484208.000000000,-14.900410202,-3.908644903,-0.762195129,0.267297994,0.372470863,0.238095243
1766484208.849360,9411.000000000,1766484208.000000000,-15.052455204,-3.602084518,-0.609756103,0.264243160,0.375536467,0.238095243
1766484208.865672,9412.000000000,1766484208.000000000,-14.140185191,-3.448804326,-0.533536590,0.267297994,0.364806853,0.244279535
1766484208.881261,9413.000000000,1766484208.000000000,-14.444275196,-4.061925095,-0.381097564,0.271880245,0.366339655,0.238095243
1766484208.897902,9414.000000000,1766484208.000000000,-14.748365200,-3.602084518,-0.762195129,0.268825411,0.374003665,0.238095243
1766484208.913412,9415.000000000,1766484208.000000000,-14.596320198,-3.295524133,-0.685975616,0.265770577,0.369405259,0.248917754
1766484208.930371,9416.000000000,1766484208.000000000,-14.900410202,-3.755364710,-0.685975616,0.265770577,0.377069269,0.230364878
1766484208.946175,9417.000000000,1766484208.000000000,-14.444275196,-4.138565191,-0.609756103,0.268825411,0.366339655,0.236549170
1766484208.961785,9418.000000000,1766484208.000000000,-14.976432703,-3.755364710,-0.609756103,0.265770577,0.374003665,0.227272732
1766484208.977460,9419.000000000,1766484208.000000000,-14.596320198,-4.291845383,-0.685975616,0.265770577,0.369405259,0.236549170
1766484208.994210,9420.000000000,1766484208.000000000,-14.444275196,-3.295524133,-0.838414641,0.268825411,0.372470863,0.242733462
1766484209.009506,9421.000000000,1766484209.000000000,-14.596320198,-2.988963749,-0.685975616,0.259660909,0.369405259,0.236549170
1766484209.025397,9422.000000000,1766484209.000000000,-14.976432703,-3.602084518,-0.685975616,0.268825411,0.366339655,0.244279535
1766484209.042404,9423.000000000,1766484209.000000000,-14.064162690,-3.908644903,-0.457317077,0.268825411,0.367872457,0.241187389
1766484209.057721,9424.000000000,1766484209.000000000,-14.520297697,-2.988963749,-0.457317077,0.265770577,0.367872457,0.241187389
1766484209.074269,9425.000000000,1766484209.000000000,-15.128477705,-3.908644903,-0.457317077,0.268825411,0.372470863,0.235003097
1766484209.089472,9426.000000000,1766484209.000000000,-14.444275196,-3.755364710,-0.990853667,0.267297994,0.374003665,0.241187389
1766484209.105641,9427.000000000,1766484209.000000000,-14.748365200,-3.908644903,-0.533536590,0.267297994,0.367872457,0.238095243
1766484209.121849,9428.000000000,1766484209.000000000,-14.976432703,-3.755364710,-0.914634154,0.265770577,0.374003665,0.239641316
1766484209.137137,9429.000000000,1766484209.000000000,-14.976432703,-3.755364710,-0.914634154,0.265770577,0.374003665,0.239641316
1766484209.153483,9430.000000000,1766484209.000000000,-14.748365200,-2.375842980,-0.990853667,0.268825411,0.367872457,0.239641316
1766484209.169708,9431.000000000,1766484209.000000000,-14.900410202,-3.908644903,-0.685975616,0.268825411,0.364806853,0.239641316
1766484209.185279,9432.000000000,1766484209.000000000,-15.356545208,-3.602084518,-0.381097564,0.268825411,0.369405259,0.239641316
1766484209.201669,9433.000000000,1766484209.000000000,-15.508590210,-3.755364710,-0.609756103,0.265770577,0.370938061,0.230364878
1766484209.217975,9434.000000000,1766484209.000000000,-14.292230194,-3.755364710,-0.914634154,0.265770577,0.370938061,0.239641316
1766484209.233643,9435.000000000,1766484209.000000000,-14.900410202,-4.291845383,-0.609756103,0.265770577,0.366339655,0.224180586
1766484209.249397,9436.000000000,1766484209.000000000,-15.356545208,-3.908644903,-0.457317077,0.268825411,0.364806853,0.227272732
1766484209.265283,9437.000000000,1766484209.000000000,-14.976432703,-3.755364710,-0.914634154,0.265770577,0.374003665,0.227272732
1766484209.281974,9438.000000000,1766484209.000000000,-14.748365200,-3.295524133,-0.609756103,0.268825411,0.367872457,0.236549170
1766484209.297629,9439.000000000,1766484209.000000000,-14.748365200,-4.215205287,-0.381097564,0.265770577,0.366339655,0.239641316
1766484209.313357,9440.000000000,1766484209.000000000,-14.672342699,-3.908644903,-0.990853667,0.268825411,0.372470863,0.247371681
1766484209.329324,9441.000000000,1766484209.000000000,-15.356545208,-4.445125575,-0.685975616,0.267297994,0.372470863,0.238095243
1766484209.345952,9442.000000000,1766484209.000000000,-15.204500206,-3.142243941,-0.838414641,0.268825411,0.374003665,0.231910951
1766484209.361548,9443.000000000,1766484209.000000000,-15.128477705,-4.368485479,-0.914634154,0.268825411,0.372470863,0.247371681
1766484209.377454,9444.000000000,1766484209.000000000,-15.204500206,-3.908644903,-0.609756103,0.264243160,0.369405259,0.241187389
1766484209.394250,9445.000000000,1766484209.000000000,-14.368252695,-3.602084518,-0.533536590,0.270352828,0.369405259,0.247371681
1766484209.409656,9446.000000000,1766484209.000000000,-14.824387701,-3.755364710,-0.685975616,0.267297994,0.369405259,0.241187389
1766484209.425289,9447.000000000,1766484209.000000000,-14.520297697,-3.218884037,-0.609756103,0.267297994,0.374003665,0.241187389
1766484209.441823,9448.000000000,1766484209.000000000,-14.292230194,-4.138565191,-0.304878051,0.273407663,0.367872457,0.238095243
1766484209.457006,9449.000000000,1766484209.000000000,-15.052455204,-4.215205287,-0.304878051,0.267297994,0.377069269,0.228818805
1766484209.473396,9450.000000000,1766484209.000000000,-15.052455204,-3.602084518,-0.381097564,0.264243160,0.375536467,0.238095243
1766484209.489775,9451.000000000,1766484209.000000000,-14.292230194,-3.908644903,-0.533536590,0.267297994,0.369405259,0.238095243
1766484209.506116,9452.000000000,1766484209.000000000,-15.204500206,-3.448804326,-0.076219513,0.267297994,0.367872457,0.231910951
1766484209.521338,9453.000000000,1766484209.000000000,-15.052455204,-2.988963749,-0.762195129,0.271880245,0.369405259,0.225726659
1766484209.537708,9454.000000000,1766484209.000000000,-14.444275196,-4.138565191,-0.533536590,0.268825411,0.366339655,0.238095243
1766484209.553131,9455.000000000,1766484209.000000000,-15.128477705,-3.908644903,-0.762195129,0.265770577,0.372470863,0.241187389
1766484209.569882,9456.000000000,1766484209.000000000,-14.672342699,-4.598405768,-0.609756103,0.267297994,0.366339655,0.233457024
1766484209.585501,9457.000000000,1766484209.000000000,-15.356545208,-4.215205287,-0.457317077,0.267297994,0.369405259,0.235003097
1766484209.601220,9458.000000000,1766484209.000000000,-15.052455204,-4.291845383,-0.762195129,0.265770577,0.370938061,0.238095243
1766484209.617917,9459.000000000,1766484209.000000000,-15.356545208,-3.908644903,-0.457317077,0.267297994,0.372470863,0.231910951
1766484209.633477,9460.000000000,1766484209.000000000,-14.976432703,-3.832004806,-0.533536590,0.270352828,0.367872457,0.228818805
1766484209.649253,9461.000000000,1766484209.000000000,-14.748365200,-3.448804326,-0.152439026,0.267297994,0.367872457,0.238095243
1766484209.665161,9462.000000000,1766484209.000000000,-14.596320198,-3.448804326,-0.304878051,0.267297994,0.364806853,0.238095243
1766484209.681929,9463.000000000,1766484209.000000000,-14.368252695,-4.291845383,-0.381097564,0.270352828,0.364806853,0.227272732
1766484209.697646,9464.000000000,1766484209.000000000,-14.368252695,-3.218884037,-0.304878051,0.267297994,0.369405259,0.235003097
1766484209.713210,9465.000000000,1766484209.000000000,-14.976432703,-4.445125575,-0.228658539,0.267297994,0.367872457,0.228818805
1766484209.729982,9466.000000000,1766484209.000000000,-15.660635212,-3.985284999,-0.381097564,0.267297994,0.375536467,0.235003097
1766484209.745459,9467.000000000,1766484209.000000000,-15.052455204,-3.908644903,-0.533536590,0.271880245,0.370938061,0.238095243
1766484209.761171,9468.000000000,1766484209.000000000,-14.444275196,-3.755364710,-0.533536590,0.270352828,0.372470863,0.238095243
1766484209.778098,9469.000000000,1766484209.000000000,-13.988140189,-3.602084518,-0.457317077,0.270352828,0.366339655,0.244279535
1766484209.793506,9470.000000000,1766484209.000000000,-14.596320198,-4.138565191,-0.076219513,0.270352828,0.369405259,0.244279535
1766484209.809039,9471.000000000,1766484209.000000000,-14.444275196,-3.755364710,-0.533536590,0.270352828,0.372470863,0.238095243
1766484209.825866,9472.000000000,1766484209.000000000,-14.596320198,-3.755364710,-0.609756103,0.268825411,0.369405259,0.225726659
1766484209.841481,9473.000000000,1766484209.000000000,-14.748365200,-4.061925095,-0.457317077,0.271880245,0.374003665,0.225726659
1766484209.856963,9474.000000000,1766484209.000000000,-15.204500206,-3.755364710,-0.457317077,0.271880245,0.375536467,0.247371681
1766484209.873673,9475.000000000,1766484209.000000000,-14.900410202,-3.908644903,-0.609756103,0.267297994,0.372470863,0.231910951
1766484209.889385,9476.000000000,1766484209.000000000,-15.128477705,-3.755364710,-0.685975616,0.265770577,0.370938061,0.244279535
1766484209.904969,9477.000000000,1766484209.000000000,-14.520297697,-3.602084518,-0.914634154,0.270352828,0.363274051,0.235003097
1766484209.921906,9478.000000000,1766484209.000000000,-14.672342699,-3.908644903,-0.228658539,0.273407663,0.366339655,0.235003097
1766484209.937521,9479.000000000,1766484209.000000000,-14.748365200,-3.908644903,-0.609756103,0.267297994,0.367872457,0.250463827
1766484209.953359,9480.000000000,1766484209.000000000,-14.672342699,-3.678724614,-0.228658539,0.267297994,0.366339655,0.241187389
1766484209.968972,9481.000000000,1766484209.000000000,-14.824387701,-3.372164230,-0.304878051,0.267297994,0.367872457,0.244279535
1766484209.985660,9482.000000000,1766484209.000000000,-14.748365200,-3.908644903,-0.533536590,0.267297994,0.369405259,0.231910951
1766484210.001366,9483.000000000,1766484210.000000000,-14.900410202,-3.832004806,-0.381097564,0.270352828,0.370938061,0.238095243
1766484210.017408,9484.000000000,1766484210.000000000,-15.356545208,-3.525444422,-0.457317077,0.264243160,0.372470863,0.244279535
1766484210.033151,9485.000000000,1766484210.000000000,-14.748365200,-4.061925095,0.000000000,0.264243160,0.367872457,0.231910951
1766484210.049719,9486.000000000,1766484210.000000000,-14.824387701,-3.678724614,-0.304878051,0.267297994,0.369405259,0.247371681
1766484210.065489,9487.000000000,1766484210.000000000,-15.052455204,-3.525444422,-0.381097564,0.270352828,0.363274051,0.228818805
1766484210.081389,9488.000000000,1766484210.000000000,-14.596320198,-3.142243941,-0.381097564,0.270352828,0.369405259,0.244279535
1766484210.097220,9489.000000000,1766484210.000000000,-14.672342699,-3.985284999,-0.685975616,0.270352828,0.366339655,0.235003097
1766484210.113858,9490.000000000,1766484210.000000000,-14.900410202,-3.448804326,-0.533536590,0.267297994,0.372470863,0.231910951
1766484210.129494,9491.000000000,1766484210.000000000,-14.748365200,-3.448804326,-0.609756103,0.262715743,0.374003665,0.238095243
1766484210.145190,9492.000000000,1766484210.000000000,-14.976432703,-3.602084518,-0.609756103,0.265770577,0.367872457,0.235003097
1766484210.161973,9493.000000000,1766484210.000000000,-14.596320198,-4.138565191,-0.457317077,0.268825411,0.369405259,0.238095243
1766484210.177759,9494.000000000,1766484210.000000000,-14.520297697,-4.215205287,-0.457317077,0.262715743,0.367872457,0.233457024
1766484210.193338,9495.000000000,1766484210.000000000,-15.128477705,-3.908644903,-0.609756103,0.268825411,0.372470863,0.241187389
1766484210.208694,9496.000000000,1766484210.000000000,-14.824387701,-4.138565191,-0.685975616,0.270352828,0.369405259,0.228818805
1766484210.225470,9497.000000000,1766484210.000000000,-15.128477705,-4.368485479,-0.685975616,0.268825411,0.372470863,0.233457024
1766484210.241400,9498.000000000,1766484210.000000000,-14.900410202,-4.061925095,-0.838414641,0.265770577,0.372470863,0.224180586
1766484210.257345,9499.000000000,1766484210.000000000,-14.748365200,-4.215205287,-0.914634154,0.265770577,0.370938061,0.239641316
1766484210.273003,9500.000000000,1766484210.000000000,-14.748365200,-4.215205287,-0.914634154,0.265770577,0.370938061,0.239641316
1766484210.289813,9501.000000000,1766484210.000000000,-14.292230194,-3.602084518,-0.914634154,0.265770577,0.375536467,0.239641316
1766484210.305369,9502.000000000,1766484210.000000000,-14.444275196,-3.602084518,-0.533536590,0.271880245,0.372470863,0.242733462
1766484210.321203,9503.000000000,1766484210.000000000,-14.596320198,-3.295524133,-0.914634154,0.270352828,0.372470863,0.239641316
1766484210.337784,9504.000000000,1766484210.000000000,-14.900410202,-4.368485479,-0.838414641,0.268825411,0.372470863,0.236549170
1766484210.353323,9505.000000000,1766484210.000000000,-14.596320198,-3.908644903,-0.762195129,0.268825411,0.372470863,0.245825608
1766484210.369195,9506.000000000,1766484210.000000000,-15.052455204,-3.908644903,-0.990853667,0.265770577,0.375536467,0.236549170
1766484210.384664,9507.000000000,1766484210.000000000,-15.812680214,-4.061925095,-0.685975616,0.268825411,0.370938061,0.238095243
1766484210.401459,9508.000000000,1766484210.000000000,-14.748365200,-3.755364710,-0.762195129,0.265770577,0.370938061,0.227272732
1766484210.416966,9509.000000000,1766484210.000000000,-14.976432703,-3.448804326,-0.685975616,0.268825411,0.367872457,0.239641316
1766484210.433754,9510.000000000,1766484210.000000000,-13.836095187,-4.061925095,-0.838414641,0.265770577,0.364806853,0.239641316
1766484210.449430,9511.000000000,1766484210.000000000,-14.140185191,-3.142243941,-0.533536590,0.268825411,0.369405259,0.242733462
1766484210.465099,9512.000000000,1766484210.000000000,-14.140185191,-3.142243941,-0.990853667,0.268825411,0.366339655,0.239641316
1766484210.480533,9513.000000000,1766484210.000000000,-14.748365200,-2.988963749,-0.914634154,0.265770577,0.367872457,0.236549170
1766484210.497460,9514.000000000,1766484210.000000000,-15.052455204,-3.755364710,-0.685975616,0.268825411,0.375536467,0.242733462
1766484210.512910,9515.000000000,1766484210.000000000,-14.976432703,-4.291845383,-0.609756103,0.265770577,0.374003665,0.233457024
1766484210.529801,9516.000000000,1766484210.000000000,-14.444275196,-3.448804326,-0.609756103,0.267297994,0.372470863,0.231910951
1766484210.545565,9517.000000000,1766484210.000000000,-14.976432703,-4.061925095,-0.304878051,0.265770577,0.367872457,0.228818805
1766484210.561535,9518.000000000,1766484210.000000000,-15.356545208,-3.908644903,-0.762195129,0.271880245,0.366339655,0.244279535
1766484210.577394,9519.000000000,1766484210.000000000,-14.368252695,-3.295524133,-0.533536590,0.264243160,0.369405259,0.241187389
1766484210.592903,9520.000000000,1766484210.000000000,-14.520297697,-3.755364710,-0.304878051,0.262715743,0.367872457,0.235003097
1766484210.609616,9521.000000000,1766484210.000000000,-14.596320198,-3.602084518,-0.609756103,0.268825411,0.369405259,0.250463827
1766484210.625188,9522.000000000,1766484210.000000000,-14.672342699,-3.448804326,0.000000000,0.267297994,0.364806853,0.238095243
1766484210.640848,9523.000000000,1766484210.000000000,-14.976432703,-3.985284999,-0.381097564,0.267297994,0.367872457,0.228818805
1766484210.656553,9524.000000000,1766484210.000000000,-15.052455204,-3.908644903,-0.228658539,0.267297994,0.375536467,0.231910951
1766484210.673576,9525.000000000,1766484210.000000000,-14.824387701,-4.291845383,-0.457317077,0.264243160,0.369405259,0.227272732
1766484210.689157,9526.000000000,1766484210.000000000,-15.508590210,-3.602084518,-0.152439026,0.270352828,0.369405259,0.231910951
1766484210.704618,9527.000000000,1766484210.000000000,-14.292230194,-3.678724614,-0.304878051,0.264243160,0.375536467,0.235003097
1766484210.721062,9528.000000000,1766484210.000000000,-14.444275196,-3.755364710,-0.457317077,0.267297994,0.366339655,0.231910951
1766484210.737504,9529.000000000,1766484210.000000000,-14.368252695,-3.908644903,-0.838414641,0.264243160,0.370938061,0.235003097
1766484210.752629,9530.000000000,1766484210.000000000,-15.052455204,-3.602084518,-0.762195129,0.268825411,0.370938061,0.238095243
1766484210.768934,9531.000000000,1766484210.000000000,-15.356545208,-4.138565191,-0.762195129,0.270352828,0.374003665,0.235003097
1766484210.785235,9532.000000000,1766484210.000000000,-14.672342699,-3.602084518,-0.685975616,0.265770577,0.372470863,0.235003097
1766484210.800401,9533.000000000,1766484210.000000000,-15.204500206,-3.448804326,-0.609756103,0.267297994,0.367872457,0.231910951
1766484210.816759,9534.000000000,1766484210.000000000,-14.900410202,-4.445125575,-0.914634154,0.267297994,0.372470863,0.238095243
1766484210.833069,9535.000000000,1766484210.000000000,-14.520297697,-4.445125575,-0.990853667,0.268825411,0.369405259,0.233457024
1766484210.849336,9536.000000000,1766484210.000000000,-14.444275196,-3.908644903,-0.609756103,0.267297994,0.372470863,0.238095243
1766484210.864422,9537.000000000,1766484210.000000000,-15.052455204,-3.755364710,-0.914634154,0.265770577,0.370938061,0.238095243
1766484210.880416,9538.000000000,1766484210.000000000,-14.748365200,-4.904966152,-0.609756103,0.267297994,0.367872457,0.230364878
1766484210.896720,9539.000000000,1766484210.000000000,-14.596320198,-4.445125575,-0.304878051,0.262715743,0.369405259,0.231910951
1766484210.913144,9540.000000000,1766484210.000000000,-14.748365200,-3.755364710,-0.762195129,0.267297994,0.366339655,0.241187389
1766484210.929310,9541.000000000,1766484210.000000000,-15.356545208,-3.678724614,-0.533536590,0.267297994,0.370938061,0.241187389
1766484210.944095,9542.000000000,1766484210.000000000,-14.596320198,-3.372164230,-0.533536590,0.261188326,0.369405259,0.238095243
1766484210.961564,9543.000000000,1766484210.000000000,-14.292230194,-4.445125575,-0.304878051,0.267297994,0.367872457,0.238095243
1766484210.976975,9544.000000000,1766484210.000000000,-14.824387701,-3.525444422,-0.457317077,0.270352828,0.369405259,0.247371681
1766484210.993143,9545.000000000,1766484210.000000000,-15.204500206,-3.908644903,-0.228658539,0.267297994,0.367872457,0.244279535
1766484211.008309,9546.000000000,1766484211.000000000,-14.444275196,-4.598405768,-0.457317077,0.270352828,0.366339655,0.236549170
1766484211.024818,9547.000000000,1766484211.000000000,-14.824387701,-3.832004806,-0.304878051,0.264243160,0.369405259,0.228818805
1766484211.041269,9548.000000000,1766484211.000000000,-14.900410202,-4.368485479,-0.228658539,0.267297994,0.372470863,0.231910951
1766484211.056283,9549.000000000,1766484211.000000000,-15.052455204,-4.061925095,-0.381097564,0.270352828,0.370938061,0.238095243
1766484211.072631,9550.000000000,1766484211.000000000,-14.672342699,-3.525444422,-0.228658539,0.270352828,0.366339655,0.247371681
1766484211.089206,9551.000000000,1766484211.000000000,-14.596320198,-3.142243941,-0.381097564,0.270352828,0.369405259,0.231910951
1766484211.105257,9552.000000000,1766484211.000000000,-14.976432703,-3.678724614,-0.609756103,0.267297994,0.374003665,0.241187389
1766484211.120492,9553.000000000,1766484211.000000000,-14.748365200,-3.832004806,0.000000000,0.270352828,0.367872457,0.231910951
1766484211.136838,9554.000000000,1766484211.000000000,-15.052455204,-3.755364710,-0.457317077,0.267297994,0.369405259,0.244279535
1766484211.153167,9555.000000000,1766484211.000000000,-14.900410202,-3.908644903,-0.228658539,0.267297994,0.367872457,0.238095243
1766484211.168260,9556.000000000,1766484211.000000000,-14.900410202,-4.215205287,-0.533536590,0.267297994,0.370938061,0.228818805
1766484211.184584,9557.000000000,1766484211.000000000,-14.976432703,-3.525444422,-0.381097564,0.270352828,0.374003665,0.241187389
1766484211.200894,9558.000000000,1766484211.000000000,-14.596320198,-4.138565191,-0.381097564,0.267297994,0.374003665,0.235003097
1766484211.217281,9559.000000000,1766484211.000000000,-14.748365200,-3.525444422,-0.533536590,0.267297994,0.372470863,0.241187389
1766484211.232232,9560.000000000,1766484211.000000000,-14.596320198,-4.061925095,-0.457317077,0.270352828,0.370938061,0.250463827
1766484211.248410,9561.000000000,1766484211.000000000,-14.292230194,-3.755364710,-0.076219513,0.270352828,0.367872457,0.244279535
1766484211.264859,9562.000000000,1766484211.000000000,-14.444275196,-3.602084518,-0.152439026,0.273407663,0.372470863,0.244279535
1766484211.281057,9563.000000000,1766484211.000000000,-14.596320198,-3.525444422,-0.381097564,0.270352828,0.377069269,0.241187389
1766484211.296177,9564.000000000,1766484211.000000000,-15.356545208,-3.985284999,-0.304878051,0.267297994,0.375536467,0.228818805
1766484211.312521,9565.000000000,1766484211.000000000,-14.596320198,-4.445125575,-0.457317077,0.267297994,0.367872457,0.247371681
1766484211.328736,9566.000000000,1766484211.000000000,-14.824387701,-3.525444422,-0.457317077,0.270352828,0.369405259,0.235003097
1766484211.345176,9567.000000000,1766484211.000000000,-15.052455204,-3.142243941,-0.381097564,0.270352828,0.369405259,0.225726659
1766484211.360174,9568.000000000,1766484211.000000000,-14.748365200,-4.521765672,-0.304878051,0.264243160,0.367872457,0.224180586
1766484211.376794,9569.000000000,1766484211.000000000,-14.900410202,-3.908644903,-0.685975616,0.267297994,0.372470863,0.244279535
1766484211.392151,9570.000000000,1766484211.000000000,-14.824387701,-3.678724614,-0.304878051,0.267297994,0.369405259,0.235003097
1766484211.408615,9571.000000000,1766484211.000000000,-15.660635212,-4.061925095,-0.304878051,0.264243160,0.378602070,0.231910951
1766484211.424323,9572.000000000,1766484211.000000000,-15.052455204,-4.368485479,-0.533536590,0.264243160,0.370938061,0.230364878
1766484211.440602,9573.000000000,1766484211.000000000,-14.520297697,-3.832004806,-0.533536590,0.270352828,0.367872457,0.235003097
1766484211.456685,9574.000000000,1766484211.000000000,-14.596320198,-3.218884037,-0.381097564,0.267297994,0.369405259,0.238095243
1766484211.472385,9575.000000000,1766484211.000000000,-14.216207692,-3.525444422,-0.228658539,0.270352828,0.366339655,0.241187389
1766484211.488155,9576.000000000,1766484211.000000000,-14.976432703,-3.985284999,-0.762195129,0.270352828,0.374003665,0.247371681
1766484211.504778,9577.000000000,1766484211.000000000,-14.292230194,-3.525444422,0.000000000,0.264243160,0.367872457,0.244279535
1766484211.520287,9578.000000000,1766484211.000000000,-15.204500206,-3.295524133,-0.457317077,0.267297994,0.374003665,0.231910951
1766484211.537273,9579.000000000,1766484211.000000000,-14.444275196,-3.525444422,-0.685975616,0.264243160,0.372470863,0.238095243
1766484211.552935,9580.000000000,1766484211.000000000,-15.204500206,-4.598405768,-0.228658539,0.264243160,0.375536467,0.233457024
1766484211.568515,9581.000000000,1766484211.000000000,-15.204500206,-4.368485479,-0.228658539,0.267297994,0.367872457,0.238095243
1766484211.584301,9582.000000000,1766484211.000000000,-14.748365200,-3.755364710,-0.381097564,0.267297994,0.374003665,0.238095243
1766484211.600121,9583.000000000,1766484211.000000000,-15.204500206,-3.908644903,-0.076219513,0.267297994,0.367872457,0.238095243
1766484211.616898,9584.000000000,1766484211.000000000,-15.356545208,-4.291845383,-0.076219513,0.264243160,0.374003665,0.241187389
1766484211.632529,9585.000000000,1766484211.000000000,-14.444275196,-3.525444422,-0.533536590,0.270352828,0.374003665,0.241187389
1766484211.648882,9586.000000000,1766484211.000000000,-14.748365200,-4.368485479,-0.228658539,0.267297994,0.367872457,0.244279535
1766484211.664382,9587.000000000,1766484211.000000000,-14.900410202,-4.291845383,-0.381097564,0.264243160,0.370938061,0.241187389
1766484211.680880,9588.000000000,1766484211.000000000,-15.052455204,-3.908644903,-0.762195129,0.267297994,0.375536467,0.244279535
1766484211.696180,9589.000000000,1766484211.000000000,-14.976432703,-3.832004806,-0.381097564,0.264243160,0.374003665,0.228818805
1766484211.712583,9590.000000000,1766484211.000000000,-14.596320198,-3.755364710,-0.533536590,0.264243160,0.374003665,0.241187389
1766484211.728825,9591.000000000,1766484211.000000000,-14.596320198,-3.295524133,-0.152439026,0.267297994,0.369405259,0.244279535
1766484211.744026,9592.000000000,1766484211.000000000,-14.748365200,-3.755364710,-0.381097564,0.270352828,0.367872457,0.238095243
1766484211.760347,9593.000000000,1766484211.000000000,-14.748365200,-3.372164230,-0.381097564,0.270352828,0.375536467,0.235003097
1766484211.776681,9594.000000000,1766484211.000000000,-14.900410202,-3.372164230,-0.457317077,0.267297994,0.372470863,0.244279535
1766484211.792995,9595.000000000,1766484211.000000000,-15.356545208,-3.985284999,-0.304878051,0.267297994,0.375536467,0.228818805
1766484211.808367,9596.000000000,1766484211.000000000,-14.976432703,-4.138565191,-0.533536590,0.267297994,0.374003665,0.235003097
1766484211.824805,9597.000000000,1766484211.000000000,-14.444275196,-4.215205287,-0.228658539,0.267297994,0.366339655,0.219542367
1766484211.840478,9598.000000000,1766484211.000000000,-15.204500206,-3.678724614,-0.076219513,0.264243160,0.372470863,0.235003097
1766484211.856298,9599.000000000,1766484211.000000000,-14.900410202,-4.291845383,-0.381097564,0.270352828,0.370938061,0.219542367
1766484211.873268,9600.000000000,1766484211.000000000,-14.520297697,-4.291845383,-0.381097564,0.270352828,0.367872457,0.247371681
1766484211.888768,9601.000000000,1766484211.000000000,-14.672342699,-3.525444422,-0.304878051,0.267297994,0.370938061,0.241187389
1766484211.904335,9602.000000000,1766484211.000000000,-15.052455204,-3.832004806,-0.381097564,0.270352828,0.367872457,0.247371681
1766484211.921061,9603.000000000,1766484211.000000000,-15.052455204,-4.138565191,-0.533536590,0.270352828,0.369405259,0.231910951
1766484211.936802,9604.000000000,1766484211.000000000,-15.356545208,-3.448804326,-0.609756103,0.264243160,0.374003665,0.228818805
1766484211.952668,9605.000000000,1766484211.000000000,-14.824387701,-3.755364710,-0.457317077,0.271880245,0.364806853,0.228818805
1766484211.968278,9606.000000000,1766484211.000000000,-14.976432703,-4.215205287,-0.685975616,0.267297994,0.374003665,0.241187389
1766484211.985050,9607.000000000,1766484211.000000000,-14.976432703,-4.138565191,-0.838414641,0.270352828,0.374003665,0.241187389
1766484212.000611,9608.000000000,1766484212.000000000,-14.444275196,-3.295524133,-0.762195129,0.270352828,0.372470863,0.231910951
1766484212.016421,9609.000000000,1766484212.000000000,-15.128477705,-3.908644903,-0.609756103,0.268825411,0.372470863,0.241187389
1766484212.032962,9610.000000000,1766484212.000000000,-14.444275196,-3.448804326,-0.609756103,0.267297994,0.372470863,0.231910951
1766484212.048474,9611.000000000,1766484212.000000000,-15.356545208,-4.215205287,-0.609756103,0.267297994,0.370938061,0.241187389
1766484212.064094,9612.000000000,1766484212.000000000,-14.976432703,-4.061925095,-0.838414641,0.265770577,0.369405259,0.235003097
1766484212.080712,9613.000000000,1766484212.000000000,-14.824387701,-4.215205287,-0.838414641,0.267297994,0.370938061,0.241187389
1766484212.096453,9614.000000000,1766484212.000000000,-14.900410202,-3.908644903,-0.609756103,0.267297994,0.370938061,0.231910951
1766484212.111964,9615.000000000,1766484212.000000000,-15.128477705,-3.448804326,-0.457317077,0.265770577,0.372470863,0.235003097
1766484212.128581,9616.000000000,1766484212.000000000,-14.140185191,-3.295524133,-0.914634154,0.265770577,0.369405259,0.244279535
1766484212.144199,9617.000000000,1766484212.000000000,-14.748365200,-4.061925095,-0.304878051,0.264243160,0.367872457,0.231910951
1766484212.160877,9618.000000000,1766484212.000000000,-15.052455204,-3.602084518,-0.381097564,0.270352828,0.369405259,0.231910951
1766484212.176384,9619.000000000,1766484212.000000000,-14.976432703,-3.525444422,-0.381097564,0.267297994,0.367872457,0.222634513
1766484212.191880,9620.000000000,1766484212.000000000,-14.596320198,-3.755364710,-0.533536590,0.267297994,0.370938061,0.238095243
1766484212.208681,9621.000000000,1766484212.000000000,-14.976432703,-3.985284999,-0.228658539,0.267297994,0.367872457,0.235003097
1766484212.224384,9622.000000000,1766484212.000000000,-15.128477705,-3.372164230,-0.228658539,0.270352828,0.370938061,0.228818805
1766484212.240254,9623.000000000,1766484212.000000000,-14.976432703,-4.215205287,-0.457317077,0.261188326,0.367872457,0.228818805
1766484212.255944,9624.000000000,1766484212.000000000,-14.596320198,-3.755364710,-0.533536590,0.270352828,0.364806853,0.238095243
1766484212.272874,9625.000000000,1766484212.000000000,-14.824387701,-3.295524133,-0.685975616,0.267297994,0.369405259,0.235003097
1766484212.288435,9626.000000000,1766484212.000000000,-14.824387701,-4.061925095,-0.381097564,0.270352828,0.369405259,0.241187389
1766484212.304260,9627.000000000,1766484212.000000000,-14.672342699,-4.061925095,-0.838414641,0.265770577,0.372470863,0.235003097
1766484212.319966,9628.000000000,1766484212.000000000,-14.824387701,-4.598405768,-0.685975616,0.267297994,0.370938061,0.227272732
1766484212.336667,9629.000000000,1766484212.000000000,-15.356545208,-4.598405768,-0.838414641,0.264243160,0.372470863,0.238095243
1766484212.352543,9630.000000000,1766484212.000000000,-15.356545208,-4.368485479,-0.685975616,0.270352828,0.372470863,0.231910951
1766484212.368313,9631.000000000,1766484212.000000000,-14.900410202,-4.138565191,-0.762195129,0.264243160,0.372470863,0.231910951
1766484212.384178,9632.000000000,1766484212.000000000,-14.672342699,-3.295524133,-0.762195129,0.267297994,0.366339655,0.235003097
1766484212.399779,9633.000000000,1766484212.000000000,-14.976432703,-3.755364710,-0.457317077,0.271880245,0.367872457,0.235003097
1766484212.416465,9634.000000000,1766484212.000000000,-14.824387701,-3.448804326,-0.533536590,0.264243160,0.369405259,0.235003097
1766484212.431860,9635.000000000,1766484212.000000000,-14.976432703,-3.908644903,-0.457317077,0.268825411,0.367872457,0.241187389
1766484212.448471,9636.000000000,1766484212.000000000,-14.748365200,-4.751685960,-0.685975616,0.264243160,0.367872457,0.233457024
1766484212.464090,9637.000000000,1766484212.000000000,-15.052455204,-3.908644903,-0.762195129,0.267297994,0.375536467,0.231910951
1766484212.480732,9638.000000000,1766484212.000000000,-15.204500206,-4.061925095,-0.457317077,0.265770577,0.375536467,0.222634513
1766484212.496557,9639.000000000,1766484212.000000000,-15.204500206,-3.602084518,-0.533536590,0.268825411,0.374003665,0.238095243
1766484212.512066,9640.000000000,1766484212.000000000,-14.748365200,-4.061925095,-0.152439026,0.270352828,0.366339655,0.241187389
1766484212.527619,9641.000000000,1766484212.000000000,-14.748365200,-3.142243941,-0.609756103,0.268825411,0.374003665,0.238095243
1766484212.544517,9642.000000000,1766484212.000000000,-14.976432703,-3.295524133,-0.685975616,0.267297994,0.374003665,0.241187389
1766484212.559770,9643.000000000,1766484212.000000000,-14.976432703,-3.602084518,-0.381097564,0.270352828,0.374003665,0.241187389
1766484212.576380,9644.000000000,1766484212.000000000,-15.660635212,-4.138565191,-0.533536590,0.268825411,0.374003665,0.238095243
1766484212.591670,9645.000000000,1766484212.000000000,-14.824387701,-3.755364710,-0.838414641,0.267297994,0.370938061,0.235003097
1766484212.608216,9646.000000000,1766484212.000000000,-15.128477705,-4.445125575,-0.609756103,0.265770577,0.372470863,0.227272732
1766484212.624323,9647.000000000,1766484212.000000000,-14.824387701,-3.602084518,-0.533536590,0.270352828,0.369405259,0.241187389
1766484212.639679,9648.000000000,1766484212.000000000,-14.672342699,-3.448804326,-0.685975616,0.268825411,0.370938061,0.241187389
1766484212.656269,9649.000000000,1766484212.000000000,-14.748365200,-3.908644903,-0.838414641,0.267297994,0.367872457,0.238095243
1766484212.672596,9650.000000000,1766484212.000000000,-14.140185191,-4.598405768,-0.533536590,0.264243160,0.364806853,0.236549170
1766484212.687634,9651.000000000,1766484212.000000000,-14.444275196,-4.368485479,-0.609756103,0.270352828,0.372470863,0.238095243
1766484212.703940,9652.000000000,1766484212.000000000,-14.900410202,-3.755364710,-0.609756103,0.270352828,0.372470863,0.250463827
1766484212.720272,9653.000000000,1766484212.000000000,-14.672342699,-3.602084518,-0.685975616,0.265770577,0.372470863,0.235003097
1766484212.736532,9654.000000000,1766484212.000000000,-15.356545208,-4.215205287,-0.609756103,0.267297994,0.374003665,0.235003097
1766484212.751631,9655.000000000,1766484212.000000000,-14.292230194,-3.908644903,-0.914634154,0.267297994,0.369405259,0.244279535
1766484212.767758,9656.000000000,1766484212.000000000,-14.368252695,-4.215205287,-0.533536590,0.267297994,0.369405259,0.235003097
1766484212.784036,9657.000000000,1766484212.000000000,-14.900410202,-2.835683557,-0.762195129,0.270352828,0.370938061,0.231910951
1766484212.800453,9658.000000000,1766484212.000000000,-14.216207692,-4.368485479,-0.457317077,0.264243160,0.366339655,0.233457024
1766484212.815973,9659.000000000,1766484212.000000000,-15.204500206,-3.602084518,-0.609756103,0.270352828,0.369405259,0.228818805
1766484212.832416,9660.000000000,1766484212.000000000,-15.204500206,-4.598405768,-0.838414641,0.267297994,0.367872457,0.227272732
1766484212.847800,9661.000000000,1766484212.000000000,-14.900410202,-4.598405768,-0.685975616,0.262715743,0.372470863,0.230364878
1766484212.863352,9662.000000000,1766484212.000000000,-15.204500206,-4.061925095,-0.685975616,0.265770577,0.375536467,0.227272732
1766484212.879804,9663.000000000,1766484212.000000000,-14.748365200,-4.215205287,-0.914634154,0.265770577,0.370938061,0.239641316
1766484212.896257,9664.000000000,1766484212.000000000,-14.140185191,-3.602084518,-0.533536590,0.268825411,0.369405259,0.236549170
1766484212.911745,9665.000000000,1766484212.000000000,-14.444275196,-2.988963749,-0.838414641,0.265770577,0.375536467,0.236549170
1766484212.927391,9666.000000000,1766484212.000000000,-13.988140189,-3.602084518,-0.685975616,0.265770577,0.367872457,0.233457024
1766484212.944153,9667.000000000,1766484212.000000000,-13.988140189,-3.755364710,-0.533536590,0.270352828,0.367872457,0.233457024
1766484212.959783,9668.000000000,1766484212.000000000,-14.748365200,-3.755364710,-0.990853667,0.265770577,0.374003665,0.236549170
1766484212.975487,9669.000000000,1766484212.000000000,-14.976432703,-3.908644903,-0.609756103,0.262715743,0.374003665,0.233457024
1766484212.992565,9670.000000000,1766484212.000000000,-15.204500206,-3.295524133,-0.609756103,0.265770577,0.374003665,0.224180586
1766484213.008086,9671.000000000,1766484213.000000000,-15.052455204,-4.138565191,-1.143292693,0.268825411,0.370938061,0.230364878
1766484213.023520,9672.000000000,1766484213.000000000,-14.748365200,-3.755364710,-0.609756103,0.265770577,0.369405259,0.233457024
1766484213.040213,9673.000000000,1766484213.000000000,-14.748365200,-3.448804326,-0.990853667,0.265770577,0.372470863,0.224180586
1766484213.055218,9674.000000000,1766484213.000000000,-14.292230194,-3.755364710,-0.762195129,0.268825411,0.367872457,0.242733462
1766484213.072019,9675.000000000,1766484213.000000000,-14.596320198,-4.215205287,-0.533536590,0.265770577,0.366339655,0.233457024
1766484213.088594,9676.000000000,1766484213.000000000,-15.356545208,-3.755364710,-0.533536590,0.265770577,0.369405259,0.239641316
1766484213.103969,9677.000000000,1766484213.000000000,-14.976432703,-3.908644903,-0.609756103,0.262715743,0.374003665,0.233457024
1766484213.119233,9678.000000000,1766484213.000000000,-14.748365200,-4.215205287,-0.762195129,0.265770577,0.369405259,0.233457024
1766484213.136076,9679.000000000,1766484213.000000000,-14.596320198,-3.908644903,-0.762195129,0.268825411,0.372470863,0.233457024
1766484213.151323,9680.000000000,1766484213.000000000,-14.444275196,-3.448804326,-0.685975616,0.271880245,0.366339655,0.231910951
1766484213.167801,9681.000000000,1766484213.000000000,-14.824387701,-3.908644903,-0.381097564,0.264243160,0.369405259,0.235003097
1766484213.183481,9682.000000000,1766484213.000000000,-15.128477705,-4.061925095,-0.304878051,0.265770577,0.370938061,0.235003097
1766484213.200070,9683.000000000,1766484213.000000000,-15.052455204,-3.755364710,-1.067073180,0.265770577,0.370938061,0.231910951
1766484213.215967,9684.000000000,1766484213.000000000,-14.672342699,-3.448804326,-0.533536590,0.268825411,0.370938061,0.235003097
1766484213.231917,9685.000000000,1766484213.000000000,-14.672342699,-3.602084518,-0.685975616,0.265770577,0.372470863,0.235003097
1766484213.248154,9686.000000000,1766484213.000000000,-14.520297697,-4.445125575,-0.990853667,0.268825411,0.369405259,0.233457024
1766484213.263505,9687.000000000,1766484213.000000000,-15.356545208,-3.448804326,-0.685975616,0.267297994,0.372470863,0.225726659
1766484213.279989,9688.000000000,1766484213.000000000,-14.520297697,-3.755364710,-0.533536590,0.267297994,0.374003665,0.235003097
1766484213.296145,9689.000000000,1766484213.000000000,-14.748365200,-3.755364710,-0.762195129,0.265770577,0.374003665,0.231910951
1766484213.311329,9690.000000000,1766484213.000000000,-15.128477705,-3.908644903,-0.609756103,0.268825411,0.372470863,0.241187389
1766484213.327626,9691.000000000,1766484213.000000000,-14.216207692,-3.295524133,-0.152439026,0.265770577,0.372470863,0.244279535
1766484213.344090,9692.000000000,1766484213.000000000,-14.748365200,-3.448804326,-0.457317077,0.267297994,0.367872457,0.238095243
1766484213.360033,9693.000000000,1766484213.000000000,-15.356545208,-4.215205287,-0.228658539,0.267297994,0.370938061,0.221088440
1766484213.375608,9694.000000000,1766484213.000000000,-15.204500206,-4.521765672,-0.228658539,0.264243160,0.367872457,0.230364878
1766484213.391242,9695.000000000,1766484213.000000000,-15.356545208,-3.218884037,-0.685975616,0.267297994,0.370938061,0.241187389
1766484213.408077,9696.000000000,1766484213.000000000,-15.356545208,-3.065603845,-0.228658539,0.270352828,0.372470863,0.236549170
1766484213.423677,9697.000000000,1766484213.000000000,-14.444275196,-3.448804326,-0.533536590,0.267297994,0.372470863,0.238095243
1766484213.439346,9698.000000000,1766484213.000000000,-14.672342699,-3.832004806,-0.609756103,0.270352828,0.372470863,0.241187389
1766484213.456086,9699.000000000,1766484213.000000000,-14.672342699,-3.525444422,-0.457317077,0.267297994,0.372470863,0.235003097
1766484213.471407,9700.000000000,1766484213.000000000,-14.748365200,-3.908644903,-0.457317077,0.267297994,0.367872457,0.231910951
1766484213.488092,9701.000000000,1766484213.000000000,-15.660635212,-3.525444422,-0.152439026,0.271880245,0.372470863,0.231910951
1766484213.503734,9702.000000000,1766484213.000000000,-14.900410202,-3.448804326,-0.685975616,0.267297994,0.372470863,0.238095243
1766484213.519493,9703.000000000,1766484213.000000000,-15.128477705,-3.908644903,-0.228658539,0.270352828,0.372470863,0.222634513
1766484213.535393,9704.000000000,1766484213.000000000,-14.748365200,-3.142243941,-0.381097564,0.270352828,0.374003665,0.238095243
1766484213.551397,9705.000000000,1766484213.000000000,-14.672342699,-3.908644903,-0.457317077,0.270352828,0.370938061,0.235003097
1766484213.567217,9706.000000000,1766484213.000000000,-14.824387701,-3.832004806,-0.152439026,0.264243160,0.369405259,0.235003097
1766484213.583307,9707.000000000,1766484213.000000000,-14.976432703,-3.678724614,-0.457317077,0.267297994,0.374003665,0.235003097
1766484213.600114,9708.000000000,1766484213.000000000,-15.204500206,-3.602084518,-0.304878051,0.270352828,0.374003665,0.238095243
1766484213.615824,9709.000000000,1766484213.000000000,-14.824387701,-4.061925095,-0.304878051,0.270352828,0.369405259,0.222634513
1766484213.631517,9710.000000000,1766484213.000000000,-15.356545208,-3.985284999,-0.152439026,0.267297994,0.370938061,0.219542367
1766484213.647306,9711.000000000,1766484213.000000000,-14.976432703,-4.138565191,-0.381097564,0.261188326,0.367872457,0.221088440
1766484213.664029,9712.000000000,1766484213.000000000,-15.508590210,-3.218884037,-0.304878051,0.271880245,0.367872457,0.241187389
1766484213.679553,9713.000000000,1766484213.000000000,-14.748365200,-4.291845383,-0.381097564,0.264243160,0.366339655,0.247371681
1766484213.696054,9714.000000000,1766484213.000000000,-14.900410202,-4.291845383,-0.304878051,0.264243160,0.369405259,0.247371681
1766484213.711382,9715.000000000,1766484213.000000000,-13.988140189,-3.755364710,-0.609756103,0.264243160,0.374003665,0.247371681
1766484213.727848,9716.000000000,1766484213.000000000,-14.520297697,-3.832004806,-0.533536590,0.270352828,0.367872457,0.235003097
1766484213.743197,9717.000000000,1766484213.000000000,-14.520297697,-4.291845383,-0.533536590,0.270352828,0.375536467,0.238095243
1766484213.759889,9718.000000000,1766484213.000000000,-14.672342699,-3.985284999,-0.457317077,0.267297994,0.372470863,0.241187389
1766484213.774985,9719.000000000,1766484213.000000000,-15.204500206,-3.295524133,-0.304878051,0.267297994,0.374003665,0.225726659
1766484213.791465,9720.000000000,1766484213.000000000,-14.748365200,-3.908644903,-0.457317077,0.267297994,0.367872457,0.231910951
1766484213.806986,9721.000000000,1766484213.000000000,-15.356545208,-3.678724614,-0.228658539,0.267297994,0.374003665,0.235003097
1766484213.823499,9722.000000000,1766484213.000000000,-14.748365200,-3.678724614,-0.076219513,0.267297994,0.366339655,0.247371681
1766484213.840096,9723.000000000,1766484213.000000000,-14.824387701,-4.138565191,-0.609756103,0.267297994,0.369405259,0.228818805
1766484213.855221,9724.000000000,1766484213.000000000,-14.748365200,-3.525444422,-0.457317077,0.267297994,0.375536467,0.241187389
1766484213.871813,9725.000000000,1766484213.000000000,-15.660635212,-4.368485479,-0.304878051,0.264243160,0.374003665,0.238095243
1766484213.887279,9726.000000000,1766484213.000000000,-15.204500206,-4.521765672,-0.457317077,0.270352828,0.374003665,0.244279535
1766484213.904105,9727.000000000,1766484213.000000000,-14.976432703,-4.061925095,-0.457317077,0.270352828,0.374003665,0.235003097
1766484213.919277,9728.000000000,1766484213.000000000,-14.596320198,-3.755364710,-0.228658539,0.267297994,0.369405259,0.225726659
1766484213.935710,9729.000000000,1766484213.000000000,-14.368252695,-3.985284999,-0.076219513,0.267297994,0.364806853,0.241187389
1766484213.951179,9730.000000000,1766484213.000000000,-14.368252695,-3.755364710,-0.533536590,0.267297994,0.369405259,0.241187389
1766484213.967603,9731.000000000,1766484213.000000000,-14.900410202,-2.835683557,-0.762195129,0.270352828,0.370938061,0.244279535
1766484213.983104,9732.000000000,1766484213.000000000,-15.128477705,-3.295524133,-0.762195129,0.271880245,0.372470863,0.222634513
1766484213.999657,9733.000000000,1766484213.000000000,-15.204500206,-3.448804326,-0.762195129,0.268825411,0.375536467,0.235003097
1766484214.015237,9734.000000000,1766484214.000000000,-14.976432703,-4.751685960,-0.457317077,0.264243160,0.374003665,0.233457024
1766484214.031678,9735.000000000,1766484214.000000000,-14.976432703,-4.215205287,-0.990853667,0.267297994,0.374003665,0.241187389
1766484214.048009,9736.000000000,1766484214.000000000,-14.672342699,-3.602084518,-0.457317077,0.268825411,0.374003665,0.238095243
1766484214.063484,9737.000000000,1766484214.000000000,-14.824387701,-3.602084518,-0.533536590,0.270352828,0.369405259,0.241187389
1766484214.079009,9738.000000000,1766484214.000000000,-14.672342699,-3.448804326,-0.685975616,0.268825411,0.372470863,0.241187389
1766484214.095462,9739.000000000,1766484214.000000000,-15.204500206,-3.602084518,-0.685975616,0.268825411,0.374003665,0.244279535
1766484214.111365,9740.000000000,1766484214.000000000,-14.900410202,-3.908644903,-0.609756103,0.267297994,0.370938061,0.231910951
1766484214.127681,9741.000000000,1766484214.000000000,-15.128477705,-4.061925095,-0.762195129,0.265770577,0.370938061,0.228818805
1766484214.143030,9742.000000000,1766484214.000000000,-14.596320198,-3.755364710,-1.067073180,0.265770577,0.370938061,0.238095243
1766484214.159169,9743.000000000,1766484214.000000000,-15.204500206,-4.061925095,-0.304878051,0.265770577,0.375536467,0.228818805
1766484214.175758,9744.000000000,1766484214.000000000,-15.052455204,-3.602084518,-0.457317077,0.268825411,0.369405259,0.238095243
1766484214.191214,9745.000000000,1766484214.000000000,-15.128477705,-3.908644903,-0.304878051,0.268825411,0.370938061,0.241187389
1766484214.207554,9746.000000000,1766484214.000000000,-14.596320198,-4.138565191,-0.609756103,0.268825411,0.369405259,0.231910951
1766484214.223003,9747.000000000,1766484214.000000000,-15.508590210,-3.448804326,-0.533536590,0.267297994,0.375536467,0.238095243
1766484214.239235,9748.000000000,1766484214.000000000,-14.444275196,-4.138565191,-0.533536590,0.268825411,0.366339655,0.238095243
1766484214.255566,9749.000000000,1766484214.000000000,-15.356545208,-3.065603845,-0.228658539,0.270352828,0.372470863,0.236549170
1766484214.271277,9750.000000000,1766484214.000000000,-14.900410202,-3.908644903,-0.381097564,0.267297994,0.370938061,0.231910951
1766484214.287802,9751.000000000,1766484214.000000000,-15.356545208,-3.908644903,-0.152439026,0.267297994,0.370938061,0.231910951
1766484214.303160,9752.000000000,1766484214.000000000,-14.596320198,-3.602084518,-0.685975616,0.270352828,0.370938061,0.225726659
1766484214.319835,9753.000000000,1766484214.000000000,-14.748365200,-4.061925095,-0.533536590,0.270352828,0.374003665,0.231910951
1766484214.335243,9754.000000000,1766484214.000000000,-14.976432703,-3.372164230,-0.381097564,0.270352828,0.367872457,0.241187389
1766484214.351002,9755.000000000,1766484214.000000000,-14.748365200,-3.525444422,-0.152439026,0.264243160,0.367872457,0.244279535
1766484214.367636,9756.000000000,1766484214.000000000,-14.976432703,-3.985284999,-0.304878051,0.270352828,0.374003665,0.241187389
1766484214.383314,9757.000000000,1766484214.000000000,-14.672342699,-3.218884037,-0.457317077,0.271880245,0.372470863,0.247371681
1766484214.398976,9758.000000000,1766484214.000000000,-15.660635212,-4.061925095,-0.457317077,0.270352828,0.374003665,0.244279535
1766484214.415830,9759.000000000,1766484214.000000000,-14.596320198,-3.678724614,-0.457317077,0.267297994,0.377069269,0.235003097
1766484214.431556,9760.000000000,1766484214.000000000,-15.356545208,-3.908644903,-0.152439026,0.267297994,0.370938061,0.231910951
1766484214.447428,9761.000000000,1766484214.000000000,-14.824387701,-4.215205287,-0.228658539,0.267297994,0.377069269,0.231910951
1766484214.462932,9762.000000000,1766484214.000000000,-14.976432703,-3.372164230,-0.381097564,0.270352828,0.367872457,0.241187389
1766484214.479471,9763.000000000,1766484214.000000000,-15.204500206,-2.835683557,-0.533536590,0.270352828,0.367872457,0.238095243
1766484214.495922,9764.000000000,1766484214.000000000,-15.052455204,-2.912323653,-0.533536590,0.267297994,0.375536467,0.244279535
1766484214.511438,9765.000000000,1766484214.000000000,-15.128477705,-3.832004806,-0.228658539,0.267297994,0.364806853,0.250463827
1766484214.526875,9766.000000000,1766484214.000000000,-15.052455204,-3.755364710,-0.228658539,0.267297994,0.369405259,0.231910951
1766484214.543538,9767.000000000,1766484214.000000000,-15.204500206,-3.985284999,-0.076219513,0.267297994,0.375536467,0.228818805
1766484214.558824,9768.000000000,1766484214.000000000,-14.900410202,-3.602084518,-0.381097564,0.264243160,0.372470863,0.231910951
1766484214.575198,9769.000000000,1766484214.000000000,-15.052455204,-4.291845383,-0.228658539,0.267297994,0.369405259,0.225726659
1766484214.590572,9770.000000000,1766484214.000000000,-15.052455204,-4.061925095,-0.685975616,0.270352828,0.370938061,0.238095243
1766484214.607220,9771.000000000,1766484214.000000000,-14.368252695,-3.678724614,-0.457317077,0.267297994,0.369405259,0.247371681
1766484214.623680,9772.000000000,1766484214.000000000,-14.748365200,-3.602084518,-0.381097564,0.270352828,0.374003665,0.231910951
1766484214.639014,9773.000000000,1766484214.000000000,-14.976432703,-4.368485479,-0.228658539,0.270352828,0.367872457,0.235003097
1766484214.655442,9774.000000000,1766484214.000000000,-14.748365200,-3.908644903,-0.457317077,0.267297994,0.367872457,0.231910951
1766484214.671224,9775.000000000,1766484214.000000000,-14.748365200,-3.832004806,-0.533536590,0.261188326,0.374003665,0.238095243
1766484214.687451,9776.000000000,1766484214.000000000,-14.824387701,-3.985284999,-0.609756103,0.270352828,0.370938061,0.235003097
1766484214.702627,9777.000000000,1766484214.000000000,-14.976432703,-3.525444422,-0.381097564,0.267297994,0.367872457,0.235003097
1766484214.719143,9778.000000000,1766484214.000000000,-14.900410202,-3.448804326,-0.381097564,0.267297994,0.370938061,0.238095243
1766484214.734573,9779.000000000,1766484214.000000000,-14.900410202,-4.445125575,-0.533536590,0.267297994,0.372470863,0.231910951
1766484214.751240,9780.000000000,1766484214.000000000,-14.596320198,-3.602084518,-0.381097564,0.270352828,0.369405259,0.238095243
1766484214.766608,9781.000000000,1766484214.000000000,-15.356545208,-4.368485479,-0.304878051,0.267297994,0.372470863,0.244279535
1766484214.783437,9782.000000000,1766484214.000000000,-15.356545208,-3.908644903,-0.304878051,0.264243160,0.377069269,0.231910951
1766484214.798743,9783.000000000,1766484214.000000000,-14.672342699,-3.525444422,-0.457317077,0.267297994,0.372470863,0.235003097
1766484214.815067,9784.000000000,1766484214.000000000,-14.824387701,-4.061925095,-0.762195129,0.270352828,0.370938061,0.228818805
1766484214.831510,9785.000000000,1766484214.000000000,-15.128477705,-3.985284999,-0.381097564,0.267297994,0.372470863,0.235003097
1766484214.846585,9786.000000000,1766484214.000000000,-14.900410202,-4.061925095,-0.381097564,0.264243160,0.372470863,0.238095243
1766484214.862992,9787.000000000,1766484214.000000000,-14.748365200,-3.755364710,-0.685975616,0.270352828,0.367872457,0.238095243
1766484214.879575,9788.000000000,1766484214.000000000,-14.672342699,-3.908644903,-0.533536590,0.268825411,0.372470863,0.241187389
1766484214.894953,9789.000000000,1766484214.000000000,-15.204500206,-4.215205287,-0.228658539,0.267297994,0.366339655,0.235003097
1766484214.911266,9790.000000000,1766484214.000000000,-15.508590210,-4.215205287,-0.609756103,0.261188326,0.372470863,0.235003097
1766484214.927700,9791.000000000,1766484214.000000000,-15.128477705,-3.755364710,-0.533536590,0.265770577,0.370938061,0.238095243
1766484214.942975,9792.000000000,1766484214.000000000,-15.052455204,-4.215205287,-0.609756103,0.268825411,0.369405259,0.225726659
1766484214.959080,9793.000000000,1766484214.000000000,-14.900410202,-4.138565191,-0.762195129,0.264243160,0.372470863,0.244279535
1766484214.974483,9794.000000000,1766484214.000000000,-15.204500206,-3.755364710,-0.381097564,0.265770577,0.374003665,0.238095243
1766484214.991180,9795.000000000,1766484214.000000000,-15.052455204,-3.602084518,-0.914634154,0.268825411,0.369405259,0.244279535
1766484215.007380,9796.000000000,1766484215.000000000,-13.988140189,-3.755364710,-0.838414641,0.265770577,0.366339655,0.244279535
1766484215.022597,9797.000000000,1766484215.000000000,-15.128477705,-3.448804326,-0.457317077,0.268825411,0.370938061,0.241187389
1766484215.039146,9798.000000000,1766484215.000000000,-15.508590210,-4.598405768,-0.609756103,0.261188326,0.372470863,0.227272732
1766484215.055464,9799.000000000,1766484215.000000000,-15.052455204,-4.598405768,-0.304878051,0.264243160,0.375536467,0.224180586
1766484215.071006,9800.000000000,1766484215.000000000,-14.976432703,-3.908644903,-0.457317077,0.268825411,0.367872457,0.228818805
1766484215.087326,9801.000000000,1766484215.000000000,-14.596320198,-4.598405768,-0.685975616,0.264243160,0.364806853,0.224180586
1766484215.102602,9802.000000000,1766484215.000000000,-14.748365200,-3.908644903,-0.914634154,0.267297994,0.369405259,0.238095243
1766484215.119033,9803.000000000,1766484215.000000000,-14.444275196,-3.908644903,-0.609756103,0.267297994,0.372470863,0.250463827
1766484215.135423,9804.000000000,1766484215.000000000,-14.596320198,-2.682403364,-0.609756103,0.268825411,0.369405259,0.238095243
1766484215.150759,9805.000000000,1766484215.000000000,-14.976432703,-3.908644903,-0.457317077,0.268825411,0.367872457,0.241187389
1766484215.167274,9806.000000000,1766484215.000000000,-15.204500206,-3.448804326,-0.762195129,0.265770577,0.375536467,0.241187389
1766484215.182838,9807.000000000,1766484215.000000000,-15.812680214,-4.751685960,-0.381097564,0.267297994,0.369405259,0.219542367
1766484215.199219,9808.000000000,1766484215.000000000,-15.356545208,-4.291845383,-0.457317077,0.267297994,0.374003665,0.241187389
1766484215.214728,9809.000000000,1766484215.000000000,-14.748365200,-3.908644903,-0.457317077,0.261188326,0.374003665,0.225726659
1766484215.231493,9810.000000000,1766484215.000000000,-14.748365200,-3.295524133,-0.609756103,0.265770577,0.374003665,0.231910951
1766484215.247241,9811.000000000,1766484215.000000000,-14.748365200,-3.755364710,-0.381097564,0.270352828,0.367872457,0.238095243
1766484215.262673,9812.000000000,1766484215.000000000,-14.748365200,-3.755364710,-0.685975616,0.270352828,0.367872457,0.238095243
1766484215.278543,9813.000000000,1766484215.000000000,-14.596320198,-3.295524133,-0.457317077,0.265770577,0.369405259,0.244279535
1766484215.295458,9814.000000000,1766484215.000000000,-14.976432703,-3.755364710,-0.533536590,0.267297994,0.374003665,0.241187389
1766484215.310956,9815.000000000,1766484215.000000000,-15.204500206,-3.908644903,-0.762195129,0.264243160,0.370938061,0.235003097
1766484215.326651,9816.000000000,1766484215.000000000,-15.128477705,-3.908644903,-0.457317077,0.268825411,0.372470863,0.247371681
1766484215.343493,9817.000000000,1766484215.000000000,-15.204500206,-3.448804326,-0.304878051,0.267297994,0.367872457,0.231910951
1766484215.359035,9818.000000000,1766484215.000000000,-14.444275196,-3.908644903,-0.762195129,0.267297994,0.372470863,0.244279535
1766484215.374546,9819.000000000,1766484215.000000000,-14.292230194,-3.755364710,-0.533536590,0.270352828,0.367872457,0.238095243
1766484215.391226,9820.000000000,1766484215.000000000,-14.672342699,-3.448804326,-0.685975616,0.268825411,0.372470863,0.228818805
1766484215.406611,9821.000000000,1766484215.000000000,-14.748365200,-3.755364710,-0.381097564,0.270352828,0.367872457,0.238095243
1766484215.422953,9822.000000000,1766484215.000000000,-14.748365200,-4.138565191,-0.609756103,0.268825411,0.374003665,0.238095243
1766484215.439157,9823.000000000,1766484215.000000000,-14.900410202,-4.061925095,-0.762195129,0.264243160,0.372470863,0.244279535
1766484215.454218,9824.000000000,1766484215.000000000,-15.204500206,-3.602084518,-0.685975616,0.268825411,0.374003665,0.244279535
1766484215.470454,9825.000000000,1766484215.000000000,-14.748365200,-3.295524133,-0.609756103,0.265770577,0.374003665,0.231910951
1766484215.486759,9826.000000000,1766484215.000000000,-15.356545208,-4.138565191,-0.457317077,0.268825411,0.366339655,0.238095243
1766484215.502937,9827.000000000,1766484215.000000000,-14.748365200,-3.602084518,-0.381097564,0.273407663,0.367872457,0.244279535
1766484215.519110,9828.000000000,1766484215.000000000,-14.748365200,-2.988963749,-0.533536590,0.267297994,0.367872457,0.238095243
1766484215.534293,9829.000000000,1766484215.000000000,-14.748365200,-4.445125575,-0.685975616,0.267297994,0.367872457,0.238095243
1766484215.550841,9830.000000000,1766484215.000000000,-14.596320198,-3.295524133,-0.304878051,0.265770577,0.369405259,0.238095243
1766484215.567204,9831.000000000,1766484215.000000000,-15.660635212,-3.755364710,-0.533536590,0.265770577,0.374003665,0.238095243
1766484215.582524,9832.000000000,1766484215.000000000,-15.128477705,-3.908644903,-0.457317077,0.268825411,0.372470863,0.235003097
1766484215.599145,9833.000000000,1766484215.000000000,-14.596320198,-3.602084518,-0.762195129,0.268825411,0.370938061,0.231910951
1766484215.614513,9834.000000000,1766484215.000000000,-15.204500206,-4.061925095,-0.152439026,0.265770577,0.375536467,0.235003097
1766484215.631174,9835.000000000,1766484215.000000000,-15.052455204,-4.291845383,-0.457317077,0.265770577,0.369405259,0.238095243
1766484215.646730,9836.000000000,1766484215.000000000,-14.292230194,-2.988963749,-0.838414641,0.265770577,0.375536467,0.247371681
1766484215.662340,9837.000000000,1766484215.000000000,-14.520297697,-3.602084518,-0.228658539,0.261188326,0.367872457,0.241187389
1766484215.678876,9838.000000000,1766484215.000000000,-15.052455204,-3.602084518,-0.381097564,0.270352828,0.369405259,0.231910951
1766484215.694271,9839.000000000,1766484215.000000000,-14.748365200,-4.061925095,-0.381097564,0.270352828,0.374003665,0.238095243
1766484215.710659,9840.000000000,1766484215.000000000,-14.824387701,-3.678724614,-0.304878051,0.267297994,0.369405259,0.222634513
1766484215.727108,9841.000000000,1766484215.000000000,-14.900410202,-3.448804326,-0.381097564,0.267297994,0.370938061,0.238095243
1766484215.742375,9842.000000000,1766484215.000000000,-14.824387701,-3.755364710,-0.304878051,0.264243160,0.369405259,0.241187389
1766484215.759151,9843.000000000,1766484215.000000000,-15.052455204,-3.832004806,-0.381097564,0.270352828,0.367872457,0.247371681
1766484215.774678,9844.000000000,1766484215.000000000,-15.128477705,-3.832004806,-0.381097564,0.270352828,0.372470863,0.241187389
1766484215.791130,9845.000000000,1766484215.000000000,-14.520297697,-4.138565191,-0.457317077,0.267297994,0.374003665,0.247371681
1766484215.806543,9846.000000000,1766484215.000000000,-14.520297697,-3.525444422,-0.533536590,0.267297994,0.367872457,0.235003097
1766484215.822224,9847.000000000,1766484215.000000000,-14.216207692,-4.291845383,-0.533536590,0.264243160,0.366339655,0.233457024
1766484215.838682,9848.000000000,1766484215.000000000,-14.672342699,-3.832004806,-0.457317077,0.270352828,0.372470863,0.235003097
1766484215.854218,9849.000000000,1766484215.000000000,-15.128477705,-3.908644903,-0.228658539,0.270352828,0.370938061,0.222634513
1766484215.870955,9850.000000000,1766484215.000000000,-15.660635212,-3.602084518,-0.609756103,0.270352828,0.374003665,0.231910951
1766484215.886214,9851.000000000,1766484215.000000000,-14.520297697,-3.678724614,-0.304878051,0.267297994,0.374003665,0.235003097
1766484215.902768,9852.000000000,1766484215.000000000,-14.976432703,-3.295524133,-0.533536590,0.270352828,0.367872457,0.247371681
1766484215.918341,9853.000000000,1766484215.000000000,-14.748365200,-3.448804326,-0.457317077,0.267297994,0.367872457,0.238095243
1766484215.934843,9854.000000000,1766484215.000000000,-15.204500206,-4.138565191,-0.609756103,0.270352828,0.374003665,0.231910951
1766484215.950132,9855.000000000,1766484215.000000000,-15.128477705,-4.138565191,-0.228658539,0.264243160,0.372470863,0.235003097
1766484215.966569,9856.000000000,1766484215.000000000,-15.204500206,-4.598405768,-0.457317077,0.262715743,0.375536467,0.233457024
1766484215.983008,9857.000000000,1766484215.000000000,-14.976432703,-4.061925095,-0.990853667,0.265770577,0.369405259,0.241187389
1766484215.998180,9858.000000000,1766484215.000000000,-15.204500206,-3.755364710,-0.381097564,0.267297994,0.366339655,0.235003097
1766484216.014490,9859.000000000,1766484216.000000000,-15.204500206,-4.215205287,-0.381097564,0.268825411,0.374003665,0.225726659
1766484216.030761,9860.000000000,1766484216.000000000,-14.824387701,-3.755364710,-0.838414641,0.267297994,0.370938061,0.235003097
1766484216.047097,9861.000000000,1766484216.000000000,-15.204500206,-4.598405768,-0.762195129,0.270352828,0.370938061,0.235003097
1766484216.062497,9862.000000000,1766484216.000000000,-14.444275196,-3.755364710,-0.609756103,0.270352828,0.372470863,0.244279535
1766484216.078922,9863.000000000,1766484216.000000000,-14.596320198,-3.295524133,-1.067073180,0.265770577,0.370938061,0.231910951
1766484216.094176,9864.000000000,1766484216.000000000,-14.292230194,-3.755364710,-0.685975616,0.267297994,0.369405259,0.222634513
1766484216.110373,9865.000000000,1766484216.000000000,-15.204500206,-3.755364710,-0.838414641,0.265770577,0.374003665,0.231910951
1766484216.126705,9866.000000000,1766484216.000000000,-15.052455204,-3.908644903,-0.609756103,0.268825411,0.367872457,0.247371681
1766484216.142067,9867.000000000,1766484216.000000000,-15.128477705,-3.755364710,-0.457317077,0.271880245,0.370938061,0.228818805
1766484216.158280,9868.000000000,1766484216.000000000,-15.204500206,-3.755364710,-0.685975616,0.265770577,0.374003665,0.238095243
1766484216.174505,9869.000000000,1766484216.000000000,-14.444275196,-4.291845383,-0.838414641,0.268825411,0.372470863,0.242733462
1766484216.190789,9870.000000000,1766484216.000000000,-14.140185191,-3.602084518,-0.533536590,0.268825411,0.366339655,0.239641316
1766484216.206139,9871.000000000,1766484216.000000000,-15.128477705,-4.904966152,-0.457317077,0.268825411,0.372470863,0.233457024
1766484216.222291,9872.000000000,1766484216.000000000,-14.900410202,-3.908644903,-0.838414641,0.265770577,0.372470863,0.236549170
1766484216.238439,9873.000000000,1766484216.000000000,-15.508590210,-3.448804326,-0.762195129,0.265770577,0.375536467,0.230364878
1766484216.254519,9874.000000000,1766484216.000000000,-15.508590210,-4.368485479,-0.609756103,0.268825411,0.367872457,0.233457024
1766484216.270723,9875.000000000,1766484216.000000000,-14.748365200,-3.448804326,-0.609756103,0.265770577,0.367872457,0.242733462
1766484216.285988,9876.000000000,1766484216.000000000,-14.444275196,-3.908644903,-0.762195129,0.262715743,0.374003665,0.233457024
1766484216.302393,9877.000000000,1766484216.000000000,-14.292230194,-4.138565191,-0.762195129,0.268825411,0.369405259,0.233457024
1766484216.317856,9878.000000000,1766484216.000000000,-14.140185191,-4.138565191,-0.457317077,0.262715743,0.364806853,0.236549170
1766484216.335166,9879.000000000,1766484216.000000000,-14.976432703,-3.295524133,-0.762195129,0.265770577,0.366339655,0.242733462
1766484216.350371,9880.000000000,1766484216.000000000,-14.748365200,-4.291845383,-0.457317077,0.265770577,0.369405259,0.222634513
1766484216.366503,9881.000000000,1766484216.000000000,-14.748365200,-3.295524133,-1.067073180,0.265770577,0.370938061,0.233457024
1766484216.382745,9882.000000000,1766484216.000000000,-14.596320198,-4.138565191,-0.533536590,0.268825411,0.369405259,0.236549170
1766484216.397990,9883.000000000,1766484216.000000000,-15.204500206,-4.368485479,-0.685975616,0.262715743,0.369405259,0.233457024
1766484216.414286,9884.000000000,1766484216.000000000,-14.596320198,-3.602084518,-0.838414641,0.268825411,0.369405259,0.242733462
1766484216.430575,9885.000000000,1766484216.000000000,-15.204500206,-4.291845383,-0.533536590,0.268825411,0.367872457,0.230364878
1766484216.445768,9886.000000000,1766484216.000000000,-14.748365200,-3.602084518,-0.457317077,0.268825411,0.363274051,0.236549170
1766484216.462495,9887.000000000,1766484216.000000000,-14.596320198,-3.908644903,-0.762195129,0.265770577,0.364806853,0.236549170
1766484216.478130,9888.000000000,1766484216.000000000,-14.900410202,-4.061925095,-0.609756103,0.267297994,0.372470863,0.231910951
1766484216.494378,9889.000000000,1766484216.000000000,-14.900410202,-3.755364710,-0.914634154,0.270352828,0.372470863,0.238095243
1766484216.509672,9890.000000000,1766484216.000000000,-15.204500206,-3.755364710,-0.762195129,0.267297994,0.370938061,0.228818805
1766484216.526032,9891.000000000,1766484216.000000000,-14.444275196,-3.295524133,-0.838414641,0.267297994,0.374003665,0.228818805
1766484216.542317,9892.000000000,1766484216.000000000,-15.052455204,-3.602084518,-0.914634154,0.268825411,0.370938061,0.231910951
1766484216.558695,9893.000000000,1766484216.000000000,-14.672342699,-4.061925095,-0.457317077,0.271880245,0.372470863,0.225726659
1766484216.574250,9894.000000000,1766484216.000000000,-14.292230194,-3.295524133,-0.533536590,0.270352828,0.367872457,0.244279535
1766484216.590706,9895.000000000,1766484216.000000000,-14.672342699,-3.755364710,-0.457317077,0.267297994,0.366339655,0.228818805
1766484216.606014,9896.000000000,1766484216.000000000,-15.356545208,-3.908644903,-0.304878051,0.264243160,0.374003665,0.235003097
1766484216.622253,9897.000000000,1766484216.000000000,-15.204500206,-4.215205287,-0.762195129,0.267297994,0.370938061,0.235003097
1766484216.638757,9898.000000000,1766484216.000000000,-14.672342699,-4.061925095,-0.609756103,0.270352828,0.366339655,0.235003097
1766484216.654066,9899.000000000,1766484216.000000000,-14.596320198,-3.755364710,-1.067073180,0.265770577,0.370938061,0.238095243
1766484216.670603,9900.000000000,1766484216.000000000,-14.444275196,-4.291845383,-0.533536590,0.265770577,0.366339655,0.230364878
1766484216.686259,9901.000000000,1766484216.000000000,-14.900410202,-2.835683557,-0.762195129,0.270352828,0.370938061,0.245825608
1766484216.701803,9902.000000000,1766484216.000000000,-14.520297697,-3.295524133,-0.914634154,0.270352828,0.375536467,0.244279535
1766484216.718293,9903.000000000,1766484216.000000000,-14.748365200,-4.138565191,-0.685975616,0.264243160,0.367872457,0.238095243
1766484216.733890,9904.000000000,1766484216.000000000,-14.976432703,-3.755364710,-0.685975616,0.267297994,0.374003665,0.235003097
1766484216.750489,9905.000000000,1766484216.000000000,-15.052455204,-3.755364710,-0.762195129,0.265770577,0.370938061,0.231910951
1766484216.766054,9906.000000000,1766484216.000000000,-14.824387701,-3.755364710,-0.685975616,0.267297994,0.370938061,0.228818805
1766484216.782955,9907.000000000,1766484216.000000000,-14.900410202,-4.368485479,-0.838414641,0.268825411,0.372470863,0.224180586
1766484216.798344,9908.000000000,1766484216.000000000,-14.140185191,-3.755364710,-0.838414641,0.262715743,0.366339655,0.239641316
1766484216.813854,9909.000000000,1766484216.000000000,-14.444275196,-3.602084518,-0.838414641,0.262715743,0.372470863,0.242733462
1766484216.830451,9910.000000000,1766484216.000000000,-15.052455204,-3.602084518,-0.838414641,0.268825411,0.369405259,0.236549170
1766484216.846057,9911.000000000,1766484216.000000000,-14.976432703,-4.368485479,-0.838414641,0.268825411,0.367872457,0.233457024
1766484216.862574,9912.000000000,1766484216.000000000,-15.356545208,-4.138565191,-0.457317077,0.262715743,0.370938061,0.224180586
1766484216.878303,9913.000000000,1766484216.000000000,-14.672342699,-3.755364710,-0.685975616,0.261188326,0.372470863,0.228818805
1766484216.894003,9914.000000000,1766484216.000000000,-15.356545208,-3.908644903,-0.381097564,0.270352828,0.370938061,0.225726659
1766484216.910747,9915.000000000,1766484216.000000000,-15.128477705,-4.445125575,-0.609756103,0.268825411,0.372470863,0.235003097
1766484216.926363,9916.000000000,1766484216.000000000,-14.520297697,-3.295524133,-0.762195129,0.268825411,0.367872457,0.253555973
1766484216.942135,9917.000000000,1766484216.000000000,-14.976432703,-3.755364710,-0.838414641,0.267297994,0.374003665,0.241187389
1766484216.958739,9918.000000000,1766484216.000000000,-15.204500206,-2.988963749,-0.304878051,0.265770577,0.375536467,0.255102046
1766484216.974419,9919.000000000,1766484216.000000000,-15.128477705,-3.908644903,-0.685975616,0.265770577,0.372470863,0.225726659
1766484216.989967,9920.000000000,1766484216.000000000,-15.356545208,-4.138565191,-0.533536590,0.264243160,0.372470863,0.231910951
1766484217.006707,9921.000000000,1766484217.000000000,-15.356545208,-4.215205287,-0.914634154,0.267297994,0.374003665,0.235003097
1766484217.022575,9922.000000000,1766484217.000000000,-15.128477705,-4.061925095,-0.457317077,0.265770577,0.372470863,0.241187389
1766484217.038434,9923.000000000,1766484217.000000000,-15.052455204,-3.908644903,-0.762195129,0.267297994,0.375536467,0.244279535
1766484217.053790,9924.000000000,1766484217.000000000,-14.672342699,-4.215205287,-0.762195129,0.267297994,0.366339655,0.235003097
1766484217.070518,9925.000000000,1766484217.000000000,-15.204500206,-3.448804326,-0.609756103,0.267297994,0.367872457,0.231910951
1766484217.086280,9926.000000000,1766484217.000000000,-14.216207692,-3.832004806,-0.457317077,0.270352828,0.372470863,0.241187389
1766484217.101624,9927.000000000,1766484217.000000000,-14.748365200,-4.521765672,-0.304878051,0.264243160,0.367872457,0.224180586
1766484217.118356,9928.000000000,1766484217.000000000,-14.976432703,-3.678724614,-0.304878051,0.267297994,0.374003665,0.228818805
1766484217.134065,9929.000000000,1766484217.000000000,-15.204500206,-3.602084518,-0.152439026,0.270352828,0.374003665,0.231910951
1766484217.149549,9930.000000000,1766484217.000000000,-14.900410202,-3.525444422,-0.533536590,0.264243160,0.372470863,0.238095243
1766484217.166517,9931.000000000,1766484217.000000000,-14.976432703,-3.678724614,-0.304878051,0.267297994,0.374003665,0.241187389
1766484217.182194,9932.000000000,1766484217.000000000,-15.356545208,-3.755364710,-0.228658539,0.264243160,0.370938061,0.247371681
1766484217.197880,9933.000000000,1766484217.000000000,-14.444275196,-4.061925095,-0.609756103,0.270352828,0.374003665,0.235003097
1766484217.214401,9934.000000000,1766484217.000000000,-15.204500206,-3.985284999,-0.457317077,0.271880245,0.374003665,0.231910951
1766484217.230044,9935.000000000,1766484217.000000000,-14.748365200,-4.215205287,-0.533536590,0.267297994,0.374003665,0.238095243
1766484217.245826,9936.000000000,1766484217.000000000,-14.900410202,-4.445125575,-0.533536590,0.267297994,0.372470863,0.231910951
1766484217.262485,9937.000000000,1766484217.000000000,-15.660635212,-3.755364710,-0.304878051,0.267297994,0.374003665,0.238095243
1766484217.278056,9938.000000000,1766484217.000000000,-15.204500206,-4.061925095,-0.304878051,0.270352828,0.374003665,0.244279535
1766484217.293747,9939.000000000,1766484217.000000000,-14.976432703,-3.678724614,-0.609756103,0.267297994,0.374003665,0.241187389
1766484217.309502,9940.000000000,1766484217.000000000,-14.748365200,-3.678724614,-0.457317077,0.261188326,0.375536467,0.235003097
1766484217.326638,9941.000000000,1766484217.000000000,-15.508590210,-3.832004806,-0.304878051,0.270352828,0.367872457,0.228818805
1766484217.342196,9942.000000000,1766484217.000000000,-15.128477705,-3.908644903,-0.228658539,0.270352828,0.370938061,0.235003097
1766484217.357752,9943.000000000,1766484217.000000000,-14.292230194,-3.448804326,-0.457317077,0.267297994,0.367872457,0.231910951
1766484217.374498,9944.000000000,1766484217.000000000,-14.596320198,-3.755364710,-0.609756103,0.265770577,0.370938061,0.231910951
1766484217.389961,9945.000000000,1766484217.000000000,-14.824387701,-4.215205287,-0.838414641,0.267297994,0.370938061,0.241187389
1766484217.405614,9946.000000000,1766484217.000000000,-14.824387701,-3.755364710,-0.838414641,0.267297994,0.370938061,0.235003097
1766484217.422367,9947.000000000,1766484217.000000000,-15.356545208,-3.602084518,-0.533536590,0.264243160,0.370938061,0.225726659
1766484217.437889,9948.000000000,1766484217.000000000,-14.672342699,-2.988963749,-0.381097564,0.265770577,0.370938061,0.241187389
1766484217.454612,9949.000000000,1766484217.000000000,-14.140185191,-3.448804326,-0.838414641,0.268825411,0.372470863,0.228818805
1766484217.470336,9950.000000000,1766484217.000000000,-14.900410202,-3.602084518,-0.838414641,0.270352828,0.374003665,0.235003097
1766484217.485940,9951.000000000,1766484217.000000000,-14.748365200,-3.602084518,-0.685975616,0.264243160,0.367872457,0.231910951
1766484217.501480,9952.000000000,1766484217.000000000,-14.520297697,-4.368485479,-0.457317077,0.268825411,0.367872457,0.241187389
1766484217.518262,9953.000000000,1766484217.000000000,-15.128477705,-3.908644903,-0.304878051,0.268825411,0.370938061,0.228818805
1766484217.533825,9954.000000000,1766484217.000000000,-14.748365200,-3.448804326,-0.762195129,0.261188326,0.374003665,0.231910951
1766484217.549403,9955.000000000,1766484217.000000000,-13.988140189,-2.988963749,-0.685975616,0.271880245,0.366339655,0.231910951
1766484217.566352,9956.000000000,1766484217.000000000,-15.204500206,-3.755364710,-0.609756103,0.267297994,0.369405259,0.235003097
1766484217.581944,9957.000000000,1766484217.000000000,-14.900410202,-2.835683557,-0.609756103,0.270352828,0.370938061,0.239641316
1766484217.597595,9958.000000000,1766484217.000000000,-14.596320198,-3.755364710,-0.457317077,0.265770577,0.369405259,0.238095243
1766484217.614432,9959.000000000,1766484217.000000000,-14.748365200,-2.835683557,-0.685975616,0.270352828,0.367872457,0.238095243
1766484217.629947,9960.000000000,1766484217.000000000,-14.976432703,-3.448804326,-0.457317077,0.268825411,0.367872457,0.247371681
1766484217.645449,9961.000000000,1766484217.000000000,-15.508590210,-4.061925095,-0.914634154,0.265770577,0.372470863,0.228818805
1766484217.661350,9962.000000000,1766484217.000000000,-15.508590210,-4.215205287,-0.381097564,0.268825411,0.369405259,0.225726659
1766484217.678300,9963.000000000,1766484217.000000000,-15.204500206,-3.602084518,-0.914634154,0.270352828,0.370938061,0.228818805
1766484217.693863,9964.000000000,1766484217.000000000,-16.116770218,-4.215205287,-0.685975616,0.268825411,0.374003665,0.224180586
1766484217.709458,9965.000000000,1766484217.000000000,-14.900410202,-2.988963749,-0.762195129,0.267297994,0.370938061,0.238095243
1766484217.725372,9966.000000000,1766484217.000000000,-14.444275196,-3.602084518,-0.533536590,0.268825411,0.366339655,0.231910951
1766484217.742213,9967.000000000,1766484217.000000000,-15.204500206,-4.215205287,-0.838414641,0.268825411,0.374003665,0.231910951
1766484217.757926,9968.000000000,1766484217.000000000,-14.596320198,-4.215205287,-0.304878051,0.267297994,0.363274051,0.235003097
1766484217.773445,9969.000000000,1766484217.000000000,-15.204500206,-4.445125575,-0.304878051,0.267297994,0.367872457,0.231910951
1766484217.789223,9970.000000000,1766484217.000000000,-15.128477705,-3.602084518,-0.609756103,0.265770577,0.372470863,0.228818805
1766484217.805886,9971.000000000,1766484217.000000000,-15.660635212,-4.061925095,-0.685975616,0.271880245,0.374003665,0.225726659
1766484217.821346,9972.000000000,1766484217.000000000,-15.204500206,-3.602084518,-0.685975616,0.268825411,0.374003665,0.231910951
1766484217.838115,9973.000000000,1766484217.000000000,-14.824387701,-3.755364710,-1.219512206,0.268825411,0.377069269,0.225726659
1766484217.853831,9974.000000000,1766484217.000000000,-14.824387701,-3.295524133,-0.685975616,0.267297994,0.369405259,0.235003097
1766484217.869470,9975.000000000,1766484217.000000000,-14.520297697,-3.295524133,-0.609756103,0.271880245,0.367872457,0.241187389
1766484217.885328,9976.000000000,1766484217.000000000,-15.052455204,-4.368485479,-0.609756103,0.268825411,0.367872457,0.241187389
1766484217.902219,9977.000000000,1766484217.000000000,-15.128477705,-3.755364710,-0.457317077,0.262715743,0.372470863,0.228818805
1766484217.917863,9978.000000000,1766484217.000000000,-14.748365200,-3.142243941,-0.914634154,0.268825411,0.374003665,0.250463827
1766484217.933355,9979.000000000,1766484217.000000000,-15.128477705,-4.445125575,-0.609756103,0.268825411,0.372470863,0.235003097
1766484217.949835,9980.000000000,1766484217.000000000,-15.356545208,-4.215205287,-0.685975616,0.268825411,0.377069269,0.231910951
1766484217.965436,9981.000000000,1766484217.000000000,-14.976432703,-3.295524133,-0.838414641,0.267297994,0.374003665,0.235003097
1766484217.981231,9982.000000000,1766484217.000000000,-14.596320198,-3.602084518,-0.914634154,0.268825411,0.370938061,0.238095243
1766484217.997896,9983.000000000,1766484217.000000000,-14.520297697,-3.295524133,-0.304878051,0.271880245,0.367872457,0.241187389
1766484218.013501,9984.000000000,1766484218.000000000,-14.976432703,-3.448804326,-0.457317077,0.268825411,0.367872457,0.247371681
1766484218.029171,9985.000000000,1766484218.000000000,-15.052455204,-3.602084518,-0.457317077,0.268825411,0.369405259,0.238095243
1766484218.046136,9986.000000000,1766484218.000000000,-15.204500206,-4.061925095,-0.685975616,0.271880245,0.374003665,0.231910951
1766484218.061706,9987.000000000,1766484218.000000000,-15.204500206,-3.602084518,-0.533536590,0.268825411,0.374003665,0.238095243
1766484218.077452,9988.000000000,1766484218.000000000,-15.508590210,-3.755364710,-0.914634154,0.267297994,0.377069269,0.235003097
1766484218.093322,9989.000000000,1766484218.000000000,-14.596320198,-3.755364710,-0.762195129,0.265770577,0.370938061,0.225726659
1766484218.109180,9990.000000000,1766484218.000000000,-15.204500206,-3.755364710,-0.685975616,0.265770577,0.374003665,0.238095243
1766484218.125883,9991.000000000,1766484218.000000000,-14.672342699,-3.908644903,-0.838414641,0.268825411,0.372470863,0.241187389
1766484218.141449,9992.000000000,1766484218.000000000,-14.672342699,-4.061925095,-0.838414641,0.265770577,0.372470863,0.235003097
1766484218.157244,9993.000000000,1766484218.000000000,-15.052455204,-3.755364710,-0.914634154,0.265770577,0.370938061,0.238095243
1766484218.174060,9994.000000000,1766484218.000000000,-15.204500206,-3.755364710,-0.381097564,0.265770577,0.374003665,0.238095243
1766484218.189676,9995.000000000,1766484218.000000000,-15.964725216,-4.215205287,-0.381097564,0.267297994,0.377069269,0.233457024
1766484218.205556,9996.000000000,1766484218.000000000,-15.508590210,-3.525444422,-0.381097564,0.267297994,0.372470863,0.222634513
1766484218.221190,9997.000000000,1766484218.000000000,-14.520297697,-3.602084518,-0.381097564,0.264243160,0.375536467,0.231910951
1766484218.238150,9998.000000000,1766484218.000000000,-15.052455204,-3.755364710,-0.381097564,0.267297994,0.369405259,0.238095243
1766484218.253860,9999.000000000,1766484218.000000000,-14.672342699,-3.678724614,-0.381097564,0.267297994,0.366339655,0.235003097
1766484218.269598,10000.000000000,1766484218.000000000,-14.292230194,-3.908644903,-0.152439026,0.267297994,0.367872457,0.238095243
1766484218.285143,10001.000000000,1766484218.000000000,-15.052455204,-3.908644903,-0.838414641,0.267297994,0.375536467,0.244279535
1766484218.301972,10002.000000000,1766484218.000000000,-15.128477705,-4.061925095,-0.685975616,0.261188326,0.372470863,0.227272732
1766484218.317532,10003.000000000,1766484218.000000000,-14.900410202,-3.908644903,-0.533536590,0.267297994,0.372470863,0.238095243
1766484218.333145,10004.000000000,1766484218.000000000,-15.356545208,-4.061925095,-0.457317077,0.264243160,0.372470863,0.238095243
1766484218.349945,10005.000000000,1766484218.000000000,-14.520297697,-3.218884037,-0.228658539,0.271880245,0.367872457,0.235003097
1766484218.365552,10006.000000000,1766484218.000000000,-14.976432703,-3.218884037,-0.609756103,0.267297994,0.374003665,0.235003097
1766484218.381350,10007.000000000,1766484218.000000000,-14.672342699,-3.678724614,-0.533536590,0.267297994,0.366339655,0.241187389
1766484218.397100,10008.000000000,1766484218.000000000,-15.128477705,-3.525444422,-0.228658539,0.267297994,0.370938061,0.235003097
1766484218.413724,10009.000000000,1766484218.000000000,-14.976432703,-3.525444422,-0.381097564,0.267297994,0.367872457,0.235003097
1766484218.429427,10010.000000000,1766484218.000000000,-14.444275196,-4.061925095,-0.228658539,0.264243160,0.372470863,0.238095243
1766484218.445046,10011.000000000,1766484218.000000000,-15.356545208,-4.138565191,-0.228658539,0.267297994,0.369405259,0.235003097
1766484218.461675,10012.000000000,1766484218.000000000,-15.204500206,-4.138565191,-0.533536590,0.264243160,0.375536467,0.241187389
1766484218.477411,10013.000000000,1766484218.000000000,-14.900410202,-3.602084518,-0.457317077,0.270352828,0.374003665,0.228818805
1766484218.493061,10014.000000000,1766484218.000000000,-14.368252695,-3.525444422,-0.457317077,0.270352828,0.369405259,0.241187389
1766484218.509710,10015.000000000,1766484218.000000000,-15.052455204,-3.908644903,-0.381097564,0.267297994,0.367872457,0.253555973
1766484218.525579,10016.000000000,1766484218.000000000,-14.748365200,-4.215205287,-0.533536590,0.267297994,0.374003665,0.238095243
1766484218.541402,10017.000000000,1766484218.000000000,-15.356545208,-3.908644903,-0.304878051,0.267297994,0.372470863,0.250463827
1766484218.557055,10018.000000000,1766484218.000000000,-14.824387701,-3.448804326,-0.685975616,0.267297994,0.372470863,0.225726659
1766484218.573886,10019.000000000,1766484218.000000000,-15.356545208,-3.602084518,-0.304878051,0.264243160,0.372470863,0.225726659
1766484218.589546,10020.000000000,1766484218.000000000,-15.128477705,-3.602084518,-0.381097564,0.264243160,0.372470863,0.235003097
1766484218.605339,10021.000000000,1766484218.000000000,-14.900410202,-3.295524133,-0.381097564,0.270352828,0.370938061,0.244279535
1766484218.622126,10022.000000000,1766484218.000000000,-15.204500206,-3.602084518,-0.304878051,0.270352828,0.374003665,0.238095243
1766484218.637774,10023.000000000,1766484218.000000000,-14.976432703,-3.678724614,-0.304878051,0.267297994,0.374003665,0.241187389
1766484218.653329,10024.000000000,1766484218.000000000,-14.900410202,-2.912323653,-0.381097564,0.267297994,0.370938061,0.244279535
1766484218.669031,10025.000000000,1766484218.000000000,-14.520297697,-3.448804326,-0.381097564,0.267297994,0.367872457,0.241187389
1766484218.685610,10026.000000000,1766484218.000000000,-14.748365200,-4.061925095,-0.533536590,0.270352828,0.374003665,0.231910951
1766484218.701248,10027.000000000,1766484218.000000000,-14.140185191,-3.755364710,-0.685975616,0.267297994,0.370938061,0.238095243
1766484218.717129,10028.000000000,1766484218.000000000,-14.976432703,-3.832004806,-0.381097564,0.270352828,0.367872457,0.235003097
1766484218.733782,10029.000000000,1766484218.000000000,-15.128477705,-3.065603845,-0.076219513,0.267297994,0.370938061,0.222634513
1766484218.749557,10030.000000000,1766484218.000000000,-14.140185191,-3.755364710,-0.457317077,0.270352828,0.364806853,0.238095243
1766484218.765231,10031.000000000,1766484218.000000000,-14.976432703,-4.061925095,-0.457317077,0.270352828,0.366339655,0.238095243
1766484218.781847,10032.000000000,1766484218.000000000,-14.520297697,-3.372164230,-0.533536590,0.270352828,0.367872457,0.228818805
1766484218.797477,10033.000000000,1766484218.000000000,-14.976432703,-3.602084518,-0.381097564,0.274935080,0.367872457,0.235003097
1766484218.813271,10034.000000000,1766484218.000000000,-14.976432703,-4.675045864,-0.381097564,0.267297994,0.366339655,0.236549170
1766484218.828967,10035.000000000,1766484218.000000000,-14.748365200,-3.602084518,-0.381097564,0.270352828,0.374003665,0.244279535
1766484218.845779,10036.000000000,1766484218.000000000,-15.128477705,-3.985284999,-0.533536590,0.267297994,0.372470863,0.241187389
1766484218.861359,10037.000000000,1766484218.000000000,-15.128477705,-3.525444422,-0.381097564,0.267297994,0.372470863,0.228818805
1766484218.877047,10038.000000000,1766484218.000000000,-15.128477705,-3.755364710,-0.152439026,0.267297994,0.369405259,0.244279535
1766484218.893831,10039.000000000,1766484218.000000000,-13.836095187,-3.678724614,-0.533536590,0.267297994,0.370938061,0.235003097
1766484218.909478,10040.000000000,1766484218.000000000,-14.292230194,-3.372164230,-0.381097564,0.270352828,0.372470863,0.235003097
1766484218.925357,10041.000000000,1766484218.000000000,-14.748365200,-3.448804326,-0.304878051,0.273407663,0.366339655,0.235003097
1766484218.941105,10042.000000000,1766484218.000000000,-14.976432703,-3.678724614,-0.381097564,0.267297994,0.374003665,0.235003097
1766484218.957870,10043.000000000,1766484218.000000000,-15.356545208,-3.755364710,-0.457317077,0.264243160,0.370938061,0.235003097
1766484218.973552,10044.000000000,1766484218.000000000,-14.748365200,-3.755364710,-0.228658539,0.270352828,0.364806853,0.238095243
1766484218.989383,10045.000000000,1766484218.000000000,-14.444275196,-3.142243941,-0.533536590,0.270352828,0.366339655,0.238095243
1766484219.005007,10046.000000000,1766484219.000000000,-14.292230194,-3.832004806,-0.076219513,0.270352828,0.372470863,0.241187389
1766484219.021839,10047.000000000,1766484219.000000000,-14.748365200,-3.525444422,-0.381097564,0.267297994,0.372470863,0.235003097
1766484219.037389,10048.000000000,1766484219.000000000,-15.204500206,-3.142243941,-0.381097564,0.270352828,0.374003665,0.238095243
1766484219.053116,10049.000000000,1766484219.000000000,-15.128477705,-3.832004806,-0.304878051,0.270352828,0.372470863,0.241187389
1766484219.068706,10050.000000000,1766484219.000000000,-14.976432703,-3.525444422,-0.457317077,0.267297994,0.367872457,0.228818805
1766484219.085535,10051.000000000,1766484219.000000000,-15.204500206,-3.602084518,-0.381097564,0.270352828,0.374003665,0.231910951
1766484219.101204,10052.000000000,1766484219.000000000,-14.444275196,-4.061925095,-0.457317077,0.264243160,0.372470863,0.238095243
1766484219.116683,10053.000000000,1766484219.000000000,-15.356545208,-3.908644903,-0.228658539,0.267297994,0.370938061,0.238095243
1766484219.133487,10054.000000000,1766484219.000000000,-14.900410202,-3.755364710,-0.152439026,0.270352828,0.372470863,0.244279535
1766484219.149136,10055.000000000,1766484219.000000000,-14.596320198,-4.215205287,-0.304878051,0.267297994,0.370938061,0.236549170
1766484219.164766,10056.000000000,1766484219.000000000,-14.900410202,-3.602084518,-0.152439026,0.264243160,0.370938061,0.238095243
1766484219.181535,10057.000000000,1766484219.000000000,-14.748365200,-3.525444422,-0.533536590,0.267297994,0.372470863,0.241187389
1766484219.197152,10058.000000000,1766484219.000000000,-14.976432703,-3.755364710,-0.762195129,0.265770577,0.374003665,0.233457024
1766484219.212722,10059.000000000,1766484219.000000000,-15.128477705,-4.061925095,-0.838414641,0.265770577,0.372470863,0.239641316
1766484219.229356,10060.000000000,1766484219.000000000,-15.204500206,-4.061925095,-0.457317077,0.268825411,0.366339655,0.233457024
1766484219.245149,10061.000000000,1766484219.000000000,-14.900410202,-3.755364710,-0.990853667,0.268825411,0.372470863,0.236549170
1766484219.260704,10062.000000000,1766484219.000000000,-15.128477705,-3.755364710,-0.457317077,0.265770577,0.369405259,0.242733462
1766484219.277480,10063.000000000,1766484219.000000000,-15.052455204,-3.908644903,-0.685975616,0.268825411,0.367872457,0.245825608
1766484219.293014,10064.000000000,1766484219.000000000,-14.596320198,-4.445125575,-1.067073180,0.265770577,0.372470863,0.245825608
1766484219.309631,10065.000000000,1766484219.000000000,-14.140185191,-3.755364710,-0.838414641,0.265770577,0.374003665,0.236549170
1766484219.325447,10066.000000000,1766484219.000000000,-15.356545208,-4.138565191,-0.609756103,0.262715743,0.372470863,0.230364878
1766484219.341092,10067.000000000,1766484219.000000000,-15.356545208,-3.448804326,-0.609756103,0.262715743,0.377069269,0.236549170
1766484219.357752,10068.000000000,1766484219.000000000,-14.596320198,-4.061925095,-0.762195129,0.265770577,0.372470863,0.239641316
1766484219.373283,10069.000000000,1766484219.000000000,-14.596320198,-3.755364710,-0.762195129,0.270352828,0.372470863,0.239641316
1766484219.388851,10070.000000000,1766484219.000000000,-14.748365200,-3.602084518,-0.762195129,0.265770577,0.375536467,0.239641316
1766484219.405614,10071.000000000,1766484219.000000000,-14.900410202,-3.755364710,-0.685975616,0.268825411,0.372470863,0.236549170
1766484219.421383,10072.000000000,1766484219.000000000,-14.596320198,-3.448804326,-0.762195129,0.265770577,0.372470863,0.245825608
1766484219.437155,10073.000000000,1766484219.000000000,-14.140185191,-4.061925095,-0.685975616,0.268825411,0.366339655,0.239641316
1766484219.452754,10074.000000000,1766484219.000000000,-14.140185191,-3.295524133,-0.533536590,0.265770577,0.372470863,0.230364878
1766484219.469572,10075.000000000,1766484219.000000000,-15.356545208,-3.755364710,-0.762195129,0.268825411,0.372470863,0.236549170
1766484219.485086,10076.000000000,1766484219.000000000,-15.204500206,-3.755364710,-0.609756103,0.265770577,0.374003665,0.242733462
1766484219.500740,10077.000000000,1766484219.000000000,-14.596320198,-3.448804326,-0.609756103,0.265770577,0.372470863,0.239641316
1766484219.516548,10078.000000000,1766484219.000000000,-14.748365200,-3.755364710,-0.914634154,0.265770577,0.370938061,0.233457024
1766484219.533381,10079.000000000,1766484219.000000000,-15.052455204,-4.061925095,-0.838414641,0.270352828,0.370938061,0.224180586
1766484219.549118,10080.000000000,1766484219.000000000,-14.140185191,-3.142243941,-0.838414641,0.268825411,0.369405259,0.242733462
1766484219.564778,10081.000000000,1766484219.000000000,-14.444275196,-3.755364710,-0.762195129,0.262715743,0.374003665,0.245825608
1766484219.580542,10082.000000000,1766484219.000000000,-15.204500206,-3.908644903,-0.990853667,0.262715743,0.370938061,0.239641316
1766484219.597261,10083.000000000,1766484219.000000000,-14.520297697,-3.755364710,-0.838414641,0.264243160,0.374003665,0.241187389
1766484219.612824,10084.000000000,1766484219.000000000,-15.128477705,-3.908644903,-0.762195129,0.268825411,0.372470863,0.222634513
1766484219.628376,10085.000000000,1766484219.000000000,-14.672342699,-4.445125575,-0.533536590,0.267297994,0.364806853,0.224180586
1766484219.645190,10086.000000000,1766484219.000000000,-14.824387701,-3.142243941,-0.685975616,0.267297994,0.369405259,0.235003097
1766484219.660786,10087.000000000,1766484219.000000000,-14.444275196,-3.755364710,-0.685975616,0.265770577,0.366339655,0.231910951
1766484219.676535,10088.000000000,1766484219.000000000,-14.824387701,-4.215205287,-0.838414641,0.267297994,0.370938061,0.241187389
1766484219.693378,10089.000000000,1766484219.000000000,-15.812680214,-3.755364710,-0.304878051,0.270352828,0.372470863,0.248917754
1766484219.709118,10090.000000000,1766484219.000000000,-14.672342699,-3.372164230,-0.304878051,0.267297994,0.364806853,0.250463827
1766484219.724761,10091.000000000,1766484219.000000000,-15.356545208,-3.678724614,-0.076219513,0.267297994,0.374003665,0.228818805
1766484219.741257,10092.000000000,1766484219.000000000,-15.052455204,-4.215205287,-0.381097564,0.267297994,0.369405259,0.231910951
1766484219.757010,10093.000000000,1766484219.000000000,-14.976432703,-3.678724614,-0.609756103,0.267297994,0.374003665,0.241187389
1766484219.772588,10094.000000000,1766484219.000000000,-15.204500206,-3.525444422,-0.533536590,0.267297994,0.375536467,0.241187389
1766484219.789444,10095.000000000,1766484219.000000000,-14.824387701,-3.678724614,-0.457317077,0.267297994,0.369405259,0.241187389
1766484219.804942,10096.000000000,1766484219.000000000,-14.824387701,-3.065603845,-0.304878051,0.270352828,0.363274051,0.250463827
1766484219.820610,10097.000000000,1766484219.000000000,-14.672342699,-3.372164230,-0.609756103,0.270352828,0.372470863,0.235003097
1766484219.836462,10098.000000000,1766484219.000000000,-14.216207692,-3.372164230,-0.609756103,0.270352828,0.372470863,0.241187389
1766484219.852235,10099.000000000,1766484219.000000000,-15.052455204,-4.215205287,-0.381097564,0.267297994,0.369405259,0.231910951
1766484219.869005,10100.000000000,1766484219.000000000,-15.204500206,-4.445125575,-0.381097564,0.267297994,0.375536467,0.247371681
1766484219.884635,10101.000000000,1766484219.000000000,-15.052455204,-3.602084518,-0.381097564,0.264243160,0.375536467,0.238095243
1766484219.901200,10102.000000000,1766484219.000000000,-14.900410202,-3.448804326,-0.685975616,0.271880245,0.366339655,0.238095243
1766484219.916851,10103.000000000,1766484219.000000000,-14.444275196,-3.602084518,-0.685975616,0.268825411,0.366339655,0.250463827
1766484219.932408,10104.000000000,1766484219.000000000,-14.900410202,-3.295524133,-0.533536590,0.265770577,0.366339655,0.238095243
1766484219.949162,10105.000000000,1766484219.000000000,-14.824387701,-3.602084518,-0.685975616,0.270352828,0.369405259,0.247371681
1766484219.964854,10106.000000000,1766484219.000000000,-14.596320198,-3.755364710,-0.457317077,0.265770577,0.369405259,0.225726659
1766484219.980512,10107.000000000,1766484219.000000000,-15.204500206,-3.908644903,-0.457317077,0.264243160,0.369405259,0.222634513
1766484219.997267,10108.000000000,1766484219.000000000,-14.900410202,-3.448804326,-0.609756103,0.267297994,0.372470863,0.238095243
1766484220.012780,10109.000000000,1766484220.000000000,-15.204500206,-4.061925095,-0.609756103,0.265770577,0.375536467,0.241187389
1766484220.028445,10110.000000000,1766484220.000000000,-14.368252695,-4.368485479,-0.838414641,0.264243160,0.370938061,0.227272732
1766484220.045077,10111.000000000,1766484220.000000000,-14.444275196,-3.448804326,-0.533536590,0.271880245,0.366339655,0.250463827
1766484220.060791,10112.000000000,1766484220.000000000,-14.520297697,-3.908644903,-0.838414641,0.264243160,0.374003665,0.241187389
1766484220.076658,10113.000000000,1766484220.000000000,-15.052455204,-4.138565191,-0.609756103,0.268825411,0.369405259,0.238095243
1766484220.092362,10114.000000000,1766484220.000000000,-14.976432703,-3.755364710,-0.381097564,0.267297994,0.372470863,0.235003097
1766484220.109115,10115.000000000,1766484220.000000000,-14.596320198,-3.295524133,-0.533536590,0.267297994,0.369405259,0.231910951
1766484220.124682,10116.000000000,1766484220.000000000,-15.356545208,-4.368485479,-0.152439026,0.267297994,0.372470863,0.225726659
1766484220.140406,10117.000000000,1766484220.000000000,-14.824387701,-4.291845383,0.000000000,0.264243160,0.369405259,0.221088440
1766484220.156472,10118.000000000,1766484220.000000000,-14.368252695,-4.291845383,-0.457317077,0.264243160,0.369405259,0.233457024
1766484220.172276,10119.000000000,1766484220.000000000,-14.672342699,-3.832004806,-0.457317077,0.270352828,0.372470863,0.235003097
1766484220.189311,10120.000000000,1766484220.000000000,-15.204500206,-3.908644903,-0.381097564,0.267297994,0.367872457,0.225726659
1766484220.204968,10121.000000000,1766484220.000000000,-14.520297697,-3.832004806,-0.228658539,0.270352828,0.367872457,0.247371681
1766484220.220615,10122.000000000,1766484220.000000000,-15.204500206,-3.908644903,-0.152439026,0.264243160,0.374003665,0.231910951
1766484220.236552,10123.000000000,1766484220.000000000,-14.976432703,-3.372164230,-0.457317077,0.264243160,0.374003665,0.235003097
1766484220.252269,10124.000000000,1766484220.000000000,-15.128477705,-3.832004806,-0.685975616,0.270352828,0.372470863,0.241187389
1766484220.269238,10125.000000000,1766484220.000000000,-14.900410202,-4.138565191,-0.762195129,0.267297994,0.370938061,0.247371681
1766484220.284624,10126.000000000,1766484220.000000000,-15.356545208,-3.525444422,-0.457317077,0.264243160,0.372470863,0.231910951
1766484220.300320,10127.000000000,1766484220.000000000,-14.064162690,-3.602084518,-0.762195129,0.268825411,0.369405259,0.238095243
1766484220.316955,10128.000000000,1766484220.000000000,-14.596320198,-4.215205287,-0.914634154,0.268825411,0.370938061,0.231910951
1766484220.332569,10129.000000000,1766484220.000000000,-15.052455204,-3.448804326,-0.762195129,0.271880245,0.370938061,0.231910951
1766484220.348330,10130.000000000,1766484220.000000000,-14.520297697,-3.908644903,-0.457317077,0.268825411,0.367872457,0.247371681
1766484220.364279,10131.000000000,1766484220.000000000,-14.748365200,-4.138565191,-0.609756103,0.268825411,0.374003665,0.238095243
1766484220.381287,10132.000000000,1766484220.000000000,-14.976432703,-3.755364710,-0.685975616,0.267297994,0.374003665,0.235003097
1766484220.397121,10133.000000000,1766484220.000000000,-15.052455204,-4.061925095,-0.381097564,0.270352828,0.369405259,0.238095243
1766484220.412652,10134.000000000,1766484220.000000000,-15.356545208,-3.525444422,-0.457317077,0.264243160,0.372470863,0.231910951
1766484220.428239,10135.000000000,1766484220.000000000,-15.356545208,-3.448804326,-0.457317077,0.267297994,0.372470863,0.238095243
1766484220.445178,10136.000000000,1766484220.000000000,-15.204500206,-3.448804326,-0.228658539,0.273407663,0.369405259,0.228818805
1766484220.460739,10137.000000000,1766484220.000000000,-14.976432703,-3.525444422,-0.228658539,0.267297994,0.367872457,0.228818805
1766484220.476384,10138.000000000,1766484220.000000000,-14.976432703,-3.602084518,-0.457317077,0.270352828,0.366339655,0.244279535
1766484220.492391,10139.000000000,1766484220.000000000,-14.672342699,-3.602084518,-0.381097564,0.270352828,0.374003665,0.244279535
1766484220.508976,10140.000000000,1766484220.000000000,-14.900410202,-4.138565191,-0.457317077,0.264243160,0.372470863,0.231910951
1766484220.524475,10141.000000000,1766484220.000000000,-15.204500206,-3.755364710,-0.685975616,0.265770577,0.374003665,0.225726659
1766484220.540361,10142.000000000,1766484220.000000000,-14.672342699,-3.602084518,-0.381097564,0.265770577,0.370938061,0.222634513
1766484220.556292,10143.000000000,1766484220.000000000,-15.204500206,-3.755364710,-0.685975616,0.265770577,0.374003665,0.238095243
1766484220.573009,10144.000000000,1766484220.000000000,-14.976432703,-3.755364710,-0.990853667,0.267297994,0.374003665,0.247371681
1766484220.588741,10145.000000000,1766484220.000000000,-14.748365200,-3.602084518,-0.762195129,0.268825411,0.374003665,0.250463827
1766484220.604306,10146.000000000,1766484220.000000000,-14.824387701,-3.908644903,-0.685975616,0.273407663,0.369405259,0.235003097
1766484220.621068,10147.000000000,1766484220.000000000,-14.976432703,-2.988963749,-0.762195129,0.265770577,0.367872457,0.235003097
1766484220.636595,10148.000000000,1766484220.000000000,-14.292230194,-3.908644903,-0.685975616,0.267297994,0.367872457,0.238095243
1766484220.652371,10149.000000000,1766484220.000000000,-14.672342699,-4.445125575,-0.685975616,0.268825411,0.372470863,0.227272732
1766484220.669144,10150.000000000,1766484220.000000000,-14.976432703,-3.755364710,-0.838414641,0.267297994,0.374003665,0.228818805
1766484220.684647,10151.000000000,1766484220.000000000,-15.204500206,-3.755364710,-0.457317077,0.267297994,0.369405259,0.228818805
1766484220.700479,10152.000000000,1766484220.000000000,-15.052455204,-3.142243941,-0.762195129,0.268825411,0.369405259,0.231910951
1766484220.716092,10153.000000000,1766484220.000000000,-15.204500206,-3.755364710,-0.457317077,0.270352828,0.367872457,0.238095243
1766484220.732692,10154.000000000,1766484220.000000000,-14.520297697,-3.602084518,-0.762195129,0.265770577,0.367872457,0.235003097
1766484220.748275,10155.000000000,1766484220.000000000,-14.748365200,-3.448804326,-0.381097564,0.267297994,0.367872457,0.238095243
1766484220.765218,10156.000000000,1766484220.000000000,-14.824387701,-4.368485479,-0.685975616,0.264243160,0.370938061,0.227272732
1766484220.780833,10157.000000000,1766484220.000000000,-14.444275196,-3.448804326,-0.838414641,0.264243160,0.374003665,0.235003097
1766484220.796482,10158.000000000,1766484220.000000000,-14.976432703,-3.295524133,-0.685975616,0.265770577,0.366339655,0.231910951
1766484220.812115,10159.000000000,1766484220.000000000,-14.368252695,-3.448804326,-0.914634154,0.267297994,0.372470863,0.231910951
1766484220.828781,10160.000000000,1766484220.000000000,-15.356545208,-3.908644903,-0.533536590,0.270352828,0.370938061,0.231910951
1766484220.844300,10161.000000000,1766484220.000000000,-14.976432703,-3.908644903,-0.457317077,0.268825411,0.367872457,0.241187389
1766484220.860056,10162.000000000,1766484220.000000000,-15.052455204,-3.755364710,-0.685975616,0.267297994,0.377069269,0.241187389
1766484220.876655,10163.000000000,1766484220.000000000,-14.976432703,-3.142243941,-0.838414641,0.270352828,0.374003665,0.241187389
1766484220.892531,10164.000000000,1766484220.000000000,-15.052455204,-3.755364710,-0.838414641,0.267297994,0.377069269,0.235003097
1766484220.908375,10165.000000000,1766484220.000000000,-14.824387701,-3.908644903,-0.533536590,0.268825411,0.375536467,0.235003097
1766484220.925085,10166.000000000,1766484220.000000000,-14.748365200,-3.755364710,-0.609756103,0.265770577,0.374003665,0.238095243
1766484220.940485,10167.000000000,1766484220.000000000,-14.596320198,-3.755364710,-0.609756103,0.265770577,0.369405259,0.244279535
1766484220.956062,10168.000000000,1766484220.000000000,-14.672342699,-3.295524133,-0.685975616,0.271880245,0.370938061,0.247371681
1766484220.972890,10169.000000000,1766484220.000000000,-14.672342699,-4.445125575,-0.533536590,0.265770577,0.372470863,0.241187389
1766484220.988713,10170.000000000,1766484220.000000000,-14.368252695,-3.295524133,-0.457317077,0.270352828,0.370938061,0.244279535
1766484221.004401,10171.000000000,1766484221.000000000,-14.824387701,-3.755364710,-0.838414641,0.267297994,0.369405259,0.235003097
1766484221.019854,10172.000000000,1766484221.000000000,-15.052455204,-4.291845383,-0.609756103,0.265770577,0.369405259,0.231910951
1766484221.036691,10173.000000000,1766484221.000000000,-15.128477705,-3.908644903,-0.762195129,0.268825411,0.372470863,0.235003097
1766484221.052485,10174.000000000,1766484221.000000000,-14.976432703,-3.908644903,-0.457317077,0.268825411,0.367872457,0.241187389
1766484221.068288,10175.000000000,1766484221.000000000,-14.672342699,-3.448804326,-0.838414641,0.268825411,0.372470863,0.247371681
1766484221.084878,10176.000000000,1766484221.000000000,-14.368252695,-4.215205287,-0.685975616,0.267297994,0.369405259,0.241187389
1766484221.100530,10177.000000000,1766484221.000000000,-14.520297697,-3.295524133,-0.685975616,0.267297994,0.374003665,0.247371681
1766484221.116122,10178.000000000,1766484221.000000000,-14.824387701,-4.751685960,-0.762195129,0.264243160,0.370938061,0.239641316
1766484221.131897,10179.000000000,1766484221.000000000,-14.444275196,-4.291845383,-0.457317077,0.261188326,0.370938061,0.230364878
1766484221.148530,10180.000000000,1766484221.000000000,-14.444275196,-4.291845383,-0.838414641,0.265770577,0.366339655,0.230364878
1766484221.164170,10181.000000000,1766484221.000000000,-14.748365200,-4.138565191,-0.685975616,0.264243160,0.367872457,0.238095243
1766484221.180890,10182.000000000,1766484221.000000000,-14.976432703,-4.215205287,-0.685975616,0.267297994,0.374003665,0.241187389
1766484221.196640,10183.000000000,1766484221.000000000,-14.596320198,-3.755364710,-0.762195129,0.265770577,0.370938061,0.238095243
1766484221.212437,10184.000000000,1766484221.000000000,-14.520297697,-3.295524133,-0.838414641,0.267297994,0.374003665,0.241187389
1766484221.227946,10185.000000000,1766484221.000000000,-14.900410202,-3.142243941,-0.609756103,0.273407663,0.370938061,0.238095243
1766484221.244443,10186.000000000,1766484221.000000000,-14.596320198,-3.602084518,-0.609756103,0.268825411,0.369405259,0.238095243
1766484221.260437,10187.000000000,1766484221.000000000,-14.824387701,-3.448804326,-0.533536590,0.273407663,0.369405259,0.235003097
1766484221.275991,10188.000000000,1766484221.000000000,-14.976432703,-3.755364710,-0.685975616,0.264243160,0.374003665,0.241187389
1766484221.292662,10189.000000000,1766484221.000000000,-14.824387701,-3.755364710,-0.838414641,0.264243160,0.370938061,0.241187389
1766484221.308279,10190.000000000,1766484221.000000000,-15.128477705,-3.908644903,-0.762195129,0.268825411,0.372470863,0.235003097
1766484221.323972,10191.000000000,1766484221.000000000,-15.204500206,-3.755364710,-0.533536590,0.265770577,0.374003665,0.231910951
1766484221.340469,10192.000000000,1766484221.000000000,-14.520297697,-3.448804326,-0.762195129,0.268825411,0.367872457,0.241187389
1766484221.356183,10193.000000000,1766484221.000000000,-14.596320198,-3.602084518,-0.609756103,0.268825411,0.369405259,0.238095243
1766484221.372589,10194.000000000,1766484221.000000000,-14.064162690,-3.602084518,-0.914634154,0.268825411,0.370938061,0.231910951
1766484221.388205,10195.000000000,1766484221.000000000,-14.900410202,-3.908644903,-0.762195129,0.267297994,0.372470863,0.238095243
1766484221.403757,10196.000000000,1766484221.000000000,-14.976432703,-4.138565191,-0.609756103,0.267297994,0.374003665,0.235003097
1766484221.420759,10197.000000000,1766484221.000000000,-15.052455204,-3.678724614,-0.457317077,0.267297994,0.377069269,0.241187389
1766484221.436181,10198.000000000,1766484221.000000000,-14.596320198,-4.215205287,-0.533536590,0.267297994,0.369405259,0.244279535
1766484221.452707,10199.000000000,1766484221.000000000,-14.748365200,-3.908644903,0.000000000,0.267297994,0.367872457,0.225726659
1766484221.468537,10200.000000000,1766484221.000000000,-14.596320198,-4.291845383,-0.228658539,0.267297994,0.369405259,0.231910951
1766484221.484027,10201.000000000,1766484221.000000000,-14.672342699,-3.985284999,-0.609756103,0.267297994,0.372470863,0.247371681
1766484221.500583,10202.000000000,1766484221.000000000,-14.976432703,-3.372164230,-0.381097564,0.270352828,0.367872457,0.241187389
1766484221.516151,10203.000000000,1766484221.000000000,-14.292230194,-4.368485479,-0.457317077,0.267297994,0.367872457,0.244279535
1766484221.532535,10204.000000000,1766484221.000000000,-14.824387701,-3.142243941,-0.685975616,0.270352828,0.377069269,0.244279535
1766484221.547946,10205.000000000,1766484221.000000000,-14.368252695,-3.678724614,-0.609756103,0.267297994,0.370938061,0.241187389
1766484221.564457,10206.000000000,1766484221.000000000,-15.128477705,-3.985284999,-0.381097564,0.267297994,0.372470863,0.235003097
1766484221.580200,10207.000000000,1766484221.000000000,-15.356545208,-3.678724614,-0.533536590,0.267297994,0.374003665,0.247371681
1766484221.595877,10208.000000000,1766484221.000000000,-14.520297697,-4.445125575,-0.533536590,0.267297994,0.367872457,0.233457024
1766484221.611733,10209.000000000,1766484221.000000000,-13.760072686,-3.295524133,-0.228658539,0.270352828,0.361741249,0.247371681
1766484221.628376,10210.000000000,1766484221.000000000,-14.520297697,-3.525444422,-0.381097564,0.264243160,0.375536467,0.244279535
1766484221.643945,10211.000000000,1766484221.000000000,-14.824387701,-2.682403364,-0.457317077,0.267297994,0.369405259,0.241187389
1766484221.660361,10212.000000000,1766484221.000000000,-14.596320198,-3.218884037,-0.838414641,0.267297994,0.369405259,0.244279535
1766484221.676094,10213.000000000,1766484221.000000000,-14.900410202,-4.061925095,-0.381097564,0.264243160,0.372470863,0.238095243
1766484221.691578,10214.000000000,1766484221.000000000,-15.204500206,-4.215205287,-0.304878051,0.267297994,0.374003665,0.238095243
1766484221.708608,10215.000000000,1766484221.000000000,-14.824387701,-3.678724614,-0.304878051,0.267297994,0.369405259,0.235003097
1766484221.724183,10216.000000000,1766484221.000000000,-13.912117688,-3.908644903,-0.228658539,0.267297994,0.364806853,0.253555973
1766484221.739800,10217.000000000,1766484221.000000000,-14.900410202,-3.908644903,-0.533536590,0.267297994,0.372470863,0.238095243
1766484221.755590,10218.000000000,1766484221.000000000,-14.368252695,-3.525444422,-0.457317077,0.270352828,0.369405259,0.241187389
1766484221.772463,10219.000000000,1766484221.000000000,-14.064162690,-3.602084518,-0.076219513,0.270352828,0.369405259,0.231910951
1766484221.788149,10220.000000000,1766484221.000000000,-14.368252695,-3.678724614,-0.609756103,0.267297994,0.370938061,0.241187389
1766484221.803767,10221.000000000,1766484221.000000000,-14.976432703,-4.598405768,-0.381097564,0.264243160,0.375536467,0.224180586
1766484221.819607,10222.000000000,1766484221.000000000,-14.748365200,-3.602084518,-0.609756103,0.268825411,0.374003665,0.231910951
1766484221.836524,10223.000000000,1766484221.000000000,-14.596320198,-4.598405768,-0.609756103,0.268825411,0.370938061,0.236549170
1766484221.852104,10224.000000000,1766484221.000000000,-14.748365200,-3.755364710,-0.609756103,0.265770577,0.374003665,0.238095243
1766484221.867711,10225.000000000,1766484221.000000000,-14.064162690,-3.142243941,-0.762195129,0.268825411,0.369405259,0.231910951
1766484221.884543,10226.000000000,1766484221.000000000,-14.748365200,-3.908644903,-0.685975616,0.267297994,0.367872457,0.231910951
1766484221.900294,10227.000000000,1766484221.000000000,-14.748365200,-3.602084518,-0.609756103,0.268825411,0.374003665,0.231910951
1766484221.915902,10228.000000000,1766484221.000000000,-14.824387701,-3.755364710,-0.685975616,0.267297994,0.369405259,0.228818805
1766484221.931482,10229.000000000,1766484221.000000000,-15.356545208,-3.755364710,-0.533536590,0.265770577,0.377069269,0.238095243
1766484221.948306,10230.000000000,1766484221.000000000,-15.356545208,-4.291845383,-0.457317077,0.267297994,0.374003665,0.228818805
1766484221.963952,10231.000000000,1766484221.000000000,-15.356545208,-4.215205287,-0.609756103,0.267297994,0.374003665,0.235003097
1766484221.979684,10232.000000000,1766484221.000000000,-14.976432703,-3.908644903,-0.838414641,0.264243160,0.374003665,0.235003097
1766484221.996431,10233.000000000,1766484221.000000000,-15.204500206,-3.755364710,-0.990853667,0.265770577,0.374003665,0.238095243
1766484222.012096,10234.000000000,1766484222.000000000,-15.356545208,-3.908644903,-0.685975616,0.267297994,0.372470863,0.244279535
1766484222.027621,10235.000000000,1766484222.000000000,-15.052455204,-2.988963749,-0.914634154,0.267297994,0.375536467,0.238095243
1766484222.044441,10236.000000000,1766484222.000000000,-14.900410202,-4.445125575,-0.609756103,0.267297994,0.372470863,0.238095243
1766484222.060004,10237.000000000,1766484222.000000000,-14.596320198,-3.908644903,-0.609756103,0.261188326,0.369405259,0.225726659
1766484222.075645,10238.000000000,1766484222.000000000,-14.292230194,-4.061925095,-0.990853667,0.265770577,0.375536467,0.241187389
1766484222.092480,10239.000000000,1766484222.000000000,-14.976432703,-4.598405768,-0.838414641,0.267297994,0.374003665,0.241187389
1766484222.108121,10240.000000000,1766484222.000000000,-14.748365200,-3.142243941,-0.609756103,0.268825411,0.374003665,0.238095243
1766484222.123740,10241.000000000,1766484222.000000000,-15.052455204,-4.138565191,-0.762195129,0.268825411,0.370938061,0.244279535
1766484222.139416,10242.000000000,1766484222.000000000,-15.052455204,-3.908644903,-0.838414641,0.268825411,0.370938061,0.222634513
1766484222.156357,10243.000000000,1766484222.000000000,-14.368252695,-3.908644903,-0.381097564,0.261188326,0.369405259,0.233457024
1766484222.171926,10244.000000000,1766484222.000000000,-15.128477705,-4.061925095,-0.762195129,0.265770577,0.372470863,0.241187389
1766484222.187663,10245.000000000,1766484222.000000000,-14.520297697,-4.061925095,-0.838414641,0.265770577,0.369405259,0.241187389
1766484222.203343,10246.000000000,1766484222.000000000,-15.356545208,-4.368485479,-0.457317077,0.262715743,0.374003665,0.222634513
1766484222.220097,10247.000000000,1766484222.000000000,-14.900410202,-3.908644903,-0.762195129,0.267297994,0.372470863,0.238095243
1766484222.235587,10248.000000000,1766484222.000000000,-14.368252695,-4.215205287,-0.838414641,0.267297994,0.370938061,0.247371681
1766484222.252477,10249.000000000,1766484222.000000000,-14.368252695,-3.908644903,-1.067073180,0.267297994,0.372470863,0.231910951
1766484222.268177,10250.000000000,1766484222.000000000,-14.748365200,-4.445125575,-0.609756103,0.261188326,0.374003665,0.238095243
1766484222.283873,10251.000000000,1766484222.000000000,-14.444275196,-3.602084518,-0.533536590,0.268825411,0.366339655,0.231910951
1766484222.299700,10252.000000000,1766484222.000000000,-14.748365200,-3.448804326,-0.838414641,0.268825411,0.375536467,0.241187389
1766484222.315402,10253.000000000,1766484222.000000000,-15.052455204,-4.138565191,-0.838414641,0.270352828,0.377069269,0.235003097
1766484222.332286,10254.000000000,1766484222.000000000,-14.824387701,-4.598405768,-0.838414641,0.267297994,0.370938061,0.233457024
1766484222.347770,10255.000000000,1766484222.000000000,-14.368252695,-4.598405768,-0.838414641,0.267297994,0.370938061,0.239641316
1766484222.363428,10256.000000000,1766484222.000000000,-15.356545208,-3.908644903,-0.685975616,0.267297994,0.372470863,0.231910951
1766484222.380330,10257.000000000,1766484222.000000000,-14.748365200,-3.755364710,-0.533536590,0.270352828,0.367872457,0.244279535
1766484222.395882,10258.000000000,1766484222.000000000,-14.596320198,-3.295524133,-0.609756103,0.265770577,0.369405259,0.238095243
1766484222.411591,10259.000000000,1766484222.000000000,-14.824387701,-3.908644903,-0.685975616,0.264243160,0.369405259,0.235003097
1766484222.427409,10260.000000000,1766484222.000000000,-15.052455204,-4.061925095,-0.609756103,0.271880245,0.369405259,0.244279535
1766484222.444249,10261.000000000,1766484222.000000000,-14.596320198,-4.138565191,-1.067073180,0.268825411,0.370938061,0.238095243
1766484222.459864,10262.000000000,1766484222.000000000,-15.660635212,-4.291845383,-0.685975616,0.265770577,0.374003665,0.238095243
1766484222.475618,10263.000000000,1766484222.000000000,-14.900410202,-3.908644903,-0.762195129,0.267297994,0.372470863,0.238095243
1766484222.491294,10264.000000000,1766484222.000000000,-14.748365200,-4.138565191,-0.381097564,0.264243160,0.367872457,0.238095243
1766484222.507314,10265.000000000,1766484222.000000000,-13.988140189,-4.291845383,-0.838414641,0.265770577,0.366339655,0.236549170
1766484222.524077,10266.000000000,1766484222.000000000,-14.748365200,-3.755364710,-0.381097564,0.267297994,0.374003665,0.238095243
1766484222.539690,10267.000000000,1766484222.000000000,-14.824387701,-3.678724614,-0.304878051,0.267297994,0.369405259,0.247371681
1766484222.555521,10268.000000000,1766484222.000000000,-14.976432703,-3.448804326,-0.381097564,0.267297994,0.367872457,0.247371681
1766484222.572276,10269.000000000,1766484222.000000000,-14.748365200,-3.832004806,-0.685975616,0.267297994,0.369405259,0.250463827
1766484222.587907,10270.000000000,1766484222.000000000,-15.204500206,-3.525444422,-0.533536590,0.267297994,0.375536467,0.241187389
1766484222.603641,10271.000000000,1766484222.000000000,-14.748365200,-4.675045864,-0.381097564,0.261188326,0.367872457,0.236549170
1766484222.619300,10272.000000000,1766484222.000000000,-14.976432703,-3.832004806,-0.533536590,0.270352828,0.367872457,0.241187389
1766484222.636026,10273.000000000,1766484222.000000000,-15.052455204,-4.521765672,-0.381097564,0.270352828,0.370938061,0.244279535
1766484222.651410,10274.000000000,1766484222.000000000,-14.444275196,-3.448804326,0.152439026,0.271880245,0.366339655,0.244279535
1766484222.667974,10275.000000000,1766484222.000000000,-14.672342699,-4.598405768,-0.381097564,0.270352828,0.374003665,0.231910951
1766484222.683406,10276.000000000,1766484222.000000000,-14.444275196,-3.525444422,-0.685975616,0.264243160,0.372470863,0.238095243
1766484222.700078,10277.000000000,1766484222.000000000,-14.216207692,-4.138565191,-0.228658539,0.267297994,0.366339655,0.241187389
1766484222.715681,10278.000000000,1766484222.000000000,-15.052455204,-4.061925095,-0.457317077,0.267297994,0.375536467,0.231910951
1766484222.731409,10279.000000000,1766484222.000000000,-14.824387701,-3.755364710,-0.609756103,0.265770577,0.377069269,0.244279535
1766484222.747312,10280.000000000,1766484222.000000000,-15.356545208,-4.138565191,-0.685975616,0.264243160,0.372470863,0.225726659
1766484222.763109,10281.000000000,1766484222.000000000,-15.508590210,-3.908644903,-0.381097564,0.267297994,0.375536467,0.238095243
1766484222.779861,10282.000000000,1766484222.000000000,-14.748365200,-3.295524133,-0.609756103,0.265770577,0.374003665,0.244279535
1766484222.795327,10283.000000000,1766484222.000000000,-14.292230194,-3.908644903,-0.685975616,0.267297994,0.367872457,0.238095243
1766484222.811980,10284.000000000,1766484222.000000000,-14.596320198,-4.215205287,-0.609756103,0.267297994,0.363274051,0.247371681
1766484222.827485,10285.000000000,1766484222.000000000,-14.216207692,-3.142243941,-0.533536590,0.267297994,0.366339655,0.253555973
1766484222.843059,10286.000000000,1766484222.000000000,-15.204500206,-3.678724614,-0.228658539,0.267297994,0.369405259,0.228818805
1766484222.859780,10287.000000000,1766484222.000000000,-15.128477705,-3.832004806,-0.533536590,0.270352828,0.372470863,0.247371681
1766484222.875461,10288.000000000,1766484222.000000000,-15.052455204,-3.602084518,-0.533536590,0.270352828,0.370938061,0.238095243
1766484222.891127,10289.000000000,1766484222.000000000,-14.976432703,-4.061925095,-0.457317077,0.270352828,0.366339655,0.250463827
1766484222.907865,10290.000000000,1766484222.000000000,-15.204500206,-3.602084518,-0.457317077,0.267297994,0.366339655,0.247371681
1766484222.923594,10291.000000000,1766484222.000000000,-14.140185191,-4.061925095,-0.228658539,0.270352828,0.369405259,0.244279535
1766484222.939167,10292.000000000,1766484222.000000000,-14.292230194,-4.138565191,-0.609756103,0.264243160,0.375536467,0.239641316
1766484222.955992,10293.000000000,1766484222.000000000,-14.900410202,-3.602084518,-0.609756103,0.270352828,0.374003665,0.235003097
1766484222.971460,10294.000000000,1766484222.000000000,-14.900410202,-3.908644903,-0.533536590,0.267297994,0.372470863,0.238095243
1766484222.987142,10295.000000000,1766484222.000000000,-15.128477705,-3.832004806,-0.381097564,0.270352828,0.372470863,0.228818805
1766484223.003869,10296.000000000,1766484223.000000000,-14.976432703,-3.678724614,-0.609756103,0.271880245,0.369405259,0.235003097
1766484223.019290,10297.000000000,1766484223.000000000,-14.520297697,-3.678724614,-0.228658539,0.271880245,0.367872457,0.241187389
1766484223.035974,10298.000000000,1766484223.000000000,-14.368252695,-3.755364710,-0.457317077,0.267297994,0.363274051,0.238095243
1766484223.051663,10299.000000000,1766484223.000000000,-14.520297697,-3.678724614,-0.457317077,0.267297994,0.374003665,0.241187389
1766484223.067303,10300.000000000,1766484223.000000000,-14.748365200,-3.755364710,-0.533536590,0.267297994,0.374003665,0.231910951
1766484223.082897,10301.000000000,1766484223.000000000,-14.976432703,-3.372164230,-0.533536590,0.270352828,0.367872457,0.247371681
1766484223.099724,10302.000000000,1766484223.000000000,-14.520297697,-3.908644903,-0.381097564,0.267297994,0.375536467,0.231910951
1766484223.115295,10303.000000000,1766484223.000000000,-14.748365200,-4.138565191,-0.152439026,0.270352828,0.374003665,0.231910951
1766484223.130795,10304.000000000,1766484223.000000000,-14.900410202,-3.908644903,-0.609756103,0.267297994,0.372470863,0.244279535
1766484223.147729,10305.000000000,1766484223.000000000,-14.900410202,-3.448804326,-0.152439026,0.267297994,0.370938061,0.231910951
1766484223.163386,10306.000000000,1766484223.000000000,-14.976432703,-3.142243941,-0.685975616,0.267297994,0.374003665,0.241187389
1766484223.179212,10307.000000000,1766484223.000000000,-14.976432703,-3.525444422,-0.381097564,0.270352828,0.374003665,0.241187389
1766484223.194803,10308.000000000,1766484223.000000000,-15.508590210,-3.525444422,-0.304878051,0.270352828,0.374003665,0.248917754
1766484223.211764,10309.000000000,1766484223.000000000,-14.596320198,-3.448804326,-0.304878051,0.267297994,0.367872457,0.241187389
1766484223.227302,10310.000000000,1766484223.000000000,-14.748365200,-3.755364710,-0.533536590,0.271880245,0.375536467,0.228818805
1766484223.242843,10311.000000000,1766484223.000000000,-14.748365200,-4.368485479,-0.381097564,0.270352828,0.372470863,0.241187389
1766484223.259630,10312.000000000,1766484223.000000000,-14.444275196,-4.061925095,-0.304878051,0.264243160,0.370938061,0.231910951
1766484223.275287,10313.000000000,1766484223.000000000,-15.508590210,-3.678724614,-0.304878051,0.267297994,0.374003665,0.241187389
1766484223.290874,10314.000000000,1766484223.000000000,-14.292230194,-3.218884037,-0.076219513,0.271880245,0.370938061,0.241187389
1766484223.307620,10315.000000000,1766484223.000000000,-14.596320198,-3.678724614,-0.381097564,0.267297994,0.374003665,0.241187389
1766484223.323194,10316.000000000,1766484223.000000000,-14.368252695,-3.678724614,-0.609756103,0.267297994,0.369405259,0.241187389
1766484223.338701,10317.000000000,1766484223.000000000,-14.900410202,-3.295524133,-0.685975616,0.270352828,0.372470863,0.244279535
1766484223.355761,10318.000000000,1766484223.000000000,-14.748365200,-4.061925095,-0.304878051,0.264243160,0.367872457,0.231910951
1766484223.371403,10319.000000000,1766484223.000000000,-14.900410202,-4.368485479,-0.228658539,0.267297994,0.372470863,0.231910951
1766484223.386962,10320.000000000,1766484223.000000000,-14.824387701,-3.525444422,-0.304878051,0.270352828,0.369405259,0.241187389
1766484223.403796,10321.000000000,1766484223.000000000,-14.444275196,-3.525444422,-0.762195129,0.270352828,0.374003665,0.247371681
1766484223.419025,10322.000000000,1766484223.000000000,-14.596320198,-3.755364710,-0.533536590,0.267297994,0.370938061,0.238095243
1766484223.435891,10323.000000000,1766484223.000000000,-15.204500206,-4.521765672,-0.381097564,0.270352828,0.370938061,0.241187389
1766484223.451550,10324.000000000,1766484223.000000000,-14.900410202,-4.751685960,-0.609756103,0.270352828,0.372470863,0.224180586
1766484223.467207,10325.000000000,1766484223.000000000,-15.356545208,-3.908644903,-0.457317077,0.267297994,0.372470863,0.244279535
1766484223.483880,10326.000000000,1766484223.000000000,-15.356545208,-3.602084518,-0.304878051,0.264243160,0.372470863,0.225726659
1766484223.499527,10327.000000000,1766484223.000000000,-14.900410202,-4.061925095,-0.381097564,0.264243160,0.372470863,0.238095243
1766484223.515260,10328.000000000,1766484223.000000000,-15.204500206,-4.061925095,-0.457317077,0.270352828,0.374003665,0.238095243
1766484223.530959,10329.000000000,1766484223.000000000,-14.900410202,-3.908644903,-0.762195129,0.267297994,0.372470863,0.238095243
1766484223.547743,10330.000000000,1766484223.000000000,-14.672342699,-4.368485479,-0.304878051,0.264243160,0.366339655,0.235003097
1766484223.563350,10331.000000000,1766484223.000000000,-14.216207692,-3.602084518,-0.457317077,0.268825411,0.374003665,0.244279535
1766484223.578919,10332.000000000,1766484223.000000000,-14.216207692,-3.602084518,-0.076219513,0.265770577,0.370938061,0.241187389
1766484223.595727,10333.000000000,1766484223.000000000,-14.672342699,-3.602084518,-0.533536590,0.265770577,0.370938061,0.241187389
1766484223.611351,10334.000000000,1766484223.000000000,-14.216207692,-4.215205287,-0.457317077,0.267297994,0.366339655,0.241187389
1766484223.627285,10335.000000000,1766484223.000000000,-14.444275196,-4.138565191,-0.762195129,0.264243160,0.372470863,0.238095243
1766484223.642811,10336.000000000,1766484223.000000000,-14.824387701,-4.061925095,-0.533536590,0.265770577,0.375536467,0.241187389
1766484223.659329,10337.000000000,1766484223.000000000,-14.976432703,-4.215205287,-0.685975616,0.267297994,0.374003665,0.241187389
1766484223.674979,10338.000000000,1766484223.000000000,-14.824387701,-3.295524133,-0.533536590,0.267297994,0.369405259,0.228818805
1766484223.691689,10339.000000000,1766484223.000000000,-14.216207692,-2.835683557,-0.762195129,0.265770577,0.374003665,0.250463827
1766484223.707316,10340.000000000,1766484223.000000000,-14.368252695,-4.215205287,-0.990853667,0.267297994,0.370938061,0.241187389
1766484223.723023,10341.000000000,1766484223.000000000,-14.900410202,-3.755364710,-0.457317077,0.270352828,0.372470863,0.244279535
1766484223.739736,10342.000000000,1766484223.000000000,-14.672342699,-3.448804326,-0.533536590,0.268825411,0.370938061,0.235003097
1766484223.755223,10343.000000000,1766484223.000000000,-15.128477705,-3.602084518,-0.457317077,0.265770577,0.370938061,0.235003097
1766484223.770895,10344.000000000,1766484223.000000000,-14.216207692,-4.138565191,-0.609756103,0.268825411,0.374003665,0.244279535
1766484223.787609,10345.000000000,1766484223.000000000,-14.748365200,-3.448804326,-0.685975616,0.267297994,0.367872457,0.225726659
1766484223.803508,10346.000000000,1766484223.000000000,-14.748365200,-3.142243941,-0.685975616,0.264243160,0.367872457,0.238095243
1766484223.819013,10347.000000000,1766484223.000000000,-14.748365200,-3.908644903,-0.685975616,0.268825411,0.375536467,0.241187389
1766484223.834668,10348.000000000,1766484223.000000000,-14.976432703,-4.368485479,-0.533536590,0.264243160,0.374003665,0.241187389
1766484223.851524,10349.000000000,1766484223.000000000,-15.204500206,-3.755364710,-0.533536590,0.267297994,0.366339655,0.241187389
1766484223.867096,10350.000000000,1766484223.000000000,-14.444275196,-3.448804326,-0.609756103,0.267297994,0.370938061,0.244279535
1766484223.882780,10351.000000000,1766484223.000000000,-15.204500206,-4.291845383,-0.381097564,0.265770577,0.374003665,0.231910951
1766484223.899692,10352.000000000,1766484223.000000000,-14.976432703,-3.755364710,-0.685975616,0.267297994,0.374003665,0.235003097
1766484223.915542,10353.000000000,1766484223.000000000,-14.900410202,-4.445125575,-0.304878051,0.267297994,0.372470863,0.238095243
1766484223.931150,10354.000000000,1766484223.000000000,-14.748365200,-3.218884037,-0.838414641,0.267297994,0.374003665,0.238095243
1766484223.946640,10355.000000000,1766484223.000000000,-14.444275196,-3.295524133,-0.381097564,0.270352828,0.372470863,0.250463827
1766484223.963387,10356.000000000,1766484223.000000000,-14.672342699,-3.985284999,-0.533536590,0.271880245,0.374003665,0.225726659
1766484223.979317,10357.000000000,1766484223.000000000,-14.520297697,-3.602084518,-0.533536590,0.270352828,0.369405259,0.231910951
1766484223.994990,10358.000000000,1766484223.000000000,-14.520297697,-3.985284999,-0.457317077,0.267297994,0.369405259,0.233457024
1766484224.010518,10359.000000000,1766484224.000000000,-14.748365200,-4.215205287,-0.381097564,0.267297994,0.374003665,0.230364878
1766484224.027429,10360.000000000,1766484224.000000000,-15.052455204,-4.598405768,-0.533536590,0.270352828,0.370938061,0.238095243
1766484224.042981,10361.000000000,1766484224.000000000,-14.216207692,-3.755364710,-0.685975616,0.267297994,0.374003665,0.244279535
1766484224.058533,10362.000000000,1766484224.000000000,-14.824387701,-3.985284999,-0.304878051,0.270352828,0.369405259,0.235003097
1766484224.074487,10363.000000000,1766484224.000000000,-14.748365200,-3.218884037,-0.381097564,0.267297994,0.374003665,0.244279535
1766484224.091253,10364.000000000,1766484224.000000000,-14.368252695,-3.678724614,-0.609756103,0.267297994,0.370938061,0.241187389
1766484224.106860,10365.000000000,1766484224.000000000,-14.596320198,-2.988963749,-0.533536590,0.271880245,0.369405259,0.244279535
1766484224.122355,10366.000000000,1766484224.000000000,-15.204500206,-3.678724614,-0.152439026,0.267297994,0.366339655,0.247371681
1766484224.139376,10367.000000000,1766484224.000000000,-15.052455204,-3.142243941,-0.609756103,0.268825411,0.369405259,0.238095243
1766484224.154943,10368.000000000,1766484224.000000000,-15.204500206,-4.215205287,-0.457317077,0.267297994,0.369405259,0.222634513
1766484224.170539,10369.000000000,1766484224.000000000,-15.052455204,-3.755364710,-0.762195129,0.265770577,0.370938061,0.231910951
1766484224.187402,10370.000000000,1766484224.000000000,-14.596320198,-3.755364710,-0.762195129,0.265770577,0.370938061,0.238095243
1766484224.203040,10371.000000000,1766484224.000000000,-14.672342699,-3.602084518,-0.609756103,0.270352828,0.366339655,0.241187389
1766484224.218652,10372.000000000,1766484224.000000000,-14.596320198,-3.908644903,-0.762195129,0.271880245,0.370938061,0.244279535
1766484224.234481,10373.000000000,1766484224.000000000,-14.292230194,-3.448804326,-0.838414641,0.267297994,0.367872457,0.238095243
1766484224.251032,10374.000000000,1766484224.000000000,-14.064162690,-3.448804326,-0.609756103,0.268825411,0.367872457,0.241187389
1766484224.266683,10375.000000000,1766484224.000000000,-15.660635212,-3.908644903,-0.533536590,0.261188326,0.374003665,0.231910951
1766484224.282348,10376.000000000,1766484224.000000000,-14.672342699,-3.602084518,-0.838414641,0.265770577,0.372470863,0.241187389
1766484224.299167,10377.000000000,1766484224.000000000,-14.444275196,-3.908644903,-0.762195129,0.267297994,0.372470863,0.231910951
1766484224.314826,10378.000000000,1766484224.000000000,-15.204500206,-4.291845383,-0.685975616,0.265770577,0.374003665,0.231910951
1766484224.330438,10379.000000000,1766484224.000000000,-14.596320198,-4.138565191,-0.609756103,0.268825411,0.369405259,0.231910951
1766484224.347365,10380.000000000,1766484224.000000000,-14.824387701,-3.755364710,-0.685975616,0.267297994,0.369405259,0.241187389
1766484224.362964,10381.000000000,1766484224.000000000,-13.912117688,-3.295524133,-0.685975616,0.264243160,0.369405259,0.241187389
1766484224.378379,10382.000000000,1766484224.000000000,-14.520297697,-4.061925095,-0.457317077,0.265770577,0.367872457,0.241187389
1766484224.395239,10383.000000000,1766484224.000000000,-15.128477705,-3.448804326,-0.914634154,0.268825411,0.372470863,0.235003097
1766484224.410751,10384.000000000,1766484224.000000000,-15.204500206,-3.602084518,-0.685975616,0.268825411,0.377069269,0.238095243
1766484224.426433,10385.000000000,1766484224.000000000,-14.672342699,-3.832004806,-0.457317077,0.270352828,0.372470863,0.235003097
1766484224.442405,10386.000000000,1766484224.000000000,-14.976432703,-3.678724614,-0.457317077,0.267297994,0.366339655,0.238095243
1766484224.459231,10387.000000000,1766484224.000000000,-14.444275196,-3.372164230,-0.609756103,0.264243160,0.374003665,0.235003097
1766484224.474750,10388.000000000,1766484224.000000000,-14.672342699,-3.525444422,-0.304878051,0.267297994,0.370938061,0.241187389
1766484224.490412,10389.000000000,1766484224.000000000,-14.672342699,-3.832004806,-0.762195129,0.270352828,0.372470863,0.247371681
1766484224.507300,10390.000000000,1766484224.000000000,-14.748365200,-3.755364710,-0.152439026,0.270352828,0.367872457,0.238095243
1766484224.522791,10391.000000000,1766484224.000000000,-14.216207692,-3.372164230,-0.381097564,0.264243160,0.374003665,0.244279535
1766484224.538442,10392.000000000,1766484224.000000000,-14.748365200,-4.828326056,-0.457317077,0.261188326,0.374003665,0.236549170
1766484224.554465,10393.000000000,1766484224.000000000,-14.596320198,-3.295524133,-0.838414641,0.267297994,0.370938061,0.231910951
1766484224.571116,10394.000000000,1766484224.000000000,-14.596320198,-3.295524133,-0.381097564,0.267297994,0.369405259,0.238095243
1766484224.586862,10395.000000000,1766484224.000000000,-15.204500206,-3.908644903,-0.228658539,0.267297994,0.367872457,0.244279535
1766484224.602547,10396.000000000,1766484224.000000000,-15.128477705,-4.368485479,-0.381097564,0.270352828,0.372470863,0.235003097
1766484224.618378,10397.000000000,1766484224.000000000,-14.292230194,-2.912323653,-0.609756103,0.267297994,0.367872457,0.244279535
1766484224.635291,10398.000000000,1766484224.000000000,-14.672342699,-3.832004806,-0.304878051,0.270352828,0.372470863,0.241187389
1766484224.650946,10399.000000000,1766484224.000000000,-14.596320198,-3.602084518,-0.381097564,0.270352828,0.369405259,0.238095243
1766484224.666596,10400.000000000,1766484224.000000000,-15.204500206,-4.215205287,-0.762195129,0.267297994,0.374003665,0.244279535
1766484224.682168,10401.000000000,1766484224.000000000,-15.204500206,-3.678724614,-0.304878051,0.270352828,0.374003665,0.225726659
1766484224.698920,10402.000000000,1766484224.000000000,-14.672342699,-3.372164230,-0.152439026,0.270352828,0.370938061,0.241187389
1766484224.714513,10403.000000000,1766484224.000000000,-14.976432703,-3.372164230,-0.609756103,0.264243160,0.374003665,0.228818805
1766484224.731338,10404.000000000,1766484224.000000000,-14.444275196,-3.448804326,-0.609756103,0.267297994,0.372470863,0.231910951
1766484224.746989,10405.000000000,1766484224.000000000,-14.824387701,-3.755364710,-0.533536590,0.267297994,0.369405259,0.235003097
1766484224.762692,10406.000000000,1766484224.000000000,-14.900410202,-3.295524133,-0.457317077,0.270352828,0.372470863,0.250463827
1766484224.778599,10407.000000000,1766484224.000000000,-14.976432703,-3.755364710,-0.685975616,0.267297994,0.374003665,0.235003097
1766484224.794243,10408.000000000,1766484224.000000000,-15.508590210,-4.291845383,-0.838414641,0.265770577,0.370938061,0.225726659
1766484224.811161,10409.000000000,1766484224.000000000,-15.128477705,-4.138565191,-0.609756103,0.265770577,0.372470863,0.222634513
1766484224.826879,10410.000000000,1766484224.000000000,-14.824387701,-4.215205287,-0.685975616,0.267297994,0.370938061,0.247371681
1766484224.842341,10411.000000000,1766484224.000000000,-15.204500206,-3.755364710,-0.685975616,0.265770577,0.374003665,0.250463827
1766484224.858388,10412.000000000,1766484224.000000000,-14.444275196,-3.908644903,-0.609756103,0.267297994,0.372470863,0.250463827
1766484224.875194,10413.000000000,1766484224.000000000,-14.444275196,-4.291845383,-0.685975616,0.265770577,0.366339655,0.250463827
1766484224.890727,10414.000000000,1766484224.000000000,-14.672342699,-3.448804326,-0.533536590,0.268825411,0.370938061,0.235003097
1766484224.906369,10415.000000000,1766484224.000000000,-14.292230194,-3.908644903,-0.685975616,0.267297994,0.367872457,0.238095243
1766484224.923380,10416.000000000,1766484224.000000000,-14.976432703,-3.755364710,-0.685975616,0.264243160,0.374003665,0.241187389
1766484224.938990,10417.000000000,1766484224.000000000,-14.596320198,-4.138565191,-0.609756103,0.268825411,0.369405259,0.244279535
1766484224.954772,10418.000000000,1766484224.000000000,-14.672342699,-2.988963749,-0.685975616,0.265770577,0.370938061,0.241187389
1766484224.970534,10419.000000000,1766484224.000000000,-14.748365200,-3.602084518,-0.609756103,0.271880245,0.374003665,0.238095243
1766484224.986224,10420.000000000,1766484224.000000000,-13.836095187,-3.908644903,-0.533536590,0.270352828,0.367872457,0.231910951
1766484225.003092,10421.000000000,1766484225.000000000,-14.444275196,-3.142243941,-0.381097564,0.268825411,0.366339655,0.231910951
1766484225.018672,10422.000000000,1766484225.000000000,-14.520297697,-3.448804326,-0.762195129,0.267297994,0.375536467,0.244279535
1766484225.034341,10423.000000000,1766484225.000000000,-14.216207692,-3.295524133,-0.914634154,0.265770577,0.374003665,0.238095243
1766484225.051150,10424.000000000,1766484225.000000000,-15.508590210,-4.291845383,-0.762195129,0.271880245,0.372470863,0.228818805
1766484225.066779,10425.000000000,1766484225.000000000,-15.128477705,-4.445125575,-0.762195129,0.268825411,0.372470863,0.228818805
1766484225.082482,10426.000000000,1766484225.000000000,-14.900410202,-3.755364710,-0.609756103,0.270352828,0.372470863,0.238095243
1766484225.098309,10427.000000000,1766484225.000000000,-15.204500206,-4.215205287,-0.762195129,0.273407663,0.367872457,0.238095243
1766484225.114922,10428.000000000,1766484225.000000000,-14.672342699,-3.602084518,-0.381097564,0.262715743,0.370938061,0.241187389
1766484225.130473,10429.000000000,1766484225.000000000,-14.672342699,-3.755364710,-0.914634154,0.265770577,0.374003665,0.238095243
1766484225.146240,10430.000000000,1766484225.000000000,-14.444275196,-3.602084518,-0.685975616,0.270352828,0.374003665,0.235003097
1766484225.163128,10431.000000000,1766484225.000000000,-14.976432703,-3.908644903,-0.533536590,0.262715743,0.366339655,0.238095243
1766484225.178700,10432.000000000,1766484225.000000000,-14.596320198,-4.138565191,-0.762195129,0.268825411,0.370938061,0.238095243
1766484225.194352,10433.000000000,1766484225.000000000,-14.900410202,-3.755364710,-0.762195129,0.270352828,0.372470863,0.231910951
1766484225.210102,10434.000000000,1766484225.000000000,-14.976432703,-3.755364710,-0.685975616,0.267297994,0.374003665,0.235003097
1766484225.226909,10435.000000000,1766484225.000000000,-14.596320198,-3.908644903,-0.609756103,0.261188326,0.369405259,0.238095243
1766484225.242580,10436.000000000,1766484225.000000000,-14.900410202,-3.448804326,-0.381097564,0.261188326,0.366339655,0.225726659
1766484225.258356,10437.000000000,1766484225.000000000,-14.824387701,-4.291845383,-0.685975616,0.271880245,0.375536467,0.241187389
1766484225.274033,10438.000000000,1766484225.000000000,-14.748365200,-3.448804326,-0.533536590,0.267297994,0.367872457,0.244279535
1766484225.290736,10439.000000000,1766484225.000000000,-14.824387701,-3.602084518,-0.533536590,0.270352828,0.369405259,0.241187389
1766484225.306471,10440.000000000,1766484225.000000000,-14.824387701,-3.755364710,-0.685975616,0.267297994,0.370938061,0.228818805
1766484225.322018,10441.000000000,1766484225.000000000,-15.660635212,-4.291845383,-0.533536590,0.265770577,0.374003665,0.231910951
1766484225.338776,10442.000000000,1766484225.000000000,-15.204500206,-3.602084518,-0.457317077,0.270352828,0.374003665,0.231910951
1766484225.354417,10443.000000000,1766484225.000000000,-14.976432703,-4.138565191,-0.609756103,0.267297994,0.374003665,0.235003097
1766484225.370042,10444.000000000,1766484225.000000000,-14.216207692,-3.755364710,-0.533536590,0.267297994,0.374003665,0.238095243
1766484225.386621,10445.000000000,1766484225.000000000,-14.216207692,-3.142243941,-0.533536590,0.270352828,0.374003665,0.250463827
1766484225.402271,10446.000000000,1766484225.000000000,-14.596320198,-4.138565191,-0.685975616,0.270352828,0.370938061,0.231910951
1766484225.417879,10447.000000000,1766484225.000000000,-13.988140189,-3.602084518,-0.152439026,0.270352828,0.366339655,0.244279535
1766484225.434683,10448.000000000,1766484225.000000000,-14.520297697,-3.372164230,-0.533536590,0.270352828,0.367872457,0.241187389
1766484225.450439,10449.000000000,1766484225.000000000,-15.356545208,-4.138565191,-0.228658539,0.267297994,0.374003665,0.241187389
1766484225.466078,10450.000000000,1766484225.000000000,-15.052455204,-3.755364710,-0.533536590,0.267297994,0.370938061,0.231910951
1766484225.482693,10451.000000000,1766484225.000000000,-14.748365200,-3.832004806,-0.228658539,0.264243160,0.366339655,0.235003097
1766484225.498285,10452.000000000,1766484225.000000000,-14.520297697,-3.295524133,-0.228658539,0.270352828,0.367872457,0.253555973
1766484225.513916,10453.000000000,1766484225.000000000,-14.824387701,-4.138565191,-0.304878051,0.273407663,0.367872457,0.244279535
1766484225.530722,10454.000000000,1766484225.000000000,-14.444275196,-4.061925095,-0.609756103,0.270352828,0.374003665,0.235003097
1766484225.546475,10455.000000000,1766484225.000000000,-15.204500206,-3.448804326,-0.457317077,0.271880245,0.374003665,0.238095243
1766484225.562218,10456.000000000,1766484225.000000000,-15.052455204,-3.525444422,-0.533536590,0.267297994,0.375536467,0.225726659
1766484225.578880,10457.000000000,1766484225.000000000,-15.128477705,-4.138565191,-0.228658539,0.261188326,0.370938061,0.222634513
1766484225.594491,10458.000000000,1766484225.000000000,-15.356545208,-3.678724614,-0.533536590,0.267297994,0.370938061,0.241187389
1766484225.610146,10459.000000000,1766484225.000000000,-14.824387701,-3.525444422,-0.304878051,0.267297994,0.375536467,0.235003097
1766484225.626732,10460.000000000,1766484225.000000000,-14.900410202,-3.832004806,-0.381097564,0.270352828,0.364806853,0.241187389
1766484225.642512,10461.000000000,1766484225.000000000,-14.976432703,-3.678724614,-0.457317077,0.271880245,0.367872457,0.247371681
1766484225.658295,10462.000000000,1766484225.000000000,-14.748365200,-3.908644903,-0.533536590,0.267297994,0.372470863,0.247371681
1766484225.673989,10463.000000000,1766484225.000000000,-14.444275196,-3.755364710,-0.457317077,0.270352828,0.372470863,0.238095243
1766484225.690502,10464.000000000,1766484225.000000000,-13.988140189,-2.835683557,-0.609756103,0.270352828,0.370938061,0.238095243
1766484225.706002,10465.000000000,1766484225.000000000,-15.204500206,-3.755364710,-0.381097564,0.267297994,0.374003665,0.238095243
1766484225.722715,10466.000000000,1766484225.000000000,-15.128477705,-3.832004806,-0.304878051,0.270352828,0.372470863,0.241187389
1766484225.738462,10467.000000000,1766484225.000000000,-15.128477705,-3.832004806,-0.381097564,0.270352828,0.372470863,0.241187389
1766484225.754152,10468.000000000,1766484225.000000000,-14.748365200,-3.755364710,-0.838414641,0.267297994,0.374003665,0.231910951
1766484225.769717,10469.000000000,1766484225.000000000,-14.292230194,-3.602084518,-0.457317077,0.270352828,0.363274051,0.244279535
1766484225.786686,10470.000000000,1766484225.000000000,-15.052455204,-4.061925095,-0.228658539,0.270352828,0.369405259,0.244279535
1766484225.802023,10471.000000000,1766484225.000000000,-14.520297697,-3.448804326,-0.685975616,0.267297994,0.375536467,0.238095243
1766484225.817702,10472.000000000,1766484225.000000000,-14.368252695,-3.678724614,-0.609756103,0.267297994,0.370938061,0.241187389
1766484225.834537,10473.000000000,1766484225.000000000,-14.444275196,-4.368485479,-0.685975616,0.267297994,0.372470863,0.244279535
1766484225.850047,10474.000000000,1766484225.000000000,-15.052455204,-4.061925095,-0.533536590,0.264243160,0.375536467,0.238095243
1766484225.866677,10475.000000000,1766484225.000000000,-14.748365200,-3.602084518,-0.533536590,0.270352828,0.374003665,0.238095243
1766484225.882375,10476.000000000,1766484225.000000000,-15.052455204,-3.602084518,-0.533536590,0.270352828,0.370938061,0.238095243
1766484225.898029,10477.000000000,1766484225.000000000,-14.748365200,-4.368485479,-0.457317077,0.267297994,0.367872457,0.238095243
1766484225.914691,10478.000000000,1766484225.000000000,-14.520297697,-3.678724614,-0.152439026,0.267297994,0.374003665,0.241187389
1766484225.930269,10479.000000000,1766484225.000000000,-14.444275196,-3.525444422,-0.533536590,0.264243160,0.372470863,0.244279535
1766484225.945914,10480.000000000,1766484225.000000000,-15.052455204,-3.755364710,-0.381097564,0.267297994,0.369405259,0.238095243
1766484225.962652,10481.000000000,1766484225.000000000,-14.748365200,-4.061925095,-0.533536590,0.270352828,0.374003665,0.244279535
1766484225.978309,10482.000000000,1766484225.000000000,-15.204500206,-4.215205287,-0.304878051,0.267297994,0.374003665,0.238095243
1766484225.993870,10483.000000000,1766484225.000000000,-15.052455204,-3.295524133,-0.381097564,0.270352828,0.367872457,0.241187389
1766484226.009640,10484.000000000,1766484226.000000000,-15.356545208,-3.908644903,-0.609756103,0.267297994,0.372470863,0.238095243
1766484226.026520,10485.000000000,1766484226.000000000,-14.672342699,-3.525444422,-0.533536590,0.270352828,0.366339655,0.235003097
1766484226.042280,10486.000000000,1766484226.000000000,-14.596320198,-3.448804326,-0.381097564,0.271880245,0.369405259,0.244279535
1766484226.058054,10487.000000000,1766484226.000000000,-14.596320198,-4.138565191,-0.533536590,0.267297994,0.363274051,0.241187389
1766484226.073650,10488.000000000,1766484226.000000000,-14.672342699,-3.372164230,-0.457317077,0.270352828,0.370938061,0.241187389
1766484226.090585,10489.000000000,1766484226.000000000,-14.596320198,-4.215205287,-0.685975616,0.267297994,0.370938061,0.238095243
1766484226.106151,10490.000000000,1766484226.000000000,-15.052455204,-4.521765672,-0.533536590,0.264243160,0.375536467,0.230364878
1766484226.121743,10491.000000000,1766484226.000000000,-15.204500206,-4.215205287,-0.304878051,0.267297994,0.374003665,0.238095243
1766484226.138431,10492.000000000,1766484226.000000000,-15.052455204,-3.602084518,-0.533536590,0.270352828,0.369405259,0.238095243
1766484226.154338,10493.000000000,1766484226.000000000,-14.748365200,-4.061925095,-0.685975616,0.270352828,0.374003665,0.238095243
1766484226.170046,10494.000000000,1766484226.000000000,-14.292230194,-3.065603845,-0.914634154,0.270352828,0.370938061,0.228818805
1766484226.185655,10495.000000000,1766484226.000000000,-14.976432703,-4.061925095,-0.533536590,0.264243160,0.375536467,0.225726659
1766484226.202271,10496.000000000,1766484226.000000000,-14.444275196,-3.525444422,-0.533536590,0.264243160,0.372470863,0.244279535
1766484226.217842,10497.000000000,1766484226.000000000,-14.976432703,-4.138565191,-0.609756103,0.267297994,0.374003665,0.235003097
1766484226.234457,10498.000000000,1766484226.000000000,-14.976432703,-4.138565191,-0.609756103,0.267297994,0.374003665,0.235003097
1766484226.250318,10499.000000000,1766484226.000000000,-14.520297697,-5.058246344,-0.533536590,0.265770577,0.367872457,0.233457024
1766484226.265990,10500.000000000,1766484226.000000000,-14.444275196,-3.448804326,-0.762195129,0.267297994,0.372470863,0.250463827
1766484226.282650,10501.000000000,1766484226.000000000,-14.900410202,-3.602084518,-0.533536590,0.270352828,0.374003665,0.235003097
1766484226.298384,10502.000000000,1766484226.000000000,-14.216207692,-3.602084518,-0.762195129,0.268825411,0.374003665,0.231910951
1766484226.313834,10503.000000000,1766484226.000000000,-14.292230194,-3.602084518,-0.533536590,0.264243160,0.367872457,0.244279535
1766484226.329600,10504.000000000,1766484226.000000000,-14.900410202,-3.908644903,-0.914634154,0.267297994,0.372470863,0.244279535
1766484226.346476,10505.000000000,1766484226.000000000,-14.520297697,-3.908644903,-1.219512206,0.267297994,0.375536467,0.244279535
1766484226.362272,10506.000000000,1766484226.000000000,-15.204500206,-3.602084518,-0.685975616,0.268825411,0.374003665,0.231910951
1766484226.377887,10507.000000000,1766484226.000000000,-14.900410202,-3.908644903,-0.609756103,0.267297994,0.372470863,0.231910951
1766484226.393525,10508.000000000,1766484226.000000000,-15.356545208,-3.908644903,-0.533536590,0.267297994,0.370938061,0.238095243
1766484226.410169,10509.000000000,1766484226.000000000,-14.216207692,-3.295524133,-0.914634154,0.265770577,0.374003665,0.238095243
1766484226.425841,10510.000000000,1766484226.000000000,-14.064162690,-3.448804326,-0.457317077,0.265770577,0.367872457,0.241187389
1766484226.441453,10511.000000000,1766484226.000000000,-14.368252695,-3.525444422,-0.457317077,0.270352828,0.369405259,0.241187389
1766484226.458269,10512.000000000,1766484226.000000000,-14.824387701,-3.678724614,-0.304878051,0.267297994,0.369405259,0.235003097
1766484226.473846,10513.000000000,1766484226.000000000,-15.204500206,-3.755364710,-0.304878051,0.267297994,0.374003665,0.231910951
1766484226.489474,10514.000000000,1766484226.000000000,-15.128477705,-3.832004806,-0.685975616,0.270352828,0.372470863,0.228818805
1766484226.506354,10515.000000000,1766484226.000000000,-14.368252695,-3.218884037,-0.304878051,0.267297994,0.369405259,0.235003097
1766484226.521991,10516.000000000,1766484226.000000000,-14.368252695,-4.291845383,-0.457317077,0.264243160,0.369405259,0.233457024
1766484226.537581,10517.000000000,1766484226.000000000,-14.900410202,-3.908644903,-0.381097564,0.267297994,0.372470863,0.244279535
1766484226.554500,10518.000000000,1766484226.000000000,-14.824387701,-3.602084518,-0.533536590,0.270352828,0.369405259,0.228818805
1766484226.570145,10519.000000000,1766484226.000000000,-14.672342699,-3.295524133,-0.381097564,0.271880245,0.370938061,0.235003097
1766484226.585912,10520.000000000,1766484226.000000000,-14.596320198,-3.602084518,-0.762195129,0.268825411,0.370938061,0.244279535
1766484226.601434,10521.000000000,1766484226.000000000,-15.356545208,-4.598405768,-0.838414641,0.264243160,0.372470863,0.238095243
1766484226.618374,10522.000000000,1766484226.000000000,-15.204500206,-3.142243941,-0.609756103,0.270352828,0.369405259,0.235003097
1766484226.634134,10523.000000000,1766484226.000000000,-15.128477705,-3.908644903,-0.457317077,0.268825411,0.370938061,0.235003097
1766484226.649749,10524.000000000,1766484226.000000000,-15.204500206,-3.985284999,-0.228658539,0.267297994,0.375536467,0.235003097
1766484226.665450,10525.000000000,1766484226.000000000,-14.748365200,-3.448804326,-0.457317077,0.267297994,0.367872457,0.238095243
1766484226.682389,10526.000000000,1766484226.000000000,-15.052455204,-3.755364710,-0.076219513,0.267297994,0.369405259,0.238095243
1766484226.697869,10527.000000000,1766484226.000000000,-14.672342699,-3.678724614,-0.304878051,0.271880245,0.372470863,0.247371681
1766484226.713612,10528.000000000,1766484226.000000000,-14.368252695,-3.525444422,-0.304878051,0.270352828,0.369405259,0.247371681
1766484226.729262,10529.000000000,1766484226.000000000,-14.596320198,-3.602084518,-0.685975616,0.270352828,0.370938061,0.238095243
1766484226.746099,10530.000000000,1766484226.000000000,-15.128477705,-3.985284999,-0.228658539,0.267297994,0.372470863,0.241187389
1766484226.761584,10531.000000000,1766484226.000000000,-15.660635212,-4.675045864,-0.533536590,0.267297994,0.374003665,0.238095243
1766484226.777363,10532.000000000,1766484226.000000000,-15.356545208,-3.832004806,-0.381097564,0.264243160,0.374003665,0.235003097
1766484226.794181,10533.000000000,1766484226.000000000,-14.748365200,-3.218884037,-0.685975616,0.267297994,0.374003665,0.244279535
1766484226.809691,10534.000000000,1766484226.000000000,-14.672342699,-3.908644903,-0.457317077,0.267297994,0.364806853,0.238095243
1766484226.825424,10535.000000000,1766484226.000000000,-14.976432703,-3.372164230,-0.533536590,0.270352828,0.367872457,0.235003097
1766484226.842369,10536.000000000,1766484226.000000000,-14.216207692,-3.525444422,-0.533536590,0.270352828,0.366339655,0.241187389
1766484226.857939,10537.000000000,1766484226.000000000,-14.596320198,-3.602084518,-0.609756103,0.268825411,0.369405259,0.238095243
1766484226.873676,10538.000000000,1766484226.000000000,-14.444275196,-4.138565191,-0.457317077,0.264243160,0.370938061,0.238095243
1766484226.889315,10539.000000000,1766484226.000000000,-14.292230194,-3.602084518,-0.838414641,0.265770577,0.375536467,0.241187389
1766484226.906113,10540.000000000,1766484226.000000000,-14.672342699,-4.061925095,-0.533536590,0.264243160,0.364806853,0.238095243
1766484226.921688,10541.000000000,1766484226.000000000,-14.520297697,-4.061925095,-0.457317077,0.265770577,0.367872457,0.241187389
1766484226.937321,10542.000000000,1766484226.000000000,-15.204500206,-4.061925095,-0.685975616,0.271880245,0.377069269,0.238095243
1766484226.954213,10543.000000000,1766484226.000000000,-14.520297697,-3.678724614,-0.381097564,0.271880245,0.367872457,0.247371681
1766484226.969918,10544.000000000,1766484226.000000000,-15.052455204,-3.295524133,-0.228658539,0.267297994,0.369405259,0.238095243
1766484226.985525,10545.000000000,1766484226.000000000,-14.672342699,-3.372164230,-0.609756103,0.270352828,0.372470863,0.247371681
1766484227.001399,10546.000000000,1766484227.000000000,-14.824387701,-4.291845383,-0.304878051,0.264243160,0.369405259,0.235003097
1766484227.017415,10547.000000000,1766484227.000000000,-15.356545208,-3.295524133,-0.304878051,0.267297994,0.377069269,0.231910951
1766484227.033981,10548.000000000,1766484227.000000000,-14.976432703,-4.291845383,-0.457317077,0.264243160,0.374003665,0.247371681
1766484227.049628,10549.000000000,1766484227.000000000,-15.052455204,-4.215205287,-0.685975616,0.267297994,0.370938061,0.231910951
1766484227.065358,10550.000000000,1766484227.000000000,-14.444275196,-2.988963749,-0.533536590,0.267297994,0.370938061,0.244279535
1766484227.081247,10551.000000000,1766484227.000000000,-14.976432703,-4.061925095,-0.457317077,0.270352828,0.374003665,0.235003097
1766484227.098058,10552.000000000,1766484227.000000000,-14.824387701,-3.985284999,-0.457317077,0.270352828,0.369405259,0.241187389
1766484227.113725,10553.000000000,1766484227.000000000,-15.128477705,-3.372164230,-0.533536590,0.270352828,0.372470863,0.241187389
1766484227.129473,10554.000000000,1766484227.000000000,-14.596320198,-4.061925095,-0.533536590,0.270352828,0.369405259,0.238095243
1766484227.145220,10555.000000000,1766484227.000000000,-15.356545208,-4.138565191,-0.381097564,0.267297994,0.374003665,0.235003097
1766484227.162136,10556.000000000,1766484227.000000000,-14.672342699,-3.985284999,-0.304878051,0.267297994,0.372470863,0.235003097
1766484227.177639,10557.000000000,1766484227.000000000,-15.128477705,-3.832004806,-0.533536590,0.270352828,0.372470863,0.235003097
1766484227.193485,10558.000000000,1766484227.000000000,-14.520297697,-3.218884037,-0.076219513,0.271880245,0.367872457,0.241187389
1766484227.209203,10559.000000000,1766484227.000000000,-14.292230194,-3.372164230,-0.457317077,0.270352828,0.375536467,0.241187389
1766484227.226094,10560.000000000,1766484227.000000000,-14.520297697,-3.832004806,-0.304878051,0.264243160,0.374003665,0.241187389
1766484227.241617,10561.000000000,1766484227.000000000,-14.900410202,-3.448804326,-0.381097564,0.267297994,0.370938061,0.238095243
1766484227.257269,10562.000000000,1766484227.000000000,-15.356545208,-3.832004806,-0.228658539,0.264243160,0.374003665,0.241187389
1766484227.274201,10563.000000000,1766484227.000000000,-15.128477705,-3.832004806,-0.533536590,0.270352828,0.372470863,0.235003097
1766484227.289799,10564.000000000,1766484227.000000000,-14.900410202,-3.755364710,-0.533536590,0.270352828,0.372470863,0.244279535
1766484227.305483,10565.000000000,1766484227.000000000,-14.900410202,-3.448804326,-0.381097564,0.267297994,0.370938061,0.238095243
1766484227.321339,10566.000000000,1766484227.000000000,-14.520297697,-3.448804326,-0.381097564,0.267297994,0.367872457,0.241187389
1766484227.338091,10567.000000000,1766484227.000000000,-14.520297697,-3.448804326,-0.381097564,0.267297994,0.367872457,0.241187389
1766484227.353683,10568.000000000,1766484227.000000000,-14.976432703,-3.678724614,-0.762195129,0.267297994,0.374003665,0.235003097
1766484227.369402,10569.000000000,1766484227.000000000,-14.976432703,-3.218884037,-0.457317077,0.267297994,0.372470863,0.241187389
1766484227.386282,10570.000000000,1766484227.000000000,-14.900410202,-3.908644903,-0.228658539,0.267297994,0.370938061,0.225726659
1766484227.401991,10571.000000000,1766484227.000000000,-15.204500206,-3.985284999,-0.609756103,0.271880245,0.374003665,0.238095243
1766484227.417654,10572.000000000,1766484227.000000000,-15.204500206,-4.138565191,-0.457317077,0.270352828,0.377069269,0.231910951
1766484227.434358,10573.000000000,1766484227.000000000,-14.748365200,-3.295524133,-0.533536590,0.267297994,0.374003665,0.238095243
1766484227.449845,10574.000000000,1766484227.000000000,-14.976432703,-3.372164230,-0.228658539,0.270352828,0.367872457,0.247371681
1766484227.465325,10575.000000000,1766484227.000000000,-14.672342699,-4.368485479,-0.152439026,0.267297994,0.364806853,0.244279535
1766484227.481325,10576.000000000,1766484227.000000000,-14.520297697,-4.215205287,0.000000000,0.267297994,0.366339655,0.244279535
1766484227.498162,10577.000000000,1766484227.000000000,-14.900410202,-3.908644903,-0.685975616,0.267297994,0.372470863,0.244279535
1766484227.513882,10578.000000000,1766484227.000000000,-14.976432703,-3.985284999,-0.609756103,0.267297994,0.369405259,0.235003097
1766484227.529446,10579.000000000,1766484227.000000000,-14.900410202,-3.448804326,-0.381097564,0.267297994,0.372470863,0.225726659
1766484227.545071,10580.000000000,1766484227.000000000,-15.508590210,-4.061925095,-0.152439026,0.264243160,0.375536467,0.231910951
1766484227.561680,10581.000000000,1766484227.000000000,-14.824387701,-4.215205287,-0.533536590,0.267297994,0.369405259,0.228818805
1766484227.577550,10582.000000000,1766484227.000000000,-15.356545208,-3.295524133,-0.457317077,0.267297994,0.374003665,0.241187389
1766484227.593277,10583.000000000,1766484227.000000000,-14.444275196,-3.448804326,-0.609756103,0.267297994,0.370938061,0.244279535
1766484227.610158,10584.000000000,1766484227.000000000,-14.596320198,-3.602084518,-0.762195129,0.268825411,0.370938061,0.244279535
1766484227.625658,10585.000000000,1766484227.000000000,-14.900410202,-3.602084518,-0.533536590,0.270352828,0.374003665,0.235003097
1766484227.641238,10586.000000000,1766484227.000000000,-14.976432703,-3.908644903,-0.609756103,0.270352828,0.375536467,0.231910951
1766484227.656976,10587.000000000,1766484227.000000000,-15.508590210,-4.291845383,-0.685975616,0.265770577,0.370938061,0.244279535
1766484227.673784,10588.000000000,1766484227.000000000,-14.824387701,-4.061925095,-0.838414641,0.265770577,0.375536467,0.241187389
1766484227.689394,10589.000000000,1766484227.000000000,-14.976432703,-3.448804326,-0.685975616,0.264243160,0.374003665,0.235003097
1766484227.705085,10590.000000000,1766484227.000000000,-15.052455204,-3.142243941,-0.304878051,0.264243160,0.375536467,0.244279535
1766484227.721663,10591.000000000,1766484227.000000000,-14.596320198,-3.295524133,-0.914634154,0.265770577,0.369405259,0.238095243
1766484227.737423,10592.000000000,1766484227.000000000,-14.444275196,-3.908644903,-0.914634154,0.267297994,0.372470863,0.238095243
1766484227.753043,10593.000000000,1766484227.000000000,-14.292230194,-3.295524133,-0.838414641,0.270352828,0.367872457,0.231910951
1766484227.769665,10594.000000000,1766484227.000000000,-14.976432703,-3.908644903,-0.533536590,0.264243160,0.374003665,0.235003097
1766484227.785311,10595.000000000,1766484227.000000000,-14.748365200,-3.755364710,-0.304878051,0.265770577,0.374003665,0.238095243
1766484227.800915,10596.000000000,1766484227.000000000,-14.520297697,-3.755364710,-0.533536590,0.267297994,0.374003665,0.235003097
1766484227.817742,10597.000000000,1766484227.000000000,-14.368252695,-3.755364710,-0.685975616,0.267297994,0.370938061,0.235003097
1766484227.833525,10598.000000000,1766484227.000000000,-14.368252695,-3.755364710,-0.685975616,0.267297994,0.370938061,0.235003097
1766484227.849233,10599.000000000,1766484227.000000000,-14.824387701,-4.215205287,-0.838414641,0.267297994,0.370938061,0.253555973
1766484227.865905,10600.000000000,1766484227.000000000,-15.204500206,-3.755364710,-0.533536590,0.265770577,0.374003665,0.244279535
1766484227.881672,10601.000000000,1766484227.000000000,-14.444275196,-3.602084518,-0.838414641,0.270352828,0.374003665,0.228818805
1766484227.897459,10602.000000000,1766484227.000000000,-14.824387701,-3.755364710,-0.685975616,0.267297994,0.369405259,0.241187389
1766484227.913199,10603.000000000,1766484227.000000000,-14.976432703,-3.448804326,-0.685975616,0.264243160,0.374003665,0.235003097
1766484227.929807,10604.000000000,1766484227.000000000,-14.824387701,-3.448804326,-0.914634154,0.261188326,0.377069269,0.231910951
1766484227.945653,10605.000000000,1766484227.000000000,-14.596320198,-3.755364710,-0.609756103,0.265770577,0.369405259,0.244279535
1766484227.961286,10606.000000000,1766484227.000000000,-14.672342699,-3.295524133,-0.457317077,0.264243160,0.377069269,0.247371681
1766484227.976866,10607.000000000,1766484227.000000000,-14.824387701,-3.525444422,-0.304878051,0.270352828,0.369405259,0.241187389
1766484227.993518,10608.000000000,1766484227.000000000,-14.596320198,-3.755364710,-0.228658539,0.267297994,0.369405259,0.238095243
1766484228.009003,10609.000000000,1766484228.000000000,-14.368252695,-3.678724614,-0.304878051,0.267297994,0.369405259,0.228818805
1766484228.025752,10610.000000000,1766484228.000000000,-13.988140189,-3.755364710,-0.152439026,0.267297994,0.366339655,0.238095243
1766484228.041533,10611.000000000,1766484228.000000000,-15.204500206,-3.218884037,-0.381097564,0.267297994,0.380134872,0.241187389
1766484228.057158,10612.000000000,1766484228.000000000,-15.356545208,-4.138565191,-0.533536590,0.264243160,0.372470863,0.231910951
1766484228.073843,10613.000000000,1766484228.000000000,-15.052455204,-3.142243941,-0.762195129,0.264243160,0.375536467,0.250463827
1766484228.089360,10614.000000000,1766484228.000000000,-14.976432703,-3.755364710,-0.685975616,0.267297994,0.374003665,0.247371681
1766484228.104958,10615.000000000,1766484228.000000000,-14.368252695,-3.295524133,-0.838414641,0.267297994,0.369405259,0.222634513
1766484228.121731,10616.000000000,1766484228.000000000,-14.976432703,-3.448804326,-0.762195129,0.268825411,0.367872457,0.247371681
1766484228.137580,10617.000000000,1766484228.000000000,-14.064162690,-3.295524133,-0.457317077,0.271880245,0.367872457,0.228818805
1766484228.153627,10618.000000000,1766484228.000000000,-14.368252695,-3.142243941,-0.990853667,0.267297994,0.369405259,0.241187389
1766484228.169157,10619.000000000,1766484228.000000000,-14.976432703,-4.291845383,-0.914634154,0.270352828,0.369405259,0.233457024
1766484228.184918,10620.000000000,1766484228.000000000,-14.368252695,-3.678724614,-0.609756103,0.267297994,0.370938061,0.228818805
1766484228.201650,10621.000000000,1766484228.000000000,-15.508590210,-4.061925095,-0.304878051,0.264243160,0.375536467,0.238095243
1766484228.217358,10622.000000000,1766484228.000000000,-15.052455204,-3.142243941,-0.381097564,0.270352828,0.369405259,0.238095243
1766484228.233135,10623.000000000,1766484228.000000000,-14.292230194,-3.372164230,0.000000000,0.267297994,0.367872457,0.250463827
1766484228.249765,10624.000000000,1766484228.000000000,-14.672342699,-3.678724614,-0.457317077,0.271880245,0.372470863,0.241187389
1766484228.265516,10625.000000000,1766484228.000000000,-14.368252695,-3.908644903,-0.609756103,0.268825411,0.364806853,0.247371681
1766484228.281018,10626.000000000,1766484228.000000000,-14.444275196,-3.602084518,-0.685975616,0.270352828,0.374003665,0.247371681
1766484228.297785,10627.000000000,1766484228.000000000,-14.748365200,-2.988963749,-0.685975616,0.268825411,0.375536467,0.241187389
1766484228.313416,10628.000000000,1766484228.000000000,-15.204500206,-3.755364710,-0.685975616,0.265770577,0.374003665,0.238095243
1766484228.328883,10629.000000000,1766484228.000000000,-14.444275196,-3.448804326,-0.838414641,0.264243160,0.374003665,0.235003097
1766484228.344802,10630.000000000,1766484228.000000000,-14.900410202,-4.215205287,-0.533536590,0.267297994,0.370938061,0.241187389
1766484228.361495,10631.000000000,1766484228.000000000,-14.216207692,-3.295524133,-0.914634154,0.265770577,0.374003665,0.238095243
1766484228.377163,10632.000000000,1766484228.000000000,-14.292230194,-3.755364710,-0.381097564,0.270352828,0.367872457,0.244279535
1766484228.392566,10633.000000000,1766484228.000000000,-14.748365200,-3.755364710,-0.533536590,0.270352828,0.367872457,0.244279535
1766484228.409513,10634.000000000,1766484228.000000000,-14.368252695,-4.061925095,-0.838414641,0.270352828,0.370938061,0.241187389
1766484228.425201,10635.000000000,1766484228.000000000,-14.520297697,-3.755364710,-0.533536590,0.267297994,0.374003665,0.235003097
1766484228.440738,10636.000000000,1766484228.000000000,-14.444275196,-3.602084518,-0.914634154,0.264243160,0.372470863,0.238095243
1766484228.457613,10637.000000000,1766484228.000000000,-14.444275196,-4.061925095,-0.914634154,0.264243160,0.372470863,0.244279535
1766484228.473263,10638.000000000,1766484228.000000000,-14.748365200,-3.142243941,-0.609756103,0.268825411,0.374003665,0.238095243
1766484228.488824,10639.000000000,1766484228.000000000,-14.824387701,-3.602084518,-0.838414641,0.267297994,0.370938061,0.247371681
1766484228.504490,10640.000000000,1766484228.000000000,-14.216207692,-3.908644903,-0.685975616,0.268825411,0.372470863,0.241187389
1766484228.521357,10641.000000000,1766484228.000000000,-14.748365200,-3.755364710,-0.533536590,0.270352828,0.367872457,0.244279535
1766484228.537212,10642.000000000,1766484228.000000000,-14.140185191,-3.295524133,-0.533536590,0.271880245,0.370938061,0.235003097
1766484228.552809,10643.000000000,1766484228.000000000,-15.052455204,-3.602084518,-0.609756103,0.264243160,0.375536467,0.238095243
1766484228.568553,10644.000000000,1766484228.000000000,-14.672342699,-3.448804326,-0.609756103,0.273407663,0.366339655,0.235003097
1766484228.585226,10645.000000000,1766484228.000000000,-14.900410202,-3.755364710,-0.914634154,0.270352828,0.372470863,0.250463827
1766484228.600556,10646.000000000,1766484228.000000000,-14.900410202,-4.138565191,-0.609756103,0.264243160,0.370938061,0.238095243
1766484228.616940,10647.000000000,1766484228.000000000,-14.824387701,-4.215205287,-0.685975616,0.267297994,0.369405259,0.235003097
1766484228.632477,10648.000000000,1766484228.000000000,-14.596320198,-4.215205287,-0.914634154,0.268825411,0.370938061,0.231910951
1766484228.649548,10649.000000000,1766484228.000000000,-15.204500206,-3.755364710,-0.304878051,0.267297994,0.369405259,0.235003097
1766484228.665339,10650.000000000,1766484228.000000000,-14.824387701,-3.755364710,-0.533536590,0.267297994,0.369405259,0.235003097
1766484228.681050,10651.000000000,1766484228.000000000,-14.672342699,-3.755364710,-0.914634154,0.265770577,0.374003665,0.238095243
1766484228.696579,10652.000000000,1766484228.000000000,-14.748365200,-3.755364710,-0.762195129,0.265770577,0.374003665,0.231910951
1766484228.712409,10653.000000000,1766484228.000000000,-14.520297697,-3.602084518,-0.762195129,0.265770577,0.367872457,0.235003097
1766484228.729099,10654.000000000,1766484228.000000000,-14.520297697,-4.445125575,-0.457317077,0.265770577,0.367872457,0.233457024
1766484228.744759,10655.000000000,1766484228.000000000,-14.444275196,-3.448804326,-0.762195129,0.267297994,0.372470863,0.250463827
1766484228.760376,10656.000000000,1766484228.000000000,-14.444275196,-4.138565191,-0.533536590,0.270352828,0.374003665,0.235003097
1766484228.776523,10657.000000000,1766484228.000000000,-13.836095187,-3.295524133,-0.838414641,0.267297994,0.369405259,0.241187389
1766484228.793386,10658.000000000,1766484228.000000000,-14.596320198,-3.908644903,-0.457317077,0.262715743,0.369405259,0.244279535
1766484228.809134,10659.000000000,1766484228.000000000,-14.368252695,-3.295524133,-0.990853667,0.267297994,0.370938061,0.228818805
1766484228.824606,10660.000000000,1766484228.000000000,-14.292230194,-4.445125575,-0.838414641,0.267297994,0.367872457,0.236549170
1766484228.840381,10661.000000000,1766484228.000000000,-14.976432703,-4.445125575,-0.457317077,0.268825411,0.367872457,0.235003097
1766484228.857394,10662.000000000,1766484228.000000000,-14.672342699,-4.291845383,-0.762195129,0.265770577,0.374003665,0.238095243
1766484228.873065,10663.000000000,1766484228.000000000,-14.596320198,-4.445125575,-0.533536590,0.267297994,0.364806853,0.238095243
1766484228.888492,10664.000000000,1766484228.000000000,-14.520297697,-4.215205287,-0.533536590,0.267297994,0.374003665,0.241187389
1766484228.905231,10665.000000000,1766484228.000000000,-14.444275196,-3.295524133,-0.762195129,0.270352828,0.372470863,0.231910951
1766484228.920758,10666.000000000,1766484228.000000000,-14.900410202,-3.448804326,-0.914634154,0.267297994,0.372470863,0.238095243
1766484228.936485,10667.000000000,1766484228.000000000,-14.368252695,-3.295524133,-0.685975616,0.267297994,0.369405259,0.241187389
1766484228.952255,10668.000000000,1766484228.000000000,-14.900410202,-3.602084518,-0.838414641,0.270352828,0.374003665,0.235003097
1766484228.969280,10669.000000000,1766484228.000000000,-14.444275196,-4.215205287,-0.609756103,0.261188326,0.372470863,0.236549170
1766484228.984882,10670.000000000,1766484228.000000000,-14.216207692,-4.138565191,-0.457317077,0.268825411,0.374003665,0.238095243
1766484229.000494,10671.000000000,1766484229.000000000,-14.976432703,-3.755364710,-0.685975616,0.267297994,0.374003665,0.235003097
1766484229.016423,10672.000000000,1766484229.000000000,-14.520297697,-4.215205287,-0.838414641,0.267297994,0.374003665,0.253555973
1766484229.033314,10673.000000000,1766484229.000000000,-14.824387701,-4.215205287,-0.533536590,0.267297994,0.369405259,0.241187389
1766484229.049088,10674.000000000,1766484229.000000000,-14.444275196,-3.142243941,-0.609756103,0.264243160,0.370938061,0.244279535
1766484229.064772,10675.000000000,1766484229.000000000,-14.140185191,-4.061925095,-0.838414641,0.265770577,0.372470863,0.241187389
1766484229.080523,10676.000000000,1766484229.000000000,-15.204500206,-4.291845383,-0.685975616,0.265770577,0.374003665,0.244279535
1766484229.096440,10677.000000000,1766484229.000000000,-14.976432703,-3.908644903,-0.533536590,0.264243160,0.374003665,0.235003097
1766484229.113024,10678.000000000,1766484229.000000000,-14.976432703,-3.755364710,-0.685975616,0.264243160,0.374003665,0.241187389
1766484229.128372,10679.000000000,1766484229.000000000,-14.976432703,-3.602084518,-0.533536590,0.270352828,0.374003665,0.247371681
1766484229.145230,10680.000000000,1766484229.000000000,-14.672342699,-3.448804326,-0.533536590,0.268825411,0.370938061,0.235003097
1766484229.160604,10681.000000000,1766484229.000000000,-15.204500206,-4.291845383,-0.381097564,0.265770577,0.374003665,0.244279535
1766484229.177036,10682.000000000,1766484229.000000000,-14.748365200,-3.908644903,-0.685975616,0.267297994,0.367872457,0.244279535
1766484229.192468,10683.000000000,1766484229.000000000,-14.976432703,-3.755364710,-0.381097564,0.267297994,0.374003665,0.235003097
1766484229.209046,10684.000000000,1766484229.000000000,-15.052455204,-3.908644903,-0.762195129,0.261188326,0.370938061,0.225726659
1766484229.224520,10685.000000000,1766484229.000000000,-15.052455204,-3.602084518,-0.762195129,0.268825411,0.370938061,0.238095243
1766484229.240276,10686.000000000,1766484229.000000000,-15.052455204,-3.142243941,-0.914634154,0.268825411,0.369405259,0.238095243
1766484229.257160,10687.000000000,1766484229.000000000,-14.824387701,-4.215205287,-0.533536590,0.267297994,0.369405259,0.241187389
1766484229.272696,10688.000000000,1766484229.000000000,-14.976432703,-2.988963749,-0.609756103,0.268825411,0.367872457,0.248917754
1766484229.288417,10689.000000000,1766484229.000000000,-14.368252695,-3.908644903,-0.457317077,0.268825411,0.364806853,0.241187389
1766484229.305402,10690.000000000,1766484229.000000000,-14.140185191,-3.908644903,-0.685975616,0.267297994,0.364806853,0.244279535
1766484229.320804,10691.000000000,1766484229.000000000,-14.672342699,-3.602084518,-0.838414641,0.265770577,0.372470863,0.241187389
1766484229.336529,10692.000000000,1766484229.000000000,-14.976432703,-4.368485479,-0.533536590,0.264243160,0.374003665,0.241187389
1766484229.352373,10693.000000000,1766484229.000000000,-14.824387701,-3.908644903,-0.685975616,0.264243160,0.370938061,0.235003097
1766484229.368405,10694.000000000,1766484229.000000000,-14.748365200,-3.295524133,-0.457317077,0.265770577,0.372470863,0.238095243
1766484229.384241,10695.000000000,1766484229.000000000,-14.900410202,-3.602084518,-0.533536590,0.268825411,0.366339655,0.238095243
1766484229.401105,10696.000000000,1766484229.000000000,-14.292230194,-2.835683557,-0.381097564,0.270352828,0.367872457,0.258194192
1766484229.416692,10697.000000000,1766484229.000000000,-14.444275196,-2.988963749,-0.533536590,0.271880245,0.366339655,0.231910951
1766484229.433131,10698.000000000,1766484229.000000000,-14.520297697,-3.908644903,-0.457317077,0.268825411,0.367872457,0.235003097
1766484229.448618,10699.000000000,1766484229.000000000,-14.824387701,-3.755364710,-0.533536590,0.267297994,0.369405259,0.235003097
1766484229.464287,10700.000000000,1766484229.000000000,-14.748365200,-3.602084518,-0.381097564,0.270352828,0.374003665,0.244279535
1766484229.481098,10701.000000000,1766484229.000000000,-14.520297697,-3.908644903,-0.228658539,0.267297994,0.375536467,0.238095243
1766484229.496691,10702.000000000,1766484229.000000000,-14.976432703,-4.138565191,-0.762195129,0.267297994,0.374003665,0.241187389
1766484229.512509,10703.000000000,1766484229.000000000,-14.520297697,-3.525444422,-0.076219513,0.267297994,0.367872457,0.241187389
1766484229.529136,10704.000000000,1766484229.000000000,-14.064162690,-3.372164230,-0.228658539,0.270352828,0.367872457,0.247371681
1766484229.544691,10705.000000000,1766484229.000000000,-14.368252695,-3.218884037,-0.304878051,0.267297994,0.369405259,0.247371681
1766484229.560399,10706.000000000,1766484229.000000000,-13.760072686,-3.218884037,-0.533536590,0.267297994,0.366339655,0.235003097
1766484229.576339,10707.000000000,1766484229.000000000,-15.356545208,-4.138565191,-0.381097564,0.267297994,0.370938061,0.253555973
1766484229.593220,10708.000000000,1766484229.000000000,-15.204500206,-3.755364710,-0.304878051,0.267297994,0.374003665,0.231910951
1766484229.608524,10709.000000000,1766484229.000000000,-14.672342699,-4.138565191,-0.304878051,0.264243160,0.372470863,0.241187389
1766484229.624269,10710.000000000,1766484229.000000000,-14.900410202,-3.602084518,-0.228658539,0.264243160,0.370938061,0.225726659
1766484229.640067,10711.000000000,1766484229.000000000,-14.900410202,-4.445125575,-0.533536590,0.267297994,0.372470863,0.231910951
1766484229.656606,10712.000000000,1766484229.000000000,-14.520297697,-3.525444422,-0.304878051,0.270352828,0.366339655,0.256648119
1766484229.672260,10713.000000000,1766484229.000000000,-14.824387701,-3.678724614,-0.609756103,0.267297994,0.369405259,0.247371681
1766484229.689320,10714.000000000,1766484229.000000000,-14.824387701,-2.605763268,-0.609756103,0.270352828,0.369405259,0.242733462
1766484229.704953,10715.000000000,1766484229.000000000,-14.672342699,-3.678724614,-0.228658539,0.267297994,0.366339655,0.241187389
1766484229.720313,10716.000000000,1766484229.000000000,-15.128477705,-3.985284999,-0.228658539,0.267297994,0.372470863,0.241187389
1766484229.736988,10717.000000000,1766484229.000000000,-14.824387701,-4.138565191,-0.304878051,0.264243160,0.375536467,0.235003097
1766484229.752515,10718.000000000,1766484229.000000000,-14.976432703,-4.138565191,-0.457317077,0.267297994,0.374003665,0.253555973
1766484229.768303,10719.000000000,1766484229.000000000,-15.204500206,-3.602084518,-0.685975616,0.267297994,0.366339655,0.247371681
1766484229.784258,10720.000000000,1766484229.000000000,-14.596320198,-3.755364710,-0.838414641,0.267297994,0.377069269,0.241187389
1766484229.801053,10721.000000000,1766484229.000000000,-14.900410202,-3.908644903,-0.914634154,0.267297994,0.372470863,0.244279535
1766484229.816645,10722.000000000,1766484229.000000000,-15.052455204,-3.602084518,-0.609756103,0.268825411,0.369405259,0.244279535
1766484229.832107,10723.000000000,1766484229.000000000,-14.596320198,-3.602084518,-0.457317077,0.268825411,0.369405259,0.244279535
1766484229.848903,10724.000000000,1766484229.000000000,-14.368252695,-3.448804326,-0.762195129,0.267297994,0.370938061,0.238095243
1766484229.864617,10725.000000000,1766484229.000000000,-15.052455204,-4.291845383,-0.762195129,0.265770577,0.370938061,0.238095243
1766484229.880291,10726.000000000,1766484229.000000000,-14.824387701,-4.751685960,-0.304878051,0.264243160,0.369405259,0.247371681
1766484229.897170,10727.000000000,1766484229.000000000,-14.824387701,-3.755364710,-0.838414641,0.267297994,0.370938061,0.235003097
1766484229.912784,10728.000000000,1766484229.000000000,-14.672342699,-3.448804326,-0.533536590,0.265770577,0.372470863,0.253555973
1766484229.928542,10729.000000000,1766484229.000000000,-14.976432703,-4.291845383,-0.685975616,0.265770577,0.366339655,0.244279535
1766484229.944126,10730.000000000,1766484229.000000000,-14.672342699,-4.445125575,-0.685975616,0.268825411,0.372470863,0.227272732
1766484229.960704,10731.000000000,1766484229.000000000,-14.596320198,-3.602084518,-0.762195129,0.268825411,0.369405259,0.244279535
1766484229.976309,10732.000000000,1766484229.000000000,-14.672342699,-3.448804326,-0.381097564,0.268825411,0.370938061,0.228818805
1766484229.991934,10733.000000000,1766484229.000000000,-14.900410202,-4.061925095,-0.762195129,0.264243160,0.372470863,0.244279535
1766484230.008743,10734.000000000,1766484230.000000000,-14.976432703,-3.448804326,-0.685975616,0.261188326,0.374003665,0.228818805
1766484230.024346,10735.000000000,1766484230.000000000,-14.596320198,-3.755364710,-0.609756103,0.265770577,0.369405259,0.244279535
1766484230.039868,10736.000000000,1766484230.000000000,-14.824387701,-3.142243941,-0.533536590,0.268825411,0.363274051,0.238095243
1766484230.056589,10737.000000000,1766484230.000000000,-14.444275196,-3.755364710,-0.685975616,0.265770577,0.366339655,0.244279535
1766484230.072341,10738.000000000,1766484230.000000000,-15.128477705,-3.602084518,-0.457317077,0.270352828,0.377069269,0.241187389
1766484230.087950,10739.000000000,1766484230.000000000,-14.520297697,-3.755364710,-0.762195129,0.271880245,0.367872457,0.241187389
1766484230.104806,10740.000000000,1766484230.000000000,-14.216207692,-4.598405768,-0.609756103,0.271880245,0.374003665,0.231910951
1766484230.120346,10741.000000000,1766484230.000000000,-15.356545208,-3.295524133,-0.914634154,0.264243160,0.374003665,0.241187389
1766484230.136170,10742.000000000,1766484230.000000000,-14.824387701,-3.755364710,-0.838414641,0.267297994,0.370938061,0.235003097
1766484230.152879,10743.000000000,1766484230.000000000,-15.356545208,-3.908644903,-0.533536590,0.267297994,0.372470863,0.238095243
1766484230.168593,10744.000000000,1766484230.000000000,-15.660635212,-3.602084518,-0.152439026,0.270352828,0.374003665,0.238095243
1766484230.184163,10745.000000000,1766484230.000000000,-14.672342699,-3.678724614,-0.228658539,0.267297994,0.366339655,0.241187389
1766484230.200016,10746.000000000,1766484230.000000000,-14.292230194,-3.295524133,-0.457317077,0.270352828,0.367872457,0.238095243
1766484230.216613,10747.000000000,1766484230.000000000,-14.520297697,-3.985284999,-0.228658539,0.267297994,0.367872457,0.241187389
1766484230.232328,10748.000000000,1766484230.000000000,-15.204500206,-3.832004806,-0.457317077,0.261188326,0.374003665,0.231910951
1766484230.247829,10749.000000000,1766484230.000000000,-14.520297697,-3.602084518,-0.533536590,0.264243160,0.375536467,0.238095243
1766484230.264697,10750.000000000,1766484230.000000000,-14.672342699,-3.985284999,-0.457317077,0.267297994,0.372470863,0.241187389
1766484230.280463,10751.000000000,1766484230.000000000,-14.444275196,-4.215205287,-0.304878051,0.267297994,0.366339655,0.230364878
1766484230.296344,10752.000000000,1766484230.000000000,-14.672342699,-3.678724614,-0.381097564,0.267297994,0.366339655,0.235003097
1766484230.312109,10753.000000000,1766484230.000000000,-14.900410202,-3.908644903,-0.533536590,0.267297994,0.372470863,0.238095243
1766484230.328716,10754.000000000,1766484230.000000000,-14.672342699,-3.832004806,0.000000000,0.270352828,0.370938061,0.241187389
1766484230.344233,10755.000000000,1766484230.000000000,-14.292230194,-3.372164230,-0.457317077,0.267297994,0.367872457,0.244279535
1766484230.359793,10756.000000000,1766484230.000000000,-14.292230194,-3.448804326,-0.609756103,0.267297994,0.367872457,0.238095243
1766484230.376609,10757.000000000,1766484230.000000000,-14.824387701,-3.908644903,-0.533536590,0.264243160,0.370938061,0.228818805
1766484230.392340,10758.000000000,1766484230.000000000,-15.204500206,-4.291845383,-0.381097564,0.265770577,0.374003665,0.244279535
1766484230.408051,10759.000000000,1766484230.000000000,-14.976432703,-3.755364710,-0.838414641,0.267297994,0.374003665,0.241187389
1766484230.424640,10760.000000000,1766484230.000000000,-14.976432703,-3.908644903,-0.762195129,0.265770577,0.367872457,0.247371681
1766484230.440359,10761.000000000,1766484230.000000000,-14.520297697,-3.295524133,-0.304878051,0.268825411,0.367872457,0.247371681
1766484230.456055,10762.000000000,1766484230.000000000,-14.824387701,-3.295524133,-0.381097564,0.267297994,0.369405259,0.235003097
1766484230.472593,10763.000000000,1766484230.000000000,-14.824387701,-3.755364710,-0.990853667,0.267297994,0.370938061,0.241187389
1766484230.488399,10764.000000000,1766484230.000000000,-14.520297697,-3.448804326,-0.457317077,0.268825411,0.367872457,0.241187389
1766484230.504181,10765.000000000,1766484230.000000000,-14.216207692,-3.295524133,-0.914634154,0.265770577,0.374003665,0.238095243
1766484230.520789,10766.000000000,1766484230.000000000,-14.596320198,-4.291845383,-0.762195129,0.265770577,0.370938061,0.230364878
1766484230.536588,10767.000000000,1766484230.000000000,-14.596320198,-3.295524133,-0.762195129,0.265770577,0.369405259,0.231910951
1766484230.552215,10768.000000000,1766484230.000000000,-14.900410202,-4.061925095,-0.914634154,0.264243160,0.372470863,0.250463827
1766484230.567866,10769.000000000,1766484230.000000000,-14.444275196,-4.368485479,-0.609756103,0.270352828,0.372470863,0.238095243
1766484230.584676,10770.000000000,1766484230.000000000,-15.356545208,-4.215205287,-0.990853667,0.265770577,0.374003665,0.245825608
1766484230.600465,10771.000000000,1766484230.000000000,-14.444275196,-3.448804326,-0.838414641,0.265770577,0.372470863,0.248917754
1766484230.616024,10772.000000000,1766484230.000000000,-14.444275196,-3.142243941,-0.762195129,0.268825411,0.374003665,0.239641316
1766484230.632748,10773.000000000,1766484230.000000000,-14.748365200,-3.755364710,-0.914634154,0.265770577,0.370938061,0.233457024
1766484230.648499,10774.000000000,1766484230.000000000,-14.976432703,-4.061925095,-0.685975616,0.265770577,0.367872457,0.227272732
1766484230.664182,10775.000000000,1766484230.000000000,-14.900410202,-3.908644903,-0.838414641,0.265770577,0.372470863,0.236549170
1766484230.679831,10776.000000000,1766484230.000000000,-14.976432703,-3.908644903,-0.762195129,0.262715743,0.374003665,0.227272732
1766484230.696565,10777.000000000,1766484230.000000000,-14.292230194,-3.908644903,-0.609756103,0.265770577,0.367872457,0.242733462
1766484230.712165,10778.000000000,1766484230.000000000,-13.988140189,-4.138565191,-0.838414641,0.268825411,0.369405259,0.230364878
1766484230.728633,10779.000000000,1766484230.000000000,-14.444275196,-3.755364710,-0.533536590,0.270352828,0.367872457,0.239641316
1766484230.744258,10780.000000000,1766484230.000000000,-14.976432703,-3.755364710,-0.457317077,0.265770577,0.374003665,0.233457024
1766484230.760002,10781.000000000,1766484230.000000000,-14.976432703,-3.448804326,-0.762195129,0.262715743,0.374003665,0.233457024
1766484230.776722,10782.000000000,1766484230.000000000,-14.748365200,-3.908644903,-0.838414641,0.259660909,0.374003665,0.224180586
1766484230.792625,10783.000000000,1766484230.000000000,-14.900410202,-4.215205287,-0.609756103,0.265770577,0.370938061,0.239641316
1766484230.808517,10784.000000000,1766484230.000000000,-15.128477705,-4.291845383,-0.457317077,0.265770577,0.369405259,0.236549170
1766484230.824189,10785.000000000,1766484230.000000000,-14.444275196,-3.908644903,-0.381097564,0.268825411,0.367872457,0.239641316
1766484230.839919,10786.000000000,1766484230.000000000,-14.748365200,-3.602084518,-0.838414641,0.268825411,0.374003665,0.236549170
1766484230.856829,10787.000000000,1766484230.000000000,-15.204500206,-4.291845383,-0.762195129,0.265770577,0.374003665,0.230364878
1766484230.872503,10788.000000000,1766484230.000000000,-14.748365200,-3.295524133,-0.762195129,0.265770577,0.369405259,0.233457024
1766484230.888289,10789.000000000,1766484230.000000000,-14.748365200,-3.755364710,-0.609756103,0.262715743,0.369405259,0.239641316
1766484230.903930,10790.000000000,1766484230.000000000,-14.596320198,-3.755364710,-0.838414641,0.265770577,0.370938061,0.236549170
1766484230.919721,10791.000000000,1766484230.000000000,-14.596320198,-4.215205287,-0.609756103,0.262715743,0.372470863,0.239641316
1766484230.936663,10792.000000000,1766484230.000000000,-14.140185191,-4.215205287,-0.838414641,0.265770577,0.366339655,0.239641316
1766484230.952423,10793.000000000,1766484230.000000000,-13.988140189,-4.061925095,-0.381097564,0.265770577,0.367872457,0.239641316
1766484230.968201,10794.000000000,1766484230.000000000,-14.748365200,-3.602084518,-0.304878051,0.271880245,0.367872457,0.236549170
1766484230.983874,10795.000000000,1766484230.000000000,-15.204500206,-4.138565191,-0.685975616,0.268825411,0.374003665,0.238095243
1766484231.000559,10796.000000000,1766484231.000000000,-14.900410202,-3.448804326,-0.609756103,0.267297994,0.370938061,0.238095243
1766484231.016343,10797.000000000,1766484231.000000000,-14.444275196,-3.448804326,-0.609756103,0.267297994,0.370938061,0.244279535
1766484231.031811,10798.000000000,1766484231.000000000,-14.900410202,-3.908644903,-0.914634154,0.267297994,0.372470863,0.231910951
1766484231.048666,10799.000000000,1766484231.000000000,-14.672342699,-4.061925095,-0.685975616,0.265770577,0.372470863,0.241187389
1766484231.064265,10800.000000000,1766484231.000000000,-15.052455204,-4.291845383,-0.914634154,0.265770577,0.370938061,0.231910951
1766484231.079978,10801.000000000,1766484231.000000000,-14.596320198,-3.755364710,-0.609756103,0.265770577,0.369405259,0.244279535
1766484231.095582,10802.000000000,1766484231.000000000,-14.596320198,-3.142243941,-0.762195129,0.268825411,0.369405259,0.238095243
1766484231.112592,10803.000000000,1766484231.000000000,-14.824387701,-3.602084518,-0.533536590,0.270352828,0.369405259,0.241187389
1766484231.128248,10804.000000000,1766484231.000000000,-14.748365200,-3.755364710,-0.533536590,0.270352828,0.367872457,0.244279535
1766484231.144064,10805.000000000,1766484231.000000000,-14.672342699,-3.448804326,-0.533536590,0.268825411,0.370938061,0.235003097
1766484231.159779,10806.000000000,1766484231.000000000,-15.128477705,-4.061925095,-0.609756103,0.265770577,0.372470863,0.235003097
1766484231.175433,10807.000000000,1766484231.000000000,-14.596320198,-3.602084518,-0.609756103,0.268825411,0.369405259,0.238095243
1766484231.192502,10808.000000000,1766484231.000000000,-14.976432703,-3.142243941,-0.533536590,0.270352828,0.374003665,0.241187389
1766484231.208044,10809.000000000,1766484231.000000000,-15.204500206,-3.755364710,-0.685975616,0.265770577,0.374003665,0.238095243
1766484231.223669,10810.000000000,1766484231.000000000,-14.824387701,-3.755364710,-0.838414641,0.267297994,0.370938061,0.235003097
1766484231.240473,10811.000000000,1766484231.000000000,-14.216207692,-3.755364710,-0.457317077,0.264243160,0.366339655,0.241187389
1766484231.256194,10812.000000000,1766484231.000000000,-15.356545208,-3.908644903,-0.533536590,0.270352828,0.370938061,0.231910951
1766484231.271786,10813.000000000,1766484231.000000000,-15.128477705,-3.295524133,-0.762195129,0.271880245,0.372470863,0.247371681
1766484231.287345,10814.000000000,1766484231.000000000,-15.128477705,-4.061925095,-0.457317077,0.265770577,0.372470863,0.228818805
1766484231.304164,10815.000000000,1766484231.000000000,-15.204500206,-3.602084518,-0.609756103,0.265770577,0.375536467,0.235003097
1766484231.319777,10816.000000000,1766484231.000000000,-15.204500206,-4.061925095,-0.457317077,0.265770577,0.375536467,0.235003097
1766484231.335323,10817.000000000,1766484231.000000000,-14.596320198,-3.908644903,-0.762195129,0.261188326,0.370938061,0.231910951
1766484231.352138,10818.000000000,1766484231.000000000,-14.824387701,-3.908644903,-0.838414641,0.261188326,0.370938061,0.233457024
1766484231.367862,10819.000000000,1766484231.000000000,-14.900410202,-3.755364710,-0.609756103,0.270352828,0.372470863,0.238095243
1766484231.383538,10820.000000000,1766484231.000000000,-14.444275196,-3.755364710,-0.762195129,0.270352828,0.372470863,0.238095243
1766484231.399257,10821.000000000,1766484231.000000000,-14.976432703,-3.448804326,-0.609756103,0.268825411,0.367872457,0.228818805
1766484231.416111,10822.000000000,1766484231.000000000,-14.596320198,-3.908644903,-1.143292693,0.268825411,0.372470863,0.228818805
1766484231.431600,10823.000000000,1766484231.000000000,-15.128477705,-4.061925095,-0.762195129,0.265770577,0.372470863,0.241187389
1766484231.448127,10824.000000000,1766484231.000000000,-15.204500206,-3.908644903,-0.381097564,0.261188326,0.366339655,0.221088440
1766484231.463884,10825.000000000,1766484231.000000000,-14.368252695,-4.215205287,-0.990853667,0.267297994,0.370938061,0.241187389
1766484231.479486,10826.000000000,1766484231.000000000,-14.748365200,-3.908644903,-0.762195129,0.268825411,0.361741249,0.241187389
1766484231.496389,10827.000000000,1766484231.000000000,-15.128477705,-3.295524133,-0.304878051,0.270352828,0.364806853,0.244279535
1766484231.511992,10828.000000000,1766484231.000000000,-14.900410202,-3.755364710,-0.762195129,0.264243160,0.360208448,0.241187389
1766484231.527575,10829.000000000,1766484231.000000000,-14.672342699,-3.448804326,-0.685975616,0.265770577,0.372470863,0.247371681
1766484231.543407,10830.000000000,1766484231.000000000,-15.128477705,-3.448804326,-0.914634154,0.267297994,0.364806853,0.238095243
1766484231.560002,10831.000000000,1766484231.000000000,-15.128477705,-3.908644903,-0.762195129,0.267297994,0.364806853,0.238095243
1766484231.575582,10832.000000000,1766484231.000000000,-14.824387701,-4.215205287,-0.762195129,0.261188326,0.369405259,0.244279535
1766484231.591496,10833.000000000,1766484231.000000000,-14.976432703,-3.295524133,-0.457317077,0.264243160,0.374003665,0.247371681
1766484231.608321,10834.000000000,1766484231.000000000,-13.988140189,-3.218884037,-0.914634154,0.267297994,0.366339655,0.250463827
1766484231.623901,10835.000000000,1766484231.000000000,-15.128477705,-3.678724614,-0.381097564,0.261188326,0.364806853,0.238095243
1766484231.639575,10836.000000000,1766484231.000000000,-14.976432703,-3.985284999,-0.762195129,0.264243160,0.361741249,0.244279535
1766484231.655376,10837.000000000,1766484231.000000000,-15.204500206,-3.525444422,-0.685975616,0.270352828,0.363274051,0.256648119
1766484231.672230,10838.000000000,1766484231.000000000,-14.824387701,-3.908644903,-0.381097564,0.261188326,0.357142844,0.233457024
1766484231.687877,10839.000000000,1766484231.000000000,-14.824387701,-3.985284999,-0.914634154,0.261188326,0.370938061,0.235003097
1766484231.703476,10840.000000000,1766484231.000000000,-15.356545208,-4.291845383,-0.609756103,0.258133491,0.372470863,0.244279535
1766484231.720285,10841.000000000,1766484231.000000000,-15.128477705,-3.832004806,-0.838414641,0.267297994,0.364806853,0.250463827
1766484231.735854,10842.000000000,1766484231.000000000,-15.052455204,-3.448804326,-0.457317077,0.259660909,0.357142844,0.244279535
1766484231.751519,10843.000000000,1766484231.000000000,-14.672342699,-3.525444422,-0.838414641,0.258133491,0.366339655,0.253555973
1766484231.768321,10844.000000000,1766484231.000000000,-14.368252695,-4.291845383,-0.762195129,0.261188326,0.363274051,0.250463827
1766484231.783888,10845.000000000,1766484231.000000000,-15.128477705,-3.908644903,-0.838414641,0.267297994,0.358675646,0.253555973
1766484231.799467,10846.000000000,1766484231.000000000,-14.824387701,-5.058246344,-0.533536590,0.256606074,0.363274051,0.242733462
1766484231.816382,10847.000000000,1766484231.000000000,-15.508590210,-3.908644903,-0.762195129,0.261188326,0.363274051,0.247371681
1766484231.831917,10848.000000000,1766484231.000000000,-15.052455204,-4.215205287,-0.838414641,0.264243160,0.363274051,0.239641316
1766484231.847517,10849.000000000,1766484231.000000000,-14.824387701,-3.985284999,-0.914634154,0.259660909,0.363274051,0.236549170
1766484231.864426,10850.000000000,1766484231.000000000,-14.444275196,-3.678724614,-0.685975616,0.259660909,0.364806853,0.259740265
1766484231.880065,10851.000000000,1766484231.000000000,-14.216207692,-4.291845383,-0.762195129,0.264243160,0.360208448,0.255102046
1766484231.895555,10852.000000000,1766484231.000000000,-14.520297697,-4.061925095,-0.914634154,0.261188326,0.361741249,0.262832411
1766484231.911420,10853.000000000,1766484231.000000000,-14.748365200,-4.215205287,-0.838414641,0.259660909,0.361741249,0.247371681
1766484231.928419,10854.000000000,1766484231.000000000,-14.900410202,-3.755364710,-0.990853667,0.264243160,0.360208448,0.259740265
1766484231.943977,10855.000000000,1766484231.000000000,-15.508590210,-4.521765672,-0.914634154,0.258133491,0.363274051,0.239641316
1766484231.959571,10856.000000000,1766484231.000000000,-14.824387701,-3.908644903,-1.067073180,0.259660909,0.363274051,0.242733462
1766484231.975477,10857.000000000,1766484231.000000000,-15.128477705,-3.908644903,-0.685975616,0.255078657,0.355610042,0.236549170
1766484231.991227,10858.000000000,1766484231.000000000,-14.748365200,-4.828326056,-0.914634154,0.261188326,0.367872457,0.245825608
1766484232.007887,10859.000000000,1766484232.000000000,-14.824387701,-3.372164230,-0.990853667,0.261188326,0.357142844,0.253555973
1766484232.023548,10860.000000000,1766484232.000000000,-14.368252695,-3.678724614,-0.990853667,0.259660909,0.364806853,0.259740265
1766484232.039306,10861.000000000,1766484232.000000000,-14.748365200,-3.602084518,-0.685975616,0.261188326,0.355610042,0.256648119
1766484232.056248,10862.000000000,1766484232.000000000,-15.128477705,-3.678724614,-0.762195129,0.259660909,0.358675646,0.253555973
1766484232.071841,10863.000000000,1766484232.000000000,-14.976432703,-4.521765672,-0.838414641,0.258133491,0.360208448,0.233457024
1766484232.087674,10864.000000000,1766484232.000000000,-14.976432703,-4.061925095,-0.762195129,0.256606074,0.366339655,0.256648119
1766484232.103256,10865.000000000,1766484232.000000000,-14.368252695,-3.985284999,-1.371951231,0.261188326,0.354077240,0.245825608
1766484232.120212,10866.000000000,1766484232.000000000,-14.444275196,-4.904966152,-0.609756103,0.259660909,0.354077240,0.236549170
1766484232.135644,10867.000000000,1766484232.000000000,-13.988140189,-4.061925095,-0.762195129,0.256606074,0.354077240,0.248917754
1766484232.151408,10868.000000000,1766484232.000000000,-14.444275196,-3.755364710,-0.914634154,0.258133491,0.358675646,0.256648119
1766484232.168205,10869.000000000,1766484232.000000000,-14.900410202,-4.215205287,-1.143292693,0.261188326,0.354077240,0.248917754
1766484232.183889,10870.000000000,1766484232.000000000,-14.748365200,-4.215205287,-0.914634154,0.261188326,0.355610042,0.236549170
1766484232.199452,10871.000000000,1766484232.000000000,-15.204500206,-3.908644903,-1.219512206,0.258133491,0.360208448,0.256648119
1766484232.215241,10872.000000000,1766484232.000000000,-15.128477705,-4.598405768,-1.143292693,0.250496406,0.361741249,0.239641316
1766484232.232135,10873.000000000,1766484232.000000000,-15.128477705,-4.751685960,-1.067073180,0.258133491,0.358675646,0.245825608
1766484232.247669,10874.000000000,1766484232.000000000,-14.368252695,-3.142243941,-1.295731719,0.255078657,0.354077240,0.244279535
1766484232.263403,10875.000000000,1766484232.000000000,-14.900410202,-4.215205287,-0.990853667,0.258133491,0.354077240,0.258194192
1766484232.279284,10876.000000000,1766484232.000000000,-15.508590210,-4.061925095,-0.990853667,0.258133491,0.363274051,0.253555973
1766484232.296232,10877.000000000,1766484232.000000000,-14.748365200,-3.755364710,-0.533536590,0.258133491,0.355610042,0.256648119
1766484232.311834,10878.000000000,1766484232.000000000,-14.672342699,-4.138565191,-1.143292693,0.259660909,0.358675646,0.252009900
1766484232.327631,10879.000000000,1766484232.000000000,-14.900410202,-4.215205287,-1.219512206,0.258133491,0.358675646,0.255102046
1766484232.343156,10880.000000000,1766484232.000000000,-14.900410202,-4.138565191,-0.762195129,0.259660909,0.354077240,0.245825608
1766484232.359959,10881.000000000,1766484232.000000000,-14.368252695,-4.675045864,-0.990853667,0.253551240,0.354077240,0.242733462
1766484232.375645,10882.000000000,1766484232.000000000,-15.204500206,-4.368485479,-1.143292693,0.259660909,0.360208448,0.255102046
1766484232.391377,10883.000000000,1766484232.000000000,-14.748365200,-4.061925095,-1.143292693,0.267297994,0.347946032,0.255102046
1766484232.408078,10884.000000000,1766484232.000000000,-14.976432703,-3.678724614,-0.762195129,0.253551240,0.357142844,0.256648119
1766484232.423689,10885.000000000,1766484232.000000000,-14.444275196,-4.291845383,-0.838414641,0.256606074,0.364806853,0.264378484
1766484232.439518,10886.000000000,1766484232.000000000,-14.672342699,-4.828326056,-0.609756103,0.255078657,0.355610042,0.255102046
1766484232.455074,10887.000000000,1766484232.000000000,-15.128477705,-4.445125575,-0.990853667,0.259660909,0.360208448,0.236549170
1766484232.471888,10888.000000000,1766484232.000000000,-15.052455204,-4.521765672,-1.067073180,0.256606074,0.357142844,0.248917754
1766484232.487642,10889.000000000,1766484232.000000000,-15.052455204,-3.755364710,-1.067073180,0.262715743,0.357142844,0.262832411
1766484232.503494,10890.000000000,1766484232.000000000,-14.900410202,-4.445125575,-1.219512206,0.252023823,0.351011636,0.236549170
1766484232.518959,10891.000000000,1766484232.000000000,-14.824387701,-4.445125575,-1.143292693,0.255078657,0.358675646,0.248917754
1766484232.535784,10892.000000000,1766484232.000000000,-14.748365200,-4.215205287,-0.914634154,0.261188326,0.355610042,0.250463827
1766484232.551455,10893.000000000,1766484232.000000000,-14.444275196,-3.908644903,-0.990853667,0.258133491,0.354077240,0.236549170
1766484232.567263,10894.000000000,1766484232.000000000,-14.748365200,-4.368485479,-1.067073180,0.250496406,0.351011636,0.248917754
1766484232.583967,10895.000000000,1766484232.000000000,-14.976432703,-4.061925095,-1.371951231,0.258133491,0.360208448,0.253555973
1766484232.599716,10896.000000000,1766484232.000000000,-15.736657713,-4.061925095,-1.371951231,0.252023823,0.358675646,0.247371681
1766484232.615334,10897.000000000,1766484232.000000000,-14.824387701,-4.598405768,-1.143292693,0.261188326,0.354077240,0.252009900
1766484232.630909,10898.000000000,1766484232.000000000,-15.584612711,-4.598405768,-1.219512206,0.255078657,0.354077240,0.239641316
1766484232.647665,10899.000000000,1766484232.000000000,-14.368252695,-4.061925095,-1.219512206,0.258133491,0.357142844,0.259740265
1766484232.663280,10900.000000000,1766484232.000000000,-14.824387701,-4.368485479,-1.143292693,0.255078657,0.354077240,0.258194192
1766484232.678811,10901.000000000,1766484232.000000000,-15.052455204,-3.908644903,-0.838414641,0.252023823,0.358675646,0.259740265
1766484232.695786,10902.000000000,1766484232.000000000,-14.824387701,-4.061925095,-1.067073180,0.258133491,0.357142844,0.259740265
1766484232.711574,10903.000000000,1766484232.000000000,-14.596320198,-4.291845383,-1.371951231,0.258133491,0.354077240,0.242733462
1766484232.727259,10904.000000000,1766484232.000000000,-15.128477705,-4.598405768,-1.219512206,0.255078657,0.354077240,0.258194192
1766484232.742905,10905.000000000,1766484232.000000000,-15.280522707,-3.908644903,-0.762195129,0.252023823,0.355610042,0.247371681
1766484232.759783,10906.000000000,1766484232.000000000,-15.660635212,-4.061925095,-0.914634154,0.258133491,0.354077240,0.253555973
1766484232.775570,10907.000000000,1766484232.000000000,-14.824387701,-3.908644903,-1.219512206,0.258133491,0.351011636,0.262832411
1766484232.790865,10908.000000000,1766484232.000000000,-14.672342699,-4.445125575,-1.067073180,0.258133491,0.354077240,0.258194192
1766484232.807636,10909.000000000,1766484232.000000000,-14.900410202,-4.138565191,-0.685975616,0.253551240,0.354077240,0.255102046
1766484232.823324,10910.000000000,1766484232.000000000,-14.900410202,-4.138565191,-0.914634154,0.253551240,0.354077240,0.261286338
1766484232.839162,10911.000000000,1766484232.000000000,-15.204500206,-4.215205287,-0.762195129,0.261188326,0.351011636,0.248917754
1766484232.855803,10912.000000000,1766484232.000000000,-15.128477705,-3.985284999,-0.990853667,0.256606074,0.344880429,0.248917754
1766484232.871488,10913.000000000,1766484232.000000000,-15.128477705,-3.678724614,-1.067073180,0.255078657,0.357142844,0.253555973
1766484232.887380,10914.000000000,1766484232.000000000,-14.596320198,-3.602084518,-0.990853667,0.255078657,0.354077240,0.259740265
1766484232.903010,10915.000000000,1766484232.000000000,-14.900410202,-3.525444422,-1.219512206,0.256606074,0.354077240,0.262832411
1766484232.919852,10916.000000000,1766484232.000000000,-14.520297697,-4.138565191,-1.067073180,0.259660909,0.355610042,0.272108849
1766484232.935286,10917.000000000,1766484232.000000000,-14.824387701,-3.985284999,-0.990853667,0.258133491,0.357142844,0.265924557
1766484232.950949,10918.000000000,1766484232.000000000,-14.596320198,-4.138565191,-1.219512206,0.264243160,0.351011636,0.258194192
1766484232.967836,10919.000000000,1766484232.000000000,-15.736657713,-3.142243941,-1.067073180,0.250496406,0.354077240,0.258194192
1766484232.983512,10920.000000000,1766484232.000000000,-14.900410202,-3.678724614,-1.295731719,0.255078657,0.360208448,0.245825608
1766484232.999279,10921.000000000,1766484232.000000000,-16.116770218,-3.985284999,-0.914634154,0.258133491,0.351011636,0.252009900
1766484233.015132,10922.000000000,1766484233.000000000,-14.596320198,-3.832004806,-1.143292693,0.261188326,0.351011636,0.245825608
1766484233.030727,10923.000000000,1766484233.000000000,-14.824387701,-3.755364710,-0.762195129,0.252023823,0.357142844,0.252009900
1766484233.047450,10924.000000000,1766484233.000000000,-14.976432703,-4.291845383,-0.838414641,0.256606074,0.355610042,0.265924557
1766484233.063285,10925.000000000,1766484233.000000000,-14.900410202,-4.138565191,-1.143292693,0.259660909,0.354077240,0.252009900
1766484233.079026,10926.000000000,1766484233.000000000,-15.280522707,-4.291845383,-0.838414641,0.250496406,0.351011636,0.248917754
1766484233.095683,10927.000000000,1766484233.000000000,-14.672342699,-4.904966152,-1.067073180,0.252023823,0.354077240,0.255102046
1766484233.111431,10928.000000000,1766484233.000000000,-14.976432703,-3.602084518,-0.762195129,0.261188326,0.346413230,0.250463827
1766484233.127034,10929.000000000,1766484233.000000000,-15.280522707,-4.368485479,-0.914634154,0.255078657,0.358675646,0.248917754
1766484233.142687,10930.000000000,1766484233.000000000,-15.280522707,-3.908644903,-1.219512206,0.255078657,0.355610042,0.248917754
1766484233.159614,10931.000000000,1766484233.000000000,-14.748365200,-3.908644903,-0.762195129,0.264243160,0.355610042,0.275200995
1766484233.175463,10932.000000000,1766484233.000000000,-15.052455204,-4.291845383,-1.143292693,0.248968989,0.344880429,0.248917754
1766484233.190839,10933.000000000,1766484233.000000000,-14.824387701,-3.908644903,-1.067073180,0.253551240,0.354077240,0.252009900
1766484233.207598,10934.000000000,1766484233.000000000,-14.596320198,-3.295524133,-1.067073180,0.255078657,0.347946032,0.269016703
1766484233.223288,10935.000000000,1766484233.000000000,-14.976432703,-4.061925095,-1.067073180,0.261188326,0.351011636,0.248917754
1766484233.238870,10936.000000000,1766484233.000000000,-14.748365200,-4.598405768,-0.990853667,0.259660909,0.351011636,0.245825608
1766484233.255624,10937.000000000,1766484233.000000000,-14.520297697,-4.675045864,-0.762195129,0.253551240,0.357142844,0.255102046
1766484233.271174,10938.000000000,1766484233.000000000,-14.672342699,-4.445125575,-0.990853667,0.252023823,0.354077240,0.248917754
1766484233.286727,10939.000000000,1766484233.000000000,-14.976432703,-3.985284999,-0.990853667,0.258133491,0.347946032,0.245825608
1766484233.303548,10940.000000000,1766484233.000000000,-15.660635212,-4.138565191,-0.914634154,0.248968989,0.343347627,0.248917754
1766484233.319157,10941.000000000,1766484233.000000000,-13.988140189,-4.061925095,-0.914634154,0.256606074,0.354077240,0.255102046
1766484233.334994,10942.000000000,1766484233.000000000,-14.444275196,-4.368485479,-0.990853667,0.255078657,0.351011636,0.248917754
1766484233.351645,10943.000000000,1766484233.000000000,-14.520297697,-3.678724614,-0.914634154,0.253551240,0.357142844,0.269016703
1766484233.367258,10944.000000000,1766484233.000000000,-14.064162690,-3.832004806,-0.914634154,0.255078657,0.354077240,0.248917754
1766484233.382813,10945.000000000,1766484233.000000000,-14.748365200,-4.445125575,-0.914634154,0.258133491,0.354077240,0.264378484
1766484233.399797,10946.000000000,1766484233.000000000,-15.280522707,-3.985284999,-1.219512206,0.256606074,0.347946032,0.255102046
1766484233.415349,10947.000000000,1766484233.000000000,-15.052455204,-3.755364710,-0.838414641,0.258133491,0.347946032,0.250463827
1766484233.431106,10948.000000000,1766484233.000000000,-14.444275196,-4.445125575,-1.067073180,0.258133491,0.344880429,0.264378484
1766484233.446713,10949.000000000,1766484233.000000000,-14.824387701,-3.985284999,-0.838414641,0.256606074,0.351011636,0.261286338
1766484233.462449,10950.000000000,1766484233.000000000,-15.280522707,-4.291845383,-0.838414641,0.256606074,0.347946032,0.245825608
1766484233.479516,10951.000000000,1766484233.000000000,-14.748365200,-3.755364710,-1.295731719,0.252023823,0.357142844,0.258194192
1766484233.495070,10952.000000000,1766484233.000000000,-14.672342699,-4.368485479,-0.838414641,0.253551240,0.351011636,0.245825608
1766484233.510523,10953.000000000,1766484233.000000000,-14.824387701,-4.291845383,-0.990853667,0.256606074,0.347946032,0.258194192
1766484233.527335,10954.000000000,1766484233.000000000,-14.824387701,-4.291845383,-0.838414641,0.256606074,0.347946032,0.252009900
1766484233.542946,10955.000000000,1766484233.000000000,-14.596320198,-3.985284999,-1.448170744,0.256606074,0.357142844,0.267470630
1766484233.558487,10956.000000000,1766484233.000000000,-15.280522707,-4.291845383,-0.762195129,0.256606074,0.347946032,0.258194192
1766484233.575511,10957.000000000,1766484233.000000000,-14.824387701,-3.602084518,-0.914634154,0.255078657,0.357142844,0.265924557
1766484233.591009,10958.000000000,1766484233.000000000,-14.520297697,-3.372164230,-0.990853667,0.261188326,0.347946032,0.253555973
1766484233.606549,10959.000000000,1766484233.000000000,-14.596320198,-3.678724614,-1.143292693,0.258133491,0.351011636,0.275200995
1766484233.623516,10960.000000000,1766484233.000000000,-15.052455204,-4.215205287,-0.762195129,0.258133491,0.351011636,0.255102046
1766484233.639345,10961.000000000,1766484233.000000000,-15.128477705,-4.368485479,-0.762195129,0.253551240,0.346413230,0.258194192
1766484233.655245,10962.000000000,1766484233.000000000,-15.584612711,-5.058246344,-0.838414641,0.255078657,0.354077240,0.258194192
1766484233.670647,10963.000000000,1766484233.000000000,-14.824387701,-4.215205287,-0.609756103,0.258133491,0.343347627,0.236549170
1766484233.686426,10964.000000000,1766484233.000000000,-15.584612711,-3.755364710,-0.914634154,0.250496406,0.357142844,0.269016703
1766484233.703426,10965.000000000,1766484233.000000000,-14.672342699,-4.368485479,-1.143292693,0.253551240,0.351011636,0.270562776
1766484233.719122,10966.000000000,1766484233.000000000,-14.520297697,-3.832004806,-0.990853667,0.261188326,0.347946032,0.259740265
1766484233.734654,10967.000000000,1766484233.000000000,-15.052455204,-3.832004806,-0.838414641,0.255078657,0.354077240,0.255102046
1766484233.750477,10968.000000000,1766484233.000000000,-14.900410202,-4.368485479,-0.762195129,0.259660909,0.351011636,0.248917754
1766484233.767461,10969.000000000,1766484233.000000000,-14.824387701,-4.138565191,-1.067073180,0.253551240,0.351011636,0.255102046
1766484233.783040,10970.000000000,1766484233.000000000,-15.128477705,-4.138565191,-1.143292693,0.259660909,0.346413230,0.245825608
1766484233.798436,10971.000000000,1766484233.000000000,-14.748365200,-4.751685960,-0.762195129,0.250496406,0.351011636,0.255102046
1766484233.815216,10972.000000000,1766484233.000000000,-14.520297697,-3.755364710,-1.143292693,0.256606074,0.355610042,0.259740265
1766484233.830912,10973.000000000,1766484233.000000000,-14.976432703,-4.215205287,-0.914634154,0.252023823,0.351011636,0.258194192
1766484233.846394,10974.000000000,1766484233.000000000,-14.900410202,-4.368485479,-1.067073180,0.258133491,0.344880429,0.258194192
1766484233.863357,10975.000000000,1766484233.000000000,-15.356545208,-4.675045864,-0.609756103,0.252023823,0.347946032,0.245825608
1766484233.878980,10976.000000000,1766484233.000000000,-14.976432703,-4.061925095,-0.914634154,0.255078657,0.347946032,0.258194192
1766484233.894556,10977.000000000,1766484233.000000000,-14.900410202,-4.521765672,-0.838414641,0.261188326,0.346413230,0.248917754
1766484233.911241,10978.000000000,1766484233.000000000,-15.356545208,-4.598405768,-1.295731719,0.247441572,0.346413230,0.248917754
1766484233.926988,10979.000000000,1766484233.000000000,-15.052455204,-3.908644903,-1.295731719,0.258133491,0.351011636,0.252009900
1766484233.942671,10980.000000000,1766484233.000000000,-14.824387701,-4.291845383,-1.219512206,0.261188326,0.351011636,0.262832411
1766484233.958407,10981.000000000,1766484233.000000000,-14.748365200,-4.368485479,-1.067073180,0.250496406,0.351011636,0.261286338
1766484233.975288,10982.000000000,1766484233.000000000,-14.748365200,-3.448804326,-1.143292693,0.258133491,0.354077240,0.265924557
1766484233.990800,10983.000000000,1766484233.000000000,-14.292230194,-3.908644903,-1.600609770,0.265770577,0.351011636,0.258194192
1766484234.006476,10984.000000000,1766484234.000000000,-15.508590210,-4.061925095,-1.524390257,0.250496406,0.346413230,0.258194192
1766484234.023341,10985.000000000,1766484234.000000000,-14.596320198,-4.904966152,-1.143292693,0.255078657,0.354077240,0.248917754
1766484234.038857,10986.000000000,1766484234.000000000,-14.292230194,-3.908644903,-1.295731719,0.245914155,0.351011636,0.273654922
1766484234.054454,10987.000000000,1766484234.000000000,-15.280522707,-4.445125575,-1.143292693,0.262715743,0.343347627,0.248917754
1766484234.070428,10988.000000000,1766484234.000000000,-15.280522707,-4.751685960,-1.219512206,0.258133491,0.343347627,0.255102046
1766484234.087373,10989.000000000,1766484234.000000000,-14.064162690,-4.138565191,-1.295731719,0.255078657,0.351011636,0.270562776
1766484234.103100,10990.000000000,1766484234.000000000,-14.520297697,-4.138565191,-1.371951231,0.253551240,0.354077240,0.270562776
1766484234.118637,10991.000000000,1766484234.000000000,-15.128477705,-4.061925095,-1.219512206,0.255078657,0.347946032,0.253555973
1766484234.134245,10992.000000000,1766484234.000000000,-14.900410202,-4.291845383,-1.219512206,0.250496406,0.347946032,0.250463827
1766484234.151126,10993.000000000,1766484234.000000000,-14.748365200,-4.904966152,-1.448170744,0.261188326,0.357142844,0.244279535
1766484234.166620,10994.000000000,1766484234.000000000,-15.280522707,-4.751685960,-1.371951231,0.255078657,0.354077240,0.244279535
1766484234.183383,10995.000000000,1766484234.000000000,-14.748365200,-3.755364710,-1.219512206,0.250496406,0.344880429,0.250463827
1766484234.199044,10996.000000000,1766484234.000000000,-14.976432703,-5.058246344,-1.143292693,0.261188326,0.351011636,0.255102046
1766484234.214734,10997.000000000,1766484234.000000000,-14.824387701,-3.602084518,-1.143292693,0.261188326,0.347946032,0.247371681
1766484234.230456,10998.000000000,1766484234.000000000,-15.128477705,-4.445125575,-1.371951231,0.258133491,0.344880429,0.255102046
1766484234.247432,10999.000000000,1766484234.000000000,-14.368252695,-4.368485479,-0.838414641,0.255078657,0.354077240,0.264378484
1766484234.262981,11000.000000000,1766484234.000000000,-14.368252695,-4.368485479,-1.295731719,0.248968989,0.354077240,0.242733462
1766484234.278619,11001.000000000,1766484234.000000000,-14.900410202,-4.598405768,-1.295731719,0.261188326,0.354077240,0.245825608
1766484234.295616,11002.000000000,1766484234.000000000,-14.596320198,-4.598405768,-1.219512206,0.252023823,0.344880429,0.255102046
1766484234.311040,11003.000000000,1766484234.000000000,-14.976432703,-4.215205287,-1.295731719,0.252023823,0.357142844,0.248917754
1766484234.326694,11004.000000000,1766484234.000000000,-14.748365200,-4.598405768,-1.143292693,0.255078657,0.344880429,0.258194192
1766484234.342253,11005.000000000,1766484234.000000000,-14.064162690,-3.908644903,-1.143292693,0.261188326,0.347946032,0.258194192
1766484234.359183,11006.000000000,1766484234.000000000,-15.280522707,-3.908644903,-1.371951231,0.258133491,0.344880429,0.252009900
1766484234.374709,11007.000000000,1766484234.000000000,-14.596320198,-4.291845383,-1.219512206,0.258133491,0.354077240,0.261286338
1766484234.390354,11008.000000000,1766484234.000000000,-14.976432703,-4.445125575,-1.143292693,0.258133491,0.347946032,0.258194192
1766484234.407250,11009.000000000,1766484234.000000000,-15.356545208,-3.908644903,-0.914634154,0.252023823,0.346413230,0.267470630
1766484234.422793,11010.000000000,1766484234.000000000,-14.900410202,-4.598405768,-1.067073180,0.259660909,0.354077240,0.264378484
1766484234.438589,11011.000000000,1766484234.000000000,-15.204500206,-5.058246344,-0.685975616,0.253551240,0.347946032,0.267470630
1766484234.454390,11012.000000000,1766484234.000000000,-14.596320198,-4.215205287,-1.295731719,0.258133491,0.354077240,0.248917754
1766484234.471353,11013.000000000,1766484234.000000000,-14.216207692,-3.755364710,-1.067073180,0.256606074,0.346413230,0.252009900
1766484234.486921,11014.000000000,1766484234.000000000,-15.432567709,-4.368485479,-0.838414641,0.247441572,0.351011636,0.258194192
1766484234.502444,11015.000000000,1766484234.000000000,-14.596320198,-4.521765672,-1.143292693,0.256606074,0.344880429,0.255102046
1766484234.519139,11016.000000000,1766484234.000000000,-15.432567709,-4.291845383,-0.914634154,0.255078657,0.351011636,0.261286338
1766484234.534772,11017.000000000,1766484234.000000000,-14.900410202,-4.445125575,-0.990853667,0.256606074,0.354077240,0.267470630
1766484234.550470,11018.000000000,1766484234.000000000,-14.824387701,-4.368485479,-1.067073180,0.253551240,0.354077240,0.245825608
1766484234.566129,11019.000000000,1766484234.000000000,-15.128477705,-4.061925095,-0.838414641,0.250496406,0.346413230,0.245825608
1766484234.582841,11020.000000000,1766484234.000000000,-14.672342699,-4.291845383,-0.762195129,0.256606074,0.346413230,0.252009900
1766484234.598505,11021.000000000,1766484234.000000000,-14.748365200,-3.908644903,-1.143292693,0.259660909,0.347946032,0.262832411
1766484234.614313,11022.000000000,1766484234.000000000,-15.052455204,-3.372164230,-1.067073180,0.261188326,0.351011636,0.253555973
1766484234.631195,11023.000000000,1766484234.000000000,-15.432567709,-3.218884037,-0.914634154,0.258133491,0.346413230,0.262832411
1766484234.646786,11024.000000000,1766484234.000000000,-14.672342699,-3.525444422,-1.219512206,0.252023823,0.355610042,0.262832411
1766484234.662528,11025.000000000,1766484234.000000000,-15.204500206,-4.368485479,-0.914634154,0.259660909,0.347946032,0.255102046
1766484234.678200,11026.000000000,1766484234.000000000,-15.356545208,-4.368485479,-1.067073180,0.252023823,0.347946032,0.267470630
1766484234.694981,11027.000000000,1766484234.000000000,-15.128477705,-4.981606248,-1.067073180,0.250496406,0.351011636,0.252009900
1766484234.710544,11028.000000000,1766484234.000000000,-15.128477705,-4.904966152,-1.067073180,0.255078657,0.355610042,0.273654922
1766484234.726337,11029.000000000,1766484234.000000000,-14.672342699,-3.755364710,-1.295731719,0.255078657,0.351011636,0.265924557
1766484234.742997,11030.000000000,1766484234.000000000,-15.432567709,-3.908644903,-1.143292693,0.255078657,0.351011636,0.256648119
1766484234.758717,11031.000000000,1766484234.000000000,-15.204500206,-3.908644903,-1.295731719,0.258133491,0.351011636,0.262832411
1766484234.774512,11032.000000000,1766484234.000000000,-14.976432703,-4.138565191,-1.371951231,0.261188326,0.351011636,0.261286338
1766484234.790247,11033.000000000,1766484234.000000000,-14.976432703,-4.291845383,-1.448170744,0.252023823,0.351011636,0.258194192
1766484234.806761,11034.000000000,1766484234.000000000,-14.748365200,-3.908644903,-0.990853667,0.245914155,0.351011636,0.269016703
1766484234.822379,11035.000000000,1766484234.000000000,-14.672342699,-4.751685960,-1.524390257,0.255078657,0.351011636,0.239641316
1766484234.839272,11036.000000000,1766484234.000000000,-15.888702715,-4.598405768,-1.524390257,0.258133491,0.343347627,0.250463827
1766484234.854896,11037.000000000,1766484234.000000000,-14.520297697,-4.751685960,-1.219512206,0.255078657,0.343347627,0.252009900
1766484234.870627,11038.000000000,1766484234.000000000,-13.988140189,-4.751685960,-1.219512206,0.248968989,0.357142844,0.261286338
1766484234.886225,11039.000000000,1766484234.000000000,-14.900410202,-4.598405768,-1.448170744,0.258133491,0.346413230,0.261286338
1766484234.902936,11040.000000000,1766484234.000000000,-14.976432703,-3.755364710,-1.448170744,0.258133491,0.346413230,0.261286338
1766484234.918526,11041.000000000,1766484234.000000000,-14.672342699,-3.908644903,-1.600609770,0.255078657,0.355610042,0.255102046
1766484234.934246,11042.000000000,1766484234.000000000,-15.052455204,-4.445125575,-1.295731719,0.252023823,0.354077240,0.261286338
1766484234.951131,11043.000000000,1766484234.000000000,-14.596320198,-3.602084518,-1.295731719,0.255078657,0.341814825,0.245825608
1766484234.966700,11044.000000000,1766484234.000000000,-14.900410202,-3.755364710,-1.219512206,0.252023823,0.341814825,0.255102046
1766484234.982376,11045.000000000,1766484234.000000000,-14.520297697,-3.908644903,-1.219512206,0.255078657,0.347946032,0.269016703
1766484234.997968,11046.000000000,1766484234.000000000,-15.128477705,-4.904966152,-1.295731719,0.258133491,0.344880429,0.261286338
1766484235.014757,11047.000000000,1766484235.000000000,-14.748365200,-3.755364710,-1.219512206,0.250496406,0.351011636,0.261286338
1766484235.030411,11048.000000000,1766484235.000000000,-14.064162690,-4.368485479,-1.219512206,0.255078657,0.354077240,0.261286338
1766484235.046237,11049.000000000,1766484235.000000000,-15.204500206,-4.215205287,-1.371951231,0.258133491,0.351011636,0.252009900
1766484235.063002,11050.000000000,1766484235.000000000,-14.824387701,-4.751685960,-1.371951231,0.261188326,0.338749221,0.248917754
1766484235.078590,11051.000000000,1766484235.000000000,-14.824387701,-3.755364710,-1.143292693,0.252023823,0.344880429,0.264378484
1766484235.094314,11052.000000000,1766484235.000000000,-14.596320198,-4.445125575,-1.295731719,0.252023823,0.346413230,0.258194192
1766484235.110994,11053.000000000,1766484235.000000000,-14.900410202,-5.211526537,-1.143292693,0.250496406,0.341814825,0.255102046
1766484235.126460,11054.000000000,1766484235.000000000,-15.128477705,-3.448804326,-1.371951231,0.252023823,0.351011636,0.265924557
1766484235.141974,11055.000000000,1766484235.000000000,-15.052455204,-4.138565191,-1.371951231,0.255078657,0.354077240,0.272108849
1766484235.158734,11056.000000000,1766484235.000000000,-14.748365200,-4.061925095,-1.371951231,0.255078657,0.351011636,0.261286338
1766484235.174515,11057.000000000,1766484235.000000000,-14.520297697,-4.215205287,-1.448170744,0.252023823,0.344880429,0.248917754
1766484235.190171,11058.000000000,1766484235.000000000,-15.280522707,-3.908644903,-0.990853667,0.258133491,0.347946032,0.256648119
1766484235.206719,11059.000000000,1766484235.000000000,-15.128477705,-3.832004806,-1.143292693,0.259660909,0.344880429,0.261286338
1766484235.222465,11060.000000000,1766484235.000000000,-14.596320198,-4.445125575,-0.914634154,0.264243160,0.343347627,0.258194192
1766484235.238961,11061.000000000,1766484235.000000000,-14.140185191,-4.368485479,-0.762195129,0.253551240,0.346413230,0.264378484
1766484235.254688,11062.000000000,1766484235.000000000,-14.520297697,-4.521765672,-0.762195129,0.255078657,0.351011636,0.258194192
1766484235.270391,11063.000000000,1766484235.000000000,-15.280522707,-3.985284999,-0.838414641,0.261188326,0.347946032,0.259740265
1766484235.285955,11064.000000000,1766484235.000000000,-15.052455204,-4.598405768,-0.990853667,0.253551240,0.344880429,0.248917754
1766484235.302683,11065.000000000,1766484235.000000000,-15.280522707,-4.521765672,-1.219512206,0.256606074,0.347946032,0.261286338
1766484235.318215,11066.000000000,1766484235.000000000,-14.596320198,-4.445125575,-0.762195129,0.258133491,0.351011636,0.252009900
1766484235.333854,11067.000000000,1766484235.000000000,-15.128477705,-4.061925095,-0.762195129,0.253551240,0.334150815,0.261286338
1766484235.350787,11068.000000000,1766484235.000000000,-15.204500206,-4.061925095,-1.067073180,0.256606074,0.347946032,0.248917754
1766484235.366365,11069.000000000,1766484235.000000000,-15.204500206,-4.368485479,-0.914634154,0.255078657,0.343347627,0.248917754
1766484235.382045,11070.000000000,1766484235.000000000,-14.520297697,-4.445125575,-1.067073180,0.258133491,0.347946032,0.258194192
1766484235.398698,11071.000000000,1766484235.000000000,-14.672342699,-4.981606248,-1.143292693,0.255078657,0.341814825,0.258194192
1766484235.414440,11072.000000000,1766484235.000000000,-14.748365200,-4.445125575,-0.609756103,0.253551240,0.347946032,0.245825608
1766484235.430076,11073.000000000,1766484235.000000000,-14.900410202,-4.598405768,-1.219512206,0.259660909,0.340282023,0.252009900
1766484235.446698,11074.000000000,1766484235.000000000,-15.052455204,-4.521765672,-1.143292693,0.261188326,0.337216419,0.248917754
1766484235.462478,11075.000000000,1766484235.000000000,-14.900410202,-4.061925095,-1.219512206,0.255078657,0.347946032,0.258194192
1766484235.478225,11076.000000000,1766484235.000000000,-14.976432703,-4.368485479,-0.914634154,0.245914155,0.357142844,0.267470630
1766484235.494872,11077.000000000,1766484235.000000000,-15.052455204,-4.751685960,-0.838414641,0.261188326,0.351011636,0.252009900
1766484235.510574,11078.000000000,1766484235.000000000,-14.900410202,-4.521765672,-1.371951231,0.259660909,0.340282023,0.258194192
1766484235.526391,11079.000000000,1766484235.000000000,-15.432567709,-4.445125575,-1.067073180,0.256606074,0.341814825,0.248917754
1766484235.541971,11080.000000000,1766484235.000000000,-14.900410202,-3.755364710,-1.219512206,0.256606074,0.354077240,0.265924557
1766484235.558767,11081.000000000,1766484235.000000000,-14.444275196,-4.215205287,-1.295731719,0.250496406,0.341814825,0.248917754
1766484235.574506,11082.000000000,1766484235.000000000,-15.280522707,-4.138565191,-0.685975616,0.259660909,0.347946032,0.259740265
1766484235.590140,11083.000000000,1766484235.000000000,-15.356545208,-4.521765672,-1.143292693,0.255078657,0.347946032,0.258194192
1766484235.606806,11084.000000000,1766484235.000000000,-14.976432703,-4.138565191,-1.448170744,0.258133491,0.347946032,0.261286338
1766484235.622594,11085.000000000,1766484235.000000000,-14.976432703,-3.985284999,-1.067073180,0.258133491,0.347946032,0.259740265
1766484235.638454,11086.000000000,1766484235.000000000,-14.976432703,-4.368485479,-1.295731719,0.253551240,0.355610042,0.270562776
1766484235.654169,11087.000000000,1766484235.000000000,-14.824387701,-3.525444422,-0.838414641,0.256606074,0.351011636,0.256648119
1766484235.669742,11088.000000000,1766484235.000000000,-14.748365200,-4.138565191,-1.143292693,0.253551240,0.351011636,0.255102046
1766484235.686577,11089.000000000,1766484235.000000000,-15.128477705,-4.368485479,-0.990853667,0.253551240,0.351011636,0.270562776
1766484235.702275,11090.000000000,1766484235.000000000,-15.432567709,-4.215205287,-1.143292693,0.256606074,0.343347627,0.264378484
1766484235.717848,11091.000000000,1766484235.000000000,-15.508590210,-4.061925095,-1.067073180,0.255078657,0.347946032,0.264378484
1766484235.734559,11092.000000000,1766484235.000000000,-14.520297697,-3.908644903,-0.990853667,0.258133491,0.344880429,0.272108849
1766484235.750029,11093.000000000,1766484235.000000000,-15.128477705,-3.908644903,-0.609756103,0.253551240,0.346413230,0.258194192
1766484235.765640,11094.000000000,1766484235.000000000,-14.596320198,-4.368485479,-1.143292693,0.253551240,0.346413230,0.264378484
1766484235.782683,11095.000000000,1766484235.000000000,-14.976432703,-4.368485479,-0.990853667,0.258133491,0.344880429,0.258194192
1766484235.798074,11096.000000000,1766484235.000000000,-14.976432703,-4.215205287,-1.143292693,0.256606074,0.340282023,0.252009900
1766484235.813536,11097.000000000,1766484235.000000000,-14.672342699,-3.832004806,-0.914634154,0.259660909,0.344880429,0.261286338
1766484235.830483,11098.000000000,1766484235.000000000,-14.900410202,-4.061925095,-1.143292693,0.255078657,0.347946032,0.258194192
1766484235.846179,11099.000000000,1766484235.000000000,-14.672342699,-3.755364710,-0.990853667,0.256606074,0.346413230,0.259740265
1766484235.861784,11100.000000000,1766484235.000000000,-15.356545208,-4.215205287,-0.914634154,0.252023823,0.344880429,0.258194192
1766484235.878724,11101.000000000,1766484235.000000000,-14.748365200,-4.061925095,-0.990853667,0.255078657,0.344880429,0.258194192
1766484235.894448,11102.000000000,1766484235.000000000,-15.204500206,-4.291845383,-0.762195129,0.256606074,0.346413230,0.252009900
1766484235.910163,11103.000000000,1766484235.000000000,-15.204500206,-4.675045864,-0.838414641,0.256606074,0.346413230,0.276747068
1766484235.925631,11104.000000000,1766484235.000000000,-14.976432703,-3.678724614,-1.067073180,0.258133491,0.351011636,0.262832411
1766484235.942613,11105.000000000,1766484235.000000000,-15.356545208,-3.832004806,-0.685975616,0.255078657,0.346413230,0.255102046
1766484235.958358,11106.000000000,1766484235.000000000,-15.128477705,-3.985284999,-0.914634154,0.256606074,0.344880429,0.261286338
1766484235.973893,11107.000000000,1766484235.000000000,-14.976432703,-4.061925095,-1.067073180,0.261188326,0.346413230,0.255102046
1766484235.990651,11108.000000000,1766484235.000000000,-15.052455204,-4.138565191,-0.914634154,0.253551240,0.344880429,0.255102046
1766484236.006496,11109.000000000,1766484236.000000000,-14.976432703,-3.448804326,-0.685975616,0.258133491,0.344880429,0.259740265
1766484236.022111,11110.000000000,1766484236.000000000,-14.824387701,-4.368485479,-1.295731719,0.261188326,0.344880429,0.252009900
1766484236.037910,11111.000000000,1766484236.000000000,-15.052455204,-4.061925095,-1.371951231,0.255078657,0.344880429,0.255102046
1766484236.054619,11112.000000000,1766484236.000000000,-14.672342699,-3.602084518,-1.448170744,0.258133491,0.346413230,0.258194192
1766484236.070220,11113.000000000,1766484236.000000000,-15.128477705,-4.291845383,-1.067073180,0.255078657,0.346413230,0.264378484
1766484236.085877,11114.000000000,1766484236.000000000,-14.292230194,-4.445125575,-1.448170744,0.252023823,0.343347627,0.255102046
1766484236.101372,11115.000000000,1766484236.000000000,-14.596320198,-4.751685960,-1.067073180,0.255078657,0.346413230,0.264378484
1766484236.118238,11116.000000000,1766484236.000000000,-14.520297697,-4.215205287,-1.219512206,0.258133491,0.351011636,0.267470630
1766484236.133865,11117.000000000,1766484236.000000000,-15.280522707,-4.215205287,-1.524390257,0.258133491,0.343347627,0.261286338
1766484236.149432,11118.000000000,1766484236.000000000,-14.900410202,-4.061925095,-1.295731719,0.258133491,0.344880429,0.252009900
1766484236.166414,11119.000000000,1766484236.000000000,-14.900410202,-4.445125575,-1.143292693,0.258133491,0.344880429,0.264378484
1766484236.182100,11120.000000000,1766484236.000000000,-14.596320198,-3.755364710,-1.448170744,0.255078657,0.346413230,0.252009900
1766484236.197507,11121.000000000,1766484236.000000000,-15.356545208,-4.598405768,-1.067073180,0.255078657,0.347946032,0.258194192
1766484236.214377,11122.000000000,1766484236.000000000,-15.356545208,-5.058246344,-0.990853667,0.255078657,0.347946032,0.264378484
1766484236.230011,11123.000000000,1766484236.000000000,-14.748365200,-3.908644903,-1.448170744,0.258133491,0.347946032,0.269016703
1766484236.245562,11124.000000000,1766484236.000000000,-15.052455204,-3.908644903,-0.914634154,0.258133491,0.344880429,0.256648119
1766484236.262482,11125.000000000,1766484236.000000000,-14.672342699,-4.061925095,-1.295731719,0.255078657,0.341814825,0.264378484
1766484236.278218,11126.000000000,1766484236.000000000,-14.748365200,-4.904966152,-1.143292693,0.252023823,0.343347627,0.255102046
1766484236.293719,11127.000000000,1766484236.000000000,-14.824387701,-5.058246344,-1.067073180,0.255078657,0.344880429,0.264378484
1766484236.309484,11128.000000000,1766484236.000000000,-14.824387701,-3.908644903,-1.219512206,0.255078657,0.346413230,0.255102046
1766484236.326353,11129.000000000,1766484236.000000000,-15.356545208,-4.215205287,-0.990853667,0.252023823,0.347946032,0.264378484
1766484236.341973,11130.000000000,1766484236.000000000,-15.204500206,-3.372164230,-1.067073180,0.259660909,0.347946032,0.250463827
1766484236.357548,11131.000000000,1766484236.000000000,-15.052455204,-4.215205287,-0.838414641,0.258133491,0.347946032,0.255102046
1766484236.374227,11132.000000000,1766484236.000000000,-14.672342699,-4.215205287,-1.067073180,0.256606074,0.346413230,0.252009900
1766484236.389868,11133.000000000,1766484236.000000000,-15.356545208,-3.985284999,-0.914634154,0.252023823,0.346413230,0.255102046
1766484236.405404,11134.000000000,1766484236.000000000,-14.672342699,-3.755364710,-0.914634154,0.256606074,0.346413230,0.252009900
1766484236.422226,11135.000000000,1766484236.000000000,-14.824387701,-4.215205287,-1.219512206,0.252023823,0.344880429,0.258194192
1766484236.437741,11136.000000000,1766484236.000000000,-14.520297697,-3.985284999,-1.067073180,0.258133491,0.347946032,0.265924557
1766484236.453433,11137.000000000,1766484236.000000000,-15.356545208,-4.675045864,-0.914634154,0.252023823,0.347946032,0.258194192
1766484236.469393,11138.000000000,1766484236.000000000,-15.432567709,-3.448804326,-1.143292693,0.258133491,0.347946032,0.253555973
1766484236.485908,11139.000000000,1766484236.000000000,-14.976432703,-3.832004806,-0.838414641,0.259660909,0.341814825,0.255102046
1766484236.502313,11140.000000000,1766484236.000000000,-15.356545208,-4.751685960,-0.838414641,0.255078657,0.346413230,0.261286338
1766484236.517886,11141.000000000,1766484236.000000000,-15.128477705,-3.908644903,-0.914634154,0.258133491,0.338749221,0.264378484
1766484236.533511,11142.000000000,1766484236.000000000,-14.672342699,-3.985284999,-0.990853667,0.256606074,0.344880429,0.267470630
1766484236.549283,11143.000000000,1766484236.000000000,-14.976432703,-4.061925095,-1.067073180,0.255078657,0.347946032,0.264378484
1766484236.566247,11144.000000000,1766484236.000000000,-15.204500206,-3.755364710,-1.219512206,0.264243160,0.347946032,0.269016703
1766484236.581812,11145.000000000,1766484236.000000000,-14.368252695,-4.521765672,-0.914634154,0.255078657,0.344880429,0.264378484
1766484236.597753,11146.000000000,1766484236.000000000,-15.280522707,-3.525444422,-1.371951231,0.250496406,0.354077240,0.272108849
1766484236.613447,11147.000000000,1766484236.000000000,-14.976432703,-3.908644903,-1.067073180,0.258133491,0.347946032,0.272108849
1766484236.629231,11148.000000000,1766484236.000000000,-15.432567709,-3.985284999,-0.990853667,0.258133491,0.347946032,0.253555973
1766484236.646243,11149.000000000,1766484236.000000000,-15.128477705,-3.985284999,-0.990853667,0.256606074,0.344880429,0.261286338
1766484236.661728,11150.000000000,1766484236.000000000,-15.736657713,-4.215205287,-0.685975616,0.256606074,0.347946032,0.272108849
1766484236.677456,11151.000000000,1766484236.000000000,-14.748365200,-4.291845383,-1.295731719,0.255078657,0.343347627,0.267470630
1766484236.694021,11152.000000000,1766484236.000000000,-14.900410202,-3.908644903,-1.371951231,0.258133491,0.344880429,0.264378484
1766484236.709696,11153.000000000,1766484236.000000000,-14.824387701,-3.832004806,-1.143292693,0.255078657,0.346413230,0.248917754
1766484236.725348,11154.000000000,1766484236.000000000,-14.900410202,-4.675045864,-0.990853667,0.252023823,0.347946032,0.264378484
1766484236.742108,11155.000000000,1766484236.000000000,-15.432567709,-3.678724614,-0.762195129,0.258133491,0.346413230,0.262832411
1766484236.757692,11156.000000000,1766484236.000000000,-15.660635212,-3.908644903,-0.838414641,0.253551240,0.347946032,0.265924557
1766484236.773421,11157.000000000,1766484236.000000000,-15.204500206,-3.908644903,-0.990853667,0.258133491,0.341814825,0.252009900
1766484236.789351,11158.000000000,1766484236.000000000,-15.128477705,-4.521765672,-1.143292693,0.256606074,0.344880429,0.261286338
1766484236.806043,11159.000000000,1766484236.000000000,-15.356545208,-4.445125575,-0.914634154,0.252023823,0.346413230,0.261286338
1766484236.821573,11160.000000000,1766484236.000000000,-15.052455204,-3.525444422,-1.067073180,0.258133491,0.351011636,0.259740265
1766484236.837114,11161.000000000,1766484236.000000000,-15.052455204,-3.908644903,-1.067073180,0.258133491,0.347946032,0.272108849
1766484236.853799,11162.000000000,1766484236.000000000,-15.280522707,-4.521765672,-1.219512206,0.256606074,0.347946032,0.261286338
1766484236.869503,11163.000000000,1766484236.000000000,-15.204500206,-4.061925095,-0.838414641,0.255078657,0.344880429,0.258194192
1766484236.886385,11164.000000000,1766484236.000000000,-14.672342699,-4.138565191,-1.143292693,0.253551240,0.347946032,0.261286338
1766484236.902213,11165.000000000,1766484236.000000000,-15.660635212,-3.602084518,-1.067073180,0.247441572,0.343347627,0.262832411
1766484236.918005,11166.000000000,1766484236.000000000,-14.976432703,-3.908644903,-0.762195129,0.258133491,0.347946032,0.259740265
1766484236.933429,11167.000000000,1766484236.000000000,-14.368252695,-4.291845383,-1.295731719,0.252023823,0.344880429,0.258194192
1766484236.949974,11168.000000000,1766484236.000000000,-15.204500206,-4.368485479,-1.067073180,0.255078657,0.347946032,0.258194192
1766484236.965549,11169.000000000,1766484236.000000000,-14.976432703,-3.602084518,-1.295731719,0.255078657,0.347946032,0.258194192
1766484236.981316,11170.000000000,1766484236.000000000,-14.672342699,-3.755364710,-1.143292693,0.255078657,0.346413230,0.264378484
1766484236.998003,11171.000000000,1766484236.000000000,-15.204500206,-4.751685960,-1.448170744,0.252023823,0.344880429,0.252009900
1766484237.013463,11172.000000000,1766484237.000000000,-14.900410202,-4.138565191,-0.990853667,0.255078657,0.347946032,0.265924557
1766484237.029183,11173.000000000,1766484237.000000000,-15.356545208,-3.985284999,-0.762195129,0.252023823,0.346413230,0.262832411
1766484237.045840,11174.000000000,1766484237.000000000,-15.204500206,-3.295524133,-0.990853667,0.256606074,0.346413230,0.259740265
1766484237.061352,11175.000000000,1766484237.000000000,-14.672342699,-4.291845383,-1.067073180,0.256606074,0.346413230,0.252009900
1766484237.077144,11176.000000000,1766484237.000000000,-14.672342699,-3.678724614,-1.219512206,0.259660909,0.346413230,0.259740265
1766484237.093919,11177.000000000,1766484237.000000000,-14.976432703,-4.061925095,-0.914634154,0.255078657,0.347946032,0.258194192
1766484237.109498,11178.000000000,1766484237.000000000,-15.128477705,-4.598405768,-0.914634154,0.253551240,0.347946032,0.255102046
1766484237.125407,11179.000000000,1766484237.000000000,-14.900410202,-4.138565191,-1.600609770,0.255078657,0.347946032,0.264378484
1766484237.141032,11180.000000000,1766484237.000000000,-14.976432703,-3.908644903,-0.990853667,0.252023823,0.343347627,0.252009900
1766484237.157849,11181.000000000,1766484237.000000000,-15.356545208,-4.368485479,-0.990853667,0.255078657,0.346413230,0.261286338
1766484237.173315,11182.000000000,1766484237.000000000,-14.216207692,-4.138565191,-1.143292693,0.255078657,0.341814825,0.252009900
1766484237.188898,11183.000000000,1766484237.000000000,-15.204500206,-3.602084518,-1.371951231,0.258133491,0.346413230,0.252009900
1766484237.205589,11184.000000000,1766484237.000000000,-14.824387701,-4.598405768,-1.143292693,0.255078657,0.344880429,0.258194192
1766484237.221325,11185.000000000,1766484237.000000000,-14.824387701,-5.058246344,-1.143292693,0.261188326,0.343347627,0.255102046
1766484237.236905,11186.000000000,1766484237.000000000,-15.052455204,-3.602084518,-1.448170744,0.258133491,0.343347627,0.259740265
1766484237.253776,11187.000000000,1766484237.000000000,-15.584612711,-4.368485479,-1.219512206,0.255078657,0.351011636,0.259740265
1766484237.269303,11188.000000000,1766484237.000000000,-15.052455204,-4.368485479,-1.295731719,0.255078657,0.346413230,0.245825608
1766484237.284812,11189.000000000,1766484237.000000000,-14.976432703,-3.755364710,-1.295731719,0.255078657,0.343347627,0.258194192
1766484237.301637,11190.000000000,1766484237.000000000,-14.976432703,-3.755364710,-1.143292693,0.255078657,0.343347627,0.252009900
1766484237.317268,11191.000000000,1766484237.000000000,-14.672342699,-4.138565191,-1.143292693,0.250496406,0.346413230,0.264378484
1766484237.332987,11192.000000000,1766484237.000000000,-15.432567709,-4.061925095,-1.371951231,0.258133491,0.347946032,0.259740265
1766484237.349578,11193.000000000,1766484237.000000000,-14.976432703,-4.061925095,-1.448170744,0.258133491,0.347946032,0.265924557
1766484237.365141,11194.000000000,1766484237.000000000,-14.824387701,-4.751685960,-1.219512206,0.252023823,0.344880429,0.258194192
1766484237.380797,11195.000000000,1766484237.000000000,-14.976432703,-3.755364710,-1.371951231,0.258133491,0.351011636,0.262832411
1766484237.397634,11196.000000000,1766484237.000000000,-14.900410202,-4.445125575,-1.371951231,0.255078657,0.351011636,0.248917754
1766484237.413434,11197.000000000,1766484237.000000000,-15.204500206,-4.291845383,-1.371951231,0.252023823,0.344880429,0.264378484
1766484237.429283,11198.000000000,1766484237.000000000,-15.128477705,-4.598405768,-1.067073180,0.255078657,0.341814825,0.245825608
1766484237.444980,11199.000000000,1766484237.000000000,-14.824387701,-4.291845383,-1.371951231,0.258133491,0.343347627,0.255102046
1766484237.461478,11200.000000000,1766484237.000000000,-15.660635212,-4.215205287,-1.143292693,0.252023823,0.347946032,0.255102046
1766484237.477001,11201.000000000,1766484237.000000000,-15.052455204,-4.598405768,-1.371951231,0.255078657,0.344880429,0.261286338
1766484237.493668,11202.000000000,1766484237.000000000,-14.216207692,-4.061925095,-1.371951231,0.255078657,0.347946032,0.261286338
1766484237.509441,11203.000000000,1766484237.000000000,-15.356545208,-4.904966152,-1.067073180,0.255078657,0.346413230,0.248917754
1766484237.525005,11204.000000000,1766484237.000000000,-15.204500206,-4.751685960,-1.219512206,0.250496406,0.347946032,0.267470630
1766484237.540725,11205.000000000,1766484237.000000000,-14.368252695,-3.448804326,-1.295731719,0.258133491,0.344880429,0.252009900
1766484237.557569,11206.000000000,1766484237.000000000,-14.900410202,-4.751685960,-1.295731719,0.255078657,0.351011636,0.267470630
1766484237.573304,11207.000000000,1766484237.000000000,-15.432567709,-4.445125575,-1.371951231,0.258133491,0.347946032,0.252009900
1766484237.588791,11208.000000000,1766484237.000000000,-14.672342699,-4.445125575,-1.448170744,0.255078657,0.347946032,0.267470630
1766484237.605587,11209.000000000,1766484237.000000000,-13.836095187,-4.215205287,-1.448170744,0.258133491,0.343347627,0.261286338
1766484237.621222,11210.000000000,1766484237.000000000,-15.432567709,-3.755364710,-1.219512206,0.252023823,0.351011636,0.253555973
1766484237.636787,11211.000000000,1766484237.000000000,-14.672342699,-3.602084518,-1.676829283,0.258133491,0.346413230,0.250463827
1766484237.653718,11212.000000000,1766484237.000000000,-15.128477705,-4.598405768,-0.990853667,0.253551240,0.341814825,0.262832411
1766484237.669361,11213.000000000,1766484237.000000000,-15.204500206,-3.755364710,-1.295731719,0.258133491,0.351011636,0.252009900
1766484237.684983,11214.000000000,1766484237.000000000,-14.824387701,-3.755364710,-0.990853667,0.258133491,0.343347627,0.267470630
1766484237.701567,11215.000000000,1766484237.000000000,-14.596320198,-4.061925095,-1.295731719,0.255078657,0.344880429,0.265924557
1766484237.717346,11216.000000000,1766484237.000000000,-15.052455204,-4.445125575,-1.067073180,0.250496406,0.354077240,0.259740265
1766484237.732842,11217.000000000,1766484237.000000000,-14.976432703,-3.908644903,-1.219512206,0.258133491,0.347946032,0.264378484
1766484237.749566,11218.000000000,1766484237.000000000,-15.204500206,-3.985284999,-1.067073180,0.256606074,0.351011636,0.269016703
1766484237.765119,11219.000000000,1766484237.000000000,-14.748365200,-4.445125575,-0.838414641,0.256606074,0.347946032,0.261286338
1766484237.780780,11220.000000000,1766484237.000000000,-15.204500206,-4.675045864,-0.762195129,0.252023823,0.344880429,0.258194192
1766484237.797322,11221.000000000,1766484237.000000000,-14.596320198,-3.448804326,-1.067073180,0.253551240,0.346413230,0.258194192
1766484237.812865,11222.000000000,1766484237.000000000,-15.204500206,-4.215205287,-1.067073180,0.250496406,0.347946032,0.261286338
1766484237.829595,11223.000000000,1766484237.000000000,-15.128477705,-4.598405768,-1.219512206,0.250496406,0.351011636,0.264378484
1766484237.845111,11224.000000000,1766484237.000000000,-14.672342699,-4.291845383,-1.295731719,0.255078657,0.346413230,0.264378484
1766484237.860693,11225.000000000,1766484237.000000000,-14.520297697,-3.755364710,-1.219512206,0.258133491,0.351011636,0.262832411
1766484237.876730,11226.000000000,1766484237.000000000,-14.368252695,-3.908644903,-1.448170744,0.261188326,0.344880429,0.258194192
1766484237.893595,11227.000000000,1766484237.000000000,-14.748365200,-3.448804326,-1.219512206,0.258133491,0.347946032,0.262832411
1766484237.909156,11228.000000000,1766484237.000000000,-14.824387701,-4.291845383,-0.990853667,0.252023823,0.344880429,0.252009900
1766484237.924734,11229.000000000,1766484237.000000000,-15.356545208,-4.291845383,-1.067073180,0.252023823,0.347946032,0.258194192
1766484237.941550,11230.000000000,1766484237.000000000,-14.596320198,-3.755364710,-0.914634154,0.256606074,0.343347627,0.258194192
1766484237.957112,11231.000000000,1766484237.000000000,-14.900410202,-4.368485479,-1.219512206,0.258133491,0.344880429,0.252009900
1766484237.972867,11232.000000000,1766484237.000000000,-14.672342699,-4.138565191,-1.067073180,0.259660909,0.346413230,0.258194192
1766484237.989493,11233.000000000,1766484237.000000000,-14.444275196,-4.368485479,-1.067073180,0.258133491,0.344880429,0.264378484
1766484238.005366,11234.000000000,1766484238.000000000,-15.052455204,-4.061925095,-1.295731719,0.253551240,0.344880429,0.267470630
1766484238.020786,11235.000000000,1766484238.000000000,-15.432567709,-4.445125575,-1.219512206,0.252023823,0.351011636,0.255102046
1766484238.037735,11236.000000000,1766484238.000000000,-14.748365200,-4.368485479,-0.990853667,0.259660909,0.347946032,0.261286338
1766484238.053486,11237.000000000,1766484238.000000000,-15.508590210,-3.678724614,-0.914634154,0.253551240,0.344880429,0.256648119
1766484238.069340,11238.000000000,1766484238.000000000,-14.976432703,-3.985284999,-0.609756103,0.258133491,0.347946032,0.253555973
1766484238.084780,11239.000000000,1766484238.000000000,-14.900410202,-3.678724614,-1.295731719,0.258133491,0.346413230,0.248917754
1766484238.101686,11240.000000000,1766484238.000000000,-14.900410202,-4.291845383,-0.990853667,0.255078657,0.346413230,0.261286338
1766484238.117030,11241.000000000,1766484238.000000000,-14.976432703,-4.521765672,-0.914634154,0.250496406,0.343347627,0.258194192
1766484238.132570,11242.000000000,1766484238.000000000,-15.052455204,-4.138565191,-1.143292693,0.253551240,0.344880429,0.248917754
1766484238.149363,11243.000000000,1766484238.000000000,-15.204500206,-3.755364710,-1.143292693,0.256606074,0.346413230,0.259740265
1766484238.165035,11244.000000000,1766484238.000000000,-15.204500206,-4.368485479,-0.838414641,0.253551240,0.347946032,0.252009900
1766484238.180557,11245.000000000,1766484238.000000000,-15.204500206,-3.985284999,-0.990853667,0.255078657,0.344880429,0.264378484
1766484238.197349,11246.000000000,1766484238.000000000,-15.052455204,-4.291845383,-0.762195129,0.256606074,0.343347627,0.252009900
1766484238.213112,11247.000000000,1766484238.000000000,-14.976432703,-3.678724614,-1.143292693,0.258133491,0.346413230,0.269016703
1766484238.228590,11248.000000000,1766484238.000000000,-14.748365200,-4.751685960,-0.762195129,0.255078657,0.343347627,0.255102046
1766484238.245291,11249.000000000,1766484238.000000000,-15.204500206,-3.755364710,-1.143292693,0.256606074,0.351011636,0.265924557
1766484238.260937,11250.000000000,1766484238.000000000,-14.900410202,-4.904966152,-1.067073180,0.252023823,0.346413230,0.267470630
1766484238.276556,11251.000000000,1766484238.000000000,-14.444275196,-4.061925095,-0.914634154,0.255078657,0.347946032,0.252009900
1766484238.293437,11252.000000000,1766484238.000000000,-14.444275196,-4.521765672,-1.219512206,0.255078657,0.347946032,0.258194192
1766484238.308981,11253.000000000,1766484238.000000000,-15.204500206,-3.372164230,-1.219512206,0.259660909,0.347946032,0.269016703
1766484238.324583,11254.000000000,1766484238.000000000,-15.356545208,-4.368485479,-1.143292693,0.253551240,0.343347627,0.258194192
1766484238.341420,11255.000000000,1766484238.000000000,-14.900410202,-3.448804326,-1.448170744,0.258133491,0.344880429,0.265924557
1766484238.356910,11256.000000000,1766484238.000000000,-15.052455204,-4.138565191,-1.219512206,0.261188326,0.347946032,0.256648119
1766484238.372444,11257.000000000,1766484238.000000000,-14.824387701,-3.755364710,-1.448170744,0.252023823,0.344880429,0.264378484
1766484238.389237,11258.000000000,1766484238.000000000,-15.204500206,-3.448804326,-1.371951231,0.258133491,0.347946032,0.256648119
1766484238.404706,11259.000000000,1766484238.000000000,-14.672342699,-4.138565191,-1.219512206,0.255078657,0.347946032,0.248917754
1766484238.421238,11260.000000000,1766484238.000000000,-15.356545208,-3.908644903,-1.143292693,0.255078657,0.346413230,0.261286338
1766484238.436828,11261.000000000,1766484238.000000000,-15.204500206,-3.755364710,-1.295731719,0.256606074,0.351011636,0.258194192
1766484238.452382,11262.000000000,1766484238.000000000,-15.128477705,-3.678724614,-0.762195129,0.253551240,0.351011636,0.256648119
1766484238.468402,11263.000000000,1766484238.000000000,-15.204500206,-4.061925095,-1.295731719,0.255078657,0.344880429,0.264378484
1766484238.485122,11264.000000000,1766484238.000000000,-14.976432703,-4.521765672,-1.219512206,0.255078657,0.347946032,0.264378484
1766484238.500854,11265.000000000,1766484238.000000000,-14.672342699,-3.755364710,-1.295731719,0.250496406,0.347946032,0.267470630
1766484238.516442,11266.000000000,1766484238.000000000,-14.292230194,-4.061925095,-1.371951231,0.255078657,0.344880429,0.252009900
1766484238.533370,11267.000000000,1766484238.000000000,-15.812680214,-4.061925095,-0.457317077,0.250496406,0.347946032,0.258194192
1766484238.548948,11268.000000000,1766484238.000000000,-14.444275196,-4.138565191,-0.762195129,0.253551240,0.341814825,0.261286338
1766484238.565475,11269.000000000,1766484238.000000000,-13.988140189,-3.678724614,-1.295731719,0.259660909,0.354077240,0.252009900
1766484238.581030,11270.000000000,1766484238.000000000,-14.976432703,-4.521765672,-0.914634154,0.261188326,0.346413230,0.255102046
1766484238.596596,11271.000000000,1766484238.000000000,-14.444275196,-3.832004806,-1.295731719,0.242859320,0.343347627,0.245825608
1766484238.613400,11272.000000000,1766484238.000000000,-14.748365200,-4.291845383,-0.838414641,0.248968989,0.341814825,0.258194192
1766484238.629165,11273.000000000,1766484238.000000000,-14.368252695,-4.521765672,-1.067073180,0.261188326,0.343347627,0.261286338
1766484238.644699,11274.000000000,1766484238.000000000,-15.356545208,-4.675045864,-0.685975616,0.244386737,0.346413230,0.255102046
1766484238.661243,11275.000000000,1766484238.000000000,-15.052455204,-4.061925095,-0.838414641,0.261188326,0.347946032,0.262832411
1766484238.676796,11276.000000000,1766484238.000000000,-14.672342699,-4.445125575,-1.143292693,0.256606074,0.344880429,0.267470630
1766484238.693469,11277.000000000,1766484238.000000000,-15.128477705,-3.832004806,-0.914634154,0.250496406,0.347946032,0.248917754
1766484238.709075,11278.000000000,1766484238.000000000,-14.748365200,-4.445125575,-0.914634154,0.250496406,0.337216419,0.258194192
1766484238.724881,11279.000000000,1766484238.000000000,-15.356545208,-3.985284999,-1.143292693,0.250496406,0.343347627,0.258194192
1766484238.740532,11280.000000000,1766484238.000000000,-14.824387701,-4.291845383,-1.448170744,0.255078657,0.346413230,0.255102046
1766484238.757222,11281.000000000,1766484238.000000000,-14.064162690,-4.061925095,-1.067073180,0.255078657,0.351011636,0.270562776
1766484238.772848,11282.000000000,1766484238.000000000,-14.520297697,-4.291845383,-0.914634154,0.261188326,0.347946032,0.258194192
1766484238.788436,11283.000000000,1766484238.000000000,-14.596320198,-4.368485479,-1.448170744,0.264243160,0.337216419,0.261286338
1766484238.805152,11284.000000000,1766484238.000000000,-14.976432703,-4.291845383,-1.371951231,0.242859320,0.343347627,0.258194192
1766484238.820766,11285.000000000,1766484238.000000000,-14.292230194,-3.602084518,-0.685975616,0.253551240,0.338749221,0.267470630
1766484238.836426,11286.000000000,1766484238.000000000,-14.976432703,-4.828326056,-1.143292693,0.258133491,0.347946032,0.276747068
1766484238.852317,11287.000000000,1766484238.000000000,-14.520297697,-4.138565191,-0.762195129,0.255078657,0.351011636,0.252009900
1766484238.868279,11288.000000000,1766484238.000000000,-15.432567709,-4.061925095,-0.914634154,0.261188326,0.346413230,0.255102046
1766484238.884920,11289.000000000,1766484238.000000000,-15.204500206,-4.445125575,-0.914634154,0.252023823,0.343347627,0.255102046
1766484238.900541,11290.000000000,1766484238.000000000,-15.204500206,-3.832004806,-1.448170744,0.247441572,0.344880429,0.264378484
1766484238.917123,11291.000000000,1766484238.000000000,-15.204500206,-4.521765672,-1.295731719,0.250496406,0.340282023,0.264378484
1766484238.932522,11292.000000000,1766484238.000000000,-15.660635212,-4.291845383,-0.914634154,0.255078657,0.343347627,0.255102046
1766484238.949199,11293.000000000,1766484238.000000000,-14.748365200,-4.445125575,-1.524390257,0.258133491,0.351011636,0.265924557
1766484238.964643,11294.000000000,1766484238.000000000,-15.812680214,-3.755364710,-1.219512206,0.262715743,0.351011636,0.265924557
1766484238.981295,11295.000000000,1766484238.000000000,-14.976432703,-4.368485479,-1.448170744,0.253551240,0.337216419,0.253555973
1766484238.996874,11296.000000000,1766484238.000000000,-14.976432703,-3.755364710,-1.448170744,0.242859320,0.337216419,0.259740265
1766484239.013218,11297.000000000,1766484239.000000000,-14.596320198,-3.908644903,-1.448170744,0.253551240,0.340282023,0.273654922
1766484239.028728,11298.000000000,1766484239.000000000,-14.976432703,-4.138565191,-1.448170744,0.265770577,0.341814825,0.261286338
1766484239.045284,11299.000000000,1766484239.000000000,-15.204500206,-3.908644903,-1.295731719,0.258133491,0.351011636,0.275200995
1766484239.060877,11300.000000000,1766484239.000000000,-14.900410202,-3.755364710,-1.448170744,0.255078657,0.351011636,0.275200995
1766484239.077372,11301.000000000,1766484239.000000000,-15.280522707,-3.908644903,-1.295731719,0.264243160,0.343347627,0.262832411
1766484239.092977,11302.000000000,1766484239.000000000,-14.596320198,-4.138565191,-1.371951231,0.247441572,0.340282023,0.261286338
1766484239.108498,11303.000000000,1766484239.000000000,-15.660635212,-3.448804326,-1.067073180,0.244386737,0.341814825,0.265924557
1766484239.125070,11304.000000000,1766484239.000000000,-14.672342699,-4.291845383,-1.143292693,0.252023823,0.341814825,0.264378484
1766484239.140695,11305.000000000,1766484239.000000000,-14.824387701,-4.751685960,-1.219512206,0.261188326,0.344880429,0.258194192
1766484239.156595,11306.000000000,1766484239.000000000,-14.672342699,-4.215205287,-1.448170744,0.258133491,0.346413230,0.264378484
1766484239.172268,11307.000000000,1766484239.000000000,-14.520297697,-4.368485479,-1.295731719,0.261188326,0.347946032,0.264378484
1766484239.189041,11308.000000000,1766484239.000000000,-15.660635212,-4.061925095,-1.219512206,0.250496406,0.337216419,0.272108849
1766484239.204587,11309.000000000,1766484239.000000000,-14.444275196,-4.138565191,-1.448170744,0.247441572,0.337216419,0.261286338
1766484239.220307,11310.000000000,1766484239.000000000,-15.128477705,-3.755364710,-1.067073180,0.252023823,0.341814825,0.252009900
1766484239.237030,11311.000000000,1766484239.000000000,-14.596320198,-3.908644903,-0.990853667,0.258133491,0.351011636,0.272108849
1766484239.252450,11312.000000000,1766484239.000000000,-14.672342699,-3.755364710,-1.143292693,0.261188326,0.354077240,0.265924557
1766484239.269233,11313.000000000,1766484239.000000000,-14.672342699,-4.598405768,-1.448170744,0.258133491,0.340282023,0.261286338
1766484239.284753,11314.000000000,1766484239.000000000,-14.976432703,-3.908644903,-1.448170744,0.255078657,0.337216419,0.269016703
1766484239.300481,11315.000000000,1766484239.000000000,-14.900410202,-4.138565191,-1.600609770,0.258133491,0.340282023,0.264378484
1766484239.316237,11316.000000000,1766484239.000000000,-15.204500206,-4.215205287,-1.219512206,0.252023823,0.344880429,0.270562776
1766484239.332945,11317.000000000,1766484239.000000000,-15.660635212,-5.058246344,-1.143292693,0.255078657,0.344880429,0.258194192
1766484239.348440,11318.000000000,1766484239.000000000,-15.128477705,-4.368485479,-0.990853667,0.253551240,0.347946032,0.264378484
1766484239.364015,11319.000000000,1766484239.000000000,-14.520297697,-4.598405768,-1.067073180,0.264243160,0.347946032,0.264378484
1766484239.380579,11320.000000000,1766484239.000000000,-15.204500206,-3.755364710,-0.914634154,0.250496406,0.338749221,0.275200995
1766484239.396119,11321.000000000,1766484239.000000000,-15.204500206,-4.291845383,-1.143292693,0.242859320,0.337216419,0.258194192
1766484239.412066,11322.000000000,1766484239.000000000,-15.204500206,-4.751685960,-0.762195129,0.256606074,0.346413230,0.258194192
1766484239.428746,11323.000000000,1766484239.000000000,-14.672342699,-4.521765672,-1.448170744,0.261188326,0.340282023,0.261286338
1766484239.444407,11324.000000000,1766484239.000000000,-14.672342699,-4.904966152,-0.838414641,0.261188326,0.346413230,0.258194192
1766484239.459979,11325.000000000,1766484239.000000000,-14.520297697,-3.832004806,-0.914634154,0.261188326,0.347946032,0.265924557
1766484239.476723,11326.000000000,1766484239.000000000,-15.356545208,-3.908644903,-0.609756103,0.252023823,0.346413230,0.269016703
1766484239.492162,11327.000000000,1766484239.000000000,-15.204500206,-3.832004806,-0.762195129,0.259660909,0.334150815,0.262832411
1766484239.508289,11328.000000000,1766484239.000000000,-15.584612711,-4.291845383,-1.067073180,0.259660909,0.335683617,0.261286338
1766484239.524895,11329.000000000,1766484239.000000000,-14.748365200,-3.602084518,-0.990853667,0.253551240,0.338749221,0.261286338
1766484239.540432,11330.000000000,1766484239.000000000,-15.128477705,-3.985284999,-1.219512206,0.255078657,0.354077240,0.290661725
1766484239.556005,11331.000000000,1766484239.000000000,-14.976432703,-4.291845383,-0.990853667,0.261188326,0.344880429,0.264378484
1766484239.572869,11332.000000000,1766484239.000000000,-15.356545208,-3.372164230,-1.219512206,0.253551240,0.340282023,0.272108849
1766484239.588331,11333.000000000,1766484239.000000000,-14.672342699,-4.598405768,-0.990853667,0.261188326,0.332618013,0.267470630
1766484239.603976,11334.000000000,1766484239.000000000,-15.356545208,-4.138565191,-1.067073180,0.252023823,0.335683617,0.278293141
1766484239.620630,11335.000000000,1766484239.000000000,-14.596320198,-4.138565191,-0.533536590,0.252023823,0.338749221,0.258194192
1766484239.636147,11336.000000000,1766484239.000000000,-14.976432703,-3.832004806,-1.143292693,0.259660909,0.341814825,0.261286338
1766484239.652995,11337.000000000,1766484239.000000000,-14.596320198,-4.828326056,-0.914634154,0.253551240,0.346413230,0.276747068
1766484239.668544,11338.000000000,1766484239.000000000,-14.748365200,-4.751685960,-0.990853667,0.255078657,0.343347627,0.267470630
1766484239.683962,11339.000000000,1766484239.000000000,-15.356545208,-4.751685960,-0.914634154,0.255078657,0.343347627,0.273654922
1766484239.700505,11340.000000000,1766484239.000000000,-15.356545208,-3.602084518,-1.219512206,0.255078657,0.344880429,0.272108849
1766484239.716223,11341.000000000,1766484239.000000000,-15.508590210,-4.828326056,-0.838414641,0.247441572,0.338749221,0.252009900
1766484239.731909,11342.000000000,1766484239.000000000,-14.900410202,-4.291845383,-1.143292693,0.255078657,0.337216419,0.248917754
1766484239.748730,11343.000000000,1766484239.000000000,-15.052455204,-4.061925095,-1.067073180,0.259660909,0.343347627,0.258194192
1766484239.764414,11344.000000000,1766484239.000000000,-14.444275196,-4.981606248,-1.067073180,0.261188326,0.347946032,0.261286338
1766484239.780046,11345.000000000,1766484239.000000000,-14.520297697,-4.061925095,-1.067073180,0.255078657,0.338749221,0.258194192
1766484239.796447,11346.000000000,1766484239.000000000,-14.596320198,-4.445125575,-1.143292693,0.252023823,0.340282023,0.261286338
1766484239.811985,11347.000000000,1766484239.000000000,-15.508590210,-3.755364710,-0.914634154,0.244386737,0.340282023,0.255102046
1766484239.828567,11348.000000000,1766484239.000000000,-14.596320198,-4.675045864,-1.448170744,0.261188326,0.338749221,0.264378484
1766484239.844360,11349.000000000,1766484239.000000000,-14.976432703,-3.985284999,-1.295731719,0.256606074,0.341814825,0.267470630
1766484239.860117,11350.000000000,1766484239.000000000,-14.976432703,-3.908644903,-1.143292693,0.256606074,0.341814825,0.273654922
1766484239.876800,11351.000000000,1766484239.000000000,-15.204500206,-4.904966152,-1.448170744,0.256606074,0.335683617,0.261286338
1766484239.892458,11352.000000000,1766484239.000000000,-15.052455204,-3.908644903,-1.219512206,0.258133491,0.338749221,0.265924557
1766484239.907962,11353.000000000,1766484239.000000000,-14.672342699,-3.985284999,-0.914634154,0.255078657,0.341814825,0.270562776
1766484239.924873,11354.000000000,1766484239.000000000,-15.508590210,-4.445125575,-0.990853667,0.241331903,0.338749221,0.258194192
1766484239.940514,11355.000000000,1766484239.000000000,-14.824387701,-4.751685960,-1.219512206,0.259660909,0.338749221,0.267470630
1766484239.956298,11356.000000000,1766484239.000000000,-14.824387701,-4.215205287,-1.448170744,0.261188326,0.338749221,0.261286338
1766484239.972971,11357.000000000,1766484239.000000000,-14.748365200,-5.058246344,-1.143292693,0.264243160,0.341814825,0.270562776
1766484239.988646,11358.000000000,1766484239.000000000,-15.204500206,-4.904966152,-1.143292693,0.256606074,0.335683617,0.261286338
1766484240.003936,11359.000000000,1766484240.000000000,-14.748365200,-3.832004806,-1.219512206,0.247441572,0.331085211,0.252009900
1766484240.020439,11360.000000000,1766484240.000000000,-15.204500206,-4.368485479,-1.219512206,0.252023823,0.329552409,0.273654922
1766484240.035980,11361.000000000,1766484240.000000000,-14.824387701,-4.061925095,-0.990853667,0.253551240,0.338749221,0.267470630
1766484240.052681,11362.000000000,1766484240.000000000,-14.140185191,-4.904966152,-1.143292693,0.258133491,0.344880429,0.267470630
1766484240.068221,11363.000000000,1766484240.000000000,-14.368252695,-4.368485479,-1.600609770,0.258133491,0.338749221,0.273654922
1766484240.083883,11364.000000000,1766484240.000000000,-15.432567709,-4.061925095,-1.295731719,0.267297994,0.335683617,0.265924557
1766484240.100695,11365.000000000,1766484240.000000000,-14.824387701,-4.215205287,-1.448170744,0.244386737,0.334150815,0.267470630
1766484240.116413,11366.000000000,1766484240.000000000,-15.356545208,-4.598405768,-1.143292693,0.248968989,0.337216419,0.267470630
1766484240.132170,11367.000000000,1766484240.000000000,-15.052455204,-4.598405768,-1.448170744,0.245914155,0.334150815,0.276747068
1766484240.147694,11368.000000000,1766484240.000000000,-15.128477705,-4.445125575,-1.143292693,0.252023823,0.340282023,0.261286338
1766484240.164378,11369.000000000,1766484240.000000000,-15.052455204,-4.445125575,-1.600609770,0.258133491,0.338749221,0.264378484
1766484240.179726,11370.000000000,1766484240.000000000,-14.064162690,-5.058246344,-1.524390257,0.261188326,0.337216419,0.255102046
1766484240.196422,11371.000000000,1766484240.000000000,-15.356545208,-4.215205287,-1.371951231,0.244386737,0.334150815,0.261286338
1766484240.211925,11372.000000000,1766484240.000000000,-15.356545208,-4.598405768,-1.829268309,0.255078657,0.335683617,0.270562776
1766484240.228553,11373.000000000,1766484240.000000000,-15.052455204,-4.598405768,-1.448170744,0.258133491,0.337216419,0.261286338
1766484240.244355,11374.000000000,1766484240.000000000,-14.368252695,-4.368485479,-1.600609770,0.258133491,0.338749221,0.273654922
1766484240.260027,11375.000000000,1766484240.000000000,-14.520297697,-4.291845383,-1.295731719,0.261188326,0.335683617,0.282931360
1766484240.276666,11376.000000000,1766484240.000000000,-14.672342699,-3.602084518,-1.067073180,0.252023823,0.335683617,0.261286338
1766484240.292397,11377.000000000,1766484240.000000000,-15.280522707,-4.598405768,-1.371951231,0.258133491,0.334150815,0.261286338
1766484240.307890,11378.000000000,1766484240.000000000,-15.052455204,-4.291845383,-1.143292693,0.242859320,0.332618013,0.264378484
1766484240.324639,11379.000000000,1766484240.000000000,-14.976432703,-4.751685960,-1.829268309,0.255078657,0.337216419,0.273654922
1766484240.340034,11380.000000000,1766484240.000000000,-14.292230194,-4.061925095,-1.600609770,0.261188326,0.343347627,0.281385287
1766484240.356713,11381.000000000,1766484240.000000000,-14.368252695,-4.445125575,-1.524390257,0.258133491,0.344880429,0.269016703
1766484240.372381,11382.000000000,1766484240.000000000,-14.976432703,-4.445125575,-1.676829283,0.258133491,0.335683617,0.256648119
1766484240.388011,11383.000000000,1766484240.000000000,-14.748365200,-4.598405768,-1.676829283,0.244386737,0.326486806,0.269016703
1766484240.404791,11384.000000000,1766484240.000000000,-15.204500206,-4.061925095,-1.600609770,0.247441572,0.331085211,0.278293141
1766484240.420192,11385.000000000,1766484240.000000000,-15.128477705,-4.904966152,-1.524390257,0.250496406,0.329552409,0.272108849
1766484240.435718,11386.000000000,1766484240.000000000,-14.900410202,-4.445125575,-1.371951231,0.252023823,0.340282023,0.262832411
1766484240.452537,11387.000000000,1766484240.000000000,-14.900410202,-4.751685960,-1.524390257,0.258133491,0.338749221,0.273654922
1766484240.468445,11388.000000000,1766484240.000000000,-14.140185191,-4.904966152,-1.676829283,0.255078657,0.335683617,0.273654922
1766484240.483975,11389.000000000,1766484240.000000000,-14.672342699,-4.445125575,-1.371951231,0.247441572,0.329552409,0.279839214
1766484240.499632,11390.000000000,1766484240.000000000,-14.672342699,-3.755364710,-1.219512206,0.250496406,0.335683617,0.273654922
1766484240.516546,11391.000000000,1766484240.000000000,-14.520297697,-4.904966152,-1.295731719,0.245914155,0.331085211,0.267470630
1766484240.532348,11392.000000000,1766484240.000000000,-15.204500206,-4.445125575,-1.219512206,0.255078657,0.331085211,0.264378484
1766484240.547890,11393.000000000,1766484240.000000000,-14.292230194,-3.602084518,-1.600609770,0.258133491,0.337216419,0.284477433
1766484240.564526,11394.000000000,1766484240.000000000,-14.824387701,-5.211526537,-1.295731719,0.261188326,0.332618013,0.276747068
1766484240.580436,11395.000000000,1766484240.000000000,-15.356545208,-4.751685960,-1.448170744,0.248968989,0.332618013,0.261286338
1766484240.595856,11396.000000000,1766484240.000000000,-15.204500206,-4.368485479,-1.676829283,0.247441572,0.332618013,0.264378484
1766484240.612627,11397.000000000,1766484240.000000000,-15.204500206,-4.445125575,-1.143292693,0.250496406,0.323421202,0.276747068
1766484240.628374,11398.000000000,1766484240.000000000,-14.976432703,-3.908644903,-1.600609770,0.258133491,0.335683617,0.264378484
1766484240.644098,11399.000000000,1766484240.000000000,-14.596320198,-5.058246344,-1.524390257,0.265770577,0.332618013,0.267470630
1766484240.659737,11400.000000000,1766484240.000000000,-14.900410202,-4.445125575,-1.371951231,0.245914155,0.328019608,0.261286338
1766484240.676626,11401.000000000,1766484240.000000000,-14.748365200,-4.445125575,-1.371951231,0.252023823,0.329552409,0.273654922
1766484240.692336,11402.000000000,1766484240.000000000,-14.900410202,-4.598405768,-1.600609770,0.255078657,0.335683617,0.252009900
1766484240.707871,11403.000000000,1766484240.000000000,-15.204500206,-3.755364710,-1.371951231,0.242859320,0.337216419,0.264378484
1766484240.723475,11404.000000000,1766484240.000000000,-14.672342699,-4.138565191,-1.600609770,0.258133491,0.334150815,0.264378484
1766484240.740419,11405.000000000,1766484240.000000000,-14.292230194,-4.368485479,-1.295731719,0.252023823,0.337216419,0.276747068
1766484240.755908,11406.000000000,1766484240.000000000,-15.280522707,-4.521765672,-1.295731719,0.259660909,0.337216419,0.270562776
1766484240.771627,11407.000000000,1766484240.000000000,-14.292230194,-4.751685960,-1.295731719,0.253551240,0.326486806,0.270562776
1766484240.788465,11408.000000000,1766484240.000000000,-14.976432703,-4.368485479,-1.143292693,0.245914155,0.331085211,0.267470630
1766484240.803946,11409.000000000,1766484240.000000000,-14.672342699,-4.138565191,-1.295731719,0.244386737,0.329552409,0.261286338
1766484240.819517,11410.000000000,1766484240.000000000,-15.356545208,-4.981606248,-1.067073180,0.253551240,0.328019608,0.261286338
1766484240.836454,11411.000000000,1766484240.000000000,-14.900410202,-5.058246344,-1.524390257,0.258133491,0.334150815,0.273654922
1766484240.852026,11412.000000000,1766484240.000000000,-14.824387701,-3.908644903,-1.753048796,0.252023823,0.334150815,0.273654922
1766484240.867618,11413.000000000,1766484240.000000000,-14.520297697,-3.832004806,-1.219512206,0.258133491,0.335683617,0.278293141
1766484240.883482,11414.000000000,1766484240.000000000,-14.748365200,-4.521765672,-1.524390257,0.255078657,0.332618013,0.252009900
1766484240.900512,11415.000000000,1766484240.000000000,-15.128477705,-4.291845383,-0.990853667,0.247441572,0.328019608,0.264378484
1766484240.915843,11416.000000000,1766484240.000000000,-15.204500206,-4.138565191,-1.143292693,0.252023823,0.332618013,0.270562776
1766484240.931453,11417.000000000,1766484240.000000000,-14.976432703,-5.211526537,-1.143292693,0.259660909,0.328019608,0.273654922
1766484240.948494,11418.000000000,1766484240.000000000,-15.356545208,-4.598405768,-1.067073180,0.253551240,0.331085211,0.255102046
1766484240.964163,11419.000000000,1766484240.000000000,-14.900410202,-4.521765672,-1.448170744,0.253551240,0.328019608,0.267470630
1766484240.979660,11420.000000000,1766484240.000000000,-15.812680214,-4.828326056,-1.143292693,0.252023823,0.334150815,0.265924557
1766484240.996343,11421.000000000,1766484240.000000000,-14.064162690,-4.598405768,-1.448170744,0.244386737,0.326486806,0.273654922
1766484241.012100,11422.000000000,1766484241.000000000,-15.204500206,-4.291845383,-1.067073180,0.258133491,0.328019608,0.270562776
1766484241.027625,11423.000000000,1766484241.000000000,-15.128477705,-4.215205287,-0.990853667,0.248968989,0.328019608,0.276747068
1766484241.044238,11424.000000000,1766484241.000000000,-15.128477705,-4.675045864,-1.371951231,0.261188326,0.328019608,0.270562776
1766484241.059863,11425.000000000,1766484241.000000000,-15.280522707,-3.755364710,-1.371951231,0.261188326,0.332618013,0.265924557
1766484241.075475,11426.000000000,1766484241.000000000,-14.900410202,-4.215205287,-1.067073180,0.255078657,0.323421202,0.273654922
1766484241.092340,11427.000000000,1766484241.000000000,-14.900410202,-4.138565191,-1.600609770,0.256606074,0.326486806,0.276747068
1766484241.108064,11428.000000000,1766484241.000000000,-15.356545208,-4.981606248,-1.371951231,0.255078657,0.335683617,0.258194192
1766484241.123421,11429.000000000,1766484241.000000000,-14.824387701,-5.058246344,-1.143292693,0.245914155,0.326486806,0.258194192
1766484241.140055,11430.000000000,1766484241.000000000,-14.368252695,-4.215205287,-1.753048796,0.255078657,0.334150815,0.279839214
1766484241.155603,11431.000000000,1766484241.000000000,-14.672342699,-4.368485479,-1.219512206,0.261188326,0.326486806,0.273654922
1766484241.172380,11432.000000000,1766484241.000000000,-14.596320198,-4.368485479,-1.448170744,0.252023823,0.326486806,0.267470630
1766484241.187917,11433.000000000,1766484241.000000000,-14.900410202,-4.138565191,-1.295731719,0.252023823,0.321888400,0.270562776
1766484241.203451,11434.000000000,1766484241.000000000,-15.052455204,-4.521765672,-1.295731719,0.245914155,0.320355598,0.264378484
1766484241.220250,11435.000000000,1766484241.000000000,-15.052455204,-4.675045864,-1.371951231,0.261188326,0.324954004,0.264378484
1766484241.235697,11436.000000000,1766484241.000000000,-14.292230194,-4.138565191,-1.676829283,0.252023823,0.332618013,0.264378484
1766484241.251503,11437.000000000,1766484241.000000000,-14.672342699,-4.061925095,-1.143292693,0.253551240,0.335683617,0.267470630
1766484241.267341,11438.000000000,1766484241.000000000,-13.912117688,-4.445125575,-1.600609770,0.261188326,0.326486806,0.276747068
1766484241.284360,11439.000000000,1766484241.000000000,-15.204500206,-4.598405768,-1.371951231,0.250496406,0.324954004,0.279839214
1766484241.300151,11440.000000000,1766484241.000000000,-14.824387701,-4.368485479,-0.914634154,0.252023823,0.326486806,0.270562776
1766484241.315797,11441.000000000,1766484241.000000000,-14.900410202,-5.058246344,-1.371951231,0.242859320,0.328019608,0.253555973
1766484241.331537,11442.000000000,1766484241.000000000,-15.128477705,-4.368485479,-1.524390257,0.247441572,0.328019608,0.264378484
1766484241.347278,11443.000000000,1766484241.000000000,-14.292230194,-5.058246344,-1.524390257,0.258133491,0.331085211,0.279839214
1766484241.364245,11444.000000000,1766484241.000000000,-15.052455204,-4.904966152,-1.676829283,0.261188326,0.331085211,0.270562776
1766484241.379766,11445.000000000,1766484241.000000000,-14.824387701,-5.058246344,-1.524390257,0.247441572,0.320355598,0.259740265
1766484241.395426,11446.000000000,1766484241.000000000,-15.508590210,-5.058246344,-1.448170744,0.248968989,0.321888400,0.267470630
1766484241.412233,11447.000000000,1766484241.000000000,-14.976432703,-4.751685960,-1.524390257,0.242859320,0.329552409,0.258194192
1766484241.427850,11448.000000000,1766484241.000000000,-15.356545208,-3.908644903,-1.524390257,0.245914155,0.328019608,0.273654922
1766484241.443366,11449.000000000,1766484241.000000000,-14.976432703,-4.215205287,-1.600609770,0.250496406,0.332618013,0.273654922
1766484241.460021,11450.000000000,1766484241.000000000,-15.356545208,-4.291845383,-1.371951231,0.248968989,0.328019608,0.255102046
1766484241.475578,11451.000000000,1766484241.000000000,-14.976432703,-4.291845383,-1.448170744,0.247441572,0.324954004,0.270562776
1766484241.491414,11452.000000000,1766484241.000000000,-15.128477705,-3.602084518,-1.676829283,0.252023823,0.321888400,0.267470630
1766484241.508173,11453.000000000,1766484241.000000000,-14.824387701,-4.445125575,-1.600609770,0.250496406,0.326486806,0.282931360
1766484241.523913,11454.000000000,1766484241.000000000,-14.748365200,-4.445125575,-1.600609770,0.242859320,0.324954004,0.261286338
1766484241.539691,11455.000000000,1766484241.000000000,-14.292230194,-4.061925095,-1.600609770,0.255078657,0.332618013,0.270562776
1766484241.555293,11456.000000000,1766484241.000000000,-14.672342699,-4.138565191,-1.448170744,0.258133491,0.326486806,0.273654922
1766484241.572091,11457.000000000,1766484241.000000000,-14.900410202,-4.445125575,-1.753048796,0.247441572,0.323421202,0.267470630
1766484241.587751,11458.000000000,1766484241.000000000,-14.976432703,-4.061925095,-1.448170744,0.252023823,0.318822796,0.267470630
1766484241.603369,11459.000000000,1766484241.000000000,-14.900410202,-4.598405768,-1.371951231,0.242859320,0.328019608,0.255102046
1766484241.619137,11460.000000000,1766484241.000000000,-15.128477705,-4.904966152,-1.295731719,0.244386737,0.328019608,0.258194192
1766484241.636196,11461.000000000,1766484241.000000000,-14.976432703,-5.211526537,-1.676829283,0.252023823,0.331085211,0.270562776
1766484241.651864,11462.000000000,1766484241.000000000,-14.976432703,-5.058246344,-1.676829283,0.261188326,0.329552409,0.267470630
1766484241.667473,11463.000000000,1766484241.000000000,-14.900410202,-4.368485479,-1.371951231,0.244386737,0.321888400,0.276747068
1766484241.683190,11464.000000000,1766484241.000000000,-15.356545208,-4.904966152,-1.753048796,0.255078657,0.321888400,0.264378484
1766484241.699965,11465.000000000,1766484241.000000000,-15.052455204,-4.291845383,-1.448170744,0.242859320,0.320355598,0.264378484
1766484241.715607,11466.000000000,1766484241.000000000,-14.900410202,-4.675045864,-1.676829283,0.241331903,0.323421202,0.265924557
1766484241.731318,11467.000000000,1766484241.000000000,-15.128477705,-4.368485479,-1.600609770,0.264243160,0.326486806,0.279839214
1766484241.747156,11468.000000000,1766484241.000000000,-14.748365200,-4.751685960,-1.524390257,0.264243160,0.331085211,0.273654922
1766484241.763967,11469.000000000,1766484241.000000000,-15.508590210,-4.215205287,-1.676829283,0.250496406,0.328019608,0.264378484
1766484241.779464,11470.000000000,1766484241.000000000,-15.204500206,-4.445125575,-1.371951231,0.250496406,0.323421202,0.264378484
1766484241.796237,11471.000000000,1766484241.000000000,-15.128477705,-4.751685960,-1.600609770,0.242859320,0.323421202,0.264378484
1766484241.811812,11472.000000000,1766484241.000000000,-14.976432703,-4.138565191,-1.600609770,0.250496406,0.318822796,0.279839214
1766484241.827511,11473.000000000,1766484241.000000000,-15.432567709,-4.445125575,-1.371951231,0.261188326,0.323421202,0.279839214
1766484241.843312,11474.000000000,1766484241.000000000,-14.824387701,-4.904966152,-1.676829283,0.252023823,0.334150815,0.279839214
1766484241.860220,11475.000000000,1766484241.000000000,-14.900410202,-4.445125575,-1.753048796,0.255078657,0.328019608,0.267470630
1766484241.875753,11476.000000000,1766484241.000000000,-14.520297697,-5.058246344,-1.981707334,0.255078657,0.320355598,0.262832411
1766484241.891219,11477.000000000,1766484241.000000000,-14.976432703,-3.755364710,-1.600609770,0.245914155,0.318822796,0.267470630
1766484241.908030,11478.000000000,1766484241.000000000,-15.356545208,-4.904966152,-1.905487821,0.255078657,0.324954004,0.276747068
1766484241.923607,11479.000000000,1766484241.000000000,-15.508590210,-4.751685960,-1.753048796,0.255078657,0.326486806,0.267470630
1766484241.939208,11480.000000000,1766484241.000000000,-14.900410202,-4.598405768,-1.371951231,0.255078657,0.329552409,0.270562776
1766484241.955067,11481.000000000,1766484241.000000000,-15.204500206,-4.445125575,-1.143292693,0.252023823,0.329552409,0.273654922
1766484241.971752,11482.000000000,1766484241.000000000,-15.204500206,-4.598405768,-1.676829283,0.252023823,0.318822796,0.264378484
1766484241.987384,11483.000000000,1766484241.000000000,-14.368252695,-4.598405768,-1.600609770,0.250496406,0.315757192,0.272108849
1766484242.002988,11484.000000000,1766484242.000000000,-14.748365200,-4.291845383,-1.448170744,0.247441572,0.318822796,0.270562776
1766484242.019728,11485.000000000,1766484242.000000000,-14.976432703,-4.904966152,-1.676829283,0.250496406,0.331085211,0.270562776
1766484242.035406,11486.000000000,1766484242.000000000,-14.520297697,-4.904966152,-1.676829283,0.255078657,0.324954004,0.276747068
1766484242.051050,11487.000000000,1766484242.000000000,-14.672342699,-4.904966152,-1.676829283,0.252023823,0.331085211,0.261286338
1766484242.067904,11488.000000000,1766484242.000000000,-15.280522707,-4.751685960,-1.448170744,0.258133491,0.318822796,0.289115652
1766484242.083472,11489.000000000,1766484242.000000000,-14.900410202,-3.908644903,-1.448170744,0.255078657,0.321888400,0.276747068
1766484242.099206,11490.000000000,1766484242.000000000,-14.976432703,-4.291845383,-1.371951231,0.248968989,0.324954004,0.276747068
1766484242.116004,11491.000000000,1766484242.000000000,-14.976432703,-5.364806729,-1.524390257,0.252023823,0.323421202,0.279839214
1766484242.131267,11492.000000000,1766484242.000000000,-15.204500206,-4.445125575,-1.829268309,0.252023823,0.324954004,0.279839214
1766484242.148167,11493.000000000,1766484242.000000000,-15.432567709,-4.751685960,-1.600609770,0.271880245,0.329552409,0.279839214
1766484242.163781,11494.000000000,1766484242.000000000,-14.748365200,-4.291845383,-1.676829283,0.252023823,0.326486806,0.287569579
1766484242.179563,11495.000000000,1766484242.000000000,-15.128477705,-3.908644903,-1.753048796,0.244386737,0.321888400,0.265924557
1766484242.195055,11496.000000000,1766484242.000000000,-15.052455204,-4.904966152,-1.448170744,0.248968989,0.320355598,0.262832411
1766484242.211707,11497.000000000,1766484242.000000000,-14.976432703,-4.291845383,-1.524390257,0.247441572,0.324954004,0.281385287
1766484242.227451,11498.000000000,1766484242.000000000,-14.596320198,-4.904966152,-1.600609770,0.255078657,0.321888400,0.278293141
1766484242.242934,11499.000000000,1766484242.000000000,-14.748365200,-3.908644903,-1.676829283,0.242859320,0.331085211,0.262832411
1766484242.259633,11500.000000000,1766484242.000000000,-14.596320198,-4.138565191,-1.829268309,0.244386737,0.323421202,0.262832411
1766484242.275462,11501.000000000,1766484242.000000000,-14.900410202,-3.602084518,-1.600609770,0.258133491,0.326486806,0.272108849
1766484242.291029,11502.000000000,1766484242.000000000,-14.596320198,-5.058246344,-1.676829283,0.252023823,0.315757192,0.269016703
1766484242.307630,11503.000000000,1766484242.000000000,-14.520297697,-4.368485479,-1.448170744,0.245914155,0.318822796,0.273654922
1766484242.323208,11504.000000000,1766484242.000000000,-15.280522707,-4.598405768,-1.524390257,0.258133491,0.320355598,0.286023506
1766484242.338809,11505.000000000,1766484242.000000000,-14.672342699,-4.291845383,-1.600609770,0.252023823,0.323421202,0.282931360
1766484242.355582,11506.000000000,1766484242.000000000,-14.368252695,-4.521765672,-1.600609770,0.239804486,0.328019608,0.267470630
1766484242.371008,11507.000000000,1766484242.000000000,-14.976432703,-4.751685960,-1.676829283,0.252023823,0.323421202,0.279839214
1766484242.387734,11508.000000000,1766484242.000000000,-15.128477705,-4.368485479,-1.524390257,0.245914155,0.321888400,0.279839214
1766484242.403346,11509.000000000,1766484242.000000000,-14.444275196,-4.368485479,-1.448170744,0.238277069,0.323421202,0.273654922
1766484242.418799,11510.000000000,1766484242.000000000,-14.216207692,-5.058246344,-1.829268309,0.252023823,0.318822796,0.262832411
1766484242.435687,11511.000000000,1766484242.000000000,-14.520297697,-4.751685960,-1.829268309,0.247441572,0.324954004,0.282931360
1766484242.451384,11512.000000000,1766484242.000000000,-14.444275196,-5.211526537,-1.524390257,0.255078657,0.323421202,0.279839214
1766484242.466810,11513.000000000,1766484242.000000000,-15.204500206,-4.598405768,-1.143292693,0.255078657,0.320355598,0.286023506
1766484242.483583,11514.000000000,1766484242.000000000,-15.052455204,-4.521765672,-1.143292693,0.245914155,0.320355598,0.270562776
1766484242.499212,11515.000000000,1766484242.000000000,-15.128477705,-4.061925095,-1.067073180,0.245914155,0.323421202,0.258194192
1766484242.514842,11516.000000000,1766484242.000000000,-14.596320198,-3.908644903,-1.448170744,0.241331903,0.315757192,0.264378484
1766484242.531599,11517.000000000,1766484242.000000000,-14.976432703,-4.138565191,-1.219512206,0.255078657,0.323421202,0.279839214
1766484242.547522,11518.000000000,1766484242.000000000,-15.432567709,-4.368485479,-1.448170744,0.256606074,0.329552409,0.286023506
1766484242.563276,11519.000000000,1766484242.000000000,-14.976432703,-4.598405768,-1.600609770,0.252023823,0.324954004,0.270562776
1766484242.578875,11520.000000000,1766484242.000000000,-15.128477705,-4.598405768,-1.600609770,0.256606074,0.320355598,0.264378484
1766484242.595659,11521.000000000,1766484242.000000000,-14.520297697,-4.291845383,-1.219512206,0.245914155,0.318822796,0.273654922
1766484242.611435,11522.000000000,1766484242.000000000,-15.204500206,-4.215205287,-1.524390257,0.247441572,0.318822796,0.276747068
1766484242.627127,11523.000000000,1766484242.000000000,-14.900410202,-4.368485479,-1.448170744,0.250496406,0.317289994,0.270562776
1766484242.642773,11524.000000000,1766484242.000000000,-15.204500206,-4.215205287,-1.676829283,0.248968989,0.324954004,0.267470630
1766484242.659535,11525.000000000,1766484242.000000000,-15.280522707,-4.368485479,-1.753048796,0.256606074,0.324954004,0.267470630
1766484242.675270,11526.000000000,1766484242.000000000,-14.748365200,-4.291845383,-1.753048796,0.261188326,0.323421202,0.282931360
1766484242.690859,11527.000000000,1766484242.000000000,-14.824387701,-4.598405768,-1.371951231,0.250496406,0.315757192,0.279839214
1766484242.707618,11528.000000000,1766484242.000000000,-15.204500206,-4.061925095,-1.143292693,0.230639983,0.317289994,0.279839214
1766484242.723330,11529.000000000,1766484242.000000000,-14.748365200,-4.215205287,-1.448170744,0.247441572,0.318822796,0.264378484
1766484242.738971,11530.000000000,1766484242.000000000,-14.520297697,-4.675045864,-1.448170744,0.247441572,0.324954004,0.276747068
1766484242.755654,11531.000000000,1766484242.000000000,-14.444275196,-4.751685960,-1.524390257,0.258133491,0.321888400,0.276747068
1766484242.771541,11532.000000000,1766484242.000000000,-14.596320198,-4.981606248,-1.219512206,0.252023823,0.315757192,0.276747068
1766484242.787399,11533.000000000,1766484242.000000000,-14.596320198,-3.755364710,-1.676829283,0.252023823,0.314224390,0.286023506
1766484242.803010,11534.000000000,1766484242.000000000,-14.748365200,-3.448804326,-1.067073180,0.241331903,0.318822796,0.264378484
1766484242.818587,11535.000000000,1766484242.000000000,-15.356545208,-4.521765672,-1.219512206,0.245914155,0.326486806,0.270562776
1766484242.835449,11536.000000000,1766484242.000000000,-15.660635212,-5.134886441,-1.448170744,0.255078657,0.328019608,0.286023506
1766484242.850875,11537.000000000,1766484242.000000000,-15.508590210,-4.291845383,-1.371951231,0.252023823,0.323421202,0.279839214
1766484242.867629,11538.000000000,1766484242.000000000,-14.976432703,-4.368485479,-1.905487821,0.252023823,0.320355598,0.258194192
1766484242.883384,11539.000000000,1766484242.000000000,-14.748365200,-3.755364710,-1.676829283,0.252023823,0.314224390,0.270562776
1766484242.899178,11540.000000000,1766484242.000000000,-14.824387701,-4.061925095,-1.905487821,0.239804486,0.315757192,0.273654922
1766484242.914718,11541.000000000,1766484242.000000000,-14.520297697,-4.368485479,-1.219512206,0.252023823,0.312691589,0.273654922
1766484242.931453,11542.000000000,1766484242.000000000,-14.520297697,-4.598405768,-1.448170744,0.250496406,0.318822796,0.286023506
1766484242.946941,11543.000000000,1766484242.000000000,-14.520297697,-4.598405768,-1.600609770,0.252023823,0.324954004,0.282931360
1766484242.963729,11544.000000000,1766484242.000000000,-14.824387701,-5.364806729,-1.829268309,0.262715743,0.323421202,0.282931360
1766484242.979277,11545.000000000,1766484242.000000000,-14.140185191,-4.445125575,-1.829268309,0.239804486,0.308093183,0.272108849
1766484242.995137,11546.000000000,1766484242.000000000,-15.052455204,-4.215205287,-1.676829283,0.241331903,0.314224390,0.273654922
1766484243.011705,11547.000000000,1766484243.000000000,-14.596320198,-4.445125575,-1.905487821,0.255078657,0.315757192,0.276747068
1766484243.027025,11548.000000000,1766484243.000000000,-14.748365200,-4.061925095,-1.676829283,0.245914155,0.314224390,0.270562776
1766484243.042526,11549.000000000,1766484243.000000000,-14.748365200,-4.751685960,-1.829268309,0.258133491,0.321888400,0.286023506
1766484243.059382,11550.000000000,1766484243.000000000,-14.824387701,-3.755364710,-1.753048796,0.252023823,0.320355598,0.286023506
1766484243.074802,11551.000000000,1766484243.000000000,-15.052455204,-3.755364710,-1.829268309,0.252023823,0.314224390,0.286023506
1766484243.091671,11552.000000000,1766484243.000000000,-15.204500206,-3.985284999,-1.448170744,0.247441572,0.308093183,0.286023506
1766484243.107460,11553.000000000,1766484243.000000000,-15.204500206,-3.218884037,-1.600609770,0.248968989,0.305027579,0.282931360
1766484243.122939,11554.000000000,1766484243.000000000,-15.508590210,-4.291845383,-1.448170744,0.252023823,0.314224390,0.286023506
1766484243.138535,11555.000000000,1766484243.000000000,-14.520297697,-4.598405768,-1.753048796,0.255078657,0.320355598,0.270562776
1766484243.155421,11556.000000000,1766484243.000000000,-14.748365200,-3.908644903,-1.905487821,0.255078657,0.324954004,0.273654922
1766484243.171078,11557.000000000,1766484243.000000000,-14.292230194,-4.828326056,-1.600609770,0.241331903,0.315757192,0.270562776
1766484243.186610,11558.000000000,1766484243.000000000,-15.508590210,-3.985284999,-1.753048796,0.238277069,0.318822796,0.278293141
1766484243.202531,11559.000000000,1766484243.000000000,-15.128477705,-4.751685960,-1.524390257,0.253551240,0.317289994,0.272108849
1766484243.219431,11560.000000000,1766484243.000000000,-14.748365200,-4.445125575,-1.371951231,0.244386737,0.312691589,0.269016703
1766484243.234947,11561.000000000,1766484243.000000000,-14.748365200,-3.908644903,-1.981707334,0.253551240,0.318822796,0.275200995
1766484243.250421,11562.000000000,1766484243.000000000,-14.748365200,-4.751685960,-1.600609770,0.250496406,0.320355598,0.278293141
1766484243.267437,11563.000000000,1766484243.000000000,-15.128477705,-4.291845383,-1.753048796,0.245914155,0.315757192,0.269016703
1766484243.283029,11564.000000000,1766484243.000000000,-15.204500206,-4.981606248,-1.371951231,0.239804486,0.311158787,0.272108849
1766484243.298586,11565.000000000,1766484243.000000000,-15.508590210,-4.215205287,-1.829268309,0.247441572,0.315757192,0.282931360
1766484243.315582,11566.000000000,1766484243.000000000,-15.356545208,-4.291845383,-1.829268309,0.245914155,0.318822796,0.279839214
1766484243.330858,11567.000000000,1766484243.000000000,-14.748365200,-4.138565191,-1.829268309,0.255078657,0.314224390,0.276747068
1766484243.346563,11568.000000000,1766484243.000000000,-13.988140189,-5.211526537,-1.295731719,0.252023823,0.317289994,0.289115652
1766484243.363292,11569.000000000,1766484243.000000000,-14.520297697,-4.138565191,-1.981707334,0.252023823,0.308093183,0.273654922
1766484243.379047,11570.000000000,1766484243.000000000,-14.976432703,-4.368485479,-1.676829283,0.244386737,0.311158787,0.282931360
1766484243.394517,11571.000000000,1766484243.000000000,-14.824387701,-4.521765672,-1.676829283,0.232167401,0.314224390,0.269016703
1766484243.410459,11572.000000000,1766484243.000000000,-14.140185191,-4.215205287,-1.371951231,0.248968989,0.315757192,0.276747068
1766484243.427400,11573.000000000,1766484243.000000000,-14.824387701,-4.445125575,-1.905487821,0.252023823,0.315757192,0.273654922
1766484243.442983,11574.000000000,1766484243.000000000,-14.976432703,-4.291845383,-1.753048796,0.252023823,0.317289994,0.282931360
1766484243.458462,11575.000000000,1766484243.000000000,-14.596320198,-4.445125575,-1.905487821,0.252023823,0.321888400,0.279839214
1766484243.475549,11576.000000000,1766484243.000000000,-14.824387701,-3.908644903,-1.676829283,0.242859320,0.314224390,0.273654922
1766484243.490836,11577.000000000,1766484243.000000000,-15.052455204,-4.368485479,-1.676829283,0.245914155,0.308093183,0.279839214
1766484243.506384,11578.000000000,1766484243.000000000,-15.508590210,-3.755364710,-1.753048796,0.252023823,0.311158787,0.270562776
1766484243.523349,11579.000000000,1766484243.000000000,-14.748365200,-5.288166633,-1.676829283,0.241331903,0.318822796,0.281385287
1766484243.538979,11580.000000000,1766484243.000000000,-15.356545208,-4.445125575,-1.676829283,0.255078657,0.321888400,0.276747068
1766484243.554489,11581.000000000,1766484243.000000000,-15.052455204,-4.904966152,-1.371951231,0.250496406,0.320355598,0.276747068
1766484243.571470,11582.000000000,1766484243.000000000,-14.444275196,-3.832004806,-1.067073180,0.236749652,0.305027579,0.282931360
1766484243.587158,11583.000000000,1766484243.000000000,-14.216207692,-4.061925095,-1.371951231,0.252023823,0.305027579,0.282931360
1766484243.602790,11584.000000000,1766484243.000000000,-14.900410202,-4.521765672,-1.143292693,0.244386737,0.311158787,0.279839214
1766484243.618377,11585.000000000,1766484243.000000000,-14.520297697,-4.828326056,-1.295731719,0.244386737,0.312691589,0.262832411
1766484243.635064,11586.000000000,1766484243.000000000,-14.824387701,-4.675045864,-1.448170744,0.245914155,0.315757192,0.279839214
1766484243.650542,11587.000000000,1766484243.000000000,-14.824387701,-4.598405768,-1.676829283,0.242859320,0.314224390,0.275200995
1766484243.667379,11588.000000000,1766484243.000000000,-15.432567709,-4.215205287,-1.600609770,0.259660909,0.305027579,0.273654922
1766484243.682863,11589.000000000,1766484243.000000000,-15.204500206,-3.832004806,-1.448170744,0.255078657,0.300429173,0.273654922
1766484243.698465,11590.000000000,1766484243.000000000,-14.976432703,-3.448804326,-1.676829283,0.238277069,0.301961975,0.261286338
1766484243.715300,11591.000000000,1766484243.000000000,-14.824387701,-3.525444422,-1.981707334,0.248968989,0.305027579,0.270562776
1766484243.730938,11592.000000000,1766484243.000000000,-15.508590210,-4.215205287,-1.905487821,0.244386737,0.305027579,0.273654922
1766484243.746427,11593.000000000,1766484243.000000000,-14.900410202,-4.368485479,-1.829268309,0.245914155,0.305027579,0.265924557
1766484243.763449,11594.000000000,1766484243.000000000,-14.520297697,-4.445125575,-1.981707334,0.248968989,0.308093183,0.269016703
1766484243.779024,11595.000000000,1766484243.000000000,-14.368252695,-4.368485479,-1.676829283,0.248968989,0.305027579,0.256648119
1766484243.794350,11596.000000000,1766484243.000000000,-15.204500206,-4.598405768,-1.600609770,0.244386737,0.295830768,0.272108849
1766484243.811115,11597.000000000,1766484243.000000000,-14.596320198,-4.521765672,-1.676829283,0.245914155,0.298896371,0.256648119
1766484243.826717,11598.000000000,1766484243.000000000,-14.596320198,-5.058246344,-1.600609770,0.248968989,0.297363569,0.284477433
1766484243.842486,11599.000000000,1766484243.000000000,-15.052455204,-3.832004806,-1.524390257,0.244386737,0.303494777,0.276747068
1766484243.858145,11600.000000000,1766484243.000000000,-15.052455204,-4.215205287,-1.524390257,0.239804486,0.298896371,0.262832411
1766484243.875001,11601.000000000,1766484243.000000000,-15.356545208,-4.368485479,-1.295731719,0.242859320,0.292765164,0.265924557
1766484243.890393,11602.000000000,1766484243.000000000,-14.672342699,-3.832004806,-1.981707334,0.250496406,0.295830768,0.259740265
1766484243.907451,11603.000000000,1766484243.000000000,-13.912117688,-4.445125575,-1.753048796,0.239804486,0.292765164,0.253555973
1766484243.923190,11604.000000000,1766484243.000000000,-14.976432703,-4.675045864,-1.371951231,0.239804486,0.295830768,0.262832411
1766484243.938847,11605.000000000,1766484243.000000000,-14.748365200,-4.138565191,-1.448170744,0.244386737,0.308093183,0.267470630
1766484243.954491,11606.000000000,1766484243.000000000,-14.292230194,-3.908644903,-1.676829283,0.248968989,0.301961975,0.270562776
1766484243.970297,11607.000000000,1766484243.000000000,-14.444275196,-3.755364710,-1.753048796,0.253551240,0.294297966,0.276747068
1766484243.987003,11608.000000000,1766484243.000000000,-14.824387701,-4.291845383,-1.524390257,0.239804486,0.291232362,0.256648119
1766484244.002669,11609.000000000,1766484244.000000000,-14.596320198,-4.445125575,-1.829268309,0.248968989,0.285101154,0.256648119
1766484244.018328,11610.000000000,1766484244.000000000,-14.064162690,-4.138565191,-1.981707334,0.238277069,0.289699560,0.269016703
1766484244.034907,11611.000000000,1766484244.000000000,-14.976432703,-4.521765672,-2.210365873,0.245914155,0.295830768,0.262832411
1766484244.050520,11612.000000000,1766484244.000000000,-14.520297697,-3.985284999,-1.981707334,0.252023823,0.297363569,0.273654922
1766484244.066324,11613.000000000,1766484244.000000000,-14.520297697,-4.521765672,-2.210365873,0.252023823,0.289699560,0.275200995
1766484244.082978,11614.000000000,1766484244.000000000,-14.368252695,-4.445125575,-1.981707334,0.233694818,0.285101154,0.253555973
1766484244.098494,11615.000000000,1766484244.000000000,-14.520297697,-4.445125575,-1.829268309,0.242859320,0.283568352,0.265924557
1766484244.115097,11616.000000000,1766484244.000000000,-15.128477705,-5.134886441,-1.829268309,0.247441572,0.280502749,0.256648119
1766484244.130621,11617.000000000,1766484244.000000000,-14.596320198,-4.291845383,-2.210365873,0.252023823,0.285101154,0.269016703
1766484244.146421,11618.000000000,1766484244.000000000,-15.280522707,-4.521765672,-2.057926847,0.261188326,0.291232362,0.272108849
1766484244.162004,11619.000000000,1766484244.000000000,-14.444275196,-4.828326056,-1.905487821,0.252023823,0.288166758,0.265924557
1766484244.178862,11620.000000000,1766484244.000000000,-15.356545208,-4.521765672,-1.753048796,0.252023823,0.280502749,0.272108849
1766484244.194439,11621.000000000,1766484244.000000000,-14.824387701,-4.445125575,-1.981707334,0.242859320,0.277437145,0.265924557
1766484244.211277,11622.000000000,1766484244.000000000,-14.748365200,-4.445125575,-1.829268309,0.241331903,0.283568352,0.262832411
1766484244.226992,11623.000000000,1766484244.000000000,-14.064162690,-3.832004806,-2.134146360,0.242859320,0.283568352,0.278293141
1766484244.242414,11624.000000000,1766484244.000000000,-13.988140189,-4.675045864,-2.286585386,0.261188326,0.286633956,0.269016703
1766484244.258218,11625.000000000,1766484244.000000000,-15.128477705,-4.521765672,-2.439024412,0.261188326,0.286633956,0.265924557
1766484244.274961,11626.000000000,1766484244.000000000,-15.128477705,-4.828326056,-2.362804899,0.252023823,0.288166758,0.250463827
1766484244.290654,11627.000000000,1766484244.000000000,-15.128477705,-4.675045864,-2.210365873,0.245914155,0.286633956,0.259740265
1766484244.306247,11628.000000000,1766484244.000000000,-14.976432703,-3.525444422,-2.286585386,0.247441572,0.274371541,0.253555973
1766484244.323034,11629.000000000,1766484244.000000000,-15.432567709,-4.521765672,-2.591463437,0.258133491,0.282035550,0.262832411
1766484244.338470,11630.000000000,1766484244.000000000,-14.140185191,-4.291845383,-2.515243924,0.261188326,0.285101154,0.275200995
1766484244.354187,11631.000000000,1766484244.000000000,-14.444275196,-4.828326056,-2.515243924,0.262715743,0.288166758,0.259740265
1766484244.371004,11632.000000000,1766484244.000000000,-15.128477705,-4.675045864,-2.591463437,0.250496406,0.278969947,0.272108849
1766484244.386743,11633.000000000,1766484244.000000000,-14.672342699,-3.985284999,-3.048780514,0.262715743,0.268240333,0.256648119
1766484244.402390,11634.000000000,1766484244.000000000,-14.976432703,-5.134886441,-2.591463437,0.258133491,0.268240333,0.259740265
1766484244.418223,11635.000000000,1766484244.000000000,-14.596320198,-4.445125575,-2.362804899,0.258133491,0.260576324,0.262832411
1766484244.435051,11636.000000000,1766484244.000000000,-14.292230194,-4.445125575,-3.734756130,0.265770577,0.246781107,0.270562776
1766484244.450563,11637.000000000,1766484244.000000000,-15.280522707,-3.832004806,-4.039634182,0.252023823,0.255977918,0.278293141
1766484244.466096,11638.000000000,1766484244.000000000,-14.368252695,-3.602084518,-5.106707362,0.239804486,0.265174730,0.270562776
1766484244.482830,11639.000000000,1766484244.000000000,-15.584612711,-3.755364710,-5.792682977,0.221475481,0.251379512,0.261286338
1766484244.498473,11640.000000000,1766484244.000000000,-15.052455204,-3.448804326,-6.097561029,0.186344887,0.257510720,0.267470630
1766484244.514179,11641.000000000,1766484244.000000000,-15.432567709,-3.142243941,-6.631097619,0.164961048,0.248313909,0.255102046
1766484244.530906,11642.000000000,1766484244.000000000,-15.432567709,-3.678724614,-7.317073235,0.143577208,0.254445116,0.253555973
1766484244.546654,11643.000000000,1766484244.000000000,-15.736657713,-1.762722211,-7.774390312,0.123720786,0.251379512,0.264378484
1766484244.562193,11644.000000000,1766484244.000000000,-14.596320198,-2.759043461,-8.612804953,0.097754695,0.245248305,0.267470630
1766484244.577668,11645.000000000,1766484244.000000000,-15.432567709,-2.452483076,-9.451219595,0.099282112,0.237584295,0.248917754
1766484244.594596,11646.000000000,1766484244.000000000,-15.888702715,-2.375842980,-10.137195210,0.076370855,0.245248305,0.258194192
1766484244.610163,11647.000000000,1766484244.000000000,-14.824387701,-2.069282595,-11.356707416,0.061096684,0.232985890,0.258194192
1766484244.625778,11648.000000000,1766484244.000000000,-15.736657713,-1.686082115,-12.118902545,0.039712845,0.209993861,0.267470630
1766484244.642707,11649.000000000,1766484244.000000000,-14.824387701,-1.149601442,-13.414634263,0.019856422,0.191600238,0.265924557
1766484244.658252,11650.000000000,1766484244.000000000,-15.660635212,-1.762722211,-13.871951341,0.010691920,0.183936229,0.252009900
1766484244.674033,11651.000000000,1766484244.000000000,-16.344837721,-0.459840577,-15.167683059,-0.006109668,0.173206615,0.248917754
1766484244.690737,11652.000000000,1766484244.000000000,-16.192792719,-1.226241538,-17.149390393,-0.051932182,0.157878596,0.264378484
1766484244.706282,11653.000000000,1766484244.000000000,-16.496882723,0.076640096,-19.969512369,-0.085535358,0.148681785,0.255102046
1766484244.721942,11654.000000000,1766484244.000000000,-16.192792719,0.459840577,-22.789634345,-0.128303037,0.133353766,0.252009900
1766484244.738737,11655.000000000,1766484244.000000000,-16.040747717,1.456161826,-25.838414860,-0.193981973,0.131820964,0.253555973
1766484244.754342,11656.000000000,1766484244.000000000,-15.432567709,1.686082115,-27.439024630,-0.221475481,0.116492945,0.262832411
1766484244.770036,11657.000000000,1766484244.000000000,-16.496882723,2.835683557,-28.506097810,-0.247441572,0.119558549,0.252009900
1766484244.786718,11658.000000000,1766484244.000000000,-16.040747717,1.379521730,-28.582317322,-0.250496406,0.110361737,0.256648119
1766484244.802345,11659.000000000,1766484244.000000000,-17.105062732,2.145922692,-29.801829528,-0.250496406,0.102697728,0.265924557
1766484244.818034,11660.000000000,1766484244.000000000,-16.496882723,1.916002403,-30.030488067,-0.253551240,0.108828935,0.253555973
1766484244.834841,11661.000000000,1766484244.000000000,-16.116770218,2.222562788,-29.344512451,-0.271880245,0.108828935,0.262832411
1766484244.850516,11662.000000000,1766484244.000000000,-15.964725216,1.226241538,-29.801829528,-0.285626999,0.105763331,0.255102046
1766484244.865916,11663.000000000,1766484244.000000000,-16.420860222,2.299202884,-29.420731964,-0.281044748,0.108828935,0.259740265
1766484244.882730,11664.000000000,1766484244.000000000,-15.812680214,1.762722211,-29.115853913,-0.265770577,0.110361737,0.258194192
1766484244.898384,11665.000000000,1766484244.000000000,-16.648927725,1.686082115,-28.506097810,-0.255078657,0.105763331,0.265924557
1766484244.913914,11666.000000000,1766484244.000000000,-16.572905224,1.992642499,-29.268292938,-0.259660909,0.105763331,0.259740265
1766484244.930767,11667.000000000,1766484244.000000000,-15.660635212,2.222562788,-28.582317322,-0.259660909,0.107296133,0.270562776
1766484244.946542,11668.000000000,1766484244.000000000,-15.964725216,1.916002403,-28.734756348,-0.265770577,0.114960143,0.262832411
1766484244.962122,11669.000000000,1766484244.000000000,-16.116770218,2.375842980,-28.353658784,-0.262715743,0.105763331,0.265924557
1766484244.977912,11670.000000000,1766484244.000000000,-16.192792719,1.992642499,-28.125000245,-0.252023823,0.104230530,0.256648119
1766484244.994664,11671.000000000,1766484244.000000000,-16.192792719,1.916002403,-28.429878297,-0.253551240,0.110361737,0.253555973
1766484245.010265,11672.000000000,1766484245.000000000,-16.116770218,1.609442019,-28.353658784,-0.256606074,0.113427341,0.262832411
1766484245.026106,11673.000000000,1766484245.000000000,-16.800972727,1.456161826,-28.429878297,-0.259660909,0.113427341,0.247371681
1766484245.042716,11674.000000000,1766484245.000000000,-16.572905224,1.226241538,-27.896341707,-0.258133491,0.118025747,0.269016703
1766484245.058236,11675.000000000,1766484245.000000000,-16.344837721,1.226241538,-28.201219758,-0.253551240,0.116492945,0.262832411
1766484245.073926,11676.000000000,1766484245.000000000,-16.648927725,1.839362307,-28.048780732,-0.250496406,0.111894539,0.256648119
1766484245.090608,11677.000000000,1766484245.000000000,-16.648927725,1.532801923,-27.820122194,-0.250496406,0.124156954,0.265924557
1766484245.106177,11678.000000000,1766484245.000000000,-16.268815220,1.916002403,-27.743902681,-0.261188326,0.114960143,0.256648119
1766484245.121800,11679.000000000,1766484245.000000000,-16.648927725,1.149601442,-27.820122194,-0.255078657,0.119558549,0.265924557
1766484245.138699,11680.000000000,1766484245.000000000,-16.344837721,1.456161826,-27.820122194,-0.253551240,0.118025747,0.259740265
1766484245.154353,11681.000000000,1766484245.000000000,-16.953017730,1.532801923,-27.667683168,-0.245914155,0.111894539,0.259740265
1766484245.169926,11682.000000000,1766484245.000000000,-16.192792719,1.379521730,-27.667683168,-0.248968989,0.114960143,0.259740265
1766484245.185810,11683.000000000,1766484245.000000000,-16.648927725,1.916002403,-27.210366091,-0.248968989,0.114960143,0.273654922
1766484245.202459,11684.000000000,1766484245.000000000,-16.648927725,1.456161826,-27.362805117,-0.252023823,0.116492945,0.256648119
1766484245.218068,11685.000000000,1766484245.000000000,-15.888702715,1.456161826,-27.362805117,-0.252023823,0.121091350,0.262832411
1766484245.233773,11686.000000000,1766484245.000000000,-16.724950226,1.532801923,-27.210366091,-0.244386737,0.118025747,0.267470630
1766484245.249598,11687.000000000,1766484245.000000000,-15.888702715,1.379521730,-27.210366091,-0.242859320,0.116492945,0.259740265
1766484245.266341,11688.000000000,1766484245.000000000,-16.648927725,1.686082115,-27.057927065,-0.241331903,0.118025747,0.267470630
1766484245.281896,11689.000000000,1766484245.000000000,-16.724950226,1.609442019,-27.210366091,-0.248968989,0.119558549,0.264378484
1766484245.297559,11690.000000000,1766484245.000000000,-16.040747717,1.686082115,-27.210366091,-0.247441572,0.121091350,0.265924557
1766484245.314424,11691.000000000,1766484245.000000000,-16.192792719,1.762722211,-26.753049014,-0.238277069,0.118025747,0.267470630
1766484245.330123,11692.000000000,1766484245.000000000,-16.648927725,1.609442019,-26.905488040,-0.241331903,0.114960143,0.267470630
1766484245.345747,11693.000000000,1766484245.000000000,-16.344837721,1.072961346,-26.600609988,-0.242859320,0.114960143,0.256648119
1766484245.361401,11694.000000000,1766484245.000000000,-16.496882723,2.069282595,-26.753049014,-0.242859320,0.118025747,0.270562776
1766484245.378429,11695.000000000,1766484245.000000000,-16.648927725,0.766400961,-26.753049014,-0.247441572,0.119558549,0.265924557
1766484245.393734,11696.000000000,1766484245.000000000,-16.953017730,1.302881634,-26.448170962,-0.238277069,0.121091350,0.255102046
1766484245.410695,11697.000000000,1766484245.000000000,-16.648927725,1.379521730,-26.600609988,-0.233694818,0.118025747,0.264378484
1766484245.426245,11698.000000000,1766484245.000000000,-16.648927725,1.532801923,-26.143292911,-0.229112566,0.118025747,0.264378484
1766484245.441881,11699.000000000,1766484245.000000000,-16.192792719,1.456161826,-26.143292911,-0.226057732,0.116492945,0.258194192
1766484245.458695,11700.000000000,1766484245.000000000,-16.344837721,1.456161826,-25.685975834,-0.226057732,0.113427341,0.279839214
1766484245.474264,11701.000000000,1766484245.000000000,-16.344837721,1.226241538,-25.838414860,-0.221475481,0.113427341,0.261286338
1766484245.489911,11702.000000000,1766484245.000000000,-16.496882723,0.843041057,-25.685975834,-0.215365812,0.108828935,0.267470630
1766484245.505562,11703.000000000,1766484245.000000000,-16.800972727,1.379521730,-25.762195347,-0.210783561,0.111894539,0.258194192
1766484245.522327,11704.000000000,1766484245.000000000,-15.888702715,0.689760865,-25.685975834,-0.210783561,0.113427341,0.255102046
1766484245.537951,11705.000000000,1766484245.000000000,-16.800972727,0.843041057,-25.533536808,-0.207728727,0.110361737,0.261286338
1766484245.553348,11706.000000000,1766484245.000000000,-17.105062732,0.996321250,-25.533536808,-0.203146476,0.113427341,0.264378484
1766484245.570357,11707.000000000,1766484245.000000000,-16.800972727,0.536480673,-25.076219731,-0.200091641,0.110361737,0.261286338
1766484245.586072,11708.000000000,1766484245.000000000,-16.344837721,1.149601442,-24.847561192,-0.198564224,0.105763331,0.258194192
1766484245.601510,11709.000000000,1766484245.000000000,-16.344837721,0.996321250,-24.923780705,-0.198564224,0.107296133,0.267470630
1766484245.618430,11710.000000000,1766484245.000000000,-16.648927725,0.996321250,-25.228658757,-0.195509390,0.104230530,0.261286338
1766484245.633924,11711.000000000,1766484245.000000000,-16.953017730,0.996321250,-24.466463628,-0.195509390,0.110361737,0.269016703
1766484245.649504,11712.000000000,1766484245.000000000,-16.800972727,0.996321250,-24.618902654,-0.195509390,0.107296133,0.269016703
1766484245.666343,11713.000000000,1766484245.000000000,-16.344837721,1.302881634,-24.923780705,-0.189399722,0.107296133,0.262832411
1766484245.681881,11714.000000000,1766484245.000000000,-16.496882723,1.149601442,-24.771341679,-0.192454556,0.110361737,0.269016703
1766484245.697547,11715.000000000,1766484245.000000000,-16.344837721,0.996321250,-25.000000218,-0.189399722,0.108828935,0.259740265
1766484245.713979,11716.000000000,1766484245.000000000,-16.496882723,1.302881634,-24.314024602,-0.189399722,0.110361737,0.269016703
1766484245.729509,11717.000000000,1766484245.000000000,-16.648927725,0.843041057,-24.314024602,-0.183290053,0.108828935,0.262832411
1766484245.745374,11718.000000000,1766484245.000000000,-16.953017730,1.226241538,-24.466463628,-0.183290053,0.105763331,0.250463827
1766484245.762075,11719.000000000,1766484245.000000000,-17.181085233,1.686082115,-24.390244115,-0.184817470,0.105763331,0.265924557
1766484245.777455,11720.000000000,1766484245.000000000,-16.496882723,0.996321250,-24.695122167,-0.183290053,0.104230530,0.253555973
1766484245.794275,11721.000000000,1766484245.000000000,-17.105062732,0.843041057,-24.314024602,-0.183290053,0.108828935,0.256648119
1766484245.809842,11722.000000000,1766484245.000000000,-16.648927725,0.843041057,-24.161585577,-0.181762636,0.102697728,0.265924557
1766484245.825542,11723.000000000,1766484245.000000000,-16.040747717,0.383200481,-24.466463628,-0.183290053,0.105763331,0.261286338
1766484245.842123,11724.000000000,1766484245.000000000,-16.648927725,0.383200481,-24.466463628,-0.181762636,0.102697728,0.258194192
1766484245.857776,11725.000000000,1766484245.000000000,-16.192792719,1.302881634,-23.932927038,-0.181762636,0.102697728,0.265924557
1766484245.873442,11726.000000000,1766484245.000000000,-16.192792719,0.536480673,-24.085366064,-0.180235219,0.102697728,0.253555973
1766484245.890126,11727.000000000,1766484245.000000000,-16.040747717,-0.076640096,-23.932927038,-0.180235219,0.105763331,0.255102046
1766484245.905754,11728.000000000,1766484245.000000000,-16.496882723,0.689760865,-24.542683141,-0.180235219,0.104230530,0.259740265
1766484245.921565,11729.000000000,1766484245.000000000,-16.800972727,0.383200481,-24.009146551,-0.177180385,0.107296133,0.262832411
1766484245.937965,11730.000000000,1766484245.000000000,-16.648927725,0.229920288,-23.780488012,-0.180235219,0.104230530,0.256648119
1766484245.953437,11731.000000000,1766484245.000000000,-16.192792719,0.383200481,-23.932927038,-0.177180385,0.104230530,0.262832411
1766484245.969918,11732.000000000,1766484245.000000000,-17.029040231,0.689760865,-23.856707525,-0.177180385,0.101164926,0.253555973
1766484245.985604,11733.000000000,1766484245.000000000,-16.876995229,0.843041057,-24.009146551,-0.177180385,0.104230530,0.265924557
1766484246.002250,11734.000000000,1766484246.000000000,-16.496882723,0.383200481,-23.856707525,-0.177180385,0.104230530,0.272108849
1766484246.017780,11735.000000000,1766484246.000000000,-16.648927725,0.459840577,-23.856707525,-0.171070716,0.107296133,0.265924557
1766484246.033545,11736.000000000,1766484246.000000000,-16.876995229,0.613120769,-23.628048987,-0.174125550,0.101164926,0.256648119
1766484246.050391,11737.000000000,1766484246.000000000,-16.800972727,0.996321250,-23.704268499,-0.171070716,0.099632124,0.259740265
1766484246.065807,11738.000000000,1766484246.000000000,-17.257107734,0.613120769,-24.009146551,-0.171070716,0.101164926,0.272108849
1766484246.082375,11739.000000000,1766484246.000000000,-16.496882723,0.613120769,-23.856707525,-0.171070716,0.104230530,0.272108849
1766484246.097860,11740.000000000,1766484246.000000000,-17.105062732,0.306560385,-23.704268499,-0.171070716,0.102697728,0.272108849
1766484246.113464,11741.000000000,1766484246.000000000,-16.648927725,-0.229920288,-23.475609961,-0.177180385,0.101164926,0.258194192
1766484246.130001,11742.000000000,1766484246.000000000,-17.333130235,0.153280192,-23.551829474,-0.174125550,0.102697728,0.269016703
1766484246.145647,11743.000000000,1766484246.000000000,-16.876995229,0.153280192,-23.628048987,-0.171070716,0.108828935,0.259740265
1766484246.161247,11744.000000000,1766484246.000000000,-16.040747717,0.689760865,-23.704268499,-0.177180385,0.098099322,0.265924557
1766484246.177269,11745.000000000,1766484246.000000000,-16.192792719,0.766400961,-23.704268499,-0.171070716,0.102697728,0.265924557
1766484246.193908,11746.000000000,1766484246.000000000,-16.496882723,0.919681154,-23.475609961,-0.168015882,0.105763331,0.262832411
1766484246.209548,11747.000000000,1766484246.000000000,-16.800972727,0.613120769,-23.628048987,-0.169543299,0.107296133,0.250463827
1766484246.225321,11748.000000000,1766484246.000000000,-16.344837721,0.613120769,-23.551829474,-0.168015882,0.101164926,0.259740265
1766484246.241365,11749.000000000,1766484246.000000000,-16.420860222,0.000000000,-23.246951422,-0.171070716,0.102697728,0.265924557
1766484246.258274,11750.000000000,1766484246.000000000,-16.496882723,0.459840577,-23.399390448,-0.171070716,0.104230530,0.265924557
1766484246.273870,11751.000000000,1766484246.000000000,-16.648927725,1.149601442,-23.628048987,-0.166488465,0.104230530,0.256648119
1766484246.289347,11752.000000000,1766484246.000000000,-16.192792719,0.613120769,-23.780488012,-0.169543299,0.104230530,0.256648119
1766484246.306096,11753.000000000,1766484246.000000000,-16.496882723,0.613120769,-23.551829474,-0.164961048,0.105763331,0.269016703
1766484246.321572,11754.000000000,1766484246.000000000,-16.648927725,1.302881634,-23.704268499,-0.163433631,0.099632124,0.262832411
1766484246.337252,11755.000000000,1766484246.000000000,-16.648927725,0.919681154,-23.399390448,-0.163433631,0.099632124,0.256648119
1766484246.354088,11756.000000000,1766484246.000000000,-16.800972727,0.919681154,-23.856707525,-0.168015882,0.101164926,0.269016703
1766484246.369574,11757.000000000,1766484246.000000000,-16.496882723,0.153280192,-23.780488012,-0.168015882,0.104230530,0.259740265
1766484246.385155,11758.000000000,1766484246.000000000,-16.648927725,0.459840577,-23.628048987,-0.166488465,0.102697728,0.265924557
1766484246.401748,11759.000000000,1766484246.000000000,-16.648927725,0.766400961,-23.399390448,-0.166488465,0.099632124,0.262832411
1766484246.417592,11760.000000000,1766484246.000000000,-16.648927725,0.919681154,-23.399390448,-0.163433631,0.102697728,0.276747068
1766484246.433124,11761.000000000,1766484246.000000000,-16.800972727,0.919681154,-23.323170935,-0.164961048,0.099632124,0.278293141
1766484246.449977,11762.000000000,1766484246.000000000,-16.420860222,0.000000000,-23.399390448,-0.166488465,0.098099322,0.259740265
1766484246.465612,11763.000000000,1766484246.000000000,-16.344837721,0.153280192,-23.551829474,-0.164961048,0.101164926,0.269016703
1766484246.481202,11764.000000000,1766484246.000000000,-16.648927725,0.919681154,-23.475609961,-0.166488465,0.101164926,0.265924557
1766484246.497867,11765.000000000,1766484246.000000000,-16.192792719,0.306560385,-23.551829474,-0.166488465,0.099632124,0.269016703
1766484246.513307,11766.000000000,1766484246.000000000,-16.344837721,0.996321250,-23.551829474,-0.164961048,0.101164926,0.256648119
1766484246.529150,11767.000000000,1766484246.000000000,-16.724950226,0.459840577,-23.475609961,-0.166488465,0.105763331,0.265924557
1766484246.545801,11768.000000000,1766484246.000000000,-15.736657713,0.153280192,-23.475609961,-0.163433631,0.101164926,0.261286338
1766484246.561332,11769.000000000,1766484246.000000000,-16.496882723,1.226241538,-22.865853858,-0.157323962,0.101164926,0.270562776
1766484246.577210,11770.000000000,1766484246.000000000,-16.192792719,0.153280192,-23.704268499,-0.169543299,0.102697728,0.262832411
1766484246.593864,11771.000000000,1766484246.000000000,-16.040747717,0.919681154,-23.704268499,-0.163433631,0.107296133,0.258194192
1766484246.609310,11772.000000000,1766484246.000000000,-16.344837721,0.613120769,-23.475609961,-0.166488465,0.101164926,0.267470630
1766484246.625895,11773.000000000,1766484246.000000000,-16.496882723,0.306560385,-23.399390448,-0.166488465,0.102697728,0.258194192
1766484246.641348,11774.000000000,1766484246.000000000,-16.344837721,0.613120769,-23.170731909,-0.166488465,0.101164926,0.255102046
1766484246.657026,11775.000000000,1766484246.000000000,-16.344837721,0.766400961,-23.399390448,-0.160378796,0.104230530,0.252009900
1766484246.673703,11776.000000000,1766484246.000000000,-16.192792719,-0.153280192,-23.246951422,-0.168015882,0.104230530,0.267470630
1766484246.689279,11777.000000000,1766484246.000000000,-15.888702715,0.766400961,-23.551829474,-0.160378796,0.108828935,0.258194192
1766484246.705080,11778.000000000,1766484246.000000000,-16.040747717,0.919681154,-23.094512397,-0.161906214,0.102697728,0.264378484
1766484246.721567,11779.000000000,1766484246.000000000,-16.724950226,0.919681154,-23.323170935,-0.164961048,0.102697728,0.267470630
1766484246.737004,11780.000000000,1766484246.000000000,-16.648927725,0.459840577,-23.475609961,-0.160378796,0.102697728,0.261286338
1766484246.753743,11781.000000000,1766484246.000000000,-16.344837721,1.072961346,-23.323170935,-0.163433631,0.101164926,0.248917754
1766484246.769457,11782.000000000,1766484246.000000000,-16.040747717,0.306560385,-23.246951422,-0.166488465,0.102697728,0.258194192
1766484246.785038,11783.000000000,1766484246.000000000,-16.496882723,0.613120769,-23.323170935,-0.161906214,0.104230530,0.261286338
1766484246.801645,11784.000000000,1766484246.000000000,-16.800972727,0.919681154,-23.399390448,-0.163433631,0.099632124,0.258194192
1766484246.817283,11785.000000000,1766484246.000000000,-16.724950226,0.919681154,-23.094512397,-0.157323962,0.104230530,0.265924557
1766484246.833025,11786.000000000,1766484246.000000000,-16.344837721,0.766400961,-23.399390448,-0.160378796,0.105763331,0.264378484
1766484246.849563,11787.000000000,1766484246.000000000,-16.648927725,0.996321250,-23.551829474,-0.158851379,0.107296133,0.265924557
1766484246.865237,11788.000000000,1766484246.000000000,-16.040747717,0.919681154,-23.399390448,-0.161906214,0.102697728,0.252009900
1766484246.880953,11789.000000000,1766484246.000000000,-16.648927725,0.153280192,-23.094512397,-0.158851379,0.107296133,0.270562776
1766484246.897594,11790.000000000,1766484246.000000000,-16.344837721,1.072961346,-23.399390448,-0.164961048,0.104230530,0.265924557
1766484246.913122,11791.000000000,1766484246.000000000,-16.344837721,0.613120769,-23.323170935,-0.163433631,0.101164926,0.255102046
1766484246.929774,11792.000000000,1766484246.000000000,-17.029040231,0.766400961,-23.094512397,-0.166488465,0.105763331,0.252009900
1766484246.945504,11793.000000000,1766484246.000000000,-16.192792719,0.996321250,-23.094512397,-0.158851379,0.107296133,0.265924557
1766484246.961026,11794.000000000,1766484246.000000000,-16.192792719,0.613120769,-23.170731909,-0.157323962,0.102697728,0.261286338
1766484246.977538,11795.000000000,1766484246.000000000,-16.724950226,0.306560385,-22.865853858,-0.163433631,0.102697728,0.267470630
1766484246.993265,11796.000000000,1766484246.000000000,-16.496882723,1.226241538,-23.628048987,-0.158851379,0.105763331,0.262832411
1766484247.008843,11797.000000000,1766484247.000000000,-16.496882723,0.613120769,-23.018292884,-0.161906214,0.104230530,0.261286338
1766484247.025568,11798.000000000,1766484247.000000000,-16.192792719,0.919681154,-23.170731909,-0.160378796,0.102697728,0.261286338
1766484247.041130,11799.000000000,1766484247.000000000,-16.496882723,0.613120769,-23.246951422,-0.164961048,0.108828935,0.258194192
1766484247.057842,11800.000000000,1766484247.000000000,-16.800972727,0.459840577,-23.170731909,-0.160378796,0.107296133,0.255102046
1766484247.073371,11801.000000000,1766484247.000000000,-16.800972727,0.919681154,-23.475609961,-0.160378796,0.107296133,0.262832411
1766484247.089025,11802.000000000,1766484247.000000000,-16.192792719,0.996321250,-23.323170935,-0.160378796,0.102697728,0.267470630
1766484247.105665,11803.000000000,1766484247.000000000,-16.876995229,0.919681154,-22.865853858,-0.155796545,0.101164926,0.256648119
1766484247.121168,11804.000000000,1766484247.000000000,-16.192792719,0.613120769,-23.323170935,-0.157323962,0.102697728,0.255102046
1766484247.136781,11805.000000000,1766484247.000000000,-16.192792719,0.459840577,-23.246951422,-0.157323962,0.101164926,0.264378484
1766484247.153521,11806.000000000,1766484247.000000000,-16.344837721,0.459840577,-22.865853858,-0.160378796,0.105763331,0.261286338
1766484247.169095,11807.000000000,1766484247.000000000,-16.648927725,0.459840577,-22.942073371,-0.161906214,0.107296133,0.252009900
1766484247.184921,11808.000000000,1766484247.000000000,-16.344837721,0.306560385,-22.865853858,-0.164961048,0.105763331,0.267470630
1766484247.201731,11809.000000000,1766484247.000000000,-16.496882723,0.766400961,-23.246951422,-0.157323962,0.105763331,0.270562776
1766484247.217226,11810.000000000,1766484247.000000000,-16.724950226,1.072961346,-23.399390448,-0.155796545,0.104230530,0.264378484
1766484247.232810,11811.000000000,1766484247.000000000,-16.040747717,0.459840577,-23.018292884,-0.160378796,0.102697728,0.272108849
1766484247.249407,11812.000000000,1766484247.000000000,-16.648927725,1.226241538,-22.865853858,-0.157323962,0.108828935,0.270562776
1766484247.265048,11813.000000000,1766484247.000000000,-16.496882723,0.613120769,-23.018292884,-0.157323962,0.102697728,0.272108849
1766484247.281541,11814.000000000,1766484247.000000000,-16.192792719,0.306560385,-22.713414832,-0.157323962,0.108828935,0.269016703
1766484247.297011,11815.000000000,1766484247.000000000,-16.876995229,0.766400961,-23.094512397,-0.157323962,0.101164926,0.262832411
1766484247.313516,11816.000000000,1766484247.000000000,-16.344837721,0.306560385,-23.018292884,-0.158851379,0.105763331,0.259740265
1766484247.329308,11817.000000000,1766484247.000000000,-17.029040231,0.613120769,-22.865853858,-0.154269128,0.105763331,0.261286338
1766484247.344887,11818.000000000,1766484247.000000000,-16.192792719,0.613120769,-22.865853858,-0.155796545,0.102697728,0.269016703
1766484247.361651,11819.000000000,1766484247.000000000,-16.496882723,0.919681154,-22.865853858,-0.158851379,0.099632124,0.258194192
1766484247.377342,11820.000000000,1766484247.000000000,-16.496882723,0.613120769,-22.865853858,-0.157323962,0.102697728,0.265924557
1766484247.392789,11821.000000000,1766484247.000000000,-16.496882723,0.613120769,-23.170731909,-0.157323962,0.102697728,0.253555973
1766484247.409505,11822.000000000,1766484247.000000000,-16.344837721,0.766400961,-22.865853858,-0.164961048,0.105763331,0.248917754
1766484247.425062,11823.000000000,1766484247.000000000,-16.648927725,0.613120769,-23.018292884,-0.161906214,0.108828935,0.255102046
1766484247.441608,11824.000000000,1766484247.000000000,-15.888702715,0.459840577,-22.865853858,-0.160378796,0.105763331,0.267470630
1766484247.457182,11825.000000000,1766484247.000000000,-16.344837721,0.766400961,-23.094512397,-0.160378796,0.104230530,0.252009900
1766484247.472929,11826.000000000,1766484247.000000000,-16.192792719,0.766400961,-22.865853858,-0.158851379,0.107296133,0.262832411
1766484247.488659,11827.000000000,1766484247.000000000,-17.105062732,0.153280192,-22.713414832,-0.163433631,0.107296133,0.255102046
1766484247.505395,11828.000000000,1766484247.000000000,-16.496882723,1.379521730,-22.865853858,-0.154269128,0.104230530,0.258194192
1766484247.520959,11829.000000000,1766484247.000000000,-16.344837721,0.613120769,-22.713414832,-0.155796545,0.105763331,0.256648119
1766484247.537497,11830.000000000,1766484247.000000000,-16.496882723,0.766400961,-22.865853858,-0.158851379,0.108828935,0.253555973
1766484247.553193,11831.000000000,1766484247.000000000,-16.648927725,0.996321250,-22.560975807,-0.157323962,0.105763331,0.267470630
1766484247.568754,11832.000000000,1766484247.000000000,-16.344837721,-0.153280192,-22.637195319,-0.158851379,0.104230530,0.265924557
1766484247.585574,11833.000000000,1766484247.000000000,-16.344837721,0.613120769,-22.713414832,-0.152741711,0.104230530,0.272108849
1766484247.601148,11834.000000000,1766484247.000000000,-15.888702715,0.766400961,-22.865853858,-0.157323962,0.101164926,0.256648119
1766484247.616841,11835.000000000,1766484247.000000000,-15.584612711,0.766400961,-22.637195319,-0.160378796,0.104230530,0.276747068
1766484247.632626,11836.000000000,1766484247.000000000,-16.344837721,0.919681154,-22.713414832,-0.155796545,0.104230530,0.259740265
1766484247.649291,11837.000000000,1766484247.000000000,-15.888702715,0.613120769,-22.637195319,-0.155796545,0.105763331,0.269016703
1766484247.664886,11838.000000000,1766484247.000000000,-16.953017730,0.996321250,-22.865853858,-0.157323962,0.102697728,0.255102046
1766484247.680465,11839.000000000,1766484247.000000000,-16.800972727,0.306560385,-22.865853858,-0.158851379,0.105763331,0.259740265
1766484247.697385,11840.000000000,1766484247.000000000,-16.953017730,0.153280192,-22.865853858,-0.157323962,0.102697728,0.265924557
1766484247.713012,11841.000000000,1766484247.000000000,-16.344837721,0.306560385,-22.789634345,-0.160378796,0.104230530,0.258194192
1766484247.728572,11842.000000000,1766484247.000000000,-16.192792719,0.613120769,-22.942073371,-0.158851379,0.105763331,0.264378484
1766484247.745225,11843.000000000,1766484247.000000000,-16.648927725,-0.306560385,-22.484756294,-0.157323962,0.102697728,0.255102046
1766484247.760767,11844.000000000,1766484247.000000000,-16.192792719,0.766400961,-22.789634345,-0.155796545,0.105763331,0.265924557
1766484247.776549,11845.000000000,1766484247.000000000,-16.648927725,0.613120769,-22.942073371,-0.155796545,0.107296133,0.265924557
1766484247.793359,11846.000000000,1766484247.000000000,-16.648927725,0.459840577,-22.637195319,-0.161906214,0.105763331,0.264378484
1766484247.808869,11847.000000000,1766484247.000000000,-15.736657713,0.459840577,-22.637195319,-0.158851379,0.102697728,0.258194192
1766484247.824511,11848.000000000,1766484247.000000000,-16.192792719,1.149601442,-22.865853858,-0.152741711,0.102697728,0.258194192
1766484247.841397,11849.000000000,1766484247.000000000,-16.496882723,0.459840577,-22.637195319,-0.154269128,0.104230530,0.270562776
1766484247.856903,11850.000000000,1766484247.000000000,-16.192792719,0.153280192,-22.560975807,-0.154269128,0.105763331,0.265924557
1766484247.872553,11851.000000000,1766484247.000000000,-16.344837721,0.919681154,-22.713414832,-0.158851379,0.107296133,0.270562776
1766484247.889450,11852.000000000,1766484247.000000000,-16.344837721,0.459840577,-22.332317268,-0.158851379,0.105763331,0.256648119
1766484247.904940,11853.000000000,1766484247.000000000,-16.040747717,0.919681154,-23.094512397,-0.154269128,0.104230530,0.264378484
1766484247.920445,11854.000000000,1766484247.000000000,-16.496882723,0.766400961,-22.637195319,-0.152741711,0.110361737,0.264378484
1766484247.937147,11855.000000000,1766484247.000000000,-16.876995229,0.306560385,-22.713414832,-0.158851379,0.108828935,0.259740265
1766484247.952681,11856.000000000,1766484247.000000000,-16.496882723,0.766400961,-22.560975807,-0.158851379,0.108828935,0.253555973
1766484247.968454,11857.000000000,1766484247.000000000,-16.648927725,0.919681154,-22.865853858,-0.160378796,0.105763331,0.261286338
1766484247.985373,11858.000000000,1766484247.000000000,-16.192792719,0.459840577,-22.332317268,-0.154269128,0.107296133,0.270562776
1766484248.000924,11859.000000000,1766484248.000000000,-15.736657713,0.459840577,-22.637195319,-0.158851379,0.102697728,0.270562776
1766484248.016449,11860.000000000,1766484248.000000000,-16.496882723,0.613120769,-22.713414832,-0.155796545,0.110361737,0.250463827
1766484248.033242,11861.000000000,1766484248.000000000,-15.736657713,1.149601442,-22.256097755,-0.158851379,0.101164926,0.269016703
1766484248.048849,11862.000000000,1766484248.000000000,-16.344837721,0.153280192,-22.560975807,-0.157323962,0.110361737,0.265924557
1766484248.064456,11863.000000000,1766484248.000000000,-16.192792719,0.613120769,-22.713414832,-0.154269128,0.110361737,0.261286338
1766484248.080937,11864.000000000,1766484248.000000000,-15.812680214,0.000000000,-22.408536781,-0.158851379,0.105763331,0.262832411
1766484248.096483,11865.000000000,1766484248.000000000,-16.192792719,0.306560385,-22.713414832,-0.157323962,0.108828935,0.269016703
1766484248.112956,11866.000000000,1766484248.000000000,-16.344837721,0.919681154,-22.713414832,-0.152741711,0.104230530,0.267470630
1766484248.128487,11867.000000000,1766484248.000000000,-16.496882723,0.153280192,-22.713414832,-0.155796545,0.110361737,0.256648119
1766484248.145273,11868.000000000,1766484248.000000000,-16.648927725,0.306560385,-22.332317268,-0.157323962,0.107296133,0.270562776
1766484248.160896,11869.000000000,1766484248.000000000,-15.888702715,0.613120769,-22.484756294,-0.155796545,0.105763331,0.262832411
1766484248.176542,11870.000000000,1766484248.000000000,-16.648927725,1.072961346,-22.332317268,-0.160378796,0.107296133,0.252009900
1766484248.192453,11871.000000000,1766484248.000000000,-16.192792719,0.919681154,-22.484756294,-0.154269128,0.107296133,0.258194192
1766484248.209272,11872.000000000,1766484248.000000000,-16.648927725,0.766400961,-22.560975807,-0.154269128,0.105763331,0.267470630
1766484248.224797,11873.000000000,1766484248.000000000,-16.192792719,1.149601442,-22.408536781,-0.154269128,0.108828935,0.267470630
1766484248.240387,11874.000000000,1766484248.000000000,-16.040747717,0.153280192,-22.637195319,-0.155796545,0.110361737,0.256648119
1766484248.257310,11875.000000000,1766484248.000000000,-15.584612711,0.306560385,-22.560975807,-0.151214294,0.105763331,0.267470630
1766484248.272782,11876.000000000,1766484248.000000000,-16.648927725,0.153280192,-23.018292884,-0.157323962,0.107296133,0.259740265
1766484248.288486,11877.000000000,1766484248.000000000,-16.344837721,0.613120769,-22.713414832,-0.155796545,0.105763331,0.270562776
1766484248.305026,11878.000000000,1766484248.000000000,-16.192792719,0.613120769,-22.484756294,-0.160378796,0.107296133,0.256648119
1766484248.320426,11879.000000000,1766484248.000000000,-16.648927725,0.613120769,-22.560975807,-0.157323962,0.105763331,0.273654922
1766484248.337208,11880.000000000,1766484248.000000000,-16.648927725,0.613120769,-22.713414832,-0.155796545,0.113427341,0.250463827
1766484248.352885,11881.000000000,1766484248.000000000,-16.344837721,1.226241538,-22.637195319,-0.152741711,0.105763331,0.264378484
1766484248.368468,11882.000000000,1766484248.000000000,-16.192792719,0.613120769,-22.865853858,-0.154269128,0.110361737,0.267470630
1766484248.384266,11883.000000000,1766484248.000000000,-16.344837721,0.919681154,-22.408536781,-0.152741711,0.104230530,0.267470630
1766484248.400977,11884.000000000,1766484248.000000000,-16.724950226,0.613120769,-22.408536781,-0.157323962,0.110361737,0.273654922
1766484248.416323,11885.000000000,1766484248.000000000,-16.344837721,0.919681154,-22.637195319,-0.154269128,0.111894539,0.258194192
1766484248.432992,11886.000000000,1766484248.000000000,-16.876995229,0.919681154,-22.408536781,-0.155796545,0.107296133,0.261286338
1766484248.448638,11887.000000000,1766484248.000000000,-16.648927725,0.459840577,-22.484756294,-0.154269128,0.107296133,0.256648119
1766484248.464371,11888.000000000,1766484248.000000000,-16.496882723,0.919681154,-22.408536781,-0.155796545,0.107296133,0.267470630
1766484248.481220,11889.000000000,1766484248.000000000,-16.344837721,0.459840577,-22.560975807,-0.155796545,0.104230530,0.272108849
1766484248.496980,11890.000000000,1766484248.000000000,-16.724950226,0.766400961,-22.560975807,-0.151214294,0.108828935,0.255102046
1766484248.512604,11891.000000000,1766484248.000000000,-16.040747717,0.153280192,-22.408536781,-0.154269128,0.102697728,0.265924557
1766484248.528367,11892.000000000,1766484248.000000000,-15.888702715,0.919681154,-22.256097755,-0.155796545,0.107296133,0.267470630
1766484248.544100,11893.000000000,1766484248.000000000,-15.888702715,0.996321250,-22.256097755,-0.152741711,0.104230530,0.267470630
1766484248.560857,11894.000000000,1766484248.000000000,-17.029040231,0.766400961,-22.560975807,-0.154269128,0.105763331,0.261286338
1766484248.576606,11895.000000000,1766484248.000000000,-16.192792719,0.919681154,-22.637195319,-0.154269128,0.107296133,0.264378484
1766484248.592448,11896.000000000,1766484248.000000000,-16.496882723,0.766400961,-22.408536781,-0.155796545,0.111894539,0.261286338
1766484248.608213,11897.000000000,1766484248.000000000,-16.648927725,0.153280192,-22.713414832,-0.155796545,0.113427341,0.250463827
1766484248.624913,11898.000000000,1766484248.000000000,-15.888702715,1.226241538,-22.332317268,-0.152741711,0.105763331,0.270562776
1766484248.640301,11899.000000000,1766484248.000000000,-16.192792719,0.996321250,-22.256097755,-0.157323962,0.108828935,0.267470630
1766484248.656906,11900.000000000,1766484248.000000000,-16.496882723,0.766400961,-22.560975807,-0.158851379,0.107296133,0.267470630
1766484248.672578,11901.000000000,1766484248.000000000,-16.344837721,0.919681154,-22.713414832,-0.154269128,0.111894539,0.264378484
1766484248.688260,11902.000000000,1766484248.000000000,-16.800972727,0.613120769,-22.637195319,-0.155796545,0.105763331,0.258194192
1766484248.705040,11903.000000000,1766484248.000000000,-16.648927725,0.766400961,-22.256097755,-0.158851379,0.111894539,0.261286338
1766484248.720390,11904.000000000,1766484248.000000000,-16.344837721,0.766400961,-22.332317268,-0.157323962,0.111894539,0.264378484
1766484248.736964,11905.000000000,1766484248.000000000,-16.192792719,0.613120769,-22.408536781,-0.157323962,0.105763331,0.259740265
1766484248.752414,11906.000000000,1766484248.000000000,-16.648927725,0.613120769,-22.560975807,-0.157323962,0.105763331,0.261286338
1766484248.768248,11907.000000000,1766484248.000000000,-15.888702715,0.459840577,-22.256097755,-0.152741711,0.107296133,0.255102046
1766484248.784075,11908.000000000,1766484248.000000000,-16.344837721,0.153280192,-22.637195319,-0.154269128,0.113427341,0.253555973
1766484248.800925,11909.000000000,1766484248.000000000,-16.876995229,0.306560385,-22.256097755,-0.155796545,0.107296133,0.261286338
1766484248.816482,11910.000000000,1766484248.000000000,-16.192792719,0.613120769,-22.256097755,-0.154269128,0.105763331,0.267470630
1766484248.833022,11911.000000000,1766484248.000000000,-16.496882723,0.459840577,-22.408536781,-0.155796545,0.108828935,0.265924557
1766484248.848608,11912.000000000,1766484248.000000000,-16.496882723,0.766400961,-22.103658729,-0.155796545,0.107296133,0.261286338
1766484248.864390,11913.000000000,1766484248.000000000,-16.648927725,1.302881634,-22.332317268,-0.154269128,0.107296133,0.258194192
1766484248.881044,11914.000000000,1766484248.000000000,-16.040747717,0.996321250,-22.332317268,-0.151214294,0.104230530,0.258194192
1766484248.896561,11915.000000000,1766484248.000000000,-15.736657713,0.919681154,-22.179878242,-0.154269128,0.107296133,0.272108849
1766484248.912226,11916.000000000,1766484248.000000000,-16.648927725,0.766400961,-22.332317268,-0.155796545,0.114960143,0.261286338
1766484248.928874,11917.000000000,1766484248.000000000,-16.192792719,0.459840577,-22.484756294,-0.154269128,0.107296133,0.264378484
1766484248.944567,11918.000000000,1766484248.000000000,-16.496882723,0.306560385,-22.713414832,-0.152741711,0.110361737,0.262832411
1766484248.960178,11919.000000000,1766484248.000000000,-17.181085233,0.153280192,-22.408536781,-0.154269128,0.110361737,0.253555973
1766484248.976941,11920.000000000,1766484248.000000000,-16.040747717,0.766400961,-22.637195319,-0.155796545,0.111894539,0.261286338
1766484248.992420,11921.000000000,1766484248.000000000,-16.192792719,0.459840577,-22.332317268,-0.154269128,0.107296133,0.256648119
1766484249.008036,11922.000000000,1766484249.000000000,-16.496882723,0.459840577,-22.560975807,-0.152741711,0.107296133,0.261286338
1766484249.024666,11923.000000000,1766484249.000000000,-16.724950226,0.766400961,-22.256097755,-0.151214294,0.108828935,0.261286338
1766484249.040253,11924.000000000,1766484249.000000000,-15.888702715,0.996321250,-22.256097755,-0.152741711,0.104230530,0.273654922
1766484249.056949,11925.000000000,1766484249.000000000,-16.040747717,0.459840577,-22.103658729,-0.152741711,0.111894539,0.261286338
1766484249.072549,11926.000000000,1766484249.000000000,-16.040747717,0.613120769,-22.179878242,-0.155796545,0.108828935,0.264378484
1766484249.088128,11927.000000000,1766484249.000000000,-16.192792719,0.306560385,-22.484756294,-0.157323962,0.108828935,0.262832411
1766484249.104878,11928.000000000,1766484249.000000000,-16.344837721,0.613120769,-22.179878242,-0.155796545,0.105763331,0.264378484
1766484249.120441,11929.000000000,1766484249.000000000,-16.496882723,0.459840577,-21.951219704,-0.155796545,0.107296133,0.273654922
1766484249.136035,11930.000000000,1766484249.000000000,-16.192792719,0.459840577,-22.332317268,-0.154269128,0.107296133,0.264378484
1766484249.152778,11931.000000000,1766484249.000000000,-16.192792719,1.072961346,-22.103658729,-0.154269128,0.105763331,0.267470630
1766484249.168398,11932.000000000,1766484249.000000000,-16.800972727,0.766400961,-22.179878242,-0.152741711,0.105763331,0.264378484
1766484249.183960,11933.000000000,1766484249.000000000,-16.648927725,0.306560385,-21.798780678,-0.155796545,0.110361737,0.261286338
1766484249.200674,11934.000000000,1766484249.000000000,-16.800972727,0.919681154,-22.179878242,-0.157323962,0.113427341,0.255102046
1766484249.216480,11935.000000000,1766484249.000000000,-16.344837721,0.459840577,-22.332317268,-0.157323962,0.113427341,0.259740265
1766484249.231959,11936.000000000,1766484249.000000000,-16.496882723,1.072961346,-22.179878242,-0.155796545,0.108828935,0.264378484
1766484249.248498,11937.000000000,1766484249.000000000,-17.181085233,0.613120769,-21.951219704,-0.155796545,0.116492945,0.264378484
1766484249.263975,11938.000000000,1766484249.000000000,-16.192792719,0.766400961,-22.179878242,-0.155796545,0.114960143,0.267470630
1766484249.280735,11939.000000000,1766484249.000000000,-16.192792719,0.919681154,-22.179878242,-0.154269128,0.107296133,0.264378484
1766484249.296580,11940.000000000,1766484249.000000000,-16.040747717,0.306560385,-22.179878242,-0.152741711,0.110361737,0.262832411
1766484249.312215,11941.000000000,1766484249.000000000,-16.648927725,0.613120769,-21.951219704,-0.157323962,0.105763331,0.267470630
1766484249.327898,11942.000000000,1766484249.000000000,-16.496882723,0.919681154,-22.103658729,-0.152741711,0.111894539,0.261286338
1766484249.344676,11943.000000000,1766484249.000000000,-16.648927725,0.153280192,-21.951219704,-0.154269128,0.105763331,0.265924557
1766484249.360419,11944.000000000,1766484249.000000000,-16.648927725,0.459840577,-21.798780678,-0.160378796,0.105763331,0.265924557
1766484249.376075,11945.000000000,1766484249.000000000,-16.876995229,0.459840577,-22.179878242,-0.158851379,0.105763331,0.262832411
1766484249.392590,11946.000000000,1766484249.000000000,-16.192792719,0.613120769,-22.256097755,-0.154269128,0.105763331,0.267470630
1766484249.408322,11947.000000000,1766484249.000000000,-16.953017730,1.302881634,-22.027439217,-0.149686877,0.108828935,0.264378484
1766484249.423883,11948.000000000,1766484249.000000000,-16.496882723,0.766400961,-22.027439217,-0.157323962,0.104230530,0.276747068
1766484249.440680,11949.000000000,1766484249.000000000,-16.648927725,0.766400961,-22.103658729,-0.154269128,0.105763331,0.267470630
1766484249.456245,11950.000000000,1766484249.000000000,-16.953017730,0.306560385,-22.179878242,-0.152741711,0.108828935,0.264378484
1766484249.471845,11951.000000000,1766484249.000000000,-17.029040231,0.306560385,-21.646341652,-0.155796545,0.110361737,0.261286338
1766484249.488420,11952.000000000,1766484249.000000000,-16.648927725,0.613120769,-22.332317268,-0.155796545,0.113427341,0.258194192
1766484249.504032,11953.000000000,1766484249.000000000,-17.105062732,0.766400961,-22.027439217,-0.152741711,0.113427341,0.270562776
1766484249.520663,11954.000000000,1766484249.000000000,-16.876995229,0.613120769,-22.256097755,-0.154269128,0.113427341,0.261286338
1766484249.536262,11955.000000000,1766484249.000000000,-15.888702715,0.996321250,-22.103658729,-0.152741711,0.104230530,0.267470630
1766484249.552711,11956.000000000,1766484249.000000000,-16.040747717,0.459840577,-22.256097755,-0.152741711,0.107296133,0.273654922
1766484249.568248,11957.000000000,1766484249.000000000,-16.496882723,0.306560385,-21.951219704,-0.155796545,0.107296133,0.261286338
1766484249.583795,11958.000000000,1766484249.000000000,-15.888702715,1.149601442,-21.798780678,-0.148159460,0.104230530,0.273654922
1766484249.600587,11959.000000000,1766484249.000000000,-16.344837721,0.613120769,-21.875000191,-0.155796545,0.105763331,0.264378484
1766484249.615977,11960.000000000,1766484249.000000000,-16.496882723,0.459840577,-21.951219704,-0.152741711,0.110361737,0.261286338
1766484249.632646,11961.000000000,1766484249.000000000,-16.344837721,0.613120769,-22.103658729,-0.154269128,0.113427341,0.261286338
1766484249.648309,11962.000000000,1766484249.000000000,-16.192792719,0.306560385,-21.722561165,-0.157323962,0.107296133,0.256648119
1766484249.664826,11963.000000000,1766484249.000000000,-16.344837721,0.459840577,-22.027439217,-0.154269128,0.110361737,0.270562776
1766484249.680314,11964.000000000,1766484249.000000000,-16.040747717,0.919681154,-22.027439217,-0.152741711,0.110361737,0.261286338
1766484249.696089,11965.000000000,1766484249.000000000,-16.724950226,0.459840577,-21.722561165,-0.154269128,0.110361737,0.252009900
1766484249.711869,11966.000000000,1766484249.000000000,-16.800972727,0.919681154,-22.179878242,-0.154269128,0.111894539,0.264378484
1766484249.728585,11967.000000000,1766484249.000000000,-16.344837721,0.613120769,-21.798780678,-0.154269128,0.108828935,0.267470630
1766484249.744190,11968.000000000,1766484249.000000000,-17.181085233,0.459840577,-22.103658729,-0.152741711,0.114960143,0.267470630
1766484249.759866,11969.000000000,1766484249.000000000,-16.724950226,0.919681154,-21.722561165,-0.154269128,0.110361737,0.258194192
1766484249.776694,11970.000000000,1766484249.000000000,-16.496882723,0.613120769,-21.875000191,-0.155796545,0.108828935,0.258194192
1766484249.792164,11971.000000000,1766484249.000000000,-17.105062732,0.613120769,-22.027439217,-0.152741711,0.113427341,0.258194192
1766484249.807785,11972.000000000,1766484249.000000000,-16.192792719,0.613120769,-22.103658729,-0.154269128,0.105763331,0.261286338
1766484249.824666,11973.000000000,1766484249.000000000,-16.344837721,0.613120769,-22.027439217,-0.155796545,0.105763331,0.264378484
1766484249.840394,11974.000000000,1766484249.000000000,-16.040747717,0.306560385,-22.408536781,-0.155796545,0.107296133,0.265924557
1766484249.855911,11975.000000000,1766484249.000000000,-16.800972727,0.996321250,-22.332317268,-0.151214294,0.111894539,0.270562776
1766484249.872640,11976.000000000,1766484249.000000000,-16.953017730,0.766400961,-22.027439217,-0.152741711,0.108828935,0.258194192
1766484249.888375,11977.000000000,1766484249.000000000,-16.040747717,0.613120769,-21.875000191,-0.155796545,0.108828935,0.270562776
1766484249.903911,11978.000000000,1766484249.000000000,-16.192792719,0.459840577,-22.179878242,-0.154269128,0.107296133,0.262832411
1766484249.919748,11979.000000000,1766484249.000000000,-16.420860222,0.000000000,-22.027439217,-0.152741711,0.111894539,0.267470630
1766484249.936610,11980.000000000,1766484249.000000000,-17.257107734,0.766400961,-21.951219704,-0.151214294,0.111894539,0.267470630
1766484249.952380,11981.000000000,1766484249.000000000,-16.344837721,0.766400961,-21.951219704,-0.151214294,0.108828935,0.273654922
1766484249.967920,11982.000000000,1766484249.000000000,-15.888702715,1.302881634,-22.027439217,-0.149686877,0.105763331,0.264378484
1766484249.983598,11983.000000000,1766484249.000000000,-16.344837721,0.153280192,-21.951219704,-0.154269128,0.113427341,0.267470630
1766484250.000544,11984.000000000,1766484250.000000000,-16.648927725,0.996321250,-22.256097755,-0.155796545,0.113427341,0.264378484
1766484250.016109,11985.000000000,1766484250.000000000,-16.648927725,0.613120769,-22.332317268,-0.155796545,0.113427341,0.264378484
1766484250.031697,11986.000000000,1766484250.000000000,-16.344837721,0.459840577,-22.027439217,-0.154269128,0.110361737,0.264378484
1766484250.047766,11987.000000000,1766484250.000000000,-16.192792719,0.459840577,-22.027439217,-0.154269128,0.107296133,0.270562776
1766484250.064537,11988.000000000,1766484250.000000000,-16.496882723,0.919681154,-22.179878242,-0.149686877,0.108828935,0.264378484
1766484250.080220,11989.000000000,1766484250.000000000,-16.648927725,0.613120769,-22.103658729,-0.154269128,0.105763331,0.261286338
1766484250.095762,11990.000000000,1766484250.000000000,-16.876995229,0.459840577,-22.179878242,-0.154269128,0.114960143,0.258194192
1766484250.112399,11991.000000000,1766484250.000000000,-15.812680214,0.000000000,-22.103658729,-0.157323962,0.113427341,0.273654922
1766484250.128038,11992.000000000,1766484250.000000000,-16.800972727,0.459840577,-22.408536781,-0.157323962,0.113427341,0.255102046
1766484250.143592,11993.000000000,1766484250.000000000,-16.344837721,0.613120769,-22.179878242,-0.151214294,0.110361737,0.264378484
1766484250.160459,11994.000000000,1766484250.000000000,-16.953017730,0.919681154,-22.027439217,-0.154269128,0.114960143,0.270562776
1766484250.175941,11995.000000000,1766484250.000000000,-15.736657713,0.766400961,-22.103658729,-0.154269128,0.105763331,0.261286338
1766484250.191649,11996.000000000,1766484250.000000000,-16.496882723,0.306560385,-22.179878242,-0.149686877,0.108828935,0.258194192
1766484250.207634,11997.000000000,1766484250.000000000,-15.432567709,0.766400961,-21.875000191,-0.145104625,0.107296133,0.269016703
1766484250.224398,11998.000000000,1766484250.000000000,-16.344837721,0.153280192,-22.179878242,-0.151214294,0.111894539,0.270562776
1766484250.240108,11999.000000000,1766484250.000000000,-16.192792719,1.149601442,-21.951219704,-0.154269128,0.108828935,0.273654922
1766484250.255646,12000.000000000,1766484250.000000000,-15.736657713,0.766400961,-22.103658729,-0.151214294,0.108828935,0.262832411
1766484250.272311,12001.000000000,1766484250.000000000,-16.040747717,0.306560385,-22.179878242,-0.152741711,0.108828935,0.270562776
1766484250.288073,12002.000000000,1766484250.000000000,-16.876995229,0.306560385,-21.951219704,-0.157323962,0.114960143,0.264378484
1766484250.303403,12003.000000000,1766484250.000000000,-16.344837721,0.153280192,-22.103658729,-0.154269128,0.113427341,0.259740265
1766484250.320198,12004.000000000,1766484250.000000000,-16.192792719,0.766400961,-22.027439217,-0.155796545,0.113427341,0.255102046
1766484250.335829,12005.000000000,1766484250.000000000,-16.800972727,0.459840577,-21.493902627,-0.155796545,0.104230530,0.267470630
1766484250.351414,12006.000000000,1766484250.000000000,-16.876995229,0.306560385,-21.646341652,-0.151214294,0.111894539,0.248917754
1766484250.368200,12007.000000000,1766484250.000000000,-16.648927725,0.459840577,-21.798780678,-0.152741711,0.114960143,0.261286338
1766484250.383728,12008.000000000,1766484250.000000000,-16.496882723,0.459840577,-22.103658729,-0.154269128,0.114960143,0.264378484
1766484250.399485,12009.000000000,1766484250.000000000,-16.953017730,1.072961346,-21.875000191,-0.155796545,0.108828935,0.270562776
1766484250.416404,12010.000000000,1766484250.000000000,-16.648927725,0.766400961,-21.570122139,-0.152741711,0.111894539,0.270562776
1766484250.432009,12011.000000000,1766484250.000000000,-17.409152736,0.766400961,-20.884146524,-0.143577208,0.113427341,0.264378484
1766484250.447507,12012.000000000,1766484250.000000000,-16.496882723,0.459840577,-19.359756266,-0.131357871,0.114960143,0.250463827
1766484250.464381,12013.000000000,1766484250.000000000,-16.420860222,-0.383200481,-17.149390393,-0.108446615,0.125689756,0.262832411
1766484250.480011,12014.000000000,1766484250.000000000,-16.420860222,-1.149601442,-13.795731828,-0.064151519,0.139484973,0.250463827
1766484250.495471,12015.000000000,1766484250.000000000,-16.648927725,-1.226241538,-11.509146442,-0.015274171,0.154812992,0.255102046
1766484250.512245,12016.000000000,1766484250.000000000,-16.116770218,-1.456161826,-9.222561056,0.038185428,0.160944200,0.252009900
1766484250.527825,12017.000000000,1766484250.000000000,-16.116770218,-2.605763268,-6.173780542,0.090117609,0.188534634,0.239641316
1766484250.543397,12018.000000000,1766484250.000000000,-16.040747717,-3.678724614,-3.658536617,0.132885288,0.213059465,0.242733462
1766484250.560318,12019.000000000,1766484250.000000000,-15.280522707,-3.295524133,-2.667682950,0.163433631,0.236051493,0.245825608
1766484250.575777,12020.000000000,1766484250.000000000,-15.584612711,-2.988963749,-2.210365873,0.183290053,0.248313909,0.244279535
1766484250.591424,12021.000000000,1766484250.000000000,-15.280522707,-4.291845383,-1.829268309,0.216893229,0.248313909,0.248917754
1766484250.608081,12022.000000000,1766484250.000000000,-15.584612711,-4.598405768,-1.981707334,0.224530315,0.254445116,0.236549170
1766484250.623501,12023.000000000,1766484250.000000000,-15.584612711,-4.215205287,-1.981707334,0.203146476,0.262109126,0.248917754
1766484250.640310,12024.000000000,1766484250.000000000,-15.736657713,-3.448804326,-1.829268309,0.186344887,0.277437145,0.238095243
1766484250.655995,12025.000000000,1766484250.000000000,-15.204500206,-3.142243941,-1.829268309,0.171070716,0.283568352,0.235003097
1766484250.671517,12026.000000000,1766484250.000000000,-15.280522707,-3.755364710,-2.134146360,0.192454556,0.277437145,0.248917754
1766484250.687513,12027.000000000,1766484250.000000000,-15.736657713,-4.138565191,-1.905487821,0.226057732,0.275904343,0.235003097
1766484250.704162,12028.000000000,1766484250.000000000,-15.280522707,-4.368485479,-1.905487821,0.226057732,0.277437145,0.230364878
1766484250.719753,12029.000000000,1766484250.000000000,-15.356545208,-4.061925095,-1.753048796,0.210783561,0.288166758,0.235003097
1766484250.735270,12030.000000000,1766484250.000000000,-15.052455204,-4.445125575,-1.905487821,0.183290053,0.295830768,0.241187389
1766484250.751936,12031.000000000,1766484250.000000000,-15.356545208,-3.908644903,-1.448170744,0.200091641,0.294297966,0.244279535
1766484250.767434,12032.000000000,1766484250.000000000,-15.128477705,-4.291845383,-1.600609770,0.224530315,0.305027579,0.238095243
1766484250.784490,12033.000000000,1766484250.000000000,-15.204500206,-4.751685960,-1.676829283,0.227585149,0.298896371,0.233457024
1766484250.799899,12034.000000000,1766484250.000000000,-15.508590210,-4.598405768,-1.143292693,0.235222235,0.305027579,0.235003097
1766484250.815468,12035.000000000,1766484250.000000000,-14.824387701,-4.061925095,-0.914634154,0.215365812,0.289699560,0.253555973
1766484250.832293,12036.000000000,1766484250.000000000,-14.596320198,-3.755364710,-0.381097564,0.215365812,0.283568352,0.244279535
1766484250.847766,12037.000000000,1766484250.000000000,-15.660635212,-4.598405768,0.457317077,0.239804486,0.298896371,0.242733462
1766484250.863393,12038.000000000,1766484250.000000000,-15.052455204,-5.134886441,1.067073180,0.270352828,0.300429173,0.242733462
1766484250.879400,12039.000000000,1766484250.000000000,-15.128477705,-4.981606248,1.753048796,0.273407663,0.305027579,0.252009900
1766484250.896356,12040.000000000,1766484250.000000000,-14.292230194,-4.828326056,1.676829283,0.268825411,0.308093183,0.245825608
1766484250.911700,12041.000000000,1766484250.000000000,-14.596320198,-4.291845383,1.524390257,0.267297994,0.311158787,0.250463827
1766484250.927438,12042.000000000,1766484250.000000000,-14.976432703,-3.985284999,-0.076219513,0.230639983,0.311158787,0.252009900
1766484250.943309,12043.000000000,1766484250.000000000,-15.508590210,-4.061925095,-0.304878051,0.241331903,0.324954004,0.245825608
1766484250.959852,12044.000000000,1766484250.000000000,-15.052455204,-4.368485479,-1.448170744,0.242859320,0.332618013,0.252009900
1766484250.975394,12045.000000000,1766484250.000000000,-15.204500206,-4.368485479,-1.524390257,0.238277069,0.320355598,0.247371681
1766484250.992043,12046.000000000,1766484250.000000000,-14.976432703,-4.291845383,-1.448170744,0.236749652,0.318822796,0.241187389
1766484251.007674,12047.000000000,1766484251.000000000,-15.128477705,-3.525444422,-1.524390257,0.215365812,0.321888400,0.247371681
1766484251.023262,12048.000000000,1766484251.000000000,-15.128477705,-3.525444422,-1.143292693,0.206201310,0.320355598,0.255102046
1766484251.040075,12049.000000000,1766484251.000000000,-15.204500206,-3.908644903,-0.838414641,0.226057732,0.335683617,0.252009900
1766484251.055565,12050.000000000,1766484251.000000000,-14.064162690,-4.138565191,-1.448170744,0.230639983,0.326486806,0.247371681
1766484251.071988,12051.000000000,1766484251.000000000,-14.824387701,-4.521765672,-1.371951231,0.238277069,0.321888400,0.256648119
1766484251.087572,12052.000000000,1766484251.000000000,-15.356545208,-3.985284999,-1.219512206,0.233694818,0.323421202,0.248917754
1766484251.103356,12053.000000000,1766484251.000000000,-14.672342699,-3.448804326,-1.143292693,0.219948064,0.321888400,0.247371681
1766484251.119284,12054.000000000,1766484251.000000000,-14.976432703,-2.912323653,-1.371951231,0.209256144,0.324954004,0.245825608
1766484251.135950,12055.000000000,1766484251.000000000,-15.204500206,-3.065603845,-1.067073180,0.215365812,0.324954004,0.248917754
1766484251.151433,12056.000000000,1766484251.000000000,-15.204500206,-4.828326056,-1.219512206,0.239804486,0.337216419,0.252009900
1766484251.167249,12057.000000000,1766484251.000000000,-14.824387701,-4.215205287,-1.371951231,0.242859320,0.326486806,0.258194192
1766484251.183949,12058.000000000,1766484251.000000000,-14.976432703,-4.368485479,-1.143292693,0.232167401,0.331085211,0.248917754
1766484251.199525,12059.000000000,1766484251.000000000,-14.140185191,-4.061925095,-0.762195129,0.223002898,0.332618013,0.244279535
1766484251.215240,12060.000000000,1766484251.000000000,-15.128477705,-4.445125575,-0.685975616,0.218420647,0.328019608,0.244279535
1766484251.231880,12061.000000000,1766484251.000000000,-14.292230194,-4.445125575,-1.371951231,0.212310978,0.326486806,0.244279535
1766484251.247468,12062.000000000,1766484251.000000000,-14.824387701,-3.908644903,-1.067073180,0.215365812,0.332618013,0.241187389
1766484251.263388,12063.000000000,1766484251.000000000,-15.128477705,-4.828326056,-0.685975616,0.232167401,0.335683617,0.247371681
1766484251.279137,12064.000000000,1766484251.000000000,-14.976432703,-3.985284999,-0.914634154,0.241331903,0.324954004,0.258194192
1766484251.295898,12065.000000000,1766484251.000000000,-14.976432703,-4.751685960,-0.990853667,0.229112566,0.329552409,0.250463827
1766484251.311347,12066.000000000,1766484251.000000000,-14.900410202,-4.521765672,-1.067073180,0.232167401,0.329552409,0.244279535
1766484251.328013,12067.000000000,1766484251.000000000,-15.356545208,-4.215205287,-0.609756103,0.218420647,0.332618013,0.261286338
1766484251.343532,12068.000000000,1766484251.000000000,-14.444275196,-3.908644903,-1.143292693,0.219948064,0.328019608,0.259740265
1766484251.359971,12069.000000000,1766484251.000000000,-15.660635212,-4.598405768,-1.219512206,0.232167401,0.337216419,0.239641316
1766484251.375519,12070.000000000,1766484251.000000000,-15.204500206,-3.985284999,-1.753048796,0.244386737,0.332618013,0.239641316
1766484251.391128,12071.000000000,1766484251.000000000,-14.444275196,-4.521765672,-1.067073180,0.232167401,0.329552409,0.250463827
1766484251.407863,12072.000000000,1766484251.000000000,-14.900410202,-4.598405768,-1.219512206,0.215365812,0.335683617,0.238095243
1766484251.423396,12073.000000000,1766484251.000000000,-15.356545208,-4.521765672,-0.609756103,0.215365812,0.328019608,0.241187389
1766484251.439181,12074.000000000,1766484251.000000000,-15.204500206,-4.215205287,-0.990853667,0.218420647,0.335683617,0.244279535
1766484251.455858,12075.000000000,1766484251.000000000,-15.128477705,-4.598405768,-1.143292693,0.230639983,0.340282023,0.267470630
1766484251.471536,12076.000000000,1766484251.000000000,-15.052455204,-4.061925095,-1.143292693,0.233694818,0.340282023,0.248917754
1766484251.487167,12077.000000000,1766484251.000000000,-15.128477705,-4.368485479,-1.219512206,0.232167401,0.335683617,0.248917754
1766484251.503867,12078.000000000,1766484251.000000000,-15.128477705,-4.291845383,-1.143292693,0.233694818,0.328019608,0.252009900
1766484251.519382,12079.000000000,1766484251.000000000,-14.748365200,-4.904966152,-1.219512206,0.224530315,0.329552409,0.247371681
1766484251.535046,12080.000000000,1766484251.000000000,-15.052455204,-4.138565191,-1.371951231,0.209256144,0.326486806,0.253555973
1766484251.551585,12081.000000000,1766484251.000000000,-15.052455204,-3.832004806,-1.067073180,0.224530315,0.337216419,0.252009900
1766484251.567447,12082.000000000,1766484251.000000000,-14.748365200,-4.368485479,-1.448170744,0.238277069,0.329552409,0.261286338
1766484251.583046,12083.000000000,1766484251.000000000,-15.204500206,-4.675045864,-1.143292693,0.238277069,0.331085211,0.252009900
1766484251.599838,12084.000000000,1766484251.000000000,-15.204500206,-4.061925095,-1.219512206,0.241331903,0.331085211,0.252009900
1766484251.615222,12085.000000000,1766484251.000000000,-15.812680214,-4.368485479,-1.371951231,0.233694818,0.335683617,0.244279535
1766484251.631819,12086.000000000,1766484251.000000000,-14.672342699,-4.138565191,-1.295731719,0.230639983,0.329552409,0.255102046
1766484251.647395,12087.000000000,1766484251.000000000,-15.356545208,-4.445125575,-1.067073180,0.224530315,0.337216419,0.241187389
1766484251.663107,12088.000000000,1766484251.000000000,-14.672342699,-3.832004806,-0.990853667,0.232167401,0.334150815,0.248917754
1766484251.679577,12089.000000000,1766484251.000000000,-14.824387701,-4.751685960,-1.295731719,0.242859320,0.340282023,0.244279535
1766484251.695218,12090.000000000,1766484251.000000000,-14.748365200,-4.215205287,-1.143292693,0.241331903,0.329552409,0.261286338
1766484251.711836,12091.000000000,1766484251.000000000,-14.748365200,-3.678724614,-0.990853667,0.226057732,0.338749221,0.248917754
1766484251.727350,12092.000000000,1766484251.000000000,-15.204500206,-4.291845383,-0.990853667,0.215365812,0.337216419,0.264378484
1766484251.742850,12093.000000000,1766484251.000000000,-15.052455204,-4.291845383,-1.219512206,0.236749652,0.344880429,0.248917754
1766484251.759584,12094.000000000,1766484251.000000000,-15.204500206,-4.215205287,-1.524390257,0.250496406,0.338749221,0.267470630
1766484251.775207,12095.000000000,1766484251.000000000,-14.900410202,-4.215205287,-1.219512206,0.242859320,0.329552409,0.258194192
1766484251.790790,12096.000000000,1766484251.000000000,-15.128477705,-4.521765672,-1.524390257,0.242859320,0.335683617,0.248917754
1766484251.807506,12097.000000000,1766484251.000000000,-14.900410202,-4.675045864,-1.295731719,0.229112566,0.329552409,0.238095243
1766484251.823045,12098.000000000,1766484251.000000000,-15.356545208,-3.372164230,-0.990853667,0.221475481,0.334150815,0.252009900
1766484251.839697,12099.000000000,1766484251.000000000,-14.368252695,-4.061925095,-1.295731719,0.236749652,0.340282023,0.252009900
1766484251.855401,12100.000000000,1766484251.000000000,-15.052455204,-4.828326056,-1.219512206,0.235222235,0.338749221,0.250463827
1766484251.871063,12101.000000000,1766484251.000000000,-14.976432703,-4.368485479,-1.371951231,0.238277069,0.337216419,0.255102046
1766484251.887741,12102.000000000,1766484251.000000000,-15.204500206,-4.598405768,-1.524390257,0.252023823,0.338749221,0.248917754
1766484251.903405,12103.000000000,1766484251.000000000,-14.824387701,-4.061925095,-1.448170744,0.236749652,0.340282023,0.252009900
1766484251.918888,12104.000000000,1766484251.000000000,-15.660635212,-3.832004806,-1.524390257,0.215365812,0.337216419,0.252009900
1766484251.935627,12105.000000000,1766484251.000000000,-15.204500206,-4.138565191,-1.067073180,0.226057732,0.338749221,0.255102046
1766484251.951145,12106.000000000,1766484251.000000000,-14.976432703,-4.368485479,-1.524390257,0.239804486,0.343347627,0.245825608
1766484251.966828,12107.000000000,1766484251.000000000,-15.128477705,-4.291845383,-0.838414641,0.247441572,0.341814825,0.264378484
1766484251.983503,12108.000000000,1766484251.000000000,-14.672342699,-3.832004806,-1.219512206,0.247441572,0.341814825,0.252009900
1766484251.999199,12109.000000000,1766484251.000000000,-14.520297697,-5.134886441,-0.838414641,0.238277069,0.338749221,0.250463827
1766484252.014767,12110.000000000,1766484252.000000000,-15.052455204,-4.061925095,-0.914634154,0.223002898,0.332618013,0.252009900
1766484252.031473,12111.000000000,1766484252.000000000,-15.204500206,-4.751685960,-1.067073180,0.235222235,0.344880429,0.258194192
1766484252.047049,12112.000000000,1766484252.000000000,-15.128477705,-4.061925095,-1.371951231,0.244386737,0.341814825,0.252009900
1766484252.063603,12113.000000000,1766484252.000000000,-15.128477705,-4.981606248,-1.600609770,0.241331903,0.341814825,0.244279535
1766484252.079184,12114.000000000,1766484252.000000000,-15.204500206,-4.598405768,-1.371951231,0.245914155,0.337216419,0.258194192
1766484252.094763,12115.000000000,1766484252.000000000,-15.508590210,-4.215205287,-1.295731719,0.244386737,0.340282023,0.267470630
1766484252.111577,12116.000000000,1766484252.000000000,-14.672342699,-3.525444422,-1.448170744,0.229112566,0.335683617,0.248917754
1766484252.127182,12117.000000000,1766484252.000000000,-15.508590210,-4.061925095,-1.295731719,0.216893229,0.338749221,0.245825608
1766484252.142731,12118.000000000,1766484252.000000000,-14.672342699,-4.751685960,-1.143292693,0.236749652,0.347946032,0.255102046
1766484252.159537,12119.000000000,1766484252.000000000,-15.204500206,-4.598405768,-0.990853667,0.245914155,0.337216419,0.252009900
1766484252.175427,12120.000000000,1766484252.000000000,-15.508590210,-4.904966152,-0.990853667,0.252023823,0.340282023,0.255102046
1766484252.190971,12121.000000000,1766484252.000000000,-14.520297697,-4.521765672,-1.524390257,0.241331903,0.338749221,0.252009900
1766484252.207579,12122.000000000,1766484252.000000000,-14.900410202,-4.215205287,-0.914634154,0.224530315,0.334150815,0.245825608
1766484252.223216,12123.000000000,1766484252.000000000,-15.204500206,-3.678724614,-0.914634154,0.226057732,0.338749221,0.255102046
1766484252.238680,12124.000000000,1766484252.000000000,-14.900410202,-4.061925095,-0.914634154,0.233694818,0.340282023,0.258194192
1766484252.255483,12125.000000000,1766484252.000000000,-15.508590210,-4.904966152,-1.143292693,0.245914155,0.344880429,0.255102046
1766484252.271033,12126.000000000,1766484252.000000000,-15.204500206,-4.215205287,-1.067073180,0.250496406,0.338749221,0.261286338
1766484252.286647,12127.000000000,1766484252.000000000,-14.444275196,-4.215205287,-1.448170744,0.236749652,0.341814825,0.248917754
1766484252.303429,12128.000000000,1766484252.000000000,-15.128477705,-4.598405768,-0.990853667,0.230639983,0.340282023,0.261286338
1766484252.319059,12129.000000000,1766484252.000000000,-15.812680214,-4.368485479,-0.914634154,0.238277069,0.332618013,0.253555973
1766484252.334578,12130.000000000,1766484252.000000000,-15.204500206,-4.368485479,-0.914634154,0.245914155,0.338749221,0.261286338
1766484252.351470,12131.000000000,1766484252.000000000,-14.900410202,-4.061925095,-1.143292693,0.241331903,0.347946032,0.258194192
1766484252.367132,12132.000000000,1766484252.000000000,-14.976432703,-4.215205287,-1.067073180,0.245914155,0.343347627,0.252009900
1766484252.382738,12133.000000000,1766484252.000000000,-15.508590210,-4.215205287,-1.219512206,0.241331903,0.340282023,0.255102046
1766484252.398664,12134.000000000,1766484252.000000000,-14.748365200,-4.138565191,-0.762195129,0.233694818,0.335683617,0.245825608
1766484252.415550,12135.000000000,1766484252.000000000,-15.204500206,-4.291845383,-1.143292693,0.242859320,0.337216419,0.258194192
1766484252.431129,12136.000000000,1766484252.000000000,-14.520297697,-3.908644903,-1.448170744,0.239804486,0.343347627,0.239641316
1766484252.446670,12137.000000000,1766484252.000000000,-15.128477705,-4.521765672,-1.219512206,0.241331903,0.341814825,0.258194192
1766484252.463328,12138.000000000,1766484252.000000000,-15.052455204,-4.904966152,-1.524390257,0.245914155,0.335683617,0.242733462
1766484252.478850,12139.000000000,1766484252.000000000,-14.976432703,-4.138565191,-1.600609770,0.241331903,0.338749221,0.245825608
1766484252.494628,12140.000000000,1766484252.000000000,-14.672342699,-4.368485479,-1.295731719,0.242859320,0.337216419,0.245825608
1766484252.511477,12141.000000000,1766484252.000000000,-15.204500206,-4.215205287,-1.219512206,0.232167401,0.340282023,0.245825608
1766484252.527050,12142.000000000,1766484252.000000000,-15.204500206,-4.521765672,-1.067073180,0.236749652,0.337216419,0.258194192
1766484252.542609,12143.000000000,1766484252.000000000,-14.672342699,-4.215205287,-1.600609770,0.245914155,0.351011636,0.258194192
1766484252.558580,12144.000000000,1766484252.000000000,-15.280522707,-4.445125575,-1.371951231,0.258133491,0.344880429,0.258194192
1766484252.575322,12145.000000000,1766484252.000000000,-14.976432703,-4.675045864,-1.295731719,0.238277069,0.347946032,0.258194192
1766484252.591044,12146.000000000,1766484252.000000000,-14.900410202,-4.138565191,-1.600609770,0.235222235,0.346413230,0.261286338
1766484252.606636,12147.000000000,1766484252.000000000,-15.128477705,-4.598405768,-0.990853667,0.242859320,0.334150815,0.255102046
1766484252.623512,12148.000000000,1766484252.000000000,-14.824387701,-3.985284999,-1.219512206,0.238277069,0.332618013,0.261286338
1766484252.639006,12149.000000000,1766484252.000000000,-14.672342699,-3.832004806,-1.448170744,0.241331903,0.343347627,0.255102046
1766484252.654600,12150.000000000,1766484252.000000000,-14.520297697,-4.061925095,-1.448170744,0.245914155,0.344880429,0.242733462
1766484252.671562,12151.000000000,1766484252.000000000,-14.292230194,-4.138565191,-1.295731719,0.235222235,0.343347627,0.248917754
1766484252.687041,12152.000000000,1766484252.000000000,-14.748365200,-5.364806729,-1.524390257,0.247441572,0.344880429,0.258194192
1766484252.702468,12153.000000000,1766484252.000000000,-14.976432703,-4.215205287,-1.448170744,0.239804486,0.344880429,0.248917754
1766484252.719142,12154.000000000,1766484252.000000000,-14.672342699,-3.678724614,-1.295731719,0.238277069,0.341814825,0.258194192
1766484252.734762,12155.000000000,1766484252.000000000,-14.520297697,-4.598405768,-1.371951231,0.242859320,0.344880429,0.248917754
1766484252.750418,12156.000000000,1766484252.000000000,-15.356545208,-4.368485479,-1.524390257,0.242859320,0.340282023,0.258194192
1766484252.767372,12157.000000000,1766484252.000000000,-14.976432703,-4.061925095,-1.295731719,0.250496406,0.343347627,0.258194192
1766484252.782975,12158.000000000,1766484252.000000000,-14.976432703,-4.751685960,-1.371951231,0.245914155,0.343347627,0.252009900
1766484252.798475,12159.000000000,1766484252.000000000,-14.596320198,-4.675045864,-1.295731719,0.239804486,0.344880429,0.255102046
1766484252.815142,12160.000000000,1766484252.000000000,-15.356545208,-4.368485479,-1.143292693,0.232167401,0.341814825,0.248917754
1766484252.830553,12161.000000000,1766484252.000000000,-15.052455204,-3.832004806,-1.600609770,0.236749652,0.344880429,0.248917754
1766484252.846417,12162.000000000,1766484252.000000000,-15.052455204,-4.445125575,-1.448170744,0.245914155,0.344880429,0.255102046
1766484252.863242,12163.000000000,1766484252.000000000,-14.596320198,-4.138565191,-1.600609770,0.247441572,0.340282023,0.248917754
1766484252.878772,12164.000000000,1766484252.000000000,-14.976432703,-4.598405768,-1.143292693,0.250496406,0.343347627,0.245825608
1766484252.894445,12165.000000000,1766484252.000000000,-15.204500206,-3.832004806,-1.295731719,0.241331903,0.343347627,0.267470630
1766484252.911174,12166.000000000,1766484252.000000000,-15.356545208,-4.291845383,-1.295731719,0.244386737,0.337216419,0.261286338
1766484252.926499,12167.000000000,1766484252.000000000,-15.052455204,-4.138565191,-1.219512206,0.233694818,0.340282023,0.242733462
1766484252.943364,12168.000000000,1766484252.000000000,-14.824387701,-4.675045864,-1.143292693,0.223002898,0.354077240,0.244279535
1766484252.958925,12169.000000000,1766484252.000000000,-14.748365200,-4.598405768,-1.295731719,0.242859320,0.351011636,0.255102046
1766484252.974446,12170.000000000,1766484252.000000000,-15.128477705,-4.291845383,-1.295731719,0.252023823,0.351011636,0.248917754
1766484252.991199,12171.000000000,1766484252.000000000,-14.976432703,-4.061925095,-1.600609770,0.245914155,0.344880429,0.242733462
1766484253.006827,12172.000000000,1766484253.000000000,-14.672342699,-4.061925095,-1.143292693,0.244386737,0.341814825,0.258194192
1766484253.022376,12173.000000000,1766484253.000000000,-14.900410202,-4.521765672,-1.067073180,0.238277069,0.346413230,0.242733462
1766484253.038953,12174.000000000,1766484253.000000000,-14.976432703,-4.291845383,-1.219512206,0.224530315,0.347946032,0.252009900
1766484253.054537,12175.000000000,1766484253.000000000,-14.292230194,-3.832004806,-1.600609770,0.236749652,0.351011636,0.261286338
1766484253.070283,12176.000000000,1766484253.000000000,-15.280522707,-4.751685960,-1.295731719,0.258133491,0.343347627,0.261286338
1766484253.087006,12177.000000000,1766484253.000000000,-14.596320198,-3.908644903,-1.219512206,0.245914155,0.344880429,0.255102046
1766484253.102326,12178.000000000,1766484253.000000000,-14.748365200,-4.675045864,-1.295731719,0.232167401,0.347946032,0.231910951
1766484253.118935,12179.000000000,1766484253.000000000,-15.128477705,-4.521765672,-1.371951231,0.241331903,0.341814825,0.252009900
1766484253.134508,12180.000000000,1766484253.000000000,-14.672342699,-3.832004806,-1.448170744,0.235222235,0.341814825,0.258194192
1766484253.150319,12181.000000000,1766484253.000000000,-15.128477705,-4.445125575,-1.143292693,0.248968989,0.354077240,0.258194192
1766484253.167240,12182.000000000,1766484253.000000000,-15.204500206,-4.904966152,-0.838414641,0.252023823,0.347946032,0.252009900
1766484253.182807,12183.000000000,1766484253.000000000,-14.292230194,-4.215205287,-1.448170744,0.258133491,0.343347627,0.255102046
1766484253.198335,12184.000000000,1766484253.000000000,-15.508590210,-4.215205287,-1.295731719,0.239804486,0.344880429,0.236549170
1766484253.214992,12185.000000000,1766484253.000000000,-15.660635212,-4.368485479,-1.295731719,0.236749652,0.338749221,0.236549170
1766484253.230495,12186.000000000,1766484253.000000000,-14.596320198,-3.908644903,-1.219512206,0.245914155,0.344880429,0.255102046
1766484253.246400,12187.000000000,1766484253.000000000,-14.976432703,-3.755364710,-1.219512206,0.244386737,0.347946032,0.255102046
1766484253.262151,12188.000000000,1766484253.000000000,-15.356545208,-4.138565191,-1.143292693,0.255078657,0.347946032,0.252009900
1766484253.278782,12189.000000000,1766484253.000000000,-15.052455204,-4.445125575,-0.762195129,0.258133491,0.351011636,0.245825608
1766484253.294421,12190.000000000,1766484253.000000000,-14.976432703,-4.291845383,-1.067073180,0.242859320,0.343347627,0.258194192
1766484253.311234,12191.000000000,1766484253.000000000,-15.356545208,-4.291845383,-1.219512206,0.229112566,0.343347627,0.252009900
1766484253.326694,12192.000000000,1766484253.000000000,-14.976432703,-4.061925095,-1.143292693,0.227585149,0.347946032,0.252009900
1766484253.342272,12193.000000000,1766484253.000000000,-14.976432703,-3.678724614,-1.219512206,0.239804486,0.357142844,0.255102046
1766484253.358963,12194.000000000,1766484253.000000000,-15.432567709,-4.061925095,-0.838414641,0.261188326,0.346413230,0.256648119
1766484253.374666,12195.000000000,1766484253.000000000,-14.900410202,-4.445125575,-1.067073180,0.252023823,0.351011636,0.255102046
1766484253.391320,12196.000000000,1766484253.000000000,-15.280522707,-4.291845383,-0.914634154,0.241331903,0.355610042,0.261286338
1766484253.406912,12197.000000000,1766484253.000000000,-14.672342699,-3.678724614,-0.838414641,0.235222235,0.351011636,0.255102046
1766484253.422445,12198.000000000,1766484253.000000000,-14.976432703,-3.832004806,-1.143292693,0.233694818,0.338749221,0.245825608
1766484253.439042,12199.000000000,1766484253.000000000,-14.900410202,-4.291845383,-0.838414641,0.250496406,0.354077240,0.267470630
1766484253.454491,12200.000000000,1766484253.000000000,-14.976432703,-4.368485479,-1.067073180,0.247441572,0.351011636,0.258194192
1766484253.470255,12201.000000000,1766484253.000000000,-15.280522707,-4.138565191,-0.990853667,0.259660909,0.347946032,0.259740265
1766484253.487087,12202.000000000,1766484253.000000000,-15.128477705,-4.291845383,-1.143292693,0.242859320,0.346413230,0.258194192
1766484253.502580,12203.000000000,1766484253.000000000,-14.748365200,-4.598405768,-0.533536590,0.239804486,0.351011636,0.255102046
1766484253.518287,12204.000000000,1766484253.000000000,-15.204500206,-3.525444422,-1.143292693,0.229112566,0.347946032,0.255102046
1766484253.534894,12205.000000000,1766484253.000000000,-14.824387701,-4.521765672,-1.067073180,0.250496406,0.354077240,0.252009900
1766484253.550252,12206.000000000,1766484253.000000000,-14.444275196,-4.445125575,-1.143292693,0.253551240,0.355610042,0.245825608
1766484253.566913,12207.000000000,1766484253.000000000,-14.140185191,-4.061925095,-1.219512206,0.248968989,0.346413230,0.245825608
1766484253.582425,12208.000000000,1766484253.000000000,-14.292230194,-3.908644903,-1.295731719,0.253551240,0.354077240,0.264378484
1766484253.599119,12209.000000000,1766484253.000000000,-14.748365200,-4.138565191,-1.371951231,0.239804486,0.351011636,0.255102046
1766484253.614572,12210.000000000,1766484253.000000000,-15.660635212,-3.985284999,-1.295731719,0.224530315,0.343347627,0.242733462
1766484253.630191,12211.000000000,1766484253.000000000,-14.748365200,-4.061925095,-1.371951231,0.242859320,0.351011636,0.248917754
1766484253.646920,12212.000000000,1766484253.000000000,-14.824387701,-4.061925095,-1.219512206,0.255078657,0.344880429,0.252009900
1766484253.662447,12213.000000000,1766484253.000000000,-14.976432703,-4.828326056,-0.990853667,0.247441572,0.351011636,0.252009900
1766484253.678223,12214.000000000,1766484253.000000000,-14.900410202,-3.755364710,-1.600609770,0.245914155,0.355610042,0.245825608
1766484253.694922,12215.000000000,1766484253.000000000,-14.824387701,-4.521765672,-0.914634154,0.244386737,0.344880429,0.245825608
1766484253.710474,12216.000000000,1766484253.000000000,-15.204500206,-3.908644903,-1.295731719,0.232167401,0.347946032,0.248917754
1766484253.726162,12217.000000000,1766484253.000000000,-15.128477705,-4.521765672,-0.838414641,0.250496406,0.346413230,0.252009900
1766484253.742870,12218.000000000,1766484253.000000000,-14.976432703,-4.215205287,-0.762195129,0.252023823,0.351011636,0.252009900
1766484253.758424,12219.000000000,1766484253.000000000,-14.520297697,-3.908644903,-1.448170744,0.247441572,0.351011636,0.252009900
1766484253.774646,12220.000000000,1766484253.000000000,-15.584612711,-4.598405768,-1.371951231,0.252023823,0.355610042,0.248917754
1766484253.790328,12221.000000000,1766484253.000000000,-14.976432703,-4.445125575,-1.295731719,0.248968989,0.351011636,0.258194192
1766484253.805982,12222.000000000,1766484253.000000000,-14.216207692,-4.291845383,-1.143292693,0.230639983,0.343347627,0.248917754
1766484253.822668,12223.000000000,1766484253.000000000,-14.976432703,-4.751685960,-0.838414641,0.244386737,0.347946032,0.248917754
1766484253.838318,12224.000000000,1766484253.000000000,-15.432567709,-4.368485479,-1.067073180,0.244386737,0.351011636,0.236549170
1766484253.854010,12225.000000000,1766484253.000000000,-15.584612711,-3.832004806,-1.219512206,0.241331903,0.355610042,0.262832411
1766484253.870525,12226.000000000,1766484253.000000000,-14.824387701,-4.445125575,-1.448170744,0.245914155,0.354077240,0.248917754
1766484253.886341,12227.000000000,1766484253.000000000,-15.584612711,-3.755364710,-1.219512206,0.244386737,0.355610042,0.256648119
1766484253.901945,12228.000000000,1766484253.000000000,-15.128477705,-3.678724614,-1.295731719,0.232167401,0.346413230,0.245825608
1766484253.918714,12229.000000000,1766484253.000000000,-15.052455204,-3.908644903,-0.914634154,0.245914155,0.344880429,0.248917754
1766484253.934396,12230.000000000,1766484253.000000000,-14.900410202,-4.751685960,-0.914634154,0.252023823,0.347946032,0.252009900
1766484253.950072,12231.000000000,1766484253.000000000,-14.368252695,-4.215205287,-1.448170744,0.247441572,0.346413230,0.261286338
1766484253.966714,12232.000000000,1766484253.000000000,-15.432567709,-4.445125575,-0.762195129,0.245914155,0.357142844,0.261286338
1766484253.982475,12233.000000000,1766484253.000000000,-14.292230194,-4.291845383,-1.067073180,0.245914155,0.347946032,0.252009900
1766484253.998042,12234.000000000,1766484253.000000000,-14.368252695,-3.755364710,-1.371951231,0.244386737,0.346413230,0.242733462
1766484254.014686,12235.000000000,1766484254.000000000,-15.128477705,-4.751685960,-1.143292693,0.245914155,0.346413230,0.239641316
1766484254.030289,12236.000000000,1766484254.000000000,-14.444275196,-3.602084518,-1.371951231,0.244386737,0.347946032,0.252009900
1766484254.046020,12237.000000000,1766484254.000000000,-15.280522707,-4.445125575,-1.371951231,0.245914155,0.351011636,0.261286338
1766484254.062807,12238.000000000,1766484254.000000000,-14.976432703,-3.755364710,-1.448170744,0.247441572,0.347946032,0.248917754
1766484254.078460,12239.000000000,1766484254.000000000,-15.280522707,-5.058246344,-1.143292693,0.242859320,0.354077240,0.261286338
1766484254.094199,12240.000000000,1766484254.000000000,-15.584612711,-4.751685960,-1.143292693,0.244386737,0.354077240,0.261286338
1766484254.110005,12241.000000000,1766484254.000000000,-15.736657713,-4.291845383,-0.914634154,0.245914155,0.354077240,0.250463827
1766484254.126763,12242.000000000,1766484254.000000000,-15.356545208,-3.755364710,-1.524390257,0.244386737,0.347946032,0.255102046
1766484254.142367,12243.000000000,1766484254.000000000,-14.824387701,-4.445125575,-1.753048796,0.245914155,0.354077240,0.261286338
1766484254.158193,12244.000000000,1766484254.000000000,-15.280522707,-4.904966152,-0.990853667,0.255078657,0.358675646,0.248917754
1766484254.174145,12245.000000000,1766484254.000000000,-14.596320198,-4.445125575,-1.600609770,0.252023823,0.354077240,0.248917754
1766484254.190941,12246.000000000,1766484254.000000000,-15.280522707,-4.368485479,-1.524390257,0.239804486,0.355610042,0.252009900
1766484254.206557,12247.000000000,1766484254.000000000,-14.672342699,-4.138565191,-1.600609770,0.242859320,0.347946032,0.242733462
1766484254.222182,12248.000000000,1766484254.000000000,-14.976432703,-4.061925095,-1.295731719,0.238277069,0.347946032,0.248917754
1766484254.237989,12249.000000000,1766484254.000000000,-14.900410202,-4.751685960,-1.143292693,0.244386737,0.346413230,0.255102046
1766484254.254894,12250.000000000,1766484254.000000000,-14.976432703,-4.368485479,-1.371951231,0.248968989,0.357142844,0.253555973
1766484254.270543,12251.000000000,1766484254.000000000,-15.128477705,-4.445125575,-1.219512206,0.245914155,0.357142844,0.250463827
1766484254.286216,12252.000000000,1766484254.000000000,-14.976432703,-3.602084518,-1.371951231,0.253551240,0.351011636,0.264378484
1766484254.302853,12253.000000000,1766484254.000000000,-15.052455204,-4.368485479,-1.295731719,0.248968989,0.344880429,0.247371681
1766484254.318442,12254.000000000,1766484254.000000000,-14.976432703,-3.678724614,-1.524390257,0.236749652,0.347946032,0.262832411
1766484254.334052,12255.000000000,1766484254.000000000,-15.432567709,-3.372164230,-1.219512206,0.241331903,0.355610042,0.264378484
1766484254.350875,12256.000000000,1766484254.000000000,-15.128477705,-4.368485479,-1.219512206,0.248968989,0.351011636,0.259740265
1766484254.366623,12257.000000000,1766484254.000000000,-14.824387701,-3.908644903,-1.524390257,0.248968989,0.354077240,0.261286338
1766484254.382381,12258.000000000,1766484254.000000000,-14.824387701,-4.751685960,-0.914634154,0.252023823,0.354077240,0.259740265
1766484254.397986,12259.000000000,1766484254.000000000,-15.356545208,-4.215205287,-1.219512206,0.245914155,0.346413230,0.247371681
1766484254.414665,12260.000000000,1766484254.000000000,-14.976432703,-4.368485479,-1.371951231,0.242859320,0.347946032,0.241187389
1766484254.430093,12261.000000000,1766484254.000000000,-14.976432703,-4.521765672,-1.524390257,0.235222235,0.355610042,0.256648119
1766484254.447015,12262.000000000,1766484254.000000000,-15.052455204,-4.904966152,-1.371951231,0.244386737,0.357142844,0.259740265
1766484254.462559,12263.000000000,1766484254.000000000,-15.508590210,-4.445125575,-1.371951231,0.261188326,0.358675646,0.259740265
1766484254.478139,12264.000000000,1766484254.000000000,-14.900410202,-4.138565191,-1.219512206,0.244386737,0.360208448,0.265924557
1766484254.494933,12265.000000000,1766484254.000000000,-15.280522707,-4.138565191,-1.219512206,0.242859320,0.354077240,0.248917754
1766484254.510499,12266.000000000,1766484254.000000000,-15.280522707,-4.291845383,-1.371951231,0.245914155,0.354077240,0.252009900
1766484254.525790,12267.000000000,1766484254.000000000,-15.128477705,-4.215205287,-1.219512206,0.239804486,0.347946032,0.255102046
1766484254.542779,12268.000000000,1766484254.000000000,-15.052455204,-4.138565191,-1.143292693,0.250496406,0.358675646,0.239641316
1766484254.558383,12269.000000000,1766484254.000000000,-14.824387701,-3.985284999,-0.914634154,0.252023823,0.358675646,0.248917754
1766484254.574190,12270.000000000,1766484254.000000000,-15.052455204,-4.368485479,-0.838414641,0.259660909,0.357142844,0.248917754
1766484254.589932,12271.000000000,1766484254.000000000,-15.052455204,-4.215205287,-1.448170744,0.244386737,0.354077240,0.255102046
1766484254.606701,12272.000000000,1766484254.000000000,-15.888702715,-3.832004806,-1.143292693,0.241331903,0.354077240,0.253555973
1766484254.622519,12273.000000000,1766484254.000000000,-15.128477705,-4.445125575,-1.448170744,0.245914155,0.351011636,0.261286338
1766484254.638353,12274.000000000,1766484254.000000000,-15.280522707,-4.291845383,-1.067073180,0.242859320,0.354077240,0.252009900
1766484254.653987,12275.000000000,1766484254.000000000,-15.128477705,-3.602084518,-0.838414641,0.255078657,0.354077240,0.253555973
1766484254.670856,12276.000000000,1766484254.000000000,-15.508590210,-4.138565191,-0.838414641,0.259660909,0.358675646,0.259740265
1766484254.686470,12277.000000000,1766484254.000000000,-15.584612711,-4.445125575,-0.990853667,0.245914155,0.360208448,0.248917754
1766484254.702349,12278.000000000,1766484254.000000000,-15.052455204,-3.142243941,-0.990853667,0.235222235,0.351011636,0.248917754
1766484254.717844,12279.000000000,1766484254.000000000,-15.508590210,-3.908644903,-0.914634154,0.245914155,0.344880429,0.255102046
1766484254.734576,12280.000000000,1766484254.000000000,-14.900410202,-4.215205287,-0.838414641,0.245914155,0.355610042,0.245825608
1766484254.750181,12281.000000000,1766484254.000000000,-14.520297697,-3.602084518,-0.762195129,0.259660909,0.355610042,0.265924557
1766484254.765836,12282.000000000,1766484254.000000000,-15.584612711,-4.828326056,-0.990853667,0.253551240,0.358675646,0.270562776
1766484254.782616,12283.000000000,1766484254.000000000,-15.280522707,-3.755364710,-0.914634154,0.245914155,0.355610042,0.253555973
1766484254.798512,12284.000000000,1766484254.000000000,-15.052455204,-4.521765672,-1.067073180,0.236749652,0.358675646,0.258194192
1766484254.814217,12285.000000000,1766484254.000000000,-15.660635212,-4.521765672,-0.762195129,0.245914155,0.347946032,0.236549170
1766484254.829778,12286.000000000,1766484254.000000000,-14.900410202,-3.985284999,-0.914634154,0.244386737,0.347946032,0.258194192
1766484254.846436,12287.000000000,1766484254.000000000,-15.280522707,-4.904966152,-0.762195129,0.253551240,0.354077240,0.252009900
1766484254.862193,12288.000000000,1766484254.000000000,-14.900410202,-3.908644903,-1.143292693,0.261188326,0.360208448,0.247371681
1766484254.877880,12289.000000000,1766484254.000000000,-13.912117688,-3.832004806,-1.143292693,0.255078657,0.351011636,0.255102046
1766484254.894703,12290.000000000,1766484254.000000000,-15.584612711,-4.598405768,-0.990853667,0.241331903,0.357142844,0.252009900
1766484254.910373,12291.000000000,1766484254.000000000,-15.128477705,-4.368485479,-0.990853667,0.239804486,0.346413230,0.245825608
1766484254.926089,12292.000000000,1766484254.000000000,-15.432567709,-4.368485479,-1.219512206,0.247441572,0.351011636,0.245825608
1766484254.941717,12293.000000000,1766484254.000000000,-14.824387701,-4.521765672,-1.448170744,0.250496406,0.354077240,0.252009900
1766484254.958513,12294.000000000,1766484254.000000000,-15.356545208,-5.518086921,-0.914634154,0.258133491,0.360208448,0.252009900
1766484254.973933,12295.000000000,1766484254.000000000,-15.736657713,-4.215205287,-1.524390257,0.247441572,0.358675646,0.247371681
1766484254.990589,12296.000000000,1766484254.000000000,-14.368252695,-3.678724614,-1.371951231,0.241331903,0.360208448,0.265924557
1766484255.006377,12297.000000000,1766484255.000000000,-15.204500206,-4.061925095,-0.990853667,0.252023823,0.343347627,0.242733462
1766484255.022156,12298.000000000,1766484255.000000000,-14.292230194,-4.215205287,-1.295731719,0.239804486,0.351011636,0.248917754
1766484255.037696,12299.000000000,1766484255.000000000,-14.672342699,-4.445125575,-1.295731719,0.255078657,0.355610042,0.261286338
1766484255.054509,12300.000000000,1766484255.000000000,-14.976432703,-4.751685960,-1.295731719,0.261188326,0.360208448,0.270562776
1766484255.070337,12301.000000000,1766484255.000000000,-15.432567709,-4.751685960,-1.524390257,0.244386737,0.363274051,0.248917754
1766484255.085938,12302.000000000,1766484255.000000000,-14.672342699,-3.832004806,-0.990853667,0.256606074,0.358675646,0.259740265
1766484255.102528,12303.000000000,1766484255.000000000,-15.356545208,-3.755364710,-1.295731719,0.244386737,0.347946032,0.255102046
1766484255.118219,12304.000000000,1766484255.000000000,-14.748365200,-4.215205287,-0.990853667,0.238277069,0.344880429,0.239641316
1766484255.133782,12305.000000000,1766484255.000000000,-15.584612711,-4.138565191,-0.685975616,0.247441572,0.355610042,0.256648119
1766484255.149531,12306.000000000,1766484255.000000000,-14.444275196,-4.368485479,-0.685975616,0.259660909,0.354077240,0.267470630
1766484255.166324,12307.000000000,1766484255.000000000,-14.672342699,-4.138565191,-1.219512206,0.242859320,0.347946032,0.236549170
1766484255.181876,12308.000000000,1766484255.000000000,-15.432567709,-3.985284999,-1.219512206,0.244386737,0.363274051,0.265924557
1766484255.198520,12309.000000000,1766484255.000000000,-14.444275196,-4.291845383,-0.685975616,0.250496406,0.341814825,0.248917754
1766484255.214377,12310.000000000,1766484255.000000000,-15.204500206,-3.985284999,-0.685975616,0.244386737,0.344880429,0.252009900
1766484255.230022,12311.000000000,1766484255.000000000,-14.900410202,-4.291845383,-0.914634154,0.250496406,0.354077240,0.255102046
1766484255.245662,12312.000000000,1766484255.000000000,-15.128477705,-4.215205287,-1.067073180,0.245914155,0.361741249,0.258194192
1766484255.262547,12313.000000000,1766484255.000000000,-14.140185191,-3.678724614,-0.762195129,0.239804486,0.360208448,0.255102046
1766484255.278365,12314.000000000,1766484255.000000000,-15.204500206,-3.908644903,-0.990853667,0.259660909,0.360208448,0.256648119
1766484255.294142,12315.000000000,1766484255.000000000,-15.128477705,-3.602084518,-0.609756103,0.241331903,0.354077240,0.245825608
1766484255.309786,12316.000000000,1766484255.000000000,-15.584612711,-3.832004806,-0.914634154,0.247441572,0.354077240,0.259740265
1766484255.325499,12317.000000000,1766484255.000000000,-14.824387701,-4.291845383,-1.143292693,0.256606074,0.361741249,0.264378484
1766484255.342370,12318.000000000,1766484255.000000000,-15.052455204,-4.445125575,-0.609756103,0.253551240,0.358675646,0.252009900
1766484255.357939,12319.000000000,1766484255.000000000,-14.748365200,-3.678724614,-0.762195129,0.242859320,0.363274051,0.248917754
1766484255.373513,12320.000000000,1766484255.000000000,-14.748365200,-3.678724614,-0.990853667,0.255078657,0.357142844,0.253555973
1766484255.389413,12321.000000000,1766484255.000000000,-14.672342699,-3.985284999,-1.143292693,0.258133491,0.354077240,0.252009900
1766484255.406237,12322.000000000,1766484255.000000000,-15.128477705,-4.521765672,-1.219512206,0.236749652,0.346413230,0.245825608
1766484255.421796,12323.000000000,1766484255.000000000,-14.368252695,-3.755364710,-0.990853667,0.245914155,0.354077240,0.258194192
1766484255.437560,12324.000000000,1766484255.000000000,-14.216207692,-4.368485479,-1.067073180,0.255078657,0.355610042,0.255102046
1766484255.453232,12325.000000000,1766484255.000000000,-14.444275196,-3.832004806,-1.143292693,0.242859320,0.355610042,0.252009900
1766484255.470346,12326.000000000,1766484255.000000000,-15.128477705,-4.751685960,-1.067073180,0.258133491,0.358675646,0.245825608
1766484255.485888,12327.000000000,1766484255.000000000,-15.280522707,-4.215205287,-0.838414641,0.250496406,0.364806853,0.253555973
1766484255.501492,12328.000000000,1766484255.000000000,-14.520297697,-4.138565191,-1.143292693,0.242859320,0.357142844,0.248917754
1766484255.518358,12329.000000000,1766484255.000000000,-14.520297697,-4.368485479,-1.295731719,0.241331903,0.354077240,0.248917754
1766484255.534280,12330.000000000,1766484255.000000000,-15.052455204,-3.908644903,-1.143292693,0.255078657,0.354077240,0.255102046
1766484255.549873,12331.000000000,1766484255.000000000,-14.520297697,-4.291845383,-1.448170744,0.252023823,0.357142844,0.248917754
1766484255.565437,12332.000000000,1766484255.000000000,-14.064162690,-3.755364710,-1.371951231,0.250496406,0.354077240,0.239641316
1766484255.582268,12333.000000000,1766484255.000000000,-14.672342699,-4.445125575,-1.295731719,0.252023823,0.355610042,0.255102046
1766484255.597844,12334.000000000,1766484255.000000000,-14.596320198,-4.904966152,-1.295731719,0.247441572,0.354077240,0.239641316
1766484255.613554,12335.000000000,1766484255.000000000,-14.976432703,-3.908644903,-1.143292693,0.244386737,0.347946032,0.242733462
1766484255.629403,12336.000000000,1766484255.000000000,-15.584612711,-4.215205287,-1.219512206,0.247441572,0.355610042,0.242733462
1766484255.645257,12337.000000000,1766484255.000000000,-14.748365200,-3.908644903,-1.295731719,0.250496406,0.363274051,0.256648119
1766484255.661927,12338.000000000,1766484255.000000000,-15.052455204,-3.908644903,-0.990853667,0.255078657,0.358675646,0.259740265
1766484255.677479,12339.000000000,1766484255.000000000,-15.204500206,-4.598405768,-1.295731719,0.261188326,0.355610042,0.255102046
1766484255.693492,12340.000000000,1766484255.000000000,-15.736657713,-3.755364710,-1.371951231,0.244386737,0.358675646,0.255102046
1766484255.709252,12341.000000000,1766484255.000000000,-15.432567709,-4.061925095,-1.219512206,0.238277069,0.354077240,0.248917754
1766484255.726048,12342.000000000,1766484255.000000000,-14.596320198,-4.138565191,-1.219512206,0.241331903,0.363274051,0.270562776
1766484255.741608,12343.000000000,1766484255.000000000,-15.128477705,-4.445125575,-1.371951231,0.242859320,0.361741249,0.258194192
1766484255.757317,12344.000000000,1766484255.000000000,-15.052455204,-5.058246344,-1.067073180,0.250496406,0.358675646,0.239641316
1766484255.774023,12345.000000000,1766484255.000000000,-14.368252695,-4.061925095,-1.371951231,0.258133491,0.357142844,0.252009900
1766484255.789598,12346.000000000,1766484255.000000000,-15.128477705,-4.598405768,-1.219512206,0.242859320,0.360208448,0.261286338
1766484255.805345,12347.000000000,1766484255.000000000,-15.052455204,-4.368485479,-1.219512206,0.244386737,0.354077240,0.248917754
1766484255.822199,12348.000000000,1766484255.000000000,-14.444275196,-4.521765672,-1.219512206,0.239804486,0.355610042,0.245825608
1766484255.838003,12349.000000000,1766484255.000000000,-15.280522707,-3.372164230,-0.990853667,0.229112566,0.364806853,0.252009900
1766484255.853586,12350.000000000,1766484255.000000000,-15.356545208,-4.445125575,-1.219512206,0.258133491,0.370938061,0.259740265
1766484255.869447,12351.000000000,1766484255.000000000,-14.976432703,-4.291845383,-0.914634154,0.250496406,0.357142844,0.248917754
1766484255.886017,12352.000000000,1766484255.000000000,-14.976432703,-4.521765672,-1.295731719,0.244386737,0.351011636,0.245825608
1766484255.901633,12353.000000000,1766484255.000000000,-14.900410202,-4.521765672,-1.143292693,0.244386737,0.347946032,0.233457024
1766484255.917339,12354.000000000,1766484255.000000000,-14.596320198,-4.215205287,-0.990853667,0.238277069,0.354077240,0.239641316
1766484255.934068,12355.000000000,1766484255.000000000,-14.672342699,-3.985284999,-0.914634154,0.245914155,0.360208448,0.248917754
1766484255.949691,12356.000000000,1766484255.000000000,-14.596320198,-4.675045864,-0.838414641,0.253551240,0.360208448,0.248917754
1766484255.965413,12357.000000000,1766484255.000000000,-14.672342699,-4.598405768,-1.219512206,0.265770577,0.360208448,0.261286338
1766484255.981219,12358.000000000,1766484255.000000000,-14.672342699,-4.598405768,-1.295731719,0.242859320,0.360208448,0.255102046
1766484255.997923,12359.000000000,1766484255.000000000,-15.052455204,-4.445125575,-1.295731719,0.242859320,0.358675646,0.245825608
1766484256.013430,12360.000000000,1766484256.000000000,-14.824387701,-4.904966152,-0.914634154,0.248968989,0.354077240,0.230364878
1766484256.029122,12361.000000000,1766484256.000000000,-14.900410202,-3.832004806,-1.067073180,0.235222235,0.360208448,0.258194192
1766484256.045955,12362.000000000,1766484256.000000000,-14.748365200,-3.755364710,-1.295731719,0.252023823,0.363274051,0.250463827
1766484256.061602,12363.000000000,1766484256.000000000,-14.900410202,-4.215205287,-1.371951231,0.258133491,0.364806853,0.253555973
1766484256.077412,12364.000000000,1766484256.000000000,-14.368252695,-3.755364710,-1.295731719,0.252023823,0.367872457,0.248917754
1766484256.093097,12365.000000000,1766484256.000000000,-15.736657713,-4.368485479,-1.371951231,0.244386737,0.358675646,0.247371681
1766484256.109810,12366.000000000,1766484256.000000000,-15.128477705,-3.678724614,-1.371951231,0.241331903,0.354077240,0.245825608
1766484256.125525,12367.000000000,1766484256.000000000,-14.596320198,-4.445125575,-1.448170744,0.242859320,0.358675646,0.245825608
1766484256.141352,12368.000000000,1766484256.000000000,-14.824387701,-4.291845383,-1.067073180,0.258133491,0.369405259,0.262832411
1766484256.158112,12369.000000000,1766484256.000000000,-15.128477705,-4.138565191,-0.838414641,0.250496406,0.361741249,0.259740265
1766484256.173757,12370.000000000,1766484256.000000000,-13.988140189,-3.908644903,-0.990853667,0.250496406,0.357142844,0.248917754
1766484256.189437,12371.000000000,1766484256.000000000,-15.280522707,-3.602084518,-1.067073180,0.250496406,0.354077240,0.252009900
1766484256.205196,12372.000000000,1766484256.000000000,-16.116770218,-4.445125575,-1.295731719,0.245914155,0.347946032,0.253555973
1766484256.221928,12373.000000000,1766484256.000000000,-14.824387701,-4.138565191,-1.448170744,0.235222235,0.358675646,0.261286338
1766484256.237478,12374.000000000,1766484256.000000000,-14.444275196,-4.291845383,-1.448170744,0.252023823,0.367872457,0.248917754
1766484256.253044,12375.000000000,1766484256.000000000,-14.824387701,-4.368485479,-1.371951231,0.255078657,0.366339655,0.245825608
1766484256.269881,12376.000000000,1766484256.000000000,-15.584612711,-4.904966152,-1.219512206,0.247441572,0.367872457,0.258194192
1766484256.285475,12377.000000000,1766484256.000000000,-14.520297697,-3.908644903,-1.371951231,0.247441572,0.363274051,0.239641316
1766484256.301141,12378.000000000,1766484256.000000000,-15.280522707,-3.525444422,-1.143292693,0.230639983,0.357142844,0.252009900
1766484256.317677,12379.000000000,1766484256.000000000,-14.748365200,-4.215205287,-0.838414641,0.248968989,0.355610042,0.261286338
1766484256.333177,12380.000000000,1766484256.000000000,-14.976432703,-4.368485479,-1.219512206,0.252023823,0.363274051,0.252009900
1766484256.349855,12381.000000000,1766484256.000000000,-15.052455204,-3.602084518,-0.990853667,0.245914155,0.370938061,0.256648119
1766484256.365474,12382.000000000,1766484256.000000000,-15.128477705,-5.211526537,-0.914634154,0.258133491,0.366339655,0.248917754
1766484256.381105,12383.000000000,1766484256.000000000,-15.280522707,-4.521765672,-0.914634154,0.244386737,0.360208448,0.252009900
1766484256.397747,12384.000000000,1766484256.000000000,-14.976432703,-4.215205287,-1.448170744,0.238277069,0.351011636,0.245825608
1766484256.413377,12385.000000000,1766484256.000000000,-14.672342699,-4.061925095,-0.914634154,0.252023823,0.355610042,0.242733462
1766484256.430023,12386.000000000,1766484256.000000000,-15.128477705,-3.985284999,-0.914634154,0.253551240,0.361741249,0.253555973
1766484256.445597,12387.000000000,1766484256.000000000,-14.216207692,-3.218884037,-1.067073180,0.248968989,0.367872457,0.256648119
1766484256.461271,12388.000000000,1766484256.000000000,-14.824387701,-4.291845383,-0.914634154,0.261188326,0.363274051,0.248917754
1766484256.476900,12389.000000000,1766484256.000000000,-15.280522707,-3.908644903,-0.762195129,0.248968989,0.360208448,0.259740265
1766484256.493595,12390.000000000,1766484256.000000000,-14.748365200,-4.521765672,-1.143292693,0.244386737,0.357142844,0.233457024
1766484256.509439,12391.000000000,1766484256.000000000,-15.280522707,-3.985284999,-0.838414641,0.247441572,0.363274051,0.262832411
1766484256.525208,12392.000000000,1766484256.000000000,-15.584612711,-4.291845383,-0.685975616,0.250496406,0.360208448,0.255102046
1766484256.541974,12393.000000000,1766484256.000000000,-15.052455204,-3.602084518,-0.533536590,0.252023823,0.364806853,0.244279535
1766484256.557316,12394.000000000,1766484256.000000000,-15.128477705,-3.908644903,-0.762195129,0.253551240,0.361741249,0.259740265
1766484256.574030,12395.000000000,1766484256.000000000,-14.824387701,-3.908644903,-0.914634154,0.255078657,0.358675646,0.256648119
1766484256.589476,12396.000000000,1766484256.000000000,-15.280522707,-4.291845383,-0.685975616,0.244386737,0.358675646,0.248917754
1766484256.605998,12397.000000000,1766484256.000000000,-14.824387701,-3.985284999,-0.685975616,0.258133491,0.357142844,0.253555973
1766484256.621463,12398.000000000,1766484256.000000000,-15.128477705,-4.291845383,-0.914634154,0.255078657,0.355610042,0.255102046
1766484256.637019,12399.000000000,1766484256.000000000,-15.128477705,-3.755364710,-0.914634154,0.245914155,0.361741249,0.245825608
1766484256.653854,12400.000000000,1766484256.000000000,-15.052455204,-3.985284999,-0.685975616,0.259660909,0.370938061,0.238095243
1766484256.669410,12401.000000000,1766484256.000000000,-15.128477705,-4.368485479,-0.990853667,0.255078657,0.361741249,0.259740265
1766484256.685942,12402.000000000,1766484256.000000000,-15.584612711,-3.295524133,-1.219512206,0.244386737,0.355610042,0.262832411
1766484256.701611,12403.000000000,1766484256.000000000,-14.596320198,-3.602084518,-1.295731719,0.255078657,0.360208448,0.236549170
1766484256.716974,12404.000000000,1766484256.000000000,-14.064162690,-4.138565191,-1.219512206,0.267297994,0.363274051,0.253555973
1766484256.733744,12405.000000000,1766484256.000000000,-15.128477705,-3.218884037,-0.914634154,0.235222235,0.367872457,0.250463827
1766484256.749513,12406.000000000,1766484256.000000000,-15.052455204,-4.138565191,-1.219512206,0.258133491,0.363274051,0.241187389
1766484256.765145,12407.000000000,1766484256.000000000,-15.280522707,-4.061925095,-1.143292693,0.252023823,0.364806853,0.245825608
1766484256.781720,12408.000000000,1766484256.000000000,-14.824387701,-3.602084518,-1.219512206,0.250496406,0.364806853,0.253555973
1766484256.797436,12409.000000000,1766484256.000000000,-15.128477705,-3.908644903,-0.838414641,0.262715743,0.370938061,0.244279535
1766484256.812813,12410.000000000,1766484256.000000000,-15.128477705,-3.832004806,-0.914634154,0.239804486,0.360208448,0.242733462
1766484256.829261,12411.000000000,1766484256.000000000,-14.976432703,-4.061925095,-1.143292693,0.258133491,0.366339655,0.244279535
1766484256.844922,12412.000000000,1766484256.000000000,-14.140185191,-4.368485479,-1.143292693,0.250496406,0.360208448,0.242733462
1766484256.861730,12413.000000000,1766484256.000000000,-14.292230194,-4.061925095,-1.067073180,0.252023823,0.364806853,0.239641316
1766484256.877362,12414.000000000,1766484256.000000000,-15.280522707,-3.602084518,-1.371951231,0.255078657,0.367872457,0.238095243
1766484256.892867,12415.000000000,1766484256.000000000,-14.824387701,-4.751685960,-1.295731719,0.245914155,0.364806853,0.252009900
1766484256.909770,12416.000000000,1766484256.000000000,-15.584612711,-4.445125575,-1.219512206,0.255078657,0.366339655,0.248917754
1766484256.925186,12417.000000000,1766484256.000000000,-14.596320198,-3.908644903,-1.295731719,0.244386737,0.364806853,0.242733462
1766484256.940812,12418.000000000,1766484256.000000000,-14.444275196,-4.061925095,-0.914634154,0.247441572,0.363274051,0.233457024
1766484256.957524,12419.000000000,1766484256.000000000,-15.128477705,-3.448804326,-0.685975616,0.252023823,0.366339655,0.253555973
1766484256.973275,12420.000000000,1766484256.000000000,-14.596320198,-3.985284999,-0.838414641,0.258133491,0.363274051,0.265924557
1766484256.988895,12421.000000000,1766484256.000000000,-14.216207692,-3.602084518,-1.143292693,0.248968989,0.361741249,0.245825608
1766484257.005782,12422.000000000,1766484257.000000000,-14.672342699,-3.908644903,-0.457317077,0.255078657,0.355610042,0.242733462
1766484257.021415,12423.000000000,1766484257.000000000,-14.900410202,-4.751685960,-0.533536590,0.253551240,0.366339655,0.248917754
1766484257.036933,12424.000000000,1766484257.000000000,-14.976432703,-4.291845383,-0.685975616,0.252023823,0.363274051,0.239641316
1766484257.053695,12425.000000000,1766484257.000000000,-14.976432703,-3.908644903,-0.609756103,0.255078657,0.361741249,0.250463827
1766484257.069499,12426.000000000,1766484257.000000000,-14.520297697,-3.602084518,-0.685975616,0.255078657,0.363274051,0.259740265
1766484257.085502,12427.000000000,1766484257.000000000,-14.824387701,-3.448804326,-0.685975616,0.253551240,0.364806853,0.259740265
1766484257.101228,12428.000000000,1766484257.000000000,-15.280522707,-4.215205287,-0.838414641,0.253551240,0.363274051,0.255102046
1766484257.116837,12429.000000000,1766484257.000000000,-15.128477705,-4.215205287,-0.533536590,0.253551240,0.360208448,0.250463827
1766484257.133648,12430.000000000,1766484257.000000000,-15.432567709,-3.678724614,-0.762195129,0.255078657,0.363274051,0.253555973
1766484257.149122,12431.000000000,1766484257.000000000,-14.520297697,-4.291845383,-0.838414641,0.252023823,0.363274051,0.239641316
1766484257.164780,12432.000000000,1766484257.000000000,-15.584612711,-4.904966152,-0.457317077,0.255078657,0.364806853,0.248917754
1766484257.181645,12433.000000000,1766484257.000000000,-15.432567709,-4.598405768,-0.914634154,0.252023823,0.369405259,0.245825608
1766484257.197515,12434.000000000,1766484257.000000000,-14.672342699,-3.755364710,-1.219512206,0.248968989,0.361741249,0.233457024
1766484257.213284,12435.000000000,1766484257.000000000,-15.280522707,-3.755364710,-0.762195129,0.252023823,0.366339655,0.256648119
1766484257.228895,12436.000000000,1766484257.000000000,-14.672342699,-3.448804326,-1.067073180,0.252023823,0.361741249,0.247371681
1766484257.245598,12437.000000000,1766484257.000000000,-15.052455204,-4.291845383,-0.990853667,0.252023823,0.370938061,0.256648119
1766484257.261202,12438.000000000,1766484257.000000000,-15.432567709,-3.755364710,-0.990853667,0.252023823,0.363274051,0.259740265
1766484257.276862,12439.000000000,1766484257.000000000,-15.128477705,-4.445125575,-1.067073180,0.247441572,0.366339655,0.244279535
1766484257.292796,12440.000000000,1766484257.000000000,-15.280522707,-4.368485479,-1.067073180,0.250496406,0.360208448,0.233457024
1766484257.309698,12441.000000000,1766484257.000000000,-15.280522707,-3.755364710,-1.067073180,0.250496406,0.360208448,0.252009900
1766484257.325425,12442.000000000,1766484257.000000000,-14.672342699,-3.908644903,-1.067073180,0.248968989,0.360208448,0.247371681
1766484257.341228,12443.000000000,1766484257.000000000,-15.280522707,-3.908644903,-0.914634154,0.255078657,0.364806853,0.252009900
1766484257.356700,12444.000000000,1766484257.000000000,-14.672342699,-3.602084518,-0.914634154,0.255078657,0.363274051,0.248917754
1766484257.373660,12445.000000000,1766484257.000000000,-15.280522707,-3.908644903,-1.295731719,0.248968989,0.363274051,0.248917754
1766484257.389369,12446.000000000,1766484257.000000000,-15.128477705,-3.908644903,-1.067073180,0.252023823,0.361741249,0.258194192
1766484257.405115,12447.000000000,1766484257.000000000,-15.128477705,-3.908644903,-0.914634154,0.255078657,0.361741249,0.233457024
1766484257.420640,12448.000000000,1766484257.000000000,-15.280522707,-3.602084518,-1.219512206,0.248968989,0.364806853,0.245825608
1766484257.437528,12449.000000000,1766484257.000000000,-14.824387701,-4.904966152,-1.143292693,0.245914155,0.370938061,0.250463827
1766484257.453034,12450.000000000,1766484257.000000000,-14.368252695,-3.908644903,-1.448170744,0.252023823,0.366339655,0.250463827
1766484257.468699,12451.000000000,1766484257.000000000,-14.672342699,-3.142243941,-1.143292693,0.247441572,0.361741249,0.245825608
1766484257.485513,12452.000000000,1766484257.000000000,-15.052455204,-3.295524133,-0.762195129,0.250496406,0.363274051,0.245825608
1766484257.501010,12453.000000000,1766484257.000000000,-15.128477705,-3.448804326,-0.914634154,0.255078657,0.361741249,0.252009900
1766484257.516551,12454.000000000,1766484257.000000000,-14.672342699,-3.908644903,-0.914634154,0.250496406,0.369405259,0.245825608
1766484257.533103,12455.000000000,1766484257.000000000,-14.900410202,-4.215205287,-1.067073180,0.255078657,0.366339655,0.241187389
1766484257.548727,12456.000000000,1766484257.000000000,-15.128477705,-3.602084518,-1.143292693,0.252023823,0.372470863,0.252009900
1766484257.565539,12457.000000000,1766484257.000000000,-14.520297697,-4.061925095,-1.067073180,0.253551240,0.364806853,0.230364878
1766484257.581112,12458.000000000,1766484257.000000000,-14.748365200,-4.368485479,-1.067073180,0.262715743,0.370938061,0.239641316
1766484257.596585,12459.000000000,1766484257.000000000,-15.128477705,-3.218884037,-0.990853667,0.226057732,0.366339655,0.252009900
1766484257.613559,12460.000000000,1766484257.000000000,-15.660635212,-4.368485479,-1.219512206,0.273407663,0.374003665,0.242733462
1766484257.629203,12461.000000000,1766484257.000000000,-15.204500206,-3.602084518,-1.067073180,0.259660909,0.361741249,0.239641316
1766484257.644945,12462.000000000,1766484257.000000000,-15.280522707,-3.678724614,-0.609756103,0.221475481,0.364806853,0.244279535
1766484257.660441,12463.000000000,1766484257.000000000,-15.204500206,-4.445125575,-0.685975616,0.265770577,0.375536467,0.233457024
1766484257.677357,12464.000000000,1766484257.000000000,-14.976432703,-3.602084518,-0.838414641,0.252023823,0.361741249,0.236549170
1766484257.692895,12465.000000000,1766484257.000000000,-14.976432703,-2.912323653,-0.838414641,0.230639983,0.375536467,0.244279535
1766484257.708563,12466.000000000,1766484257.000000000,-15.052455204,-4.215205287,-1.143292693,0.271880245,0.369405259,0.241187389
1766484257.725450,12467.000000000,1766484257.000000000,-14.672342699,-3.908644903,-1.067073180,0.252023823,0.366339655,0.253555973
1766484257.741131,12468.000000000,1766484257.000000000,-15.432567709,-3.218884037,-0.762195129,0.224530315,0.361741249,0.236549170
1766484257.756667,12469.000000000,1766484257.000000000,-15.660635212,-4.904966152,-1.067073180,0.267297994,0.378602070,0.250463827
1766484257.772330,12470.000000000,1766484257.000000000,-15.052455204,-3.755364710,-0.609756103,0.245914155,0.370938061,0.247371681
1766484257.789127,12471.000000000,1766484257.000000000,-14.976432703,-3.525444422,-0.838414641,0.241331903,0.375536467,0.250463827
1766484257.804717,12472.000000000,1766484257.000000000,-15.508590210,-4.751685960,-0.990853667,0.271880245,0.369405259,0.241187389
1766484257.820458,12473.000000000,1766484257.000000000,-14.824387701,-3.678724614,-0.838414641,0.233694818,0.377069269,0.244279535
1766484257.837387,12474.000000000,1766484257.000000000,-14.900410202,-3.448804326,-1.143292693,0.250496406,0.366339655,0.250463827
1766484257.852834,12475.000000000,1766484257.000000000,-14.900410202,-4.598405768,-0.762195129,0.273407663,0.372470863,0.238095243
1766484257.868573,12476.000000000,1766484257.000000000,-14.520297697,-3.678724614,-0.685975616,0.235222235,0.361741249,0.236549170
1766484257.884415,12477.000000000,1766484257.000000000,-14.976432703,-4.061925095,-0.914634154,0.255078657,0.375536467,0.244279535
1766484257.901266,12478.000000000,1766484257.000000000,-14.976432703,-4.291845383,-0.990853667,0.270352828,0.361741249,0.238095243
1766484257.916768,12479.000000000,1766484257.000000000,-14.064162690,-3.755364710,-0.762195129,0.242859320,0.369405259,0.250463827
1766484257.932447,12480.000000000,1766484257.000000000,-14.672342699,-3.755364710,-1.295731719,0.247441572,0.367872457,0.230364878
1766484257.949307,12481.000000000,1766484257.000000000,-15.356545208,-4.598405768,-1.067073180,0.267297994,0.374003665,0.247371681
1766484257.965015,12482.000000000,1766484257.000000000,-14.444275196,-3.448804326,-0.762195129,0.242859320,0.367872457,0.241187389
1766484257.980401,12483.000000000,1766484257.000000000,-14.748365200,-4.368485479,-1.143292693,0.252023823,0.370938061,0.239641316
1766484257.997299,12484.000000000,1766484257.000000000,-14.748365200,-3.908644903,-1.067073180,0.268825411,0.361741249,0.241187389
1766484258.012811,12485.000000000,1766484258.000000000,-14.900410202,-3.602084518,-0.990853667,0.247441572,0.374003665,0.247371681
1766484258.028513,12486.000000000,1766484258.000000000,-15.128477705,-3.448804326,-0.838414641,0.248968989,0.374003665,0.238095243
1766484258.044164,12487.000000000,1766484258.000000000,-14.444275196,-4.061925095,-1.295731719,0.265770577,0.378602070,0.247371681
1766484258.060833,12488.000000000,1766484258.000000000,-14.824387701,-3.525444422,-1.219512206,0.239804486,0.378602070,0.241187389
1766484258.076301,12489.000000000,1766484258.000000000,-15.052455204,-3.908644903,-0.914634154,0.258133491,0.375536467,0.238095243
1766484258.093187,12490.000000000,1766484258.000000000,-15.660635212,-4.061925095,-0.914634154,0.265770577,0.375536467,0.247371681
1766484258.108871,12491.000000000,1766484258.000000000,-15.280522707,-3.372164230,-0.990853667,0.238277069,0.374003665,0.241187389
1766484258.124376,12492.000000000,1766484258.000000000,-15.052455204,-3.755364710,-1.067073180,0.265770577,0.370938061,0.231910951
1766484258.141193,12493.000000000,1766484258.000000000,-15.204500206,-4.215205287,-0.609756103,0.258133491,0.380134872,0.241187389
1766484258.156891,12494.000000000,1766484258.000000000,-15.280522707,-2.988963749,-0.533536590,0.244386737,0.370938061,0.244279535
1766484258.172403,12495.000000000,1766484258.000000000,-14.748365200,-3.602084518,-0.609756103,0.258133491,0.374003665,0.244279535
1766484258.188314,12496.000000000,1766484258.000000000,-15.356545208,-4.368485479,-0.914634154,0.264243160,0.370938061,0.235003097
1766484258.205221,12497.000000000,1766484258.000000000,-15.128477705,-3.065603845,-0.304878051,0.238277069,0.367872457,0.244279535
1766484258.220784,12498.000000000,1766484258.000000000,-15.204500206,-4.138565191,-0.533536590,0.268825411,0.374003665,0.244279535
1766484258.236540,12499.000000000,1766484258.000000000,-15.280522707,-4.215205287,-0.990853667,0.255078657,0.377069269,0.238095243
1766484258.253373,12500.000000000,1766484258.000000000,-14.672342699,-3.295524133,-0.838414641,0.242859320,0.374003665,0.231910951
1766484258.268939,12501.000000000,1766484258.000000000,-14.596320198,-3.602084518,-0.685975616,0.255078657,0.378602070,0.238095243
1766484258.284657,12502.000000000,1766484258.000000000,-14.520297697,-3.908644903,-0.609756103,0.268825411,0.367872457,0.241187389
1766484258.300471,12503.000000000,1766484258.000000000,-15.128477705,-2.912323653,-0.762195129,0.239804486,0.372470863,0.238095243
1766484258.317387,12504.000000000,1766484258.000000000,-15.356545208,-3.755364710,-0.685975616,0.261188326,0.372470863,0.225726659
1766484258.332883,12505.000000000,1766484258.000000000,-14.596320198,-4.291845383,-0.609756103,0.265770577,0.369405259,0.238095243
1766484258.348674,12506.000000000,1766484258.000000000,-15.128477705,-3.525444422,-0.990853667,0.239804486,0.375536467,0.235003097
1766484258.364359,12507.000000000,1766484258.000000000,-14.672342699,-3.295524133,-0.609756103,0.261188326,0.378602070,0.238095243
1766484258.381325,12508.000000000,1766484258.000000000,-14.596320198,-3.142243941,-0.533536590,0.270352828,0.369405259,0.238095243
1766484258.397014,12509.000000000,1766484258.000000000,-15.280522707,-2.835683557,-0.304878051,0.238277069,0.372470863,0.241187389
1766484258.412643,12510.000000000,1766484258.000000000,-14.520297697,-3.832004806,-0.304878051,0.264243160,0.374003665,0.241187389
1766484258.428443,12511.000000000,1766484258.000000000,-14.672342699,-3.678724614,-0.533536590,0.264243160,0.384733278,0.235003097
1766484258.444997,12512.000000000,1766484258.000000000,-14.672342699,-3.295524133,-0.228658539,0.241331903,0.380134872,0.235003097
1766484258.460598,12513.000000000,1766484258.000000000,-15.204500206,-3.602084518,-0.228658539,0.270352828,0.380134872,0.235003097
1766484258.476170,12514.000000000,1766484258.000000000,-15.204500206,-3.525444422,-0.228658539,0.261188326,0.380134872,0.235003097
1766484258.492894,12515.000000000,1766484258.000000000,-14.976432703,-2.759043461,-0.076219513,0.250496406,0.381667674,0.235003097
1766484258.508433,12516.000000000,1766484258.000000000,-15.508590210,-3.985284999,-0.152439026,0.267297994,0.375536467,0.225726659
1766484258.524389,12517.000000000,1766484258.000000000,-15.128477705,-4.138565191,-0.304878051,0.270352828,0.383200476,0.231910951
1766484258.540139,12518.000000000,1766484258.000000000,-15.432567709,-2.835683557,0.304878051,0.248968989,0.374003665,0.244279535
1766484258.556788,12519.000000000,1766484258.000000000,-14.824387701,-3.755364710,-0.304878051,0.271880245,0.389331684,0.235003097
1766484258.572482,12520.000000000,1766484258.000000000,-14.444275196,-4.138565191,-0.152439026,0.264243160,0.378602070,0.241187389
1766484258.589142,12521.000000000,1766484258.000000000,-14.520297697,-3.142243941,-0.762195129,0.252023823,0.381667674,0.235003097
1766484258.604705,12522.000000000,1766484258.000000000,-15.052455204,-3.908644903,-0.457317077,0.267297994,0.375536467,0.231910951
1766484258.620453,12523.000000000,1766484258.000000000,-15.204500206,-3.142243941,-0.304878051,0.262715743,0.375536467,0.235003097
1766484258.636097,12524.000000000,1766484258.000000000,-14.672342699,-2.835683557,-0.457317077,0.244386737,0.380134872,0.222634513
1766484258.652749,12525.000000000,1766484258.000000000,-14.140185191,-3.908644903,-1.067073180,0.276462497,0.390864486,0.222634513
1766484258.668638,12526.000000000,1766484258.000000000,-15.204500206,-3.755364710,-0.457317077,0.258133491,0.380134872,0.228818805
1766484258.684532,12527.000000000,1766484258.000000000,-14.900410202,-2.988963749,-0.152439026,0.256606074,0.378602070,0.241187389
1766484258.700193,12528.000000000,1766484258.000000000,-14.368252695,-3.372164230,0.304878051,0.277989914,0.383200476,0.216450221
1766484258.716032,12529.000000000,1766484258.000000000,-14.824387701,-2.988963749,-0.381097564,0.256606074,0.387798882,0.235003097
1766484258.732827,12530.000000000,1766484258.000000000,-14.672342699,-3.525444422,-0.228658539,0.256606074,0.384733278,0.228818805
1766484258.748580,12531.000000000,1766484258.000000000,-14.824387701,-3.218884037,0.000000000,0.274935080,0.387798882,0.222634513
1766484258.764378,12532.000000000,1766484258.000000000,-14.976432703,-4.138565191,-0.076219513,0.264243160,0.384733278,0.231910951
1766484258.779971,12533.000000000,1766484258.000000000,-15.128477705,-3.448804326,0.000000000,0.252023823,0.380134872,0.222634513
1766484258.796689,12534.000000000,1766484258.000000000,-14.444275196,-4.061925095,-0.533536590,0.279517331,0.378602070,0.222634513
1766484258.812289,12535.000000000,1766484258.000000000,-15.204500206,-3.448804326,-0.076219513,0.258133491,0.384733278,0.228818805
1766484258.828173,12536.000000000,1766484258.000000000,-15.508590210,-2.682403364,-0.381097564,0.261188326,0.386266080,0.230364878
1766484258.844893,12537.000000000,1766484258.000000000,-14.368252695,-3.602084518,-0.228658539,0.270352828,0.383200476,0.241187389
1766484258.860615,12538.000000000,1766484258.000000000,-14.900410202,-3.602084518,-0.381097564,0.261188326,0.383200476,0.228818805
1766484258.876230,12539.000000000,1766484258.000000000,-14.596320198,-3.448804326,-0.381097564,0.252023823,0.383200476,0.238095243
1766484258.892051,12540.000000000,1766484258.000000000,-15.052455204,-3.448804326,-0.381097564,0.282572165,0.381667674,0.216450221
1766484258.908653,12541.000000000,1766484258.000000000,-15.356545208,-2.988963749,-0.152439026,0.264243160,0.383200476,0.216450221
1766484258.924409,12542.000000000,1766484258.000000000,-15.052455204,-2.988963749,0.152439026,0.252023823,0.383200476,0.231910951
1766484258.940107,12543.000000000,1766484258.000000000,-14.976432703,-3.755364710,-0.228658539,0.281044748,0.386266080,0.228818805
1766484258.956865,12544.000000000,1766484258.000000000,-14.976432703,-2.988963749,-0.076219513,0.258133491,0.384733278,0.225726659
1766484258.972176,12545.000000000,1766484258.000000000,-15.128477705,-2.988963749,-0.076219513,0.255078657,0.384733278,0.228818805
1766484258.988030,12546.000000000,1766484258.000000000,-14.900410202,-3.448804326,-0.304878051,0.284099582,0.384733278,0.219542367
1766484259.004541,12547.000000000,1766484259.000000000,-15.660635212,-2.835683557,-0.076219513,0.262715743,0.387798882,0.230364878
1766484259.020306,12548.000000000,1766484259.000000000,-14.748365200,-3.448804326,-0.076219513,0.264243160,0.380134872,0.228818805
1766484259.036086,12549.000000000,1766484259.000000000,-15.052455204,-2.988963749,0.000000000,0.284099582,0.387798882,0.221088440
1766484259.052646,12550.000000000,1766484259.000000000,-14.748365200,-3.295524133,-0.076219513,0.258133491,0.386266080,0.207173783
1766484259.068204,12551.000000000,1766484259.000000000,-14.672342699,-3.142243941,0.685975616,0.262715743,0.381667674,0.227272732
1766484259.084875,12552.000000000,1766484259.000000000,-14.976432703,-3.602084518,-0.152439026,0.285626999,0.380134872,0.213358075
1766484259.100376,12553.000000000,1766484259.000000000,-14.900410202,-3.448804326,-0.228658539,0.253551240,0.386266080,0.216450221
1766484259.116069,12554.000000000,1766484259.000000000,-14.292230194,-2.375842980,0.076219513,0.277989914,0.389331684,0.221088440
1766484259.132676,12555.000000000,1766484259.000000000,-14.596320198,-2.835683557,-0.152439026,0.271880245,0.390864486,0.221088440
1766484259.148452,12556.000000000,1766484259.000000000,-14.748365200,-2.835683557,0.152439026,0.262715743,0.390864486,0.219542367
1766484259.164020,12557.000000000,1766484259.000000000,-14.596320198,-2.988963749,-0.381097564,0.265770577,0.389331684,0.210265929
1766484259.180482,12558.000000000,1766484259.000000000,-15.204500206,-3.448804326,-0.076219513,0.285626999,0.380134872,0.230364878
1766484259.195987,12559.000000000,1766484259.000000000,-15.356545208,-2.682403364,0.152439026,0.258133491,0.396995693,0.216450221
1766484259.212718,12560.000000000,1766484259.000000000,-14.824387701,-3.602084518,0.076219513,0.271880245,0.398528495,0.219542367
1766484259.228432,12561.000000000,1766484259.000000000,-14.748365200,-3.295524133,0.381097564,0.281044748,0.390864486,0.216450221
1766484259.244129,12562.000000000,1766484259.000000000,-15.128477705,-2.835683557,-0.152439026,0.255078657,0.386266080,0.219542367
1766484259.259722,12563.000000000,1766484259.000000000,-14.672342699,-2.682403364,-0.228658539,0.277989914,0.390864486,0.221088440
1766484259.276551,12564.000000000,1766484259.000000000,-14.216207692,-3.755364710,0.304878051,0.293264085,0.386266080,0.211812002
1766484259.292161,12565.000000000,1766484259.000000000,-14.748365200,-3.142243941,0.076219513,0.255078657,0.393930089,0.213358075
1766484259.307640,12566.000000000,1766484259.000000000,-14.368252695,-2.988963749,0.228658539,0.279517331,0.389331684,0.216450221
1766484259.324546,12567.000000000,1766484259.000000000,-13.684050185,-2.682403364,0.533536590,0.281044748,0.390864486,0.210265929
1766484259.340409,12568.000000000,1766484259.000000000,-14.900410202,-2.222562788,0.152439026,0.258133491,0.389331684,0.216450221
1766484259.356091,12569.000000000,1766484259.000000000,-13.836095187,-2.375842980,0.457317077,0.273407663,0.393930089,0.210265929
1766484259.371834,12570.000000000,1766484259.000000000,-14.748365200,-2.988963749,0.533536590,0.290209251,0.390864486,0.217996294
1766484259.388549,12571.000000000,1766484259.000000000,-14.292230194,-1.839362307,0.914634154,0.258133491,0.390864486,0.219542367
1766484259.404168,12572.000000000,1766484259.000000000,-14.672342699,-3.218884037,0.457317077,0.282572165,0.396995693,0.216450221
1766484259.420870,12573.000000000,1766484259.000000000,-14.672342699,-3.755364710,0.457317077,0.282572165,0.396995693,0.207173783
1766484259.436525,12574.000000000,1766484259.000000000,-14.216207692,-2.452483076,0.685975616,0.261188326,0.390864486,0.216450221
1766484259.452200,12575.000000000,1766484259.000000000,-14.520297697,-3.525444422,0.228658539,0.282572165,0.393930089,0.199443417
1766484259.467698,12576.000000000,1766484259.000000000,-14.520297697,-3.525444422,0.762195129,0.287154417,0.386266080,0.202535564
1766484259.484468,12577.000000000,1766484259.000000000,-14.444275196,-1.916002403,0.762195129,0.267297994,0.393930089,0.207173783
1766484259.500251,12578.000000000,1766484259.000000000,-14.824387701,-2.759043461,0.914634154,0.277989914,0.393930089,0.204081637
1766484259.515809,12579.000000000,1766484259.000000000,-14.672342699,-3.602084518,0.609756103,0.293264085,0.396995693,0.205627710
1766484259.532757,12580.000000000,1766484259.000000000,-14.292230194,-2.299202884,0.685975616,0.264243160,0.393930089,0.200989490
1766484259.548405,12581.000000000,1766484259.000000000,-14.672342699,-3.448804326,0.838414641,0.288681834,0.386266080,0.208719856
1766484259.564296,12582.000000000,1766484259.000000000,-14.368252695,-2.759043461,0.838414641,0.284099582,0.393930089,0.207173783
1766484259.579829,12583.000000000,1766484259.000000000,-14.976432703,-2.759043461,1.371951231,0.267297994,0.401594099,0.207173783
1766484259.596541,12584.000000000,1766484259.000000000,-14.368252695,-3.218884037,0.914634154,0.291736668,0.406192505,0.214904148
1766484259.612185,12585.000000000,1766484259.000000000,-14.672342699,-2.835683557,1.067073180,0.294791502,0.390864486,0.187074833
1766484259.627719,12586.000000000,1766484259.000000000,-14.444275196,-2.222562788,0.762195129,0.261188326,0.393930089,0.207173783
1766484259.644413,12587.000000000,1766484259.000000000,-13.760072686,-2.759043461,0.685975616,0.288681834,0.396995693,0.217996294
1766484259.660083,12588.000000000,1766484259.000000000,-14.520297697,-2.682403364,0.838414641,0.279517331,0.393930089,0.193259125
1766484259.675750,12589.000000000,1766484259.000000000,-14.672342699,-2.759043461,0.990853667,0.270352828,0.401594099,0.207173783
1766484259.691442,12590.000000000,1766484259.000000000,-14.520297697,-2.682403364,0.533536590,0.297846336,0.398528495,0.217996294
1766484259.708069,12591.000000000,1766484259.000000000,-14.900410202,-2.835683557,0.762195129,0.282572165,0.401594099,0.210265929
1766484259.723688,12592.000000000,1766484259.000000000,-14.368252695,-2.299202884,0.914634154,0.267297994,0.398528495,0.207173783
1766484259.740611,12593.000000000,1766484259.000000000,-13.684050185,-2.529123172,1.067073180,0.296318919,0.396995693,0.211812002
1766484259.756486,12594.000000000,1766484259.000000000,-14.596320198,-2.299202884,0.762195129,0.296318919,0.393930089,0.208719856
1766484259.772135,12595.000000000,1766484259.000000000,-14.672342699,-2.222562788,0.914634154,0.267297994,0.396995693,0.207173783
1766484259.787695,12596.000000000,1766484259.000000000,-14.292230194,-2.912323653,0.990853667,0.297846336,0.393930089,0.208719856
1766484259.804398,12597.000000000,1766484259.000000000,-13.988140189,-2.988963749,0.838414641,0.284099582,0.396995693,0.197897344
1766484259.819890,12598.000000000,1766484259.000000000,-15.052455204,-2.375842980,0.457317077,0.264243160,0.400061297,0.197897344
1766484259.835642,12599.000000000,1766484259.000000000,-14.672342699,-3.295524133,0.685975616,0.300901171,0.403126901,0.202535564
1766484259.852387,12600.000000000,1766484259.000000000,-14.900410202,-2.988963749,0.685975616,0.285626999,0.390864486,0.200989490
1766484259.867932,12601.000000000,1766484259.000000000,-13.684050185,-1.839362307,1.067073180,0.265770577,0.406192505,0.207173783
1766484259.883539,12602.000000000,1766484259.000000000,-14.520297697,-3.295524133,0.838414641,0.300901171,0.393930089,0.199443417
1766484259.900397,12603.000000000,1766484259.000000000,-14.520297697,-2.222562788,0.762195129,0.285626999,0.390864486,0.204081637
1766484259.915755,12604.000000000,1766484259.000000000,-14.596320198,-2.988963749,1.219512206,0.262715743,0.406192505,0.213358075
1766484259.932475,12605.000000000,1766484259.000000000,-13.912117688,-3.602084518,0.990853667,0.299373753,0.401594099,0.202535564
1766484259.948252,12606.000000000,1766484259.000000000,-14.824387701,-2.529123172,0.762195129,0.296318919,0.400061297,0.199443417
1766484259.963964,12607.000000000,1766484259.000000000,-14.064162690,-2.529123172,0.990853667,0.265770577,0.404659703,0.190166979
1766484259.979579,12608.000000000,1766484259.000000000,-14.520297697,-2.988963749,1.067073180,0.307010839,0.404659703,0.196351271
1766484259.996345,12609.000000000,1766484259.000000000,-14.672342699,-2.529123172,1.295731719,0.287154417,0.401594099,0.196351271
1766484260.012016,12610.000000000,1766484260.000000000,-13.988140189,-2.069282595,1.295731719,0.271880245,0.401594099,0.194805198
1766484260.027522,12611.000000000,1766484260.000000000,-14.596320198,-2.682403364,0.914634154,0.297846336,0.401594099,0.199443417
1766484260.044412,12612.000000000,1766484260.000000000,-14.520297697,-2.835683557,0.762195129,0.288681834,0.393930089,0.187074833
1766484260.060130,12613.000000000,1766484260.000000000,-15.128477705,-1.839362307,0.990853667,0.271880245,0.407725307,0.204081637
1766484260.075693,12614.000000000,1766484260.000000000,-14.368252695,-3.295524133,1.448170744,0.310065673,0.407725307,0.199443417
1766484260.091534,12615.000000000,1766484260.000000000,-14.140185191,-2.069282595,0.990853667,0.271880245,0.393930089,0.194805198
1766484260.108226,12616.000000000,1766484260.000000000,-13.988140189,-1.762722211,0.914634154,0.290209251,0.390864486,0.205627710
1766484260.123761,12617.000000000,1766484260.000000000,-13.760072686,-2.835683557,0.838414641,0.300901171,0.403126901,0.190166979
1766484260.139498,12618.000000000,1766484260.000000000,-14.216207692,-2.375842980,0.838414641,0.281044748,0.390864486,0.200989490
1766484260.156463,12619.000000000,1766484260.000000000,-14.444275196,-2.375842980,0.533536590,0.299373753,0.403126901,0.211812002
1766484260.172107,12620.000000000,1766484260.000000000,-14.596320198,-1.916002403,0.533536590,0.281044748,0.401594099,0.200989490
1766484260.187621,12621.000000000,1766484260.000000000,-14.596320198,-3.142243941,1.067073180,0.282572165,0.406192505,0.207173783
1766484260.204477,12622.000000000,1766484260.000000000,-14.596320198,-2.222562788,0.838414641,0.287154417,0.401594099,0.193259125
1766484260.220070,12623.000000000,1766484260.000000000,-14.292230194,-2.069282595,0.762195129,0.290209251,0.396995693,0.202535564
1766484260.235595,12624.000000000,1766484260.000000000,-14.672342699,-2.835683557,0.914634154,0.284099582,0.401594099,0.207173783
1766484260.252324,12625.000000000,1766484260.000000000,-14.292230194,-1.532801923,0.990853667,0.285626999,0.398528495,0.207173783
1766484260.268066,12626.000000000,1766484260.000000000,-14.444275196,-2.069282595,0.685975616,0.285626999,0.403126901,0.207173783
1766484260.283584,12627.000000000,1766484260.000000000,-13.684050185,-1.456161826,0.914634154,0.282572165,0.393930089,0.210265929
1766484260.300338,12628.000000000,1766484260.000000000,-14.292230194,-2.375842980,0.609756103,0.293264085,0.398528495,0.208719856
1766484260.315965,12629.000000000,1766484260.000000000,-14.140185191,-2.529123172,0.990853667,0.284099582,0.398528495,0.204081637
1766484260.331396,12630.000000000,1766484260.000000000,-14.368252695,-2.835683557,0.914634154,0.290209251,0.400061297,0.199443417
1766484260.348359,12631.000000000,1766484260.000000000,-14.520297697,-2.375842980,0.762195129,0.287154417,0.398528495,0.196351271
1766484260.363995,12632.000000000,1766484260.000000000,-14.216207692,-2.069282595,0.762195129,0.288681834,0.396995693,0.202535564
1766484260.379508,12633.000000000,1766484260.000000000,-14.368252695,-2.529123172,0.838414641,0.288681834,0.401594099,0.202535564
1766484260.396379,12634.000000000,1766484260.000000000,-14.216207692,-2.069282595,0.838414641,0.285626999,0.396995693,0.200989490
1766484260.411846,12635.000000000,1766484260.000000000,-14.824387701,-2.375842980,0.685975616,0.288681834,0.400061297,0.205627710
1766484260.427441,12636.000000000,1766484260.000000000,-14.596320198,-1.916002403,0.914634154,0.287154417,0.398528495,0.196351271
1766484260.444276,12637.000000000,1766484260.000000000,-14.672342699,-2.529123172,0.685975616,0.287154417,0.403126901,0.196351271
1766484260.459925,12638.000000000,1766484260.000000000,-14.368252695,-2.375842980,0.990853667,0.290209251,0.398528495,0.199443417
1766484260.475533,12639.000000000,1766484260.000000000,-14.900410202,-2.682403364,0.990853667,0.285626999,0.401594099,0.210265929
1766484260.491220,12640.000000000,1766484260.000000000,-14.140185191,-2.988963749,1.143292693,0.287154417,0.398528495,0.196351271
1766484260.507900,12641.000000000,1766484260.000000000,-14.064162690,-3.295524133,0.838414641,0.287154417,0.400061297,0.214904148
1766484260.523553,12642.000000000,1766484260.000000000,-14.596320198,-2.069282595,0.838414641,0.291736668,0.401594099,0.199443417
1766484260.539350,12643.000000000,1766484260.000000000,-14.520297697,-2.222562788,0.990853667,0.284099582,0.396995693,0.213358075
1766484260.556152,12644.000000000,1766484260.000000000,-14.444275196,-2.529123172,0.762195129,0.285626999,0.403126901,0.200989490
1766484260.571922,12645.000000000,1766484260.000000000,-14.900410202,-2.682403364,0.838414641,0.285626999,0.401594099,0.204081637
1766484260.587445,12646.000000000,1766484260.000000000,-15.128477705,-2.069282595,0.914634154,0.291736668,0.401594099,0.205627710
1766484260.604359,12647.000000000,1766484260.000000000,-14.064162690,-2.222562788,0.609756103,0.285626999,0.404659703,0.210265929
1766484260.619922,12648.000000000,1766484260.000000000,-14.596320198,-2.375842980,0.914634154,0.287154417,0.398528495,0.202535564
1766484260.635492,12649.000000000,1766484260.000000000,-13.912117688,-2.529123172,0.914634154,0.282572165,0.400061297,0.213358075
1766484260.651403,12650.000000000,1766484260.000000000,-14.672342699,-2.375842980,0.990853667,0.281044748,0.401594099,0.213358075
1766484260.668092,12651.000000000,1766484260.000000000,-14.368252695,-2.988963749,0.762195129,0.285626999,0.400061297,0.213358075
1766484260.683586,12652.000000000,1766484260.000000000,-14.824387701,-2.988963749,1.067073180,0.285626999,0.398528495,0.194805198
1766484260.699439,12653.000000000,1766484260.000000000,-14.444275196,-2.529123172,0.762195129,0.285626999,0.403126901,0.200989490
1766484260.716236,12654.000000000,1766484260.000000000,-14.292230194,-2.682403364,0.762195129,0.287154417,0.404659703,0.193259125
1766484260.731871,12655.000000000,1766484260.000000000,-13.684050185,-3.295524133,0.457317077,0.284099582,0.401594099,0.204081637
1766484260.747621,12656.000000000,1766484260.000000000,-14.444275196,-2.682403364,0.990853667,0.285626999,0.401594099,0.216450221
1766484260.763370,12657.000000000,1766484260.000000000,-13.608027684,-2.069282595,1.067073180,0.284099582,0.398528495,0.197897344
1766484260.779911,12658.000000000,1766484260.000000000,-14.596320198,-2.529123172,1.295731719,0.284099582,0.398528495,0.197897344
1766484260.795454,12659.000000000,1766484260.000000000,-14.976432703,-2.375842980,1.067073180,0.287154417,0.396995693,0.208719856
1766484260.812280,12660.000000000,1766484260.000000000,-14.748365200,-2.145922692,0.990853667,0.285626999,0.398528495,0.204081637
1766484260.827857,12661.000000000,1766484260.000000000,-13.836095187,-2.452483076,1.143292693,0.285626999,0.398528495,0.200989490
1766484260.843567,12662.000000000,1766484260.000000000,-14.672342699,-2.299202884,0.762195129,0.288681834,0.396995693,0.205627710
1766484260.859499,12663.000000000,1766484260.000000000,-14.596320198,-2.529123172,1.219512206,0.288681834,0.393930089,0.214904148
1766484260.875340,12664.000000000,1766484260.000000000,-14.672342699,-2.299202884,0.990853667,0.288681834,0.396995693,0.205627710
1766484260.891884,12665.000000000,1766484260.000000000,-14.140185191,-2.529123172,1.067073180,0.290209251,0.393930089,0.202535564
1766484260.907423,12666.000000000,1766484260.000000000,-15.052455204,-1.916002403,0.990853667,0.287154417,0.398528495,0.196351271
1766484260.924188,12667.000000000,1766484260.000000000,-14.064162690,-2.222562788,0.838414641,0.290209251,0.398528495,0.202535564
1766484260.939763,12668.000000000,1766484260.000000000,-14.596320198,-2.835683557,0.914634154,0.287154417,0.400061297,0.208719856
1766484260.955535,12669.000000000,1766484260.000000000,-14.368252695,-2.835683557,1.067073180,0.290209251,0.400061297,0.199443417
1766484260.971310,12670.000000000,1766484260.000000000,-14.216207692,-1.839362307,0.990853667,0.290209251,0.396995693,0.193259125
1766484260.988093,12671.000000000,1766484260.000000000,-14.216207692,-2.452483076,0.990853667,0.285626999,0.396995693,0.194805198
1766484261.003679,12672.000000000,1766484261.000000000,-14.824387701,-2.835683557,0.762195129,0.288681834,0.400061297,0.199443417
1766484261.019387,12673.000000000,1766484261.000000000,-14.216207692,-2.529123172,0.685975616,0.287154417,0.403126901,0.190166979
1766484261.036084,12674.000000000,1766484261.000000000,-13.988140189,-2.222562788,0.838414641,0.287154417,0.396995693,0.205627710
1766484261.051673,12675.000000000,1766484261.000000000,-14.824387701,-2.375842980,0.838414641,0.288681834,0.398528495,0.199443417
1766484261.067406,12676.000000000,1766484261.000000000,-14.672342699,-2.222562788,0.685975616,0.287154417,0.401594099,0.199443417
1766484261.083040,12677.000000000,1766484261.000000000,-14.216207692,-2.529123172,1.067073180,0.282572165,0.396995693,0.207173783
1766484261.099732,12678.000000000,1766484261.000000000,-14.520297697,-2.375842980,0.533536590,0.284099582,0.396995693,0.207173783
1766484261.115459,12679.000000000,1766484261.000000000,-14.596320198,-2.375842980,0.914634154,0.294791502,0.401594099,0.193259125
1766484261.131108,12680.000000000,1766484261.000000000,-14.216207692,-2.145922692,0.914634154,0.287154417,0.401594099,0.205627710
1766484261.147760,12681.000000000,1766484261.000000000,-14.140185191,-2.145922692,0.914634154,0.287154417,0.401594099,0.205627710
1766484261.163409,12682.000000000,1766484261.000000000,-13.912117688,-2.682403364,1.067073180,0.285626999,0.401594099,0.216450221
1766484261.179222,12683.000000000,1766484261.000000000,-14.672342699,-2.452483076,1.143292693,0.281044748,0.401594099,0.200989490
1766484261.195899,12684.000000000,1766484261.000000000,-14.900410202,-2.299202884,0.990853667,0.282572165,0.401594099,0.204081637
1766484261.211447,12685.000000000,1766484261.000000000,-14.900410202,-2.375842980,0.609756103,0.287154417,0.396995693,0.202535564
1766484261.227343,12686.000000000,1766484261.000000000,-14.292230194,-2.069282595,0.609756103,0.290209251,0.398528495,0.219542367
1766484261.244251,12687.000000000,1766484261.000000000,-14.216207692,-2.222562788,0.838414641,0.293264085,0.396995693,0.193259125
1766484261.259889,12688.000000000,1766484261.000000000,-14.444275196,-2.988963749,0.762195129,0.285626999,0.403126901,0.207173783
1766484261.275590,12689.000000000,1766484261.000000000,-14.748365200,-2.069282595,0.762195129,0.290209251,0.396995693,0.208719856
1766484261.291213,12690.000000000,1766484261.000000000,-13.988140189,-2.529123172,1.143292693,0.284099582,0.396995693,0.204081637
1766484261.307902,12691.000000000,1766484261.000000000,-15.052455204,-2.222562788,0.762195129,0.290209251,0.400061297,0.196351271
1766484261.323536,12692.000000000,1766484261.000000000,-14.216207692,-2.375842980,0.990853667,0.281044748,0.401594099,0.207173783
1766484261.339347,12693.000000000,1766484261.000000000,-14.824387701,-2.375842980,0.533536590,0.288681834,0.400061297,0.199443417
1766484261.355046,12694.000000000,1766484261.000000000,-14.976432703,-2.375842980,0.838414641,0.284099582,0.396995693,0.200989490
1766484261.371624,12695.000000000,1766484261.000000000,-15.052455204,-2.835683557,0.838414641,0.291736668,0.400061297,0.202535564
1766484261.387454,12696.000000000,1766484261.000000000,-14.444275196,-2.375842980,0.914634154,0.291736668,0.396995693,0.190166979
1766484261.403015,12697.000000000,1766484261.000000000,-14.824387701,-2.835683557,0.609756103,0.288681834,0.400061297,0.205627710
1766484261.419593,12698.000000000,1766484261.000000000,-14.596320198,-2.069282595,0.685975616,0.291736668,0.401594099,0.205627710
1766484261.435298,12699.000000000,1766484261.000000000,-14.672342699,-2.222562788,0.838414641,0.287154417,0.401594099,0.205627710
1766484261.452025,12700.000000000,1766484261.000000000,-14.520297697,-2.835683557,1.067073180,0.284099582,0.396995693,0.207173783
1766484261.467775,12701.000000000,1766484261.000000000,-15.128477705,-2.529123172,0.838414641,0.285626999,0.396995693,0.200989490
1766484261.483567,12702.000000000,1766484261.000000000,-14.672342699,-2.988963749,0.914634154,0.285626999,0.396995693,0.194805198
1766484261.499187,12703.000000000,1766484261.000000000,-14.900410202,-2.988963749,0.838414641,0.287154417,0.396995693,0.190166979
1766484261.515033,12704.000000000,1766484261.000000000,-13.836095187,-2.222562788,0.762195129,0.285626999,0.396995693,0.204081637
1766484261.531484,12705.000000000,1766484261.000000000,-14.520297697,-2.222562788,0.838414641,0.287154417,0.396995693,0.199443417
1766484261.547345,12706.000000000,1766484261.000000000,-14.216207692,-2.375842980,0.533536590,0.290209251,0.396995693,0.211812002
1766484261.562811,12707.000000000,1766484261.000000000,-14.140185191,-1.762722211,0.685975616,0.284099582,0.401594099,0.207173783
1766484261.579609,12708.000000000,1766484261.000000000,-14.976432703,-2.529123172,0.838414641,0.284099582,0.396995693,0.204081637
1766484261.595443,12709.000000000,1766484261.000000000,-14.520297697,-2.375842980,0.838414641,0.284099582,0.396995693,0.194805198
1766484261.611059,12710.000000000,1766484261.000000000,-15.356545208,-2.529123172,1.219512206,0.287154417,0.406192505,0.202535564
1766484261.627722,12711.000000000,1766484261.000000000,-14.520297697,-2.529123172,0.914634154,0.291736668,0.396995693,0.187074833
1766484261.643432,12712.000000000,1766484261.000000000,-13.988140189,-2.988963749,0.685975616,0.284099582,0.396995693,0.216450221
1766484261.659277,12713.000000000,1766484261.000000000,-14.748365200,-1.762722211,0.914634154,0.285626999,0.396995693,0.204081637
1766484261.674865,12714.000000000,1766484261.000000000,-14.368252695,-2.835683557,0.685975616,0.282572165,0.401594099,0.210265929
1766484261.691652,12715.000000000,1766484261.000000000,-14.292230194,-1.839362307,0.914634154,0.282572165,0.396995693,0.204081637
1766484261.707412,12716.000000000,1766484261.000000000,-13.988140189,-2.375842980,0.533536590,0.284099582,0.396995693,0.200989490
1766484261.723085,12717.000000000,1766484261.000000000,-14.596320198,-2.375842980,0.762195129,0.287154417,0.400061297,0.208719856
1766484261.739666,12718.000000000,1766484261.000000000,-14.368252695,-1.839362307,0.685975616,0.290209251,0.400061297,0.205627710
1766484261.755347,12719.000000000,1766484261.000000000,-14.064162690,-2.069282595,0.381097564,0.285626999,0.393930089,0.188620906
1766484261.770903,12720.000000000,1766484261.000000000,-14.064162690,-2.835683557,0.838414641,0.287154417,0.400061297,0.208719856
1766484261.787689,12721.000000000,1766484261.000000000,-14.368252695,-2.529123172,0.762195129,0.285626999,0.400061297,0.194805198
1766484261.803137,12722.000000000,1766484261.000000000,-14.368252695,-2.835683557,0.838414641,0.282572165,0.401594099,0.204081637
1766484261.819864,12723.000000000,1766484261.000000000,-14.748365200,-1.686082115,0.762195129,0.285626999,0.396995693,0.210265929
1766484261.835387,12724.000000000,1766484261.000000000,-14.596320198,-2.222562788,0.609756103,0.288681834,0.393930089,0.211812002
1766484261.850923,12725.000000000,1766484261.000000000,-14.976432703,-2.682403364,0.914634154,0.287154417,0.396995693,0.199443417
1766484261.867500,12726.000000000,1766484261.000000000,-14.444275196,-2.529123172,0.685975616,0.284099582,0.396995693,0.191713052
1766484261.883209,12727.000000000,1766484261.000000000,-14.748365200,-2.988963749,0.838414641,0.293264085,0.396995693,0.202535564
1766484261.898924,12728.000000000,1766484261.000000000,-14.368252695,-2.069282595,0.685975616,0.291736668,0.393930089,0.193259125
1766484261.915498,12729.000000000,1766484261.000000000,-14.520297697,-2.375842980,0.838414641,0.284099582,0.396995693,0.194805198
1766484261.930873,12730.000000000,1766484261.000000000,-14.900410202,-2.682403364,0.762195129,0.287154417,0.393930089,0.199443417
1766484261.947582,12731.000000000,1766484261.000000000,-14.444275196,-2.069282595,0.914634154,0.284099582,0.396995693,0.197897344
1766484261.963137,12732.000000000,1766484261.000000000,-14.748365200,-2.222562788,0.914634154,0.285626999,0.396995693,0.197897344
1766484261.979793,12733.000000000,1766484261.000000000,-14.596320198,-2.222562788,0.914634154,0.285626999,0.393930089,0.204081637
1766484261.995268,12734.000000000,1766484261.000000000,-14.444275196,-2.222562788,0.838414641,0.284099582,0.393930089,0.213358075
1766484262.010868,12735.000000000,1766484262.000000000,-14.520297697,-2.605763268,0.990853667,0.287154417,0.396995693,0.199443417
1766484262.027347,12736.000000000,1766484262.000000000,-14.520297697,-3.448804326,1.067073180,0.291736668,0.396995693,0.199443417
1766484262.042807,12737.000000000,1766484262.000000000,-14.520297697,-2.988963749,0.914634154,0.284099582,0.400061297,0.204081637
1766484262.059526,12738.000000000,1766484262.000000000,-14.520297697,-2.069282595,0.838414641,0.288681834,0.404659703,0.196351271
1766484262.075116,12739.000000000,1766484262.000000000,-14.444275196,-2.375842980,0.990853667,0.287154417,0.396995693,0.202535564
1766484262.090826,12740.000000000,1766484262.000000000,-13.760072686,-2.375842980,0.762195129,0.285626999,0.396995693,0.224180586
1766484262.107471,12741.000000000,1766484262.000000000,-14.292230194,-2.222562788,0.990853667,0.285626999,0.396995693,0.197897344
1766484262.122790,12742.000000000,1766484262.000000000,-14.292230194,-2.529123172,1.219512206,0.290209251,0.396995693,0.202535564
1766484262.139592,12743.000000000,1766484262.000000000,-14.216207692,-2.299202884,0.914634154,0.290209251,0.396995693,0.217996294
1766484262.155438,12744.000000000,1766484262.000000000,-14.368252695,-2.912323653,0.990853667,0.285626999,0.400061297,0.200989490
1766484262.170892,12745.000000000,1766484262.000000000,-14.672342699,-2.912323653,0.990853667,0.285626999,0.396995693,0.200989490
1766484262.187673,12746.000000000,1766484262.000000000,-13.684050185,-2.069282595,1.295731719,0.288681834,0.393930089,0.202535564
1766484262.203295,12747.000000000,1766484262.000000000,-14.292230194,-2.682403364,0.914634154,0.285626999,0.398528495,0.210265929
1766484262.218714,12748.000000000,1766484262.000000000,-14.444275196,-2.375842980,1.143292693,0.287154417,0.396995693,0.196351271
1766484262.235409,12749.000000000,1766484262.000000000,-14.520297697,-2.145922692,0.990853667,0.287154417,0.396995693,0.187074833
1766484262.250901,12750.000000000,1766484262.000000000,-14.824387701,-2.299202884,0.762195129,0.288681834,0.400061297,0.199443417
1766484262.267362,12751.000000000,1766484262.000000000,-14.824387701,-2.452483076,0.990853667,0.285626999,0.398528495,0.194805198
1766484262.282915,12752.000000000,1766484262.000000000,-13.988140189,-2.069282595,0.990853667,0.290209251,0.390864486,0.202535564
1766484262.299677,12753.000000000,1766484262.000000000,-14.976432703,-2.452483076,0.762195129,0.285626999,0.403126901,0.200989490
1766484262.315073,12754.000000000,1766484262.000000000,-14.748365200,-3.218884037,1.143292693,0.291736668,0.403126901,0.196351271
1766484262.330620,12755.000000000,1766484262.000000000,-14.292230194,-2.759043461,0.914634154,0.290209251,0.396995693,0.205627710
1766484262.347659,12756.000000000,1766484262.000000000,-14.140185191,-2.222562788,1.067073180,0.285626999,0.393930089,0.204081637
1766484262.363269,12757.000000000,1766484262.000000000,-14.292230194,-2.529123172,0.990853667,0.290209251,0.398528495,0.214904148
1766484262.378712,12758.000000000,1766484262.000000000,-14.444275196,-1.609442019,1.067073180,0.290209251,0.401594099,0.214904148
1766484262.395594,12759.000000000,1766484262.000000000,-14.292230194,-2.682403364,1.295731719,0.285626999,0.396995693,0.197897344
1766484262.410910,12760.000000000,1766484262.000000000,-14.292230194,-2.375842980,0.838414641,0.282572165,0.396995693,0.197897344
1766484262.427521,12761.000000000,1766484262.000000000,-14.064162690,-2.145922692,0.762195129,0.287154417,0.396995693,0.205627710
1766484262.442914,12762.000000000,1766484262.000000000,-13.912117688,-2.222562788,0.914634154,0.284099582,0.393930089,0.213358075
1766484262.458582,12763.000000000,1766484262.000000000,-14.140185191,-2.529123172,1.067073180,0.288681834,0.393930089,0.202535564
1766484262.475238,12764.000000000,1766484262.000000000,-14.216207692,-2.452483076,0.914634154,0.285626999,0.396995693,0.200989490
1766484262.490644,12765.000000000,1766484262.000000000,-13.912117688,-1.762722211,0.838414641,0.291736668,0.396995693,0.202535564
1766484262.507379,12766.000000000,1766484262.000000000,-14.216207692,-2.912323653,1.067073180,0.285626999,0.396995693,0.200989490
1766484262.522733,12767.000000000,1766484262.000000000,-14.292230194,-2.222562788,0.609756103,0.285626999,0.396995693,0.204081637
1766484262.538385,12768.000000000,1766484262.000000000,-14.292230194,-2.529123172,0.990853667,0.290209251,0.396995693,0.202535564
1766484262.555257,12769.000000000,1766484262.000000000,-14.064162690,-2.375842980,0.457317077,0.287154417,0.400061297,0.202535564
1766484262.570496,12770.000000000,1766484262.000000000,-13.988140189,-2.529123172,0.990853667,0.287154417,0.396995693,0.190166979
1766484262.587531,12771.000000000,1766484262.000000000,-14.520297697,-2.988963749,0.609756103,0.291736668,0.398528495,0.193259125
1766484262.603210,12772.000000000,1766484262.000000000,-14.900410202,-2.069282595,0.762195129,0.288681834,0.401594099,0.202535564
1766484262.618856,12773.000000000,1766484262.000000000,-14.064162690,-1.609442019,0.838414641,0.287154417,0.396995693,0.211812002
1766484262.634495,12774.000000000,1766484262.000000000,-15.128477705,-2.529123172,0.838414641,0.290209251,0.401594099,0.193259125
1766484262.651434,12775.000000000,1766484262.000000000,-14.216207692,-1.762722211,0.457317077,0.285626999,0.396995693,0.191713052
1766484262.666949,12776.000000000,1766484262.000000000,-14.596320198,-2.529123172,0.838414641,0.287154417,0.398528495,0.196351271
1766484262.682702,12777.000000000,1766484262.000000000,-14.140185191,-2.222562788,0.609756103,0.281044748,0.400061297,0.204081637
1766484262.699567,12778.000000000,1766484262.000000000,-13.760072686,-2.682403364,0.914634154,0.293264085,0.396995693,0.205627710
1766484262.715233,12779.000000000,1766484262.000000000,-14.216207692,-2.529123172,0.914634154,0.285626999,0.396995693,0.194805198
1766484262.730622,12780.000000000,1766484262.000000000,-14.444275196,-1.916002403,0.685975616,0.285626999,0.403126901,0.207173783
1766484262.747399,12781.000000000,1766484262.000000000,-14.368252695,-2.375842980,0.609756103,0.282572165,0.401594099,0.204081637
1766484262.762877,12782.000000000,1766484262.000000000,-13.988140189,-2.529123172,0.685975616,0.284099582,0.396995693,0.210265929
1766484262.778331,12783.000000000,1766484262.000000000,-13.760072686,-2.835683557,0.838414641,0.282572165,0.396995693,0.216450221
1766484262.795228,12784.000000000,1766484262.000000000,-14.064162690,-2.222562788,0.685975616,0.287154417,0.396995693,0.199443417
1766484262.810603,12785.000000000,1766484262.000000000,-14.292230194,-3.142243941,0.609756103,0.287154417,0.404659703,0.205627710
1766484262.827348,12786.000000000,1766484262.000000000,-14.520297697,-2.375842980,0.533536590,0.284099582,0.396995693,0.207173783
1766484262.842780,12787.000000000,1766484262.000000000,-14.900410202,-3.142243941,0.838414641,0.285626999,0.401594099,0.210265929
1766484262.859469,12788.000000000,1766484262.000000000,-14.672342699,-2.682403364,1.067073180,0.287154417,0.401594099,0.205627710
1766484262.875188,12789.000000000,1766484262.000000000,-14.672342699,-2.988963749,0.914634154,0.285626999,0.396995693,0.207173783
1766484262.890788,12790.000000000,1766484262.000000000,-14.520297697,-2.682403364,0.914634154,0.287154417,0.396995693,0.193259125
1766484262.906599,12791.000000000,1766484262.000000000,-14.976432703,-2.682403364,0.762195129,0.287154417,0.398528495,0.205627710
1766484262.923175,12792.000000000,1766484262.000000000,-14.368252695,-2.452483076,0.762195129,0.285626999,0.400061297,0.200989490
1766484262.938758,12793.000000000,1766484262.000000000,-14.064162690,-2.682403364,1.219512206,0.293264085,0.393930089,0.193259125
1766484262.954596,12794.000000000,1766484262.000000000,-14.064162690,-2.529123172,0.762195129,0.284099582,0.400061297,0.197897344
1766484262.971252,12795.000000000,1766484262.000000000,-14.216207692,-2.452483076,1.143292693,0.285626999,0.396995693,0.200989490
1766484262.986843,12796.000000000,1766484262.000000000,-14.368252695,-2.069282595,1.295731719,0.290209251,0.400061297,0.208719856
1766484263.002398,12797.000000000,1766484263.000000000,-14.596320198,-1.839362307,0.838414641,0.282572165,0.393930089,0.204081637
1766484263.019006,12798.000000000,1766484263.000000000,-14.140185191,-2.682403364,1.067073180,0.285626999,0.393930089,0.197897344
1766484263.034424,12799.000000000,1766484263.000000000,-15.128477705,-3.295524133,1.067073180,0.288681834,0.396995693,0.193259125
1766484263.051101,12800.000000000,1766484263.000000000,-14.064162690,-2.299202884,0.685975616,0.287154417,0.400061297,0.214904148
1766484263.066591,12801.000000000,1766484263.000000000,-14.216207692,-3.448804326,0.914634154,0.284099582,0.403126901,0.207173783
1766484263.082379,12802.000000000,1766484263.000000000,-14.444275196,-2.988963749,1.219512206,0.284099582,0.396995693,0.210265929
1766484263.099043,12803.000000000,1766484263.000000000,-14.444275196,-2.605763268,1.067073180,0.282572165,0.403126901,0.200989490
1766484263.114403,12804.000000000,1766484263.000000000,-14.216207692,-2.912323653,1.067073180,0.285626999,0.396995693,0.213358075
1766484263.130956,12805.000000000,1766484263.000000000,-14.824387701,-2.145922692,0.914634154,0.287154417,0.393930089,0.205627710
1766484263.146619,12806.000000000,1766484263.000000000,-14.748365200,-1.686082115,0.990853667,0.285626999,0.396995693,0.210265929
1766484263.162581,12807.000000000,1766484263.000000000,-14.064162690,-2.912323653,1.067073180,0.291736668,0.396995693,0.211812002
1766484263.178446,12808.000000000,1766484263.000000000,-14.520297697,-2.605763268,1.067073180,0.287154417,0.396995693,0.205627710
1766484263.195147,12809.000000000,1766484263.000000000,-15.052455204,-3.065603845,1.067073180,0.288681834,0.393930089,0.196351271
1766484263.210760,12810.000000000,1766484263.000000000,-14.064162690,-3.295524133,0.914634154,0.287154417,0.400061297,0.208719856
1766484263.226305,12811.000000000,1766484263.000000000,-14.596320198,-2.375842980,0.381097564,0.287154417,0.400061297,0.196351271
1766484263.242957,12812.000000000,1766484263.000000000,-15.128477705,-2.605763268,0.762195129,0.287154417,0.401594099,0.199443417
1766484263.258479,12813.000000000,1766484263.000000000,-14.824387701,-2.222562788,0.914634154,0.291736668,0.393930089,0.202535564
1766484263.274230,12814.000000000,1766484263.000000000,-14.596320198,-2.375842980,1.295731719,0.287154417,0.398528495,0.196351271
1766484263.291055,12815.000000000,1766484263.000000000,-14.216207692,-2.759043461,0.990853667,0.288681834,0.396995693,0.199443417
1766484263.306675,12816.000000000,1766484263.000000000,-14.748365200,-2.605763268,1.067073180,0.288681834,0.396995693,0.190166979
1766484263.322459,12817.000000000,1766484263.000000000,-13.988140189,-2.452483076,0.990853667,0.287154417,0.396995693,0.183982687
1766484263.338069,12818.000000000,1766484263.000000000,-14.216207692,-2.759043461,1.067073180,0.290209251,0.396995693,0.205627710
1766484263.354783,12819.000000000,1766484263.000000000,-14.368252695,-2.452483076,0.914634154,0.285626999,0.400061297,0.207173783
1766484263.370404,12820.000000000,1766484263.000000000,-14.368252695,-2.759043461,0.990853667,0.284099582,0.393930089,0.200989490
1766484263.387149,12821.000000000,1766484263.000000000,-14.368252695,-3.065603845,1.219512206,0.287154417,0.393930089,0.199443417
1766484263.402734,12822.000000000,1766484263.000000000,-14.672342699,-2.145922692,0.914634154,0.287154417,0.401594099,0.199443417
1766484263.418136,12823.000000000,1766484263.000000000,-14.444275196,-3.142243941,0.914634154,0.285626999,0.401594099,0.210265929
1766484263.434705,12824.000000000,1766484263.000000000,-14.368252695,-2.605763268,1.219512206,0.287154417,0.393930089,0.205627710
1766484263.450394,12825.000000000,1766484263.000000000,-14.368252695,-2.452483076,0.914634154,0.285626999,0.400061297,0.207173783
1766484263.466180,12826.000000000,1766484263.000000000,-14.064162690,-2.222562788,0.990853667,0.281044748,0.398528495,0.197897344
1766484263.482942,12827.000000000,1766484263.000000000,-14.520297697,-2.605763268,0.990853667,0.287154417,0.398528495,0.211812002
1766484263.498546,12828.000000000,1766484263.000000000,-14.368252695,-3.218884037,0.685975616,0.284099582,0.393930089,0.204081637
1766484263.514126,12829.000000000,1766484263.000000000,-14.368252695,-2.605763268,1.067073180,0.287154417,0.393930089,0.199443417
1766484263.530852,12830.000000000,1766484263.000000000,-13.912117688,-2.145922692,0.990853667,0.287154417,0.393930089,0.199443417
1766484263.546437,12831.000000000,1766484263.000000000,-13.760072686,-2.375842980,0.990853667,0.285626999,0.396995693,0.213358075
1766484263.563069,12832.000000000,1766484263.000000000,-14.368252695,-2.605763268,1.219512206,0.287154417,0.393930089,0.217996294
1766484263.578478,12833.000000000,1766484263.000000000,-13.912117688,-2.682403364,0.762195129,0.285626999,0.401594099,0.204081637
1766484263.594178,12834.000000000,1766484263.000000000,-14.444275196,-2.835683557,1.067073180,0.287154417,0.396995693,0.208719856
1766484263.610958,12835.000000000,1766484263.000000000,-14.292230194,-2.222562788,0.838414641,0.285626999,0.396995693,0.204081637
1766484263.626380,12836.000000000,1766484263.000000000,-14.368252695,-2.605763268,0.990853667,0.287154417,0.393930089,0.205627710
1766484263.642883,12837.000000000,1766484263.000000000,-14.824387701,-2.529123172,1.067073180,0.282572165,0.398528495,0.213358075
1766484263.658433,12838.000000000,1766484263.000000000,-15.204500206,-2.835683557,1.143292693,0.288681834,0.398528495,0.199443417
1766484263.675097,12839.000000000,1766484263.000000000,-15.052455204,-2.222562788,0.990853667,0.290209251,0.400061297,0.196351271
1766484263.690482,12840.000000000,1766484263.000000000,-14.976432703,-2.605763268,0.685975616,0.287154417,0.398528495,0.193259125
1766484263.706049,12841.000000000,1766484263.000000000,-15.052455204,-2.299202884,0.685975616,0.290209251,0.400061297,0.196351271
1766484263.722844,12842.000000000,1766484263.000000000,-14.900410202,-2.835683557,0.990853667,0.285626999,0.401594099,0.197897344
1766484263.738060,12843.000000000,1766484263.000000000,-14.140185191,-2.529123172,0.685975616,0.284099582,0.400061297,0.216450221
1766484263.754885,12844.000000000,1766484263.000000000,-14.292230194,-2.069282595,0.762195129,0.290209251,0.396995693,0.202535564
1766484263.770274,12845.000000000,1766484263.000000000,-14.824387701,-1.916002403,0.838414641,0.285626999,0.400061297,0.213358075
1766484263.787006,12846.000000000,1766484263.000000000,-14.976432703,-1.762722211,0.990853667,0.284099582,0.396995693,0.200989490
1766484263.802700,12847.000000000,1766484263.000000000,-15.128477705,-2.529123172,0.838414641,0.285626999,0.396995693,0.200989490
1766484263.818068,12848.000000000,1766484263.000000000,-14.596320198,-2.529123172,0.838414641,0.284099582,0.400061297,0.204081637
1766484263.834527,12849.000000000,1766484263.000000000,-14.216207692,-2.682403364,0.990853667,0.293264085,0.396995693,0.205627710
1766484263.850117,12850.000000000,1766484263.000000000,-14.064162690,-2.145922692,0.914634154,0.287154417,0.396995693,0.211812002
1766484263.866903,12851.000000000,1766484263.000000000,-14.520297697,-2.299202884,0.685975616,0.290209251,0.400061297,0.190166979
1766484263.882542,12852.000000000,1766484263.000000000,-14.444275196,-2.299202884,0.990853667,0.282572165,0.401594099,0.210265929
1766484263.898155,12853.000000000,1766484263.000000000,-15.052455204,-1.762722211,1.295731719,0.284099582,0.396995693,0.207173783
1766484263.914761,12854.000000000,1766484263.000000000,-14.596320198,-2.605763268,1.219512206,0.281044748,0.398528495,0.216450221
1766484263.930091,12855.000000000,1766484263.000000000,-14.672342699,-2.375842980,0.685975616,0.288681834,0.396995693,0.199443417
1766484263.946698,12856.000000000,1766484263.000000000,-14.368252695,-2.069282595,0.533536590,0.285626999,0.400061297,0.207173783
1766484263.962069,12857.000000000,1766484263.000000000,-14.976432703,-2.835683557,0.838414641,0.294791502,0.398528495,0.199443417
1766484263.978642,12858.000000000,1766484263.000000000,-14.368252695,-2.529123172,0.990853667,0.291736668,0.393930089,0.205627710
1766484263.994545,12859.000000000,1766484263.000000000,-14.368252695,-2.988963749,0.609756103,0.285626999,0.400061297,0.207173783
1766484264.009973,12860.000000000,1766484264.000000000,-14.064162690,-2.835683557,1.143292693,0.291736668,0.398528495,0.202535564
1766484264.026643,12861.000000000,1766484264.000000000,-15.356545208,-2.222562788,0.762195129,0.282572165,0.403126901,0.200989490
1766484264.042262,12862.000000000,1766484264.000000000,-14.824387701,-2.069282595,0.838414641,0.282572165,0.400061297,0.207173783
1766484264.057938,12863.000000000,1766484264.000000000,-14.900410202,-1.302881634,0.762195129,0.285626999,0.401594099,0.210265929
1766484264.074493,12864.000000000,1766484264.000000000,-14.672342699,-2.529123172,0.914634154,0.285626999,0.396995693,0.200989490
1766484264.090037,12865.000000000,1766484264.000000000,-13.912117688,-2.682403364,0.990853667,0.290209251,0.401594099,0.202535564
1766484264.106795,12866.000000000,1766484264.000000000,-13.988140189,-2.529123172,0.838414641,0.290209251,0.390864486,0.208719856
1766484264.122518,12867.000000000,1766484264.000000000,-15.204500206,-1.762722211,0.990853667,0.288681834,0.396995693,0.211812002
1766484264.138147,12868.000000000,1766484264.000000000,-14.672342699,-2.912323653,1.067073180,0.285626999,0.396995693,0.207173783
1766484264.153776,12869.000000000,1766484264.000000000,-14.520297697,-2.605763268,1.219512206,0.287154417,0.396995693,0.211812002
1766484264.170480,12870.000000000,1766484264.000000000,-15.052455204,-2.375842980,0.990853667,0.287154417,0.400061297,0.202535564
1766484264.186113,12871.000000000,1766484264.000000000,-14.292230194,-2.299202884,0.914634154,0.288681834,0.398528495,0.211812002
1766484264.201767,12872.000000000,1766484264.000000000,-14.216207692,-2.452483076,1.143292693,0.285626999,0.396995693,0.200989490
1766484264.218540,12873.000000000,1766484264.000000000,-13.912117688,-2.375842980,0.533536590,0.287154417,0.396995693,0.202535564
1766484264.234170,12874.000000000,1766484264.000000000,-14.596320198,-2.835683557,0.990853667,0.291736668,0.398528495,0.202535564
1766484264.249748,12875.000000000,1766484264.000000000,-14.596320198,-2.222562788,0.533536590,0.287154417,0.401594099,0.193259125
1766484264.266518,12876.000000000,1766484264.000000000,-13.836095187,-2.682403364,0.838414641,0.285626999,0.396995693,0.197897344
1766484264.282312,12877.000000000,1766484264.000000000,-14.064162690,-2.682403364,0.609756103,0.293264085,0.393930089,0.193259125
1766484264.297811,12878.000000000,1766484264.000000000,-14.672342699,-2.222562788,0.685975616,0.293264085,0.396995693,0.193259125
1766484264.314724,12879.000000000,1766484264.000000000,-14.444275196,-2.682403364,0.990853667,0.291736668,0.396995693,0.208719856
1766484264.330091,12880.000000000,1766484264.000000000,-14.672342699,-2.299202884,0.914634154,0.284099582,0.401594099,0.207173783
1766484264.346809,12881.000000000,1766484264.000000000,-15.204500206,-2.529123172,1.143292693,0.288681834,0.398528495,0.208719856
1766484264.362498,12882.000000000,1766484264.000000000,-14.444275196,-2.375842980,1.143292693,0.287154417,0.396995693,0.196351271
1766484264.378056,12883.000000000,1766484264.000000000,-14.368252695,-2.452483076,0.914634154,0.285626999,0.400061297,0.207173783
1766484264.393648,12884.000000000,1766484264.000000000,-14.976432703,-2.529123172,1.219512206,0.291736668,0.396995693,0.199443417
1766484264.410571,12885.000000000,1766484264.000000000,-14.216207692,-2.069282595,0.914634154,0.282572165,0.396995693,0.213358075
1766484264.425826,12886.000000000,1766484264.000000000,-15.356545208,-2.375842980,1.143292693,0.282572165,0.400061297,0.210265929
1766484264.442491,12887.000000000,1766484264.000000000,-15.204500206,-2.375842980,0.762195129,0.288681834,0.400061297,0.199443417
1766484264.457907,12888.000000000,1766484264.000000000,-14.140185191,-2.682403364,0.304878051,0.287154417,0.401594099,0.205627710
1766484264.474804,12889.000000000,1766484264.000000000,-14.596320198,-2.835683557,0.838414641,0.277989914,0.400061297,0.204081637
1766484264.490277,12890.000000000,1766484264.000000000,-13.912117688,-2.222562788,0.304878051,0.285626999,0.401594099,0.204081637
1766484264.506135,12891.000000000,1766484264.000000000,-14.292230194,-2.682403364,0.609756103,0.291736668,0.393930089,0.219542367
1766484264.522547,12892.000000000,1766484264.000000000,-13.455982682,-2.222562788,0.304878051,0.281044748,0.396995693,0.204081637
1766484264.538251,12893.000000000,1766484264.000000000,-14.596320198,-2.912323653,0.457317077,0.293264085,0.393930089,0.208719856
1766484264.553857,12894.000000000,1766484264.000000000,-14.976432703,-2.145922692,0.457317077,0.256606074,0.390864486,0.219542367
1766484264.570594,12895.000000000,1766484264.000000000,-14.596320198,-3.295524133,0.685975616,0.294791502,0.401594099,0.217996294
1766484264.586251,12896.000000000,1766484264.000000000,-14.064162690,-3.142243941,0.228658539,0.290209251,0.387798882,0.199443417
1766484264.601903,12897.000000000,1766484264.000000000,-15.356545208,-2.222562788,0.457317077,0.264243160,0.384733278,0.216450221
1766484264.617666,12898.000000000,1766484264.000000000,-14.292230194,-3.525444422,0.228658539,0.281044748,0.381667674,0.213358075
1766484264.634397,12899.000000000,1766484264.000000000,-14.596320198,-2.759043461,0.228658539,0.270352828,0.389331684,0.219542367
1766484264.649806,12900.000000000,1766484264.000000000,-14.748365200,-3.372164230,0.152439026,0.267297994,0.386266080,0.225726659
1766484264.665531,12901.000000000,1766484264.000000000,-14.748365200,-3.755364710,0.304878051,0.281044748,0.393930089,0.222634513
1766484264.682455,12902.000000000,1766484264.000000000,-14.520297697,-3.448804326,-0.076219513,0.264243160,0.386266080,0.216450221
1766484264.698345,12903.000000000,1766484264.000000000,-15.052455204,-3.295524133,0.152439026,0.271880245,0.381667674,0.216450221
1766484264.713787,12904.000000000,1766484264.000000000,-15.204500206,-3.372164230,0.076219513,0.264243160,0.369405259,0.216450221
1766484264.729530,12905.000000000,1766484264.000000000,-15.052455204,-3.602084518,0.228658539,0.264243160,0.374003665,0.225726659
1766484264.746407,12906.000000000,1766484264.000000000,-14.520297697,-3.295524133,-0.152439026,0.271880245,0.381667674,0.235003097
1766484264.762041,12907.000000000,1766484264.000000000,-14.596320198,-3.065603845,-0.152439026,0.267297994,0.387798882,0.225726659
1766484264.777501,12908.000000000,1766484264.000000000,-15.356545208,-3.678724614,-0.076219513,0.264243160,0.378602070,0.222634513
1766484264.794491,12909.000000000,1766484264.000000000,-15.356545208,-3.908644903,-0.533536590,0.261188326,0.366339655,0.219542367
1766484264.810063,12910.000000000,1766484264.000000000,-15.128477705,-3.372164230,0.000000000,0.258133491,0.378602070,0.225726659
1766484264.825570,12911.000000000,1766484264.000000000,-14.444275196,-3.985284999,-0.381097564,0.261188326,0.380134872,0.225726659
1766484264.842535,12912.000000000,1766484264.000000000,-14.976432703,-3.755364710,-0.381097564,0.256606074,0.380134872,0.225726659
1766484264.858260,12913.000000000,1766484264.000000000,-14.596320198,-3.142243941,-0.228658539,0.258133491,0.377069269,0.222634513
1766484264.873799,12914.000000000,1766484264.000000000,-14.748365200,-3.908644903,-0.457317077,0.264243160,0.383200476,0.238095243
1766484264.889588,12915.000000000,1766484264.000000000,-14.596320198,-3.678724614,-0.533536590,0.256606074,0.380134872,0.238095243
1766484264.906628,12916.000000000,1766484264.000000000,-15.052455204,-3.142243941,-0.457317077,0.270352828,0.369405259,0.231910951
1766484264.922347,12917.000000000,1766484264.000000000,-15.280522707,-3.602084518,-0.152439026,0.252023823,0.367872457,0.225726659
1766484264.938066,12918.000000000,1766484264.000000000,-14.520297697,-3.832004806,-0.609756103,0.253551240,0.369405259,0.224180586
1766484264.953567,12919.000000000,1766484264.000000000,-15.052455204,-3.678724614,-0.304878051,0.255078657,0.377069269,0.247371681
1766484264.970533,12920.000000000,1766484264.000000000,-14.444275196,-3.908644903,-0.533536590,0.256606074,0.378602070,0.227272732
1766484264.986053,12921.000000000,1766484264.000000000,-14.900410202,-4.521765672,-0.914634154,0.259660909,0.377069269,0.224180586
1766484265.001812,12922.000000000,1766484265.000000000,-14.140185191,-3.985284999,-0.838414641,0.264243160,0.364806853,0.242733462
1766484265.017484,12923.000000000,1766484265.000000000,-14.368252695,-4.138565191,-0.381097564,0.247441572,0.358675646,0.242733462
1766484265.034369,12924.000000000,1766484265.000000000,-15.128477705,-3.448804326,-0.533536590,0.242859320,0.372470863,0.241187389
1766484265.050037,12925.000000000,1766484265.000000000,-14.444275196,-3.678724614,-0.762195129,0.247441572,0.361741249,0.230364878
1766484265.065506,12926.000000000,1766484265.000000000,-14.824387701,-4.215205287,-0.609756103,0.259660909,0.375536467,0.239641316
1766484265.082475,12927.000000000,1766484265.000000000,-15.128477705,-3.832004806,-0.457317077,0.253551240,0.374003665,0.231910951
1766484265.097996,12928.000000000,1766484265.000000000,-15.128477705,-3.678724614,-0.609756103,0.256606074,0.370938061,0.238095243
1766484265.113575,12929.000000000,1766484265.000000000,-14.520297697,-4.291845383,-0.914634154,0.244386737,0.347946032,0.230364878
1766484265.130507,12930.000000000,1766484265.000000000,-14.824387701,-3.448804326,-0.914634154,0.241331903,0.358675646,0.230364878
1766484265.146346,12931.000000000,1766484265.000000000,-14.900410202,-3.218884037,-0.762195129,0.255078657,0.374003665,0.235003097
1766484265.161897,12932.000000000,1766484265.000000000,-14.444275196,-3.985284999,-0.914634154,0.250496406,0.380134872,0.238095243
1766484265.177575,12933.000000000,1766484265.000000000,-15.052455204,-3.525444422,-0.990853667,0.258133491,0.363274051,0.247371681
1766484265.193419,12934.000000000,1766484265.000000000,-14.824387701,-3.985284999,-0.914634154,0.252023823,0.358675646,0.248917754
1766484265.210225,12935.000000000,1766484265.000000000,-15.584612711,-3.295524133,-0.685975616,0.239804486,0.360208448,0.230364878
1766484265.225893,12936.000000000,1766484265.000000000,-15.128477705,-4.061925095,-1.371951231,0.244386737,0.367872457,0.245825608
1766484265.241387,12937.000000000,1766484265.000000000,-14.520297697,-3.755364710,-1.371951231,0.245914155,0.358675646,0.239641316
1766484265.258482,12938.000000000,1766484265.000000000,-14.900410202,-3.908644903,-0.990853667,0.250496406,0.366339655,0.250463827
1766484265.274029,12939.000000000,1766484265.000000000,-14.064162690,-4.215205287,-0.762195129,0.242859320,0.369405259,0.242733462
1766484265.289552,12940.000000000,1766484265.000000000,-14.672342699,-3.678724614,-1.219512206,0.236749652,0.361741249,0.239641316
1766484265.305374,12941.000000000,1766484265.000000000,-14.520297697,-4.445125575,-0.990853667,0.255078657,0.351011636,0.230364878
1766484265.322228,12942.000000000,1766484265.000000000,-14.824387701,-3.755364710,-1.448170744,0.242859320,0.354077240,0.230364878
1766484265.337880,12943.000000000,1766484265.000000000,-15.584612711,-4.061925095,-1.295731719,0.235222235,0.366339655,0.239641316
1766484265.353422,12944.000000000,1766484265.000000000,-14.520297697,-4.291845383,-1.524390257,0.252023823,0.370938061,0.242733462
1766484265.370142,12945.000000000,1766484265.000000000,-13.988140189,-3.525444422,-1.676829283,0.239804486,0.369405259,0.245825608
1766484265.385780,12946.000000000,1766484265.000000000,-14.672342699,-4.598405768,-1.143292693,0.252023823,0.355610042,0.236549170
1766484265.401599,12947.000000000,1766484265.000000000,-14.596320198,-4.291845383,-0.838414641,0.252023823,0.360208448,0.230364878
1766484265.418350,12948.000000000,1766484265.000000000,-14.824387701,-3.525444422,-1.600609770,0.232167401,0.354077240,0.236549170
1766484265.434207,12949.000000000,1766484265.000000000,-14.672342699,-4.215205287,-1.295731719,0.239804486,0.347946032,0.236549170
1766484265.449678,12950.000000000,1766484265.000000000,-14.748365200,-4.138565191,-1.067073180,0.244386737,0.357142844,0.252009900
1766484265.465479,12951.000000000,1766484265.000000000,-15.128477705,-4.215205287,-1.448170744,0.242859320,0.374003665,0.255102046
1766484265.482376,12952.000000000,1766484265.000000000,-14.976432703,-3.908644903,-1.295731719,0.255078657,0.369405259,0.253555973
1766484265.497911,12953.000000000,1766484265.000000000,-15.052455204,-4.751685960,-1.219512206,0.245914155,0.358675646,0.233457024
1766484265.513400,12954.000000000,1766484265.000000000,-15.128477705,-3.832004806,-1.371951231,0.236749652,0.347946032,0.236549170
1766484265.530272,12955.000000000,1766484265.000000000,-14.976432703,-3.678724614,-1.067073180,0.241331903,0.351011636,0.233457024
1766484265.545891,12956.000000000,1766484265.000000000,-14.216207692,-4.368485479,-1.524390257,0.255078657,0.361741249,0.239641316
1766484265.561503,12957.000000000,1766484265.000000000,-14.900410202,-3.832004806,-1.371951231,0.239804486,0.361741249,0.247371681
1766484265.578360,12958.000000000,1766484265.000000000,-14.520297697,-4.445125575,-1.448170744,0.250496406,0.354077240,0.241187389
1766484265.593879,12959.000000000,1766484265.000000000,-15.128477705,-4.215205287,-1.600609770,0.245914155,0.355610042,0.247371681
1766484265.609435,12960.000000000,1766484265.000000000,-15.052455204,-4.675045864,-1.524390257,0.239804486,0.354077240,0.239641316
1766484265.625276,12961.000000000,1766484265.000000000,-14.976432703,-3.678724614,-1.524390257,0.239804486,0.363274051,0.244279535
1766484265.642085,12962.000000000,1766484265.000000000,-15.128477705,-4.215205287,-0.914634154,0.245914155,0.361741249,0.252009900
1766484265.657514,12963.000000000,1766484265.000000000,-14.216207692,-4.061925095,-1.448170744,0.252023823,0.369405259,0.236549170
1766484265.674244,12964.000000000,1766484265.000000000,-14.596320198,-3.678724614,-0.762195129,0.247441572,0.364806853,0.250463827
1766484265.689775,12965.000000000,1766484265.000000000,-15.660635212,-3.832004806,-0.685975616,0.242859320,0.347946032,0.245825608
1766484265.705278,12966.000000000,1766484265.000000000,-15.204500206,-3.908644903,-0.914634154,0.242859320,0.347946032,0.233457024
1766484265.722173,12967.000000000,1766484265.000000000,-14.976432703,-4.061925095,-1.295731719,0.244386737,0.351011636,0.239641316
1766484265.737767,12968.000000000,1766484265.000000000,-14.748365200,-4.445125575,-1.219512206,0.247441572,0.357142844,0.233457024
1766484265.753509,12969.000000000,1766484265.000000000,-15.128477705,-3.908644903,-1.143292693,0.242859320,0.361741249,0.252009900
1766484265.769988,12970.000000000,1766484265.000000000,-14.748365200,-4.061925095,-1.600609770,0.245914155,0.363274051,0.248917754
1766484265.785391,12971.000000000,1766484265.000000000,-14.368252695,-3.908644903,-1.371951231,0.252023823,0.360208448,0.239641316
1766484265.801988,12972.000000000,1766484265.000000000,-15.584612711,-3.908644903,-1.143292693,0.247441572,0.354077240,0.245825608
1766484265.817503,12973.000000000,1766484265.000000000,-15.584612711,-3.372164230,-1.676829283,0.238277069,0.354077240,0.239641316
1766484265.834085,12974.000000000,1766484265.000000000,-15.432567709,-4.291845383,-1.371951231,0.244386737,0.351011636,0.248917754
1766484265.849872,12975.000000000,1766484265.000000000,-15.128477705,-3.755364710,-1.219512206,0.238277069,0.354077240,0.239641316
1766484265.865483,12976.000000000,1766484265.000000000,-14.216207692,-4.061925095,-0.685975616,0.236749652,0.361741249,0.252009900
1766484265.882239,12977.000000000,1766484265.000000000,-14.976432703,-4.445125575,-1.219512206,0.245914155,0.357142844,0.242733462
1766484265.897756,12978.000000000,1766484265.000000000,-14.900410202,-3.908644903,-1.067073180,0.253551240,0.343347627,0.227272732
1766484265.913460,12979.000000000,1766484265.000000000,-15.964725216,-4.291845383,-1.067073180,0.236749652,0.344880429,0.235003097
1766484265.929966,12980.000000000,1766484265.000000000,-15.356545208,-3.985284999,-1.143292693,0.238277069,0.347946032,0.236549170
1766484265.945516,12981.000000000,1766484265.000000000,-15.128477705,-4.215205287,-1.067073180,0.238277069,0.357142844,0.245825608
1766484265.961489,12982.000000000,1766484265.000000000,-14.900410202,-3.985284999,-1.371951231,0.252023823,0.361741249,0.248917754
1766484265.977252,12983.000000000,1766484265.000000000,-14.520297697,-4.445125575,-1.524390257,0.245914155,0.357142844,0.248917754
1766484265.993925,12984.000000000,1766484265.000000000,-14.900410202,-4.061925095,-1.295731719,0.244386737,0.351011636,0.239641316
1766484266.009491,12985.000000000,1766484266.000000000,-15.280522707,-3.832004806,-1.067073180,0.229112566,0.354077240,0.239641316
1766484266.025263,12986.000000000,1766484266.000000000,-15.204500206,-4.521765672,-0.685975616,0.250496406,0.347946032,0.252009900
1766484266.042004,12987.000000000,1766484266.000000000,-14.748365200,-3.985284999,-1.600609770,0.239804486,0.347946032,0.239641316
1766484266.057317,12988.000000000,1766484266.000000000,-14.824387701,-3.985284999,-1.371951231,0.239804486,0.354077240,0.233457024
1766484266.073009,12989.000000000,1766484266.000000000,-15.736657713,-4.751685960,-1.067073180,0.245914155,0.366339655,0.244279535
1766484266.089693,12990.000000000,1766484266.000000000,-15.128477705,-4.215205287,-1.219512206,0.239804486,0.347946032,0.242733462
1766484266.105459,12991.000000000,1766484266.000000000,-14.672342699,-4.291845383,-1.448170744,0.238277069,0.341814825,0.245825608
1766484266.121273,12992.000000000,1766484266.000000000,-14.596320198,-3.832004806,-1.371951231,0.238277069,0.354077240,0.239641316
1766484266.138206,12993.000000000,1766484266.000000000,-14.292230194,-3.908644903,-1.371951231,0.242859320,0.347946032,0.239641316
1766484266.153721,12994.000000000,1766484266.000000000,-14.976432703,-4.061925095,-1.295731719,0.241331903,0.351011636,0.245825608
1766484266.169554,12995.000000000,1766484266.000000000,-14.520297697,-4.751685960,-0.990853667,0.244386737,0.354077240,0.236549170
1766484266.185452,12996.000000000,1766484266.000000000,-14.900410202,-4.215205287,-1.143292693,0.245914155,0.355610042,0.233457024
1766484266.202071,12997.000000000,1766484266.000000000,-15.584612711,-3.678724614,-1.143292693,0.239804486,0.351011636,0.242733462
1766484266.217646,12998.000000000,1766484266.000000000,-14.976432703,-4.828326056,-1.295731719,0.242859320,0.343347627,0.238095243
1766484266.233476,12999.000000000,1766484266.000000000,-15.204500206,-3.448804326,-1.371951231,0.238277069,0.343347627,0.242733462
1766484266.249177,13000.000000000,1766484266.000000000,-14.824387701,-4.675045864,-1.295731719,0.232167401,0.354077240,0.252009900
1766484266.265904,13001.000000000,1766484266.000000000,-14.520297697,-4.368485479,-1.600609770,0.248968989,0.357142844,0.248917754
1766484266.281465,13002.000000000,1766484266.000000000,-15.280522707,-4.751685960,-1.448170744,0.245914155,0.354077240,0.252009900
1766484266.297267,13003.000000000,1766484266.000000000,-15.052455204,-4.138565191,-1.295731719,0.248968989,0.346413230,0.239641316
1766484266.313858,13004.000000000,1766484266.000000000,-15.128477705,-4.291845383,-1.524390257,0.238277069,0.341814825,0.233457024
1766484266.329510,13005.000000000,1766484266.000000000,-15.128477705,-4.368485479,-1.371951231,0.229112566,0.346413230,0.239641316
1766484266.345288,13006.000000000,1766484266.000000000,-15.128477705,-3.678724614,-1.295731719,0.239804486,0.351011636,0.242733462
1766484266.362062,13007.000000000,1766484266.000000000,-14.900410202,-4.291845383,-1.448170744,0.242859320,0.355610042,0.252009900
1766484266.377561,13008.000000000,1766484266.000000000,-15.128477705,-4.291845383,-1.524390257,0.256606074,0.358675646,0.258194192
1766484266.393401,13009.000000000,1766484266.000000000,-14.520297697,-4.061925095,-1.295731719,0.242859320,0.344880429,0.248917754
1766484266.409071,13010.000000000,1766484266.000000000,-14.596320198,-4.598405768,-1.219512206,0.239804486,0.335683617,0.248917754
1766484266.425776,13011.000000000,1766484266.000000000,-14.596320198,-3.218884037,-1.524390257,0.238277069,0.341814825,0.245825608
1766484266.441514,13012.000000000,1766484266.000000000,-15.128477705,-4.138565191,-1.143292693,0.233694818,0.355610042,0.248917754
1766484266.457368,13013.000000000,1766484266.000000000,-14.444275196,-3.832004806,-0.990853667,0.242859320,0.355610042,0.245825608
1766484266.473110,13014.000000000,1766484266.000000000,-14.748365200,-3.755364710,-1.295731719,0.245914155,0.347946032,0.245825608
1766484266.489842,13015.000000000,1766484266.000000000,-14.672342699,-4.675045864,-1.295731719,0.238277069,0.341814825,0.231910951
1766484266.505432,13016.000000000,1766484266.000000000,-15.356545208,-4.521765672,-1.600609770,0.255078657,0.338749221,0.239641316
1766484266.521065,13017.000000000,1766484266.000000000,-15.204500206,-4.215205287,-1.295731719,0.252023823,0.344880429,0.245825608
1766484266.537607,13018.000000000,1766484266.000000000,-14.748365200,-3.985284999,-1.295731719,0.238277069,0.343347627,0.236549170
1766484266.553271,13019.000000000,1766484266.000000000,-15.356545208,-4.061925095,-1.219512206,0.247441572,0.346413230,0.248917754
1766484266.569001,13020.000000000,1766484266.000000000,-14.748365200,-3.448804326,-1.371951231,0.245914155,0.351011636,0.248917754
1766484266.585521,13021.000000000,1766484266.000000000,-14.672342699,-4.138565191,-0.914634154,0.233694818,0.343347627,0.222634513
1766484266.601271,13022.000000000,1766484266.000000000,-14.520297697,-4.828326056,-0.838414641,0.239804486,0.343347627,0.231910951
1766484266.616917,13023.000000000,1766484266.000000000,-14.976432703,-4.291845383,-1.371951231,0.242859320,0.343347627,0.233457024
1766484266.633626,13024.000000000,1766484266.000000000,-15.128477705,-4.138565191,-1.295731719,0.238277069,0.341814825,0.245825608
1766484266.649287,13025.000000000,1766484266.000000000,-15.052455204,-3.908644903,-1.448170744,0.239804486,0.346413230,0.252009900
1766484266.665049,13026.000000000,1766484266.000000000,-15.128477705,-4.521765672,-1.371951231,0.244386737,0.357142844,0.239641316
1766484266.681745,13027.000000000,1766484266.000000000,-14.520297697,-4.521765672,-1.295731719,0.242859320,0.344880429,0.242733462
1766484266.697446,13028.000000000,1766484266.000000000,-15.052455204,-4.751685960,-1.219512206,0.255078657,0.340282023,0.248917754
1766484266.712987,13029.000000000,1766484266.000000000,-15.356545208,-3.908644903,-1.143292693,0.232167401,0.344880429,0.242733462
1766484266.729697,13030.000000000,1766484266.000000000,-14.216207692,-4.598405768,-0.990853667,0.233694818,0.343347627,0.228818805
1766484266.745486,13031.000000000,1766484266.000000000,-14.672342699,-4.368485479,-1.371951231,0.247441572,0.341814825,0.239641316
1766484266.761148,13032.000000000,1766484266.000000000,-14.216207692,-3.755364710,-1.600609770,0.248968989,0.347946032,0.248917754
1766484266.776961,13033.000000000,1766484266.000000000,-15.128477705,-4.061925095,-1.371951231,0.241331903,0.354077240,0.258194192
1766484266.793608,13034.000000000,1766484266.000000000,-14.596320198,-4.291845383,-1.295731719,0.241331903,0.340282023,0.241187389
1766484266.809476,13035.000000000,1766484266.000000000,-15.508590210,-4.521765672,-1.219512206,0.233694818,0.340282023,0.241187389
1766484266.824877,13036.000000000,1766484266.000000000,-14.900410202,-4.061925095,-0.914634154,0.229112566,0.341814825,0.236549170
1766484266.841498,13037.000000000,1766484266.000000000,-15.204500206,-3.985284999,-1.143292693,0.238277069,0.346413230,0.230364878
1766484266.857267,13038.000000000,1766484266.000000000,-15.128477705,-4.138565191,-1.219512206,0.253551240,0.351011636,0.255102046
1766484266.872805,13039.000000000,1766484266.000000000,-14.976432703,-3.755364710,-1.295731719,0.242859320,0.355610042,0.264378484
1766484266.888684,13040.000000000,1766484266.000000000,-14.824387701,-4.751685960,-1.295731719,0.233694818,0.335683617,0.231910951
1766484266.905659,13041.000000000,1766484266.000000000,-14.976432703,-3.908644903,-0.914634154,0.233694818,0.337216419,0.233457024
1766484266.921327,13042.000000000,1766484266.000000000,-14.672342699,-4.291845383,-1.067073180,0.235222235,0.341814825,0.244279535
1766484266.936889,13043.000000000,1766484266.000000000,-14.368252695,-3.678724614,-1.143292693,0.238277069,0.344880429,0.258194192
1766484266.953464,13044.000000000,1766484266.000000000,-14.976432703,-4.061925095,-1.448170744,0.241331903,0.351011636,0.252009900
1766484266.969218,13045.000000000,1766484266.000000000,-14.900410202,-3.602084518,-0.990853667,0.236749652,0.355610042,0.245825608
1766484266.984813,13046.000000000,1766484266.000000000,-15.356545208,-4.291845383,-0.762195129,0.244386737,0.346413230,0.236549170
1766484267.001547,13047.000000000,1766484267.000000000,-15.204500206,-4.061925095,-0.914634154,0.247441572,0.343347627,0.242733462
1766484267.017287,13048.000000000,1766484267.000000000,-14.748365200,-3.985284999,-1.067073180,0.241331903,0.331085211,0.245825608
1766484267.032768,13049.000000000,1766484267.000000000,-15.204500206,-3.908644903,-0.838414641,0.239804486,0.340282023,0.239641316
1766484267.049509,13050.000000000,1766484267.000000000,-15.128477705,-3.602084518,-1.371951231,0.239804486,0.347946032,0.255102046
1766484267.064971,13051.000000000,1766484267.000000000,-14.976432703,-4.138565191,-1.143292693,0.232167401,0.343347627,0.239641316
1766484267.081645,13052.000000000,1766484267.000000000,-15.356545208,-4.445125575,-1.067073180,0.244386737,0.344880429,0.252009900
1766484267.097145,13053.000000000,1766484267.000000000,-15.356545208,-3.755364710,-1.067073180,0.241331903,0.346413230,0.255102046
1766484267.112684,13054.000000000,1766484267.000000000,-15.356545208,-4.291845383,-0.914634154,0.239804486,0.340282023,0.252009900
1766484267.129655,13055.000000000,1766484267.000000000,-15.204500206,-4.904966152,-0.914634154,0.232167401,0.338749221,0.228818805
1766484267.145439,13056.000000000,1766484267.000000000,-15.508590210,-4.061925095,-1.067073180,0.239804486,0.335683617,0.248917754
1766484267.160865,13057.000000000,1766484267.000000000,-15.128477705,-4.598405768,-1.295731719,0.245914155,0.347946032,0.264378484
1766484267.177691,13058.000000000,1766484267.000000000,-14.368252695,-3.832004806,-1.524390257,0.241331903,0.346413230,0.248917754
1766484267.193333,13059.000000000,1766484267.000000000,-15.508590210,-4.215205287,-1.524390257,0.244386737,0.340282023,0.248917754
1766484267.208999,13060.000000000,1766484267.000000000,-15.356545208,-4.291845383,-1.143292693,0.233694818,0.335683617,0.238095243
1766484267.224494,13061.000000000,1766484267.000000000,-14.216207692,-4.291845383,-1.219512206,0.233694818,0.341814825,0.244279535
1766484267.241400,13062.000000000,1766484267.000000000,-14.216207692,-4.675045864,-1.295731719,0.252023823,0.341814825,0.258194192
1766484267.256855,13063.000000000,1766484267.000000000,-14.672342699,-4.598405768,-1.295731719,0.242859320,0.347946032,0.248917754
1766484267.273469,13064.000000000,1766484267.000000000,-14.900410202,-3.755364710,-1.600609770,0.245914155,0.343347627,0.245825608
1766484267.289057,13065.000000000,1766484267.000000000,-14.520297697,-4.291845383,-1.295731719,0.252023823,0.338749221,0.239641316
1766484267.304769,13066.000000000,1766484267.000000000,-14.748365200,-3.525444422,-0.990853667,0.226057732,0.335683617,0.245825608
1766484267.320378,13067.000000000,1766484267.000000000,-15.204500206,-3.832004806,-1.371951231,0.239804486,0.340282023,0.252009900
1766484267.337339,13068.000000000,1766484267.000000000,-14.900410202,-4.751685960,-1.295731719,0.250496406,0.341814825,0.255102046
1766484267.352918,13069.000000000,1766484267.000000000,-14.596320198,-4.368485479,-1.295731719,0.242859320,0.346413230,0.245825608
1766484267.368448,13070.000000000,1766484267.000000000,-15.128477705,-3.755364710,-1.219512206,0.245914155,0.346413230,0.252009900
1766484267.385340,13071.000000000,1766484267.000000000,-14.140185191,-3.832004806,-1.448170744,0.233694818,0.341814825,0.252009900
1766484267.400896,13072.000000000,1766484267.000000000,-15.356545208,-4.828326056,-1.448170744,0.233694818,0.335683617,0.238095243
1766484267.416539,13073.000000000,1766484267.000000000,-15.204500206,-3.602084518,-1.371951231,0.242859320,0.338749221,0.255102046
1766484267.433393,13074.000000000,1766484267.000000000,-14.748365200,-4.061925095,-1.448170744,0.238277069,0.343347627,0.248917754
1766484267.448839,13075.000000000,1766484267.000000000,-15.204500206,-3.832004806,-1.524390257,0.238277069,0.344880429,0.233457024
1766484267.464568,13076.000000000,1766484267.000000000,-15.128477705,-4.445125575,-1.524390257,0.244386737,0.341814825,0.252009900
1766484267.481350,13077.000000000,1766484267.000000000,-14.900410202,-4.445125575,-1.600609770,0.245914155,0.341814825,0.255102046
1766484267.497039,13078.000000000,1766484267.000000000,-15.204500206,-4.751685960,-1.448170744,0.242859320,0.340282023,0.238095243
1766484267.512587,13079.000000000,1766484267.000000000,-15.052455204,-4.598405768,-1.753048796,0.247441572,0.340282023,0.255102046
1766484267.528479,13080.000000000,1766484267.000000000,-14.900410202,-4.215205287,-1.600609770,0.238277069,0.335683617,0.245825608
1766484267.545199,13081.000000000,1766484267.000000000,-14.824387701,-3.985284999,-1.600609770,0.239804486,0.340282023,0.239641316
1766484267.560810,13082.000000000,1766484267.000000000,-14.444275196,-4.138565191,-1.448170744,0.241331903,0.347946032,0.245825608
1766484267.576497,13083.000000000,1766484267.000000000,-14.596320198,-4.521765672,-1.600609770,0.239804486,0.344880429,0.253555973
1766484267.593397,13084.000000000,1766484267.000000000,-14.444275196,-4.445125575,-1.905487821,0.248968989,0.331085211,0.238095243
1766484267.609032,13085.000000000,1766484267.000000000,-15.356545208,-4.751685960,-1.448170744,0.244386737,0.337216419,0.242733462
1766484267.624674,13086.000000000,1766484267.000000000,-14.748365200,-4.061925095,-1.448170744,0.229112566,0.338749221,0.248917754
1766484267.640370,13087.000000000,1766484267.000000000,-14.976432703,-4.598405768,-1.600609770,0.242859320,0.344880429,0.242733462
1766484267.657182,13088.000000000,1766484267.000000000,-14.216207692,-4.828326056,-1.371951231,0.233694818,0.341814825,0.250463827
1766484267.672735,13089.000000000,1766484267.000000000,-14.900410202,-4.598405768,-1.371951231,0.242859320,0.341814825,0.248917754
1766484267.688505,13090.000000000,1766484267.000000000,-14.824387701,-4.215205287,-1.448170744,0.245914155,0.340282023,0.252009900
1766484267.705292,13091.000000000,1766484267.000000000,-14.748365200,-4.291845383,-1.753048796,0.229112566,0.337216419,0.258194192
1766484267.720867,13092.000000000,1766484267.000000000,-14.748365200,-4.598405768,-1.600609770,0.247441572,0.334150815,0.248917754
1766484267.736602,13093.000000000,1766484267.000000000,-15.052455204,-4.828326056,-1.829268309,0.238277069,0.340282023,0.253555973
1766484267.752373,13094.000000000,1766484267.000000000,-15.128477705,-3.832004806,-1.676829283,0.239804486,0.346413230,0.258194192
1766484267.769244,13095.000000000,1766484267.000000000,-15.052455204,-4.445125575,-1.371951231,0.245914155,0.344880429,0.248917754
1766484267.784853,13096.000000000,1766484267.000000000,-14.520297697,-4.828326056,-1.524390257,0.235222235,0.338749221,0.244279535
1766484267.800436,13097.000000000,1766484267.000000000,-15.052455204,-3.985284999,-1.600609770,0.230639983,0.328019608,0.245825608
1766484267.817215,13098.000000000,1766484267.000000000,-15.052455204,-4.368485479,-1.600609770,0.242859320,0.332618013,0.258194192
1766484267.832985,13099.000000000,1766484267.000000000,-14.748365200,-4.368485479,-1.371951231,0.241331903,0.343347627,0.255102046
1766484267.848568,13100.000000000,1766484267.000000000,-14.292230194,-4.521765672,-1.753048796,0.239804486,0.338749221,0.259740265
1766484267.864318,13101.000000000,1766484267.000000000,-14.900410202,-5.058246344,-1.676829283,0.242859320,0.341814825,0.247371681
1766484267.880969,13102.000000000,1766484267.000000000,-15.356545208,-4.215205287,-1.371951231,0.238277069,0.335683617,0.245825608
1766484267.896617,13103.000000000,1766484267.000000000,-15.508590210,-4.598405768,-1.295731719,0.242859320,0.331085211,0.255102046
1766484267.912343,13104.000000000,1766484267.000000000,-15.356545208,-4.675045864,-1.295731719,0.236749652,0.328019608,0.253555973
1766484267.929250,13105.000000000,1766484267.000000000,-14.368252695,-4.521765672,-1.753048796,0.239804486,0.328019608,0.261286338
1766484267.944880,13106.000000000,1766484267.000000000,-14.596320198,-4.521765672,-1.600609770,0.239804486,0.335683617,0.253555973
1766484267.960466,13107.000000000,1766484267.000000000,-14.748365200,-4.138565191,-1.753048796,0.239804486,0.338749221,0.248917754
1766484267.976355,13108.000000000,1766484267.000000000,-14.520297697,-4.521765672,-1.600609770,0.239804486,0.331085211,0.247371681
1766484267.993056,13109.000000000,1766484267.000000000,-15.508590210,-4.445125575,-1.676829283,0.248968989,0.320355598,0.252009900
1766484268.008648,13110.000000000,1766484268.000000000,-15.204500206,-4.368485479,-1.295731719,0.247441572,0.321888400,0.239641316
1766484268.024413,13111.000000000,1766484268.000000000,-14.748365200,-4.061925095,-1.371951231,0.229112566,0.324954004,0.247371681
1766484268.041246,13112.000000000,1766484268.000000000,-15.052455204,-4.521765672,-1.905487821,0.235222235,0.334150815,0.244279535
1766484268.056950,13113.000000000,1766484268.000000000,-14.748365200,-4.368485479,-1.829268309,0.244386737,0.332618013,0.252009900
1766484268.072477,13114.000000000,1766484268.000000000,-14.520297697,-4.215205287,-1.753048796,0.248968989,0.332618013,0.255102046
1766484268.089107,13115.000000000,1766484268.000000000,-14.976432703,-4.521765672,-1.448170744,0.245914155,0.320355598,0.258194192
1766484268.104632,13116.000000000,1766484268.000000000,-15.508590210,-3.372164230,-0.914634154,0.238277069,0.312691589,0.255102046
1766484268.120418,13117.000000000,1766484268.000000000,-14.824387701,-4.138565191,-1.524390257,0.236749652,0.315757192,0.247371681
1766484268.136230,13118.000000000,1766484268.000000000,-14.976432703,-4.061925095,-1.829268309,0.232167401,0.320355598,0.244279535
1766484268.153043,13119.000000000,1766484268.000000000,-15.052455204,-4.368485479,-1.600609770,0.245914155,0.335683617,0.242733462
1766484268.168442,13120.000000000,1766484268.000000000,-14.748365200,-4.445125575,-1.905487821,0.261188326,0.331085211,0.255102046
1766484268.185175,13121.000000000,1766484268.000000000,-14.900410202,-3.755364710,-1.676829283,0.247441572,0.311158787,0.252009900
1766484268.200722,13122.000000000,1766484268.000000000,-14.976432703,-4.215205287,-1.524390257,0.247441572,0.311158787,0.250463827
1766484268.216402,13123.000000000,1766484268.000000000,-14.900410202,-4.368485479,-1.524390257,0.244386737,0.311158787,0.244279535
1766484268.233014,13124.000000000,1766484268.000000000,-14.748365200,-4.521765672,-1.676829283,0.245914155,0.314224390,0.256648119
1766484268.248515,13125.000000000,1766484268.000000000,-14.596320198,-4.061925095,-1.600609770,0.258133491,0.314224390,0.248917754
1766484268.264315,13126.000000000,1766484268.000000000,-15.052455204,-4.215205287,-1.371951231,0.244386737,0.312691589,0.255102046
1766484268.281036,13127.000000000,1766484268.000000000,-14.900410202,-4.061925095,-1.829268309,0.241331903,0.311158787,0.238095243
1766484268.296670,13128.000000000,1766484268.000000000,-14.672342699,-4.215205287,-1.371951231,0.242859320,0.311158787,0.256648119
1766484268.312320,13129.000000000,1766484268.000000000,-14.900410202,-3.832004806,-2.134146360,0.245914155,0.305027579,0.261286338
1766484268.328915,13130.000000000,1766484268.000000000,-15.508590210,-4.291845383,-1.753048796,0.248968989,0.308093183,0.248917754
1766484268.344591,13131.000000000,1766484268.000000000,-15.128477705,-4.061925095,-1.829268309,0.241331903,0.318822796,0.252009900
1766484268.360485,13132.000000000,1766484268.000000000,-14.976432703,-4.215205287,-1.600609770,0.236749652,0.318822796,0.247371681
1766484268.376325,13133.000000000,1766484268.000000000,-14.976432703,-4.215205287,-1.981707334,0.230639983,0.314224390,0.235003097
1766484268.393021,13134.000000000,1766484268.000000000,-14.824387701,-3.985284999,-1.676829283,0.247441572,0.298896371,0.253555973
1766484268.408565,13135.000000000,1766484268.000000000,-14.672342699,-4.138565191,-1.981707334,0.245914155,0.301961975,0.238095243
1766484268.424397,13136.000000000,1766484268.000000000,-14.368252695,-3.295524133,-1.676829283,0.239804486,0.305027579,0.252009900
1766484268.440063,13137.000000000,1766484268.000000000,-14.900410202,-4.981606248,-1.905487821,0.255078657,0.305027579,0.253555973
1766484268.456720,13138.000000000,1766484268.000000000,-14.824387701,-4.215205287,-2.210365873,0.233694818,0.321888400,0.270562776
1766484268.472488,13139.000000000,1766484268.000000000,-15.052455204,-3.985284999,-1.981707334,0.258133491,0.308093183,0.270562776
1766484268.488075,13140.000000000,1766484268.000000000,-15.432567709,-4.138565191,-1.905487821,0.258133491,0.301961975,0.255102046
1766484268.504807,13141.000000000,1766484268.000000000,-14.824387701,-3.678724614,-1.829268309,0.244386737,0.285101154,0.253555973
1766484268.520386,13142.000000000,1766484268.000000000,-14.672342699,-3.832004806,-1.829268309,0.250496406,0.294297966,0.247371681
1766484268.535886,13143.000000000,1766484268.000000000,-14.824387701,-3.678724614,-1.676829283,0.255078657,0.298896371,0.267470630
1766484268.552672,13144.000000000,1766484268.000000000,-14.520297697,-3.985284999,-1.981707334,0.255078657,0.308093183,0.241187389
1766484268.568512,13145.000000000,1766484268.000000000,-14.216207692,-4.291845383,-1.600609770,0.235222235,0.324954004,0.235003097
1766484268.584398,13146.000000000,1766484268.000000000,-15.508590210,-4.368485479,-1.905487821,0.238277069,0.314224390,0.247371681
1766484268.599891,13147.000000000,1766484268.000000000,-14.976432703,-3.832004806,-1.524390257,0.233694818,0.311158787,0.244279535
1766484268.616549,13148.000000000,1766484268.000000000,-15.356545208,-3.832004806,-1.295731719,0.223002898,0.317289994,0.241187389
1766484268.632152,13149.000000000,1766484268.000000000,-14.672342699,-3.832004806,-1.295731719,0.239804486,0.323421202,0.252009900
1766484268.648846,13150.000000000,1766484268.000000000,-14.976432703,-4.828326056,-1.676829283,0.238277069,0.323421202,0.259740265
1766484268.664492,13151.000000000,1766484268.000000000,-14.748365200,-4.291845383,-1.295731719,0.232167401,0.324954004,0.253555973
1766484268.680361,13152.000000000,1766484268.000000000,-15.128477705,-4.215205287,-1.295731719,0.242859320,0.323421202,0.245825608
1766484268.695918,13153.000000000,1766484268.000000000,-14.748365200,-4.521765672,-1.448170744,0.238277069,0.318822796,0.256648119
1766484268.712689,13154.000000000,1766484268.000000000,-14.748365200,-4.061925095,-1.524390257,0.238277069,0.318822796,0.250463827
1766484268.728229,13155.000000000,1766484268.000000000,-15.356545208,-4.368485479,-1.067073180,0.244386737,0.321888400,0.258194192
1766484268.744900,13156.000000000,1766484268.000000000,-14.900410202,-3.602084518,-1.143292693,0.230639983,0.323421202,0.261286338
1766484268.760636,13157.000000000,1766484268.000000000,-14.368252695,-4.061925095,-1.753048796,0.242859320,0.328019608,0.247371681
1766484268.776517,13158.000000000,1766484268.000000000,-15.128477705,-4.521765672,-1.371951231,0.239804486,0.321888400,0.247371681
1766484268.792216,13159.000000000,1766484268.000000000,-14.900410202,-4.368485479,-1.448170744,0.239804486,0.317289994,0.250463827
1766484268.808893,13160.000000000,1766484268.000000000,-14.672342699,-4.445125575,-1.600609770,0.244386737,0.328019608,0.250463827
1766484268.824402,13161.000000000,1766484268.000000000,-14.520297697,-3.985284999,-1.600609770,0.236749652,0.320355598,0.250463827
1766484268.840145,13162.000000000,1766484268.000000000,-14.520297697,-3.678724614,-1.600609770,0.236749652,0.318822796,0.247371681
1766484268.856848,13163.000000000,1766484268.000000000,-14.672342699,-4.521765672,-1.295731719,0.241331903,0.328019608,0.256648119
1766484268.872425,13164.000000000,1766484268.000000000,-14.520297697,-4.215205287,-1.600609770,0.236749652,0.331085211,0.261286338
1766484268.888060,13165.000000000,1766484268.000000000,-15.052455204,-4.291845383,-1.600609770,0.247441572,0.315757192,0.252009900
1766484268.904548,13166.000000000,1766484268.000000000,-15.204500206,-3.602084518,-1.448170744,0.230639983,0.308093183,0.267470630
1766484268.920186,13167.000000000,1766484268.000000000,-15.128477705,-4.368485479,-1.219512206,0.238277069,0.315757192,0.255102046
1766484268.936714,13168.000000000,1766484268.000000000,-14.976432703,-4.981606248,-1.524390257,0.236749652,0.329552409,0.256648119
1766484268.952408,13169.000000000,1766484268.000000000,-14.824387701,-4.521765672,-1.371951231,0.233694818,0.334150815,0.253555973
1766484268.967983,13170.000000000,1766484268.000000000,-15.204500206,-4.751685960,-1.600609770,0.248968989,0.324954004,0.255102046
1766484268.984653,13171.000000000,1766484268.000000000,-14.900410202,-4.291845383,-1.905487821,0.239804486,0.317289994,0.256648119
1766484269.000375,13172.000000000,1766484269.000000000,-15.204500206,-4.521765672,-1.067073180,0.233694818,0.320355598,0.247371681
1766484269.016056,13173.000000000,1766484269.000000000,-15.052455204,-4.521765672,-1.295731719,0.233694818,0.320355598,0.270562776
1766484269.032738,13174.000000000,1766484269.000000000,-14.976432703,-4.521765672,-1.600609770,0.233694818,0.323421202,0.253555973
1766484269.048557,13175.000000000,1766484269.000000000,-15.964725216,-5.058246344,-1.295731719,0.242859320,0.332618013,0.245825608
1766484269.064404,13176.000000000,1766484269.000000000,-15.660635212,-4.828326056,-1.600609770,0.239804486,0.337216419,0.252009900
1766484269.079891,13177.000000000,1766484269.000000000,-14.748365200,-4.215205287,-1.600609770,0.238277069,0.331085211,0.252009900
1766484269.096649,13178.000000000,1766484269.000000000,-14.824387701,-4.061925095,-1.600609770,0.239804486,0.315757192,0.261286338
1766484269.111850,13179.000000000,1766484269.000000000,-15.128477705,-4.368485479,-1.371951231,0.239804486,0.323421202,0.258194192
1766484269.128483,13180.000000000,1766484269.000000000,-15.204500206,-4.828326056,-1.448170744,0.239804486,0.326486806,0.264378484
1766484269.144255,13181.000000000,1766484269.000000000,-14.976432703,-3.908644903,-1.448170744,0.244386737,0.324954004,0.264378484
1766484269.159750,13182.000000000,1766484269.000000000,-14.444275196,-4.521765672,-1.676829283,0.245914155,0.331085211,0.256648119
1766484269.176580,13183.000000000,1766484269.000000000,-15.356545208,-4.904966152,-1.143292693,0.242859320,0.328019608,0.259740265
1766484269.192329,13184.000000000,1766484269.000000000,-15.052455204,-4.598405768,-1.600609770,0.244386737,0.326486806,0.253555973
1766484269.207754,13185.000000000,1766484269.000000000,-14.900410202,-4.061925095,-1.295731719,0.239804486,0.328019608,0.248917754
1766484269.224607,13186.000000000,1766484269.000000000,-15.204500206,-4.521765672,-1.143292693,0.232167401,0.323421202,0.256648119
1766484269.240329,13187.000000000,1766484269.000000000,-15.128477705,-4.061925095,-1.067073180,0.245914155,0.323421202,0.258194192
1766484269.255955,13188.000000000,1766484269.000000000,-14.824387701,-4.215205287,-1.219512206,0.239804486,0.326486806,0.270562776
1766484269.272734,13189.000000000,1766484269.000000000,-15.204500206,-3.908644903,-1.371951231,0.238277069,0.329552409,0.255102046
1766484269.288226,13190.000000000,1766484269.000000000,-15.508590210,-4.598405768,-1.676829283,0.236749652,0.329552409,0.244279535
1766484269.304033,13191.000000000,1766484269.000000000,-14.520297697,-4.981606248,-0.990853667,0.239804486,0.318822796,0.259740265
1766484269.320547,13192.000000000,1766484269.000000000,-14.900410202,-3.908644903,-1.295731719,0.233694818,0.323421202,0.267470630
1766484269.336365,13193.000000000,1766484269.000000000,-14.672342699,-4.445125575,-1.067073180,0.223002898,0.323421202,0.256648119
1766484269.352098,13194.000000000,1766484269.000000000,-14.748365200,-4.904966152,-1.448170744,0.244386737,0.332618013,0.256648119
1766484269.367599,13195.000000000,1766484269.000000000,-14.748365200,-4.751685960,-1.753048796,0.247441572,0.332618013,0.264378484
1766484269.384441,13196.000000000,1766484269.000000000,-14.748365200,-4.445125575,-1.600609770,0.239804486,0.324954004,0.261286338
1766484269.400002,13197.000000000,1766484269.000000000,-14.824387701,-4.445125575,-1.143292693,0.233694818,0.320355598,0.247371681
1766484269.415554,13198.000000000,1766484269.000000000,-14.216207692,-5.134886441,-1.295731719,0.233694818,0.318822796,0.256648119
1766484269.432451,13199.000000000,1766484269.000000000,-15.356545208,-4.598405768,-1.448170744,0.236749652,0.328019608,0.267470630
1766484269.447884,13200.000000000,1766484269.000000000,-14.900410202,-4.904966152,-1.753048796,0.241331903,0.335683617,0.269016703
1766484269.464601,13201.000000000,1766484269.000000000,-14.672342699,-4.291845383,-1.371951231,0.239804486,0.337216419,0.252009900
1766484269.480197,13202.000000000,1766484269.000000000,-14.368252695,-4.445125575,-1.524390257,0.244386737,0.335683617,0.252009900
1766484269.495722,13203.000000000,1766484269.000000000,-15.508590210,-3.832004806,-1.600609770,0.238277069,0.317289994,0.242733462
1766484269.512712,13204.000000000,1766484269.000000000,-14.824387701,-4.368485479,-1.219512206,0.230639983,0.321888400,0.256648119
1766484269.528343,13205.000000000,1766484269.000000000,-14.444275196,-4.445125575,-1.219512206,0.236749652,0.329552409,0.250463827
1766484269.543721,13206.000000000,1766484269.000000000,-14.824387701,-4.598405768,-1.448170744,0.244386737,0.334150815,0.255102046
1766484269.560685,13207.000000000,1766484269.000000000,-15.128477705,-3.985284999,-1.371951231,0.242859320,0.335683617,0.261286338
1766484269.576282,13208.000000000,1766484269.000000000,-14.596320198,-4.368485479,-1.753048796,0.239804486,0.334150815,0.252009900
1766484269.591804,13209.000000000,1766484269.000000000,-14.976432703,-4.521765672,-1.600609770,0.238277069,0.324954004,0.264378484
1766484269.607613,13210.000000000,1766484269.000000000,-15.128477705,-4.751685960,-1.295731719,0.245914155,0.321888400,0.267470630
1766484269.624500,13211.000000000,1766484269.000000000,-14.900410202,-3.985284999,-1.600609770,0.236749652,0.317289994,0.258194192
1766484269.640273,13212.000000000,1766484269.000000000,-14.596320198,-4.904966152,-1.371951231,0.242859320,0.321888400,0.265924557
1766484269.655765,13213.000000000,1766484269.000000000,-14.824387701,-4.215205287,-1.448170744,0.244386737,0.334150815,0.267470630
1766484269.672675,13214.000000000,1766484269.000000000,-14.596320198,-4.828326056,-1.676829283,0.239804486,0.334150815,0.256648119
1766484269.688419,13215.000000000,1766484269.000000000,-15.508590210,-4.291845383,-1.371951231,0.241331903,0.326486806,0.248917754
1766484269.704264,13216.000000000,1766484269.000000000,-14.216207692,-4.138565191,-1.905487821,0.238277069,0.318822796,0.250463827
1766484269.719917,13217.000000000,1766484269.000000000,-14.596320198,-4.675045864,-1.295731719,0.230639983,0.326486806,0.259740265
1766484269.735545,13218.000000000,1766484269.000000000,-14.596320198,-4.675045864,-1.371951231,0.238277069,0.328019608,0.244279535
1766484269.752303,13219.000000000,1766484269.000000000,-15.128477705,-5.134886441,-1.600609770,0.238277069,0.328019608,0.270562776
1766484269.767914,13220.000000000,1766484269.000000000,-15.128477705,-4.904966152,-2.057926847,0.244386737,0.329552409,0.262832411
1766484269.783441,13221.000000000,1766484269.000000000,-13.988140189,-5.058246344,-1.524390257,0.244386737,0.323421202,0.259740265
1766484269.800386,13222.000000000,1766484269.000000000,-14.824387701,-4.521765672,-1.600609770,0.233694818,0.320355598,0.259740265
1766484269.816092,13223.000000000,1766484269.000000000,-14.900410202,-3.525444422,-1.600609770,0.218420647,0.317289994,0.270562776
1766484269.831512,13224.000000000,1766484269.000000000,-14.900410202,-4.598405768,-1.600609770,0.242859320,0.317289994,0.269016703
1766484269.848289,13225.000000000,1766484269.000000000,-14.748365200,-5.058246344,-1.829268309,0.252023823,0.324954004,0.267470630
1766484269.863850,13226.000000000,1766484269.000000000,-15.204500206,-4.904966152,-1.753048796,0.242859320,0.324954004,0.273654922
1766484269.880481,13227.000000000,1766484269.000000000,-14.824387701,-4.291845383,-2.210365873,0.245914155,0.315757192,0.265924557
1766484269.896154,13228.000000000,1766484269.000000000,-14.824387701,-4.291845383,-1.371951231,0.239804486,0.314224390,0.256648119
1766484269.911631,13229.000000000,1766484269.000000000,-15.052455204,-4.981606248,-1.753048796,0.230639983,0.314224390,0.265924557
1766484269.927572,13230.000000000,1766484269.000000000,-14.976432703,-4.751685960,-1.371951231,0.245914155,0.318822796,0.273654922
1766484269.944541,13231.000000000,1766484269.000000000,-14.596320198,-4.061925095,-1.753048796,0.239804486,0.321888400,0.261286338
1766484269.959895,13232.000000000,1766484269.000000000,-14.672342699,-4.598405768,-1.753048796,0.245914155,0.323421202,0.264378484
1766484269.975628,13233.000000000,1766484269.000000000,-15.052455204,-4.521765672,-1.600609770,0.244386737,0.314224390,0.265924557
1766484269.992353,13234.000000000,1766484269.000000000,-15.052455204,-3.602084518,-1.371951231,0.238277069,0.303494777,0.264378484
1766484270.007866,13235.000000000,1766484270.000000000,-14.520297697,-3.832004806,-1.448170744,0.238277069,0.312691589,0.241187389
1766484270.023523,13236.000000000,1766484270.000000000,-14.900410202,-4.215205287,-1.600609770,0.242859320,0.317289994,0.258194192
1766484270.040421,13237.000000000,1766484270.000000000,-15.356545208,-4.368485479,-1.371951231,0.248968989,0.317289994,0.264378484
1766484270.055973,13238.000000000,1766484270.000000000,-14.368252695,-3.908644903,-1.143292693,0.242859320,0.314224390,0.267470630
1766484270.071477,13239.000000000,1766484270.000000000,-14.596320198,-4.981606248,-2.134146360,0.241331903,0.315757192,0.250463827
1766484270.088454,13240.000000000,1766484270.000000000,-15.204500206,-4.215205287,-1.753048796,0.248968989,0.303494777,0.273654922
1766484270.104027,13241.000000000,1766484270.000000000,-15.128477705,-3.755364710,-1.600609770,0.241331903,0.305027579,0.267470630
1766484270.119573,13242.000000000,1766484270.000000000,-14.976432703,-3.908644903,-1.524390257,0.226057732,0.308093183,0.256648119
1766484270.135339,13243.000000000,1766484270.000000000,-15.660635212,-4.445125575,-2.057926847,0.252023823,0.312691589,0.267470630
1766484270.152492,13244.000000000,1766484270.000000000,-14.824387701,-4.061925095,-1.905487821,0.242859320,0.315757192,0.255102046
1766484270.168035,13245.000000000,1766484270.000000000,-13.988140189,-4.904966152,-1.753048796,0.242859320,0.318822796,0.265924557
1766484270.183652,13246.000000000,1766484270.000000000,-14.672342699,-4.751685960,-1.676829283,0.245914155,0.312691589,0.259740265
1766484270.200330,13247.000000000,1766484270.000000000,-14.672342699,-3.908644903,-1.600609770,0.229112566,0.300429173,0.259740265
1766484270.215983,13248.000000000,1766484270.000000000,-15.128477705,-3.755364710,-1.829268309,0.232167401,0.300429173,0.272108849
1766484270.231530,13249.000000000,1766484270.000000000,-15.508590210,-3.678724614,-1.524390257,0.241331903,0.305027579,0.255102046
1766484270.247455,13250.000000000,1766484270.000000000,-15.204500206,-4.368485479,-1.219512206,0.242859320,0.311158787,0.261286338
1766484270.264269,13251.000000000,1766484270.000000000,-14.976432703,-4.521765672,-1.600609770,0.244386737,0.314224390,0.265924557
1766484270.280041,13252.000000000,1766484270.000000000,-15.812680214,-3.832004806,-1.981707334,0.250496406,0.311158787,0.259740265
1766484270.295454,13253.000000000,1766484270.000000000,-14.976432703,-4.138565191,-2.057926847,0.230639983,0.301961975,0.253555973
1766484270.312321,13254.000000000,1766484270.000000000,-14.672342699,-4.368485479,-1.524390257,0.236749652,0.311158787,0.256648119
1766484270.327862,13255.000000000,1766484270.000000000,-14.444275196,-4.675045864,-1.676829283,0.242859320,0.305027579,0.269016703
1766484270.343498,13256.000000000,1766484270.000000000,-15.356545208,-4.138565191,-1.524390257,0.241331903,0.301961975,0.265924557
1766484270.359497,13257.000000000,1766484270.000000000,-15.508590210,-5.288166633,-1.600609770,0.245914155,0.308093183,0.259740265
1766484270.376340,13258.000000000,1766484270.000000000,-15.052455204,-4.675045864,-1.448170744,0.261188326,0.289699560,0.244279535
1766484270.391993,13259.000000000,1766484270.000000000,-15.204500206,-4.368485479,-1.295731719,0.250496406,0.294297966,0.247371681
1766484270.407499,13260.000000000,1766484270.000000000,-14.444275196,-4.751685960,-1.600609770,0.245914155,0.292765164,0.253555973
1766484270.424244,13261.000000000,1766484270.000000000,-14.672342699,-4.675045864,-1.371951231,0.248968989,0.300429173,0.259740265
1766484270.439848,13262.000000000,1766484270.000000000,-15.128477705,-4.061925095,-1.600609770,0.253551240,0.300429173,0.253555973
1766484270.455661,13263.000000000,1766484270.000000000,-15.204500206,-3.372164230,-1.600609770,0.250496406,0.294297966,0.261286338
1766484270.471238,13264.000000000,1766484270.000000000,-14.900410202,-4.215205287,-1.905487821,0.258133491,0.286633956,0.269016703
1766484270.488000,13265.000000000,1766484270.000000000,-15.432567709,-4.138565191,-1.905487821,0.259660909,0.280502749,0.259740265
1766484270.503404,13266.000000000,1766484270.000000000,-15.128477705,-5.058246344,-1.524390257,0.255078657,0.282035550,0.259740265
1766484270.520031,13267.000000000,1766484270.000000000,-15.432567709,-4.675045864,-1.753048796,0.259660909,0.283568352,0.265924557
1766484270.535664,13268.000000000,1766484270.000000000,-16.192792719,-4.291845383,-1.829268309,0.261188326,0.288166758,0.262832411
1766484270.551391,13269.000000000,1766484270.000000000,-15.432567709,-5.288166633,-1.981707334,0.267297994,0.286633956,0.262832411
1766484270.568323,13270.000000000,1766484270.000000000,-15.128477705,-5.134886441,-2.057926847,0.281044748,0.286633956,0.272108849
1766484270.583790,13271.000000000,1766484270.000000000,-15.280522707,-5.441446825,-2.515243924,0.299373753,0.280502749,0.272108849
1766484270.599331,13272.000000000,1766484270.000000000,-15.660635212,-5.134886441,-2.286585386,0.300901171,0.268240333,0.252009900
1766484270.616023,13273.000000000,1766484270.000000000,-15.660635212,-4.828326056,-3.734756130,0.311593090,0.259043522,0.255102046
1766484270.631403,13274.000000000,1766484270.000000000,-15.356545208,-5.211526537,-4.268292720,0.337559181,0.232985890,0.270562776
1766484270.648446,13275.000000000,1766484270.000000000,-15.356545208,-5.518086921,-4.649390284,0.351305935,0.225321880,0.264378484
1766484270.664021,13276.000000000,1766484270.000000000,-15.280522707,-5.211526537,-5.182926874,0.332976930,0.222256276,0.270562776
1766484270.679370,13277.000000000,1766484270.000000000,-16.192792719,-5.671367113,-5.030487849,0.351305935,0.200797050,0.262832411
1766484270.695982,13278.000000000,1766484270.000000000,-15.888702715,-5.134886441,-5.182926874,0.351305935,0.194665842,0.264378484
1766484270.711587,13279.000000000,1766484270.000000000,-16.192792719,-5.058246344,-5.411585413,0.354360769,0.194665842,0.265924557
1766484270.727160,13280.000000000,1766484270.000000000,-16.192792719,-5.441446825,-5.106707362,0.357415604,0.197731446,0.247371681
1766484270.743948,13281.000000000,1766484270.000000000,-15.888702715,-5.441446825,-4.954268336,0.357415604,0.187001832,0.261286338
1766484270.759698,13282.000000000,1766484270.000000000,-16.876995229,-4.675045864,-5.106707362,0.357415604,0.188534634,0.256648119
1766484270.775233,13283.000000000,1766484270.000000000,-16.800972727,-5.364806729,-4.649390284,0.352833352,0.191600238,0.265924557
1766484270.791937,13284.000000000,1766484270.000000000,-16.344837721,-4.981606248,-4.573170772,0.355888186,0.193133040,0.262832411
1766484270.807485,13285.000000000,1766484270.000000000,-16.192792719,-4.828326056,-4.649390284,0.360470438,0.193133040,0.259740265
1766484270.823338,13286.000000000,1766484270.000000000,-16.192792719,-4.751685960,-4.801829310,0.357415604,0.194665842,0.256648119
1766484270.840150,13287.000000000,1766484270.000000000,-16.040747717,-4.981606248,-4.801829310,0.351305935,0.197731446,0.253555973
1766484270.855838,13288.000000000,1766484270.000000000,-15.888702715,-5.211526537,-4.725609797,0.357415604,0.199264248,0.252009900
1766484270.871437,13289.000000000,1766484270.000000000,-15.736657713,-5.441446825,-4.649390284,0.357415604,0.193133040,0.253555973
1766484270.887160,13290.000000000,1766484270.000000000,-15.736657713,-4.751685960,-5.030487849,0.355888186,0.194665842,0.264378484
1766484270.903862,13291.000000000,1766484270.000000000,-16.648927725,-5.824647306,-4.725609797,0.355888186,0.199264248,0.265924557
1766484270.919553,13292.000000000,1766484270.000000000,-16.496882723,-5.058246344,-4.954268336,0.355888186,0.197731446,0.262832411
1766484270.935350,13293.000000000,1766484270.000000000,-16.040747717,-4.751685960,-5.182926874,0.351305935,0.196198644,0.262832411
1766484270.952145,13294.000000000,1766484270.000000000,-16.192792719,-5.058246344,-4.420731746,0.352833352,0.193133040,0.265924557
1766484270.967743,13295.000000000,1766484270.000000000,-16.496882723,-5.824647306,-4.573170772,0.355888186,0.194665842,0.253555973
1766484270.983539,13296.000000000,1766484270.000000000,-16.040747717,-4.828326056,-4.801829310,0.355888186,0.199264248,0.259740265
1766484270.999177,13297.000000000,1766484270.000000000,-16.344837721,-4.981606248,-4.725609797,0.352833352,0.205395455,0.259740265
1766484271.015793,13298.000000000,1766484271.000000000,-15.736657713,-5.288166633,-4.496951259,0.355888186,0.202329851,0.255102046
1766484271.031373,13299.000000000,1766484271.000000000,-15.888702715,-5.518086921,-4.115853694,0.355888186,0.203862653,0.258194192
1766484271.047027,13300.000000000,1766484271.000000000,-16.192792719,-5.058246344,-4.496951259,0.354360769,0.193133040,0.265924557
1766484271.063847,13301.000000000,1766484271.000000000,-16.040747717,-4.828326056,-4.496951259,0.355888186,0.194665842,0.265924557
1766484271.079528,13302.000000000,1766484271.000000000,-16.040747717,-5.364806729,-4.801829310,0.349778518,0.203862653,0.259740265
1766484271.095309,13303.000000000,1766484271.000000000,-15.432567709,-5.364806729,-4.801829310,0.352833352,0.199264248,0.256648119
1766484271.112097,13304.000000000,1766484271.000000000,-16.192792719,-5.518086921,-4.573170772,0.352833352,0.202329851,0.247371681
1766484271.127677,13305.000000000,1766484271.000000000,-16.040747717,-5.518086921,-4.878048823,0.351305935,0.199264248,0.253555973
1766484271.143429,13306.000000000,1766484271.000000000,-16.040747717,-5.211526537,-4.344512233,0.355888186,0.202329851,0.269016703
1766484271.159081,13307.000000000,1766484271.000000000,-16.192792719,-5.671367113,-4.496951259,0.352833352,0.200797050,0.256648119
1766484271.175738,13308.000000000,1766484271.000000000,-15.888702715,-5.288166633,-4.344512233,0.348251101,0.203862653,0.258194192
1766484271.191564,13309.000000000,1766484271.000000000,-16.040747717,-4.981606248,-4.420731746,0.349778518,0.202329851,0.250463827
1766484271.207225,13310.000000000,1766484271.000000000,-15.888702715,-4.751685960,-4.573170772,0.349778518,0.200797050,0.261286338
1766484271.223115,13311.000000000,1766484271.000000000,-15.736657713,-5.058246344,-4.420731746,0.348251101,0.202329851,0.255102046
1766484271.239645,13312.000000000,1766484271.000000000,-16.040747717,-5.824647306,-4.039634182,0.346723684,0.203862653,0.253555973
1766484271.255457,13313.000000000,1766484271.000000000,-16.040747717,-5.364806729,-4.268292720,0.346723684,0.203862653,0.265924557
1766484271.270886,13314.000000000,1766484271.000000000,-16.040747717,-5.824647306,-4.573170772,0.346723684,0.203862653,0.258194192
1766484271.287463,13315.000000000,1766484271.000000000,-15.584612711,-5.441446825,-4.115853694,0.345196267,0.196198644,0.258194192
1766484271.303207,13316.000000000,1766484271.000000000,-15.888702715,-5.824647306,-4.344512233,0.346723684,0.200797050,0.273654922
1766484271.318830,13317.000000000,1766484271.000000000,-15.204500206,-5.288166633,-4.649390284,0.342141432,0.197731446,0.273654922
1766484271.335534,13318.000000000,1766484271.000000000,-15.736657713,-5.594727017,-4.344512233,0.342141432,0.203862653,0.258194192
1766484271.351421,13319.000000000,1766484271.000000000,-16.040747717,-5.518086921,-4.573170772,0.343668850,0.203862653,0.259740265
1766484271.367125,13320.000000000,1766484271.000000000,-16.192792719,-5.594727017,-4.344512233,0.346723684,0.205395455,0.262832411
1766484271.382776,13321.000000000,1766484271.000000000,-16.040747717,-5.901287402,-4.268292720,0.346723684,0.203862653,0.259740265
1766484271.399744,13322.000000000,1766484271.000000000,-16.268815220,-5.288166633,-6.402439080,0.331449513,0.219190672,0.258194192
1766484271.415342,13323.000000000,1766484271.000000000,-15.508590210,-5.901287402,-6.631097619,0.354360769,0.239117097,0.241187389
1766484271.431024,13324.000000000,1766484271.000000000,-16.116770218,-5.901287402,-6.250000055,0.360470438,0.246781107,0.253555973
1766484271.447762,13325.000000000,1766484271.000000000,-15.660635212,-5.134886441,-6.250000055,0.354360769,0.240649899,0.258194192
1766484271.463538,13326.000000000,1766484271.000000000,-15.812680214,-5.134886441,-6.097561029,0.354360769,0.243715503,0.258194192
1766484271.479181,13327.000000000,1766484271.000000000,-15.508590210,-5.518086921,-6.097561029,0.358943021,0.246781107,0.258194192
1766484271.495990,13328.000000000,1766484271.000000000,-15.660635212,-5.594727017,-6.250000055,0.361997855,0.248313909,0.258194192
1766484271.511616,13329.000000000,1766484271.000000000,-15.812680214,-6.207847786,-6.250000055,0.365052689,0.243715503,0.252009900
1766484271.527227,13330.000000000,1766484271.000000000,-15.812680214,-5.748007210,-6.097561029,0.365052689,0.243715503,0.252009900
1766484271.542799,13331.000000000,1766484271.000000000,-15.052455204,-5.977927498,-6.326219567,0.365052689,0.248313909,0.255102046
1766484271.559693,13332.000000000,1766484271.000000000,-15.964725216,-5.518086921,-6.250000055,0.365052689,0.248313909,0.247371681
1766484271.575478,13333.000000000,1766484271.000000000,-15.660635212,-5.441446825,-6.250000055,0.360470438,0.246781107,0.255102046
1766484271.591028,13334.000000000,1766484271.000000000,-14.824387701,-4.904966152,-6.631097619,0.361997855,0.243715503,0.252009900
1766484271.607863,13335.000000000,1766484271.000000000,-15.052455204,-5.824647306,-6.478658593,0.361997855,0.243715503,0.261286338
1766484271.623650,13336.000000000,1766484271.000000000,-14.596320198,-5.977927498,-6.478658593,0.360470438,0.243715503,0.247371681
1766484271.639445,13337.000000000,1766484271.000000000,-15.660635212,-6.284487882,-6.250000055,0.361997855,0.246781107,0.261286338
1766484271.654893,13338.000000000,1766484271.000000000,-15.660635212,-5.671367113,-6.250000055,0.365052689,0.246781107,0.248917754
1766484271.671599,13339.000000000,1766484271.000000000,-15.964725216,-5.748007210,-6.402439080,0.358943021,0.248313909,0.253555973
1766484271.687268,13340.000000000,1766484271.000000000,-14.824387701,-5.671367113,-6.554878106,0.361997855,0.248313909,0.245825608
1766484271.702758,13341.000000000,1766484271.000000000,-15.052455204,-5.364806729,-6.478658593,0.366580106,0.248313909,0.255102046
1766484271.719542,13342.000000000,1766484271.000000000,-15.280522707,-5.518086921,-6.478658593,0.365052689,0.248313909,0.258194192
1766484271.735418,13343.000000000,1766484271.000000000,-15.508590210,-5.058246344,-6.402439080,0.363525272,0.248313909,0.262832411
1766484271.751156,13344.000000000,1766484271.000000000,-14.976432703,-5.211526537,-6.402439080,0.366580106,0.246781107,0.258194192
1766484271.766754,13345.000000000,1766484271.000000000,-15.356545208,-6.131207690,-6.478658593,0.361997855,0.248313909,0.258194192
1766484271.783197,13346.000000000,1766484271.000000000,-15.356545208,-5.671367113,-6.326219567,0.361997855,0.251379512,0.264378484
1766484271.799553,13347.000000000,1766484271.000000000,-14.900410202,-6.131207690,-6.631097619,0.365052689,0.249846710,0.255102046
1766484271.814857,13348.000000000,1766484271.000000000,-15.508590210,-5.824647306,-6.631097619,0.363525272,0.249846710,0.258194192
1766484271.831530,13349.000000000,1766484271.000000000,-14.900410202,-5.824647306,-6.631097619,0.361997855,0.249846710,0.255102046
1766484271.847320,13350.000000000,1766484271.000000000,-15.508590210,-6.131207690,-6.478658593,0.366580106,0.249846710,0.252009900
1766484271.863054,13351.000000000,1766484271.000000000,-15.280522707,-5.671367113,-6.326219567,0.361997855,0.248313909,0.245825608
1766484271.878564,13352.000000000,1766484271.000000000,-15.508590210,-5.518086921,-6.250000055,0.363525272,0.248313909,0.261286338
1766484271.895495,13353.000000000,1766484271.000000000,-15.508590210,-5.977927498,-6.097561029,0.361997855,0.249846710,0.258194192
1766484271.911212,13354.000000000,1766484271.000000000,-15.128477705,-5.518086921,-6.859756157,0.361997855,0.249846710,0.258194192
1766484271.926650,13355.000000000,1766484271.000000000,-15.660635212,-5.824647306,-6.783536645,0.363525272,0.254445116,0.258194192
1766484271.943505,13356.000000000,1766484271.000000000,-15.812680214,-5.364806729,-6.707317132,0.361997855,0.249846710,0.255102046
1766484271.959010,13357.000000000,1766484271.000000000,-15.356545208,-5.518086921,-6.402439080,0.363525272,0.255977918,0.261286338
1766484271.975658,13358.000000000,1766484271.000000000,-15.508590210,-5.977927498,-6.554878106,0.363525272,0.248313909,0.267470630
1766484271.991306,13359.000000000,1766484271.000000000,-15.356545208,-6.284487882,-6.707317132,0.365052689,0.254445116,0.248917754
1766484272.007069,13360.000000000,1766484272.000000000,-14.444275196,-6.131207690,-6.554878106,0.361997855,0.251379512,0.252009900
1766484272.022539,13361.000000000,1766484272.000000000,-15.812680214,-5.824647306,-6.402439080,0.361997855,0.249846710,0.261286338
1766484272.039506,13362.000000000,1766484272.000000000,-15.280522707,-5.518086921,-6.478658593,0.361997855,0.248313909,0.264378484
1766484272.055220,13363.000000000,1766484272.000000000,-15.812680214,-5.671367113,-6.783536645,0.361997855,0.251379512,0.252009900
1766484272.070983,13364.000000000,1766484272.000000000,-15.660635212,-5.977927498,-6.478658593,0.365052689,0.248313909,0.245825608
1766484272.087562,13365.000000000,1766484272.000000000,-15.660635212,-5.518086921,-6.250000055,0.363525272,0.251379512,0.255102046
1766484272.103146,13366.000000000,1766484272.000000000,-14.976432703,-6.131207690,-6.554878106,0.361997855,0.251379512,0.258194192
1766484272.118697,13367.000000000,1766484272.000000000,-14.976432703,-6.131207690,-6.707317132,0.361997855,0.251379512,0.252009900
1766484272.135573,13368.000000000,1766484272.000000000,-14.900410202,-5.977927498,-6.859756157,0.365052689,0.251379512,0.239641316
1766484272.151259,13369.000000000,1766484272.000000000,-15.280522707,-5.977927498,-6.097561029,0.365052689,0.248313909,0.252009900
1766484272.166965,13370.000000000,1766484272.000000000,-15.660635212,-5.824647306,-6.478658593,0.363525272,0.254445116,0.258194192
1766484272.182516,13371.000000000,1766484272.000000000,-15.660635212,-5.211526537,-6.402439080,0.361997855,0.251379512,0.261286338
1766484272.199381,13372.000000000,1766484272.000000000,-15.964725216,-5.364806729,-6.631097619,0.363525272,0.249846710,0.256648119
1766484272.215047,13373.000000000,1766484272.000000000,-15.812680214,-5.824647306,-6.783536645,0.358943021,0.255977918,0.255102046
1766484272.230647,13374.000000000,1766484272.000000000,-15.356545208,-6.131207690,-6.326219567,0.361997855,0.251379512,0.245825608
1766484272.246491,13375.000000000,1766484272.000000000,-15.812680214,-5.518086921,-6.631097619,0.365052689,0.251379512,0.252009900
1766484272.262440,13376.000000000,1766484272.000000000,-15.508590210,-5.518086921,-6.554878106,0.363525272,0.248313909,0.248917754
1766484272.279255,13377.000000000,1766484272.000000000,-15.964725216,-5.671367113,-6.326219567,0.361997855,0.254445116,0.250463827
1766484272.294861,13378.000000000,1766484272.000000000,-15.280522707,-6.131207690,-6.097561029,0.361997855,0.248313909,0.258194192
1766484272.310421,13379.000000000,1766484272.000000000,-15.128477705,-5.364806729,-6.554878106,0.361997855,0.257510720,0.242733462
1766484272.327105,13380.000000000,1766484272.000000000,-15.660635212,-5.364806729,-6.097561029,0.363525272,0.252912314,0.252009900
1766484272.342692,13381.000000000,1766484272.000000000,-15.508590210,-5.824647306,-6.554878106,0.361997855,0.252912314,0.255102046
1766484272.358497,13382.000000000,1766484272.000000000,-14.900410202,-5.977927498,-6.554878106,0.365052689,0.251379512,0.252009900
1766484272.375004,13383.000000000,1766484272.000000000,-15.204500206,-6.131207690,-6.783536645,0.363525272,0.251379512,0.248917754
1766484272.390503,13384.000000000,1766484272.000000000,-15.660635212,-5.518086921,-6.478658593,0.365052689,0.248313909,0.252009900
1766484272.407370,13385.000000000,1766484272.000000000,-15.356545208,-5.671367113,-6.326219567,0.361997855,0.251379512,0.252009900
1766484272.423003,13386.000000000,1766484272.000000000,-15.508590210,-5.364806729,-6.554878106,0.361997855,0.254445116,0.261286338
1766484272.438449,13387.000000000,1766484272.000000000,-15.812680214,-5.518086921,-6.478658593,0.361997855,0.257510720,0.252009900
1766484272.454483,13388.000000000,1766484272.000000000,-15.204500206,-5.977927498,-6.478658593,0.363525272,0.251379512,0.248917754
1766484272.471404,13389.000000000,1766484272.000000000,-15.356545208,-5.824647306,-6.326219567,0.368107523,0.251379512,0.245825608
1766484272.486874,13390.000000000,1766484272.000000000,-15.204500206,-5.977927498,-6.478658593,0.366580106,0.251379512,0.255102046
1766484272.502411,13391.000000000,1766484272.000000000,-15.812680214,-6.591048267,-6.402439080,0.363525272,0.255977918,0.255102046
1766484272.519310,13392.000000000,1766484272.000000000,-15.052455204,-6.131207690,-6.402439080,0.361997855,0.254445116,0.258194192
1766484272.534941,13393.000000000,1766484272.000000000,-15.204500206,-5.824647306,-6.554878106,0.363525272,0.254445116,0.252009900
1766484272.550537,13394.000000000,1766484272.000000000,-15.128477705,-5.211526537,-6.631097619,0.361997855,0.251379512,0.248917754
1766484272.567335,13395.000000000,1766484272.000000000,-16.268815220,-5.211526537,-6.250000055,0.361997855,0.254445116,0.255102046
1766484272.583001,13396.000000000,1766484272.000000000,-16.116770218,-5.518086921,-6.097561029,0.361997855,0.252912314,0.250463827
1766484272.598326,13397.000000000,1766484272.000000000,-14.900410202,-5.671367113,-6.402439080,0.361997855,0.251379512,0.245825608
1766484272.615097,13398.000000000,1766484272.000000000,-14.976432703,-5.824647306,-6.783536645,0.365052689,0.252912314,0.248917754
1766484272.630618,13399.000000000,1766484272.000000000,-14.900410202,-5.671367113,-6.478658593,0.365052689,0.249846710,0.267470630
1766484272.646364,13400.000000000,1766484272.000000000,-15.964725216,-5.977927498,-6.554878106,0.361997855,0.257510720,0.241187389
1766484272.663227,13401.000000000,1766484272.000000000,-14.976432703,-5.364806729,-6.631097619,0.361997855,0.252912314,0.242733462
1766484272.678765,13402.000000000,1766484272.000000000,-15.508590210,-5.211526537,-6.250000055,0.365052689,0.252912314,0.255102046
1766484272.694397,13403.000000000,1766484272.000000000,-15.204500206,-5.058246344,-6.783536645,0.363525272,0.251379512,0.261286338
1766484272.711103,13404.000000000,1766484272.000000000,-14.672342699,-6.131207690,-6.478658593,0.361997855,0.251379512,0.248917754
1766484272.726718,13405.000000000,1766484272.000000000,-15.508590210,-5.518086921,-6.097561029,0.365052689,0.254445116,0.245825608
1766484272.742343,13406.000000000,1766484272.000000000,-15.508590210,-5.824647306,-6.554878106,0.361997855,0.252912314,0.255102046
1766484272.759122,13407.000000000,1766484272.000000000,-15.128477705,-5.977927498,-6.859756157,0.361997855,0.257510720,0.248917754
1766484272.774719,13408.000000000,1766484272.000000000,-15.280522707,-6.284487882,-6.478658593,0.363525272,0.254445116,0.258194192
1766484272.790434,13409.000000000,1766484272.000000000,-15.356545208,-5.671367113,-6.250000055,0.365052689,0.249846710,0.255102046
1766484272.807246,13410.000000000,1766484272.000000000,-14.672342699,-5.364806729,-6.402439080,0.361997855,0.257510720,0.267470630
1766484272.822892,13411.000000000,1766484272.000000000,-15.204500206,-4.904966152,-6.478658593,0.366580106,0.251379512,0.255102046
1766484272.838558,13412.000000000,1766484272.000000000,-14.976432703,-5.824647306,-6.326219567,0.361997855,0.252912314,0.248917754
1766484272.854309,13413.000000000,1766484272.000000000,-14.976432703,-6.437768075,-6.326219567,0.358943021,0.252912314,0.247371681
1766484272.871125,13414.000000000,1766484272.000000000,-16.116770218,-5.211526537,-6.707317132,0.365052689,0.257510720,0.261286338
1766484272.886782,13415.000000000,1766484272.000000000,-15.280522707,-5.671367113,-6.478658593,0.361997855,0.254445116,0.255102046
1766484272.902371,13416.000000000,1766484272.000000000,-15.812680214,-6.284487882,-6.250000055,0.358943021,0.255977918,0.261286338
1766484272.919339,13417.000000000,1766484272.000000000,-15.204500206,-6.284487882,-6.326219567,0.365052689,0.254445116,0.245825608
1766484272.935021,13418.000000000,1766484272.000000000,-15.508590210,-5.518086921,-6.402439080,0.365052689,0.248313909,0.261286338
1766484272.950762,13419.000000000,1766484272.000000000,-15.508590210,-5.134886441,-5.945122003,0.361997855,0.254445116,0.259740265
1766484272.966492,13420.000000000,1766484272.000000000,-15.660635212,-5.441446825,-6.097561029,0.361997855,0.252912314,0.252009900
1766484272.983220,13421.000000000,1766484272.000000000,-15.356545208,-5.594727017,-6.554878106,0.361997855,0.251379512,0.258194192
1766484272.998777,13422.000000000,1766484272.000000000,-15.356545208,-5.824647306,-6.402439080,0.361997855,0.249846710,0.261286338
1766484273.014411,13423.000000000,1766484273.000000000,-15.356545208,-6.514408171,-6.554878106,0.365052689,0.259043522,0.242733462
1766484273.030213,13424.000000000,1766484273.000000000,-15.204500206,-6.284487882,-6.478658593,0.365052689,0.254445116,0.252009900
1766484273.046885,13425.000000000,1766484273.000000000,-14.900410202,-5.441446825,-6.173780542,0.365052689,0.251379512,0.252009900
1766484273.062648,13426.000000000,1766484273.000000000,-15.356545208,-5.211526537,-6.402439080,0.360470438,0.251379512,0.264378484
1766484273.078269,13427.000000000,1766484273.000000000,-15.052455204,-6.207847786,-6.326219567,0.360470438,0.255977918,0.258194192
1766484273.095079,13428.000000000,1766484273.000000000,-16.268815220,-5.288166633,-6.173780542,0.365052689,0.252912314,0.258194192
1766484273.110705,13429.000000000,1766484273.000000000,-15.508590210,-5.901287402,-6.250000055,0.361997855,0.252912314,0.242733462
1766484273.126382,13430.000000000,1766484273.000000000,-15.052455204,-5.977927498,-6.478658593,0.360470438,0.254445116,0.248917754
1766484273.143333,13431.000000000,1766484273.000000000,-15.052455204,-6.437768075,-6.478658593,0.360470438,0.254445116,0.255102046
1766484273.158887,13432.000000000,1766484273.000000000,-15.508590210,-6.131207690,-6.173780542,0.361997855,0.255977918,0.245825608
1766484273.174616,13433.000000000,1766484273.000000000,-15.812680214,-5.901287402,-6.173780542,0.361997855,0.254445116,0.252009900
1766484273.190310,13434.000000000,1766484273.000000000,-15.660635212,-4.675045864,-6.478658593,0.361997855,0.259043522,0.259740265
1766484273.207185,13435.000000000,1766484273.000000000,-15.280522707,-5.671367113,-6.097561029,0.361997855,0.254445116,0.261286338
1766484273.222591,13436.000000000,1766484273.000000000,-15.964725216,-5.518086921,-5.945122003,0.365052689,0.254445116,0.250463827
1766484273.238300,13437.000000000,1766484273.000000000,-15.660635212,-5.594727017,-6.250000055,0.361997855,0.251379512,0.267470630
1766484273.254241,13438.000000000,1766484273.000000000,-15.204500206,-6.131207690,-6.478658593,0.361997855,0.251379512,0.261286338
1766484273.270890,13439.000000000,1766484273.000000000,-15.280522707,-6.131207690,-6.631097619,0.361997855,0.255977918,0.255102046
1766484273.286624,13440.000000000,1766484273.000000000,-15.280522707,-5.594727017,-6.250000055,0.365052689,0.254445116,0.248917754
1766484273.302336,13441.000000000,1766484273.000000000,-14.444275196,-6.131207690,-6.631097619,0.361997855,0.251379512,0.238095243
1766484273.317917,13442.000000000,1766484273.000000000,-15.508590210,-5.134886441,-6.250000055,0.361997855,0.254445116,0.258194192
1766484273.334767,13443.000000000,1766484273.000000000,-15.964725216,-5.748007210,-6.250000055,0.360470438,0.255977918,0.250463827
1766484273.350326,13444.000000000,1766484273.000000000,-15.660635212,-5.441446825,-6.097561029,0.361997855,0.252912314,0.264378484
1766484273.366114,13445.000000000,1766484273.000000000,-15.356545208,-5.748007210,-6.402439080,0.365052689,0.252912314,0.248917754
1766484273.382918,13446.000000000,1766484273.000000000,-15.356545208,-5.594727017,-6.402439080,0.361997855,0.251379512,0.252009900
1766484273.398363,13447.000000000,1766484273.000000000,-14.824387701,-6.284487882,-6.631097619,0.365052689,0.257510720,0.231910951
1766484273.415188,13448.000000000,1766484273.000000000,-15.280522707,-5.671367113,-6.783536645,0.361997855,0.255977918,0.255102046
1766484273.430919,13449.000000000,1766484273.000000000,-16.116770218,-5.901287402,-6.097561029,0.361997855,0.254445116,0.250463827
1766484273.446494,13450.000000000,1766484273.000000000,-15.280522707,-5.134886441,-6.250000055,0.361997855,0.254445116,0.261286338
1766484273.462546,13451.000000000,1766484273.000000000,-15.660635212,-5.211526537,-6.402439080,0.361997855,0.251379512,0.255102046
1766484273.478248,13452.000000000,1766484273.000000000,-15.356545208,-5.594727017,-6.097561029,0.365052689,0.259043522,0.248917754
1766484273.494972,13453.000000000,1766484273.000000000,-15.280522707,-5.748007210,-6.250000055,0.361997855,0.254445116,0.242733462
1766484273.510543,13454.000000000,1766484273.000000000,-15.660635212,-5.977927498,-6.097561029,0.365052689,0.251379512,0.261286338
1766484273.526039,13455.000000000,1766484273.000000000,-15.356545208,-6.284487882,-6.402439080,0.365052689,0.257510720,0.258194192
1766484273.542912,13456.000000000,1766484273.000000000,-15.812680214,-6.054567594,-6.250000055,0.361997855,0.252912314,0.258194192
1766484273.558525,13457.000000000,1766484273.000000000,-15.508590210,-5.748007210,-6.402439080,0.365052689,0.249846710,0.258194192
1766484273.573896,13458.000000000,1766484273.000000000,-15.280522707,-5.441446825,-6.250000055,0.361997855,0.252912314,0.264378484
1766484273.590680,13459.000000000,1766484273.000000000,-15.052455204,-5.901287402,-6.021341516,0.360470438,0.252912314,0.261286338
1766484273.606457,13460.000000000,1766484273.000000000,-15.356545208,-5.671367113,-6.478658593,0.361997855,0.251379512,0.258194192
1766484273.621945,13461.000000000,1766484273.000000000,-15.812680214,-5.671367113,-6.097561029,0.358943021,0.255977918,0.258194192
1766484273.638728,13462.000000000,1766484273.000000000,-15.280522707,-5.671367113,-6.554878106,0.361997855,0.255977918,0.261286338
1766484273.654347,13463.000000000,1766484273.000000000,-15.508590210,-5.824647306,-6.935975670,0.358943021,0.255977918,0.264378484
1766484273.669912,13464.000000000,1766484273.000000000,-15.128477705,-5.518086921,-6.554878106,0.358943021,0.257510720,0.248917754
1766484273.686674,13465.000000000,1766484273.000000000,-15.052455204,-6.437768075,-6.478658593,0.361997855,0.254445116,0.248917754
1766484273.702410,13466.000000000,1766484273.000000000,-15.508590210,-5.824647306,-6.402439080,0.361997855,0.254445116,0.255102046
1766484273.717988,13467.000000000,1766484273.000000000,-15.812680214,-5.671367113,-6.250000055,0.361997855,0.255977918,0.261286338
1766484273.734501,13468.000000000,1766484273.000000000,-14.976432703,-5.594727017,-6.173780542,0.361997855,0.251379512,0.258194192
1766484273.750138,13469.000000000,1766484273.000000000,-15.128477705,-6.667688363,-6.173780542,0.360470438,0.255977918,0.258194192
1766484273.766845,13470.000000000,1766484273.000000000,-15.964725216,-5.518086921,-6.097561029,0.360470438,0.252912314,0.259740265
1766484273.782475,13471.000000000,1766484273.000000000,-15.812680214,-6.284487882,-6.250000055,0.365052689,0.257510720,0.258194192
1766484273.798020,13472.000000000,1766484273.000000000,-16.420860222,-5.518086921,-6.554878106,0.358943021,0.252912314,0.253555973
1766484273.814454,13473.000000000,1766484273.000000000,-15.964725216,-5.364806729,-6.554878106,0.363525272,0.260576324,0.252009900
1766484273.829917,13474.000000000,1766484273.000000000,-15.204500206,-5.824647306,-6.478658593,0.358943021,0.251379512,0.267470630
1766484273.846745,13475.000000000,1766484273.000000000,-15.812680214,-5.977927498,-6.097561029,0.361997855,0.257510720,0.258194192
1766484273.862277,13476.000000000,1766484273.000000000,-15.812680214,-5.518086921,-6.478658593,0.361997855,0.257510720,0.252009900
1766484273.877796,13477.000000000,1766484273.000000000,-15.356545208,-5.364806729,-6.250000055,0.358943021,0.254445116,0.261286338
1766484273.894596,13478.000000000,1766484273.000000000,-15.660635212,-5.364806729,-6.250000055,0.361997855,0.257510720,0.255102046
1766484273.910234,13479.000000000,1766484273.000000000,-15.812680214,-4.904966152,-6.478658593,0.363525272,0.257510720,0.253555973
1766484273.925732,13480.000000000,1766484273.000000000,-15.660635212,-6.131207690,-6.631097619,0.358943021,0.254445116,0.252009900
1766484273.942658,13481.000000000,1766484273.000000000,-15.812680214,-5.671367113,-6.554878106,0.361997855,0.255977918,0.255102046
1766484273.958295,13482.000000000,1766484273.000000000,-15.356545208,-5.671367113,-6.554878106,0.358943021,0.257510720,0.252009900
1766484273.974919,13483.000000000,1766484273.000000000,-15.508590210,-5.671367113,-6.326219567,0.358943021,0.255977918,0.264378484
1766484273.990599,13484.000000000,1766484273.000000000,-15.660635212,-5.824647306,-6.554878106,0.358943021,0.259043522,0.252009900
1766484274.006388,13485.000000000,1766484274.000000000,-15.508590210,-5.364806729,-6.326219567,0.358943021,0.254445116,0.258194192
1766484274.021845,13486.000000000,1766484274.000000000,-14.824387701,-5.824647306,-6.707317132,0.358943021,0.255977918,0.261286338
1766484274.038580,13487.000000000,1766484274.000000000,-15.280522707,-5.824647306,-6.554878106,0.358943021,0.255977918,0.255102046
1766484274.054447,13488.000000000,1766484274.000000000,-15.356545208,-5.518086921,-6.554878106,0.361997855,0.257510720,0.258194192
1766484274.070111,13489.000000000,1766484274.000000000,-14.748365200,-6.591048267,-6.783536645,0.358943021,0.254445116,0.258194192
1766484274.086776,13490.000000000,1766484274.000000000,-15.052455204,-5.977927498,-6.478658593,0.351305935,0.260576324,0.245825608
1766484274.102484,13491.000000000,1766484274.000000000,-16.116770218,-5.977927498,-6.250000055,0.358943021,0.257510720,0.259740265
1766484274.118294,13492.000000000,1766484274.000000000,-15.356545208,-5.518086921,-6.326219567,0.352833352,0.259043522,0.261286338
1766484274.133697,13493.000000000,1766484274.000000000,-15.356545208,-5.518086921,-6.402439080,0.361997855,0.257510720,0.252009900
1766484274.150487,13494.000000000,1766484274.000000000,-14.748365200,-6.131207690,-6.554878106,0.358943021,0.254445116,0.258194192
1766484274.166173,13495.000000000,1766484274.000000000,-15.660635212,-5.977927498,-6.250000055,0.358943021,0.257510720,0.267470630
1766484274.181810,13496.000000000,1766484274.000000000,-15.052455204,-5.824647306,-6.783536645,0.358943021,0.255977918,0.258194192
1766484274.198503,13497.000000000,1766484274.000000000,-15.204500206,-5.977927498,-6.707317132,0.365052689,0.252912314,0.255102046
1766484274.214314,13498.000000000,1766484274.000000000,-15.508590210,-5.824647306,-5.945122003,0.357415604,0.254445116,0.264378484
1766484274.230026,13499.000000000,1766484274.000000000,-14.748365200,-6.054567594,-6.021341516,0.358943021,0.252912314,0.258194192
1766484274.246645,13500.000000000,1766484274.000000000,-15.964725216,-5.058246344,-6.097561029,0.360470438,0.252912314,0.255102046
1766484274.262387,13501.000000000,1766484274.000000000,-15.508590210,-5.134886441,-6.250000055,0.357415604,0.255977918,0.255102046
1766484274.278219,13502.000000000,1766484274.000000000,-15.356545208,-5.671367113,-6.402439080,0.360470438,0.251379512,0.258194192
1766484274.293626,13503.000000000,1766484274.000000000,-16.116770218,-5.211526537,-6.250000055,0.361997855,0.259043522,0.238095243
1766484274.310727,13504.000000000,1766484274.000000000,-15.812680214,-5.824647306,-6.326219567,0.358943021,0.259043522,0.255102046
1766484274.326361,13505.000000000,1766484274.000000000,-15.128477705,-6.131207690,-6.859756157,0.355888186,0.257510720,0.248917754
1766484274.342223,13506.000000000,1766484274.000000000,-16.116770218,-5.058246344,-6.250000055,0.358943021,0.255977918,0.261286338
1766484274.357628,13507.000000000,1766484274.000000000,-15.508590210,-5.518086921,-6.554878106,0.358943021,0.257510720,0.248917754
1766484274.374571,13508.000000000,1766484274.000000000,-15.204500206,-5.364806729,-6.935975670,0.355888186,0.259043522,0.258194192
1766484274.390304,13509.000000000,1766484274.000000000,-15.356545208,-5.364806729,-6.631097619,0.358943021,0.259043522,0.255102046
1766484274.406157,13510.000000000,1766484274.000000000,-15.812680214,-5.671367113,-6.326219567,0.354360769,0.254445116,0.264378484
1766484274.421833,13511.000000000,1766484274.000000000,-15.052455204,-5.824647306,-6.402439080,0.358943021,0.259043522,0.255102046
1766484274.438699,13512.000000000,1766484274.000000000,-14.900410202,-5.288166633,-6.554878106,0.358943021,0.255977918,0.261286338
1766484274.454359,13513.000000000,1766484274.000000000,-15.964725216,-5.518086921,-6.326219567,0.354360769,0.259043522,0.241187389
1766484274.470010,13514.000000000,1766484274.000000000,-15.660635212,-5.441446825,-6.250000055,0.354360769,0.251379512,0.255102046
1766484274.485669,13515.000000000,1766484274.000000000,-14.748365200,-6.131207690,-6.250000055,0.357415604,0.257510720,0.255102046
1766484274.502506,13516.000000000,1766484274.000000000,-15.508590210,-6.131207690,-5.792682977,0.357415604,0.252912314,0.255102046
1766484274.518345,13517.000000000,1766484274.000000000,-15.128477705,-5.671367113,-6.478658593,0.355888186,0.257510720,0.248917754
1766484274.534278,13518.000000000,1766484274.000000000,-15.052455204,-5.441446825,-6.478658593,0.357415604,0.254445116,0.252009900
1766484274.549943,13519.000000000,1766484274.000000000,-15.280522707,-5.364806729,-6.402439080,0.358943021,0.254445116,0.248917754
1766484274.565525,13520.000000000,1766484274.000000000,-14.824387701,-5.901287402,-6.783536645,0.354360769,0.255977918,0.267470630
1766484274.582383,13521.000000000,1766484274.000000000,-14.976432703,-5.977927498,-6.173780542,0.355888186,0.259043522,0.261286338
1766484274.598142,13522.000000000,1766484274.000000000,-15.660635212,-6.284487882,-6.402439080,0.352833352,0.257510720,0.255102046
1766484274.613891,13523.000000000,1766484274.000000000,-14.900410202,-5.211526537,-6.783536645,0.358943021,0.257510720,0.245825608
1766484274.629474,13524.000000000,1766484274.000000000,-15.128477705,-5.824647306,-6.707317132,0.352833352,0.257510720,0.255102046
1766484274.646529,13525.000000000,1766484274.000000000,-15.356545208,-5.824647306,-6.402439080,0.351305935,0.257510720,0.258194192
1766484274.662281,13526.000000000,1766484274.000000000,-15.204500206,-6.131207690,-6.631097619,0.349778518,0.259043522,0.250463827
1766484274.677951,13527.000000000,1766484274.000000000,-15.508590210,-5.364806729,-6.402439080,0.351305935,0.260576324,0.258194192
1766484274.693487,13528.000000000,1766484274.000000000,-15.812680214,-5.824647306,-6.554878106,0.352833352,0.257510720,0.239641316
1766484274.709255,13529.000000000,1766484274.000000000,-15.356545208,-5.748007210,-6.402439080,0.348251101,0.254445116,0.255102046
1766484274.726284,13530.000000000,1766484274.000000000,-15.508590210,-5.518086921,-6.554878106,0.358943021,0.260576324,0.264378484
1766484274.741935,13531.000000000,1766484274.000000000,-15.356545208,-5.288166633,-6.250000055,0.358943021,0.254445116,0.267470630
1766484274.757549,13532.000000000,1766484274.000000000,-15.660635212,-5.518086921,-6.402439080,0.352833352,0.259043522,0.258194192
1766484274.773948,13533.000000000,1766484274.000000000,-15.280522707,-5.671367113,-6.402439080,0.357415604,0.260576324,0.255102046
1766484274.789563,13534.000000000,1766484274.000000000,-15.508590210,-4.675045864,-6.478658593,0.357415604,0.255977918,0.256648119
1766484274.805249,13535.000000000,1766484274.000000000,-14.672342699,-6.131207690,-6.859756157,0.355888186,0.257510720,0.253555973
1766484274.822058,13536.000000000,1766484274.000000000,-15.964725216,-6.131207690,-6.783536645,0.351305935,0.262109126,0.253555973
1766484274.837781,13537.000000000,1766484274.000000000,-15.812680214,-5.824647306,-6.326219567,0.358943021,0.259043522,0.242733462
1766484274.853546,13538.000000000,1766484274.000000000,-15.280522707,-5.211526537,-6.631097619,0.355888186,0.260576324,0.248917754
1766484274.870248,13539.000000000,1766484274.000000000,-15.660635212,-5.977927498,-6.554878106,0.351305935,0.262109126,0.252009900
1766484274.885834,13540.000000000,1766484274.000000000,-14.976432703,-5.671367113,-6.859756157,0.351305935,0.259043522,0.242733462
1766484274.901439,13541.000000000,1766484274.000000000,-15.280522707,-5.364806729,-6.326219567,0.352833352,0.260576324,0.255102046
1766484274.918212,13542.000000000,1766484274.000000000,-15.280522707,-5.748007210,-6.554878106,0.352833352,0.260576324,0.267470630
1766484274.933917,13543.000000000,1766484274.000000000,-15.660635212,-5.288166633,-6.554878106,0.360470438,0.259043522,0.252009900
1766484274.949493,13544.000000000,1766484274.000000000,-15.128477705,-5.288166633,-6.631097619,0.352833352,0.257510720,0.255102046
1766484274.965252,13545.000000000,1766484274.000000000,-15.128477705,-5.748007210,-6.326219567,0.352833352,0.257510720,0.248917754
1766484274.981826,13546.000000000,1766484274.000000000,-15.660635212,-5.134886441,-6.250000055,0.357415604,0.255977918,0.269016703
1766484274.997527,13547.000000000,1766484274.000000000,-15.660635212,-5.594727017,-6.097561029,0.357415604,0.260576324,0.261286338
1766484275.014317,13548.000000000,1766484275.000000000,-14.748365200,-5.441446825,-6.478658593,0.357415604,0.259043522,0.252009900
1766484275.030005,13549.000000000,1766484275.000000000,-15.280522707,-4.981606248,-6.250000055,0.354360769,0.259043522,0.276747068
1766484275.045521,13550.000000000,1766484275.000000000,-15.356545208,-5.364806729,-6.250000055,0.351305935,0.255977918,0.252009900
1766484275.062296,13551.000000000,1766484275.000000000,-15.964725216,-4.904966152,-6.250000055,0.351305935,0.260576324,0.258194192
1766484275.077877,13552.000000000,1766484275.000000000,-15.204500206,-5.518086921,-6.631097619,0.352833352,0.259043522,0.245825608
1766484275.093501,13553.000000000,1766484275.000000000,-15.356545208,-5.364806729,-6.250000055,0.351305935,0.255977918,0.252009900
1766484275.109319,13554.000000000,1766484275.000000000,-15.964725216,-5.594727017,-6.402439080,0.351305935,0.259043522,0.247371681
1766484275.126455,13555.000000000,1766484275.000000000,-15.204500206,-5.748007210,-6.631097619,0.352833352,0.257510720,0.261286338
1766484275.142210,13556.000000000,1766484275.000000000,-15.660635212,-5.671367113,-6.097561029,0.349778518,0.259043522,0.252009900
1766484275.157641,13557.000000000,1766484275.000000000,-15.812680214,-5.211526537,-6.250000055,0.354360769,0.255977918,0.252009900
1766484275.173375,13558.000000000,1766484275.000000000,-14.672342699,-5.901287402,-6.326219567,0.349778518,0.257510720,0.261286338
1766484275.190242,13559.000000000,1766484275.000000000,-15.660635212,-5.134886441,-6.554878106,0.357415604,0.260576324,0.261286338
1766484275.205764,13560.000000000,1766484275.000000000,-15.280522707,-4.751685960,-6.326219567,0.355888186,0.252912314,0.258194192
1766484275.221273,13561.000000000,1766484275.000000000,-15.356545208,-5.518086921,-6.402439080,0.354360769,0.259043522,0.248917754
1766484275.237887,13562.000000000,1766484275.000000000,-14.824387701,-5.748007210,-6.326219567,0.352833352,0.260576324,0.248917754
1766484275.253518,13563.000000000,1766484275.000000000,-15.812680214,-4.981606248,-6.097561029,0.354360769,0.257510720,0.248917754
1766484275.270375,13564.000000000,1766484275.000000000,-15.356545208,-5.364806729,-6.250000055,0.351305935,0.255977918,0.252009900
1766484275.285906,13565.000000000,1766484275.000000000,-15.508590210,-5.364806729,-6.402439080,0.351305935,0.260576324,0.252009900
1766484275.301467,13566.000000000,1766484275.000000000,-14.900410202,-5.824647306,-6.478658593,0.351305935,0.257510720,0.258194192
1766484275.317219,13567.000000000,1766484275.000000000,-15.356545208,-5.134886441,-6.554878106,0.358943021,0.257510720,0.252009900
1766484275.334312,13568.000000000,1766484275.000000000,-15.052455204,-6.361127979,-6.478658593,0.351305935,0.260576324,0.244279535
1766484275.350076,13569.000000000,1766484275.000000000,-15.508590210,-5.748007210,-6.631097619,0.354360769,0.260576324,0.252009900
1766484275.365580,13570.000000000,1766484275.000000000,-15.356545208,-5.748007210,-6.554878106,0.349778518,0.262109126,0.245825608
1766484275.381243,13571.000000000,1766484275.000000000,-14.976432703,-6.437768075,-6.326219567,0.354360769,0.259043522,0.247371681
1766484275.397896,13572.000000000,1766484275.000000000,-15.356545208,-5.594727017,-6.097561029,0.351305935,0.254445116,0.261286338
1766484275.413686,13573.000000000,1766484275.000000000,-14.672342699,-5.441446825,-6.173780542,0.349778518,0.255977918,0.261286338
1766484275.429341,13574.000000000,1766484275.000000000,-15.128477705,-5.288166633,-6.326219567,0.352833352,0.255977918,0.255102046
1766484275.446055,13575.000000000,1766484275.000000000,-15.052455204,-5.901287402,-6.478658593,0.349778518,0.252912314,0.255102046
1766484275.461720,13576.000000000,1766484275.000000000,-15.052455204,-6.591048267,-6.173780542,0.349778518,0.254445116,0.250463827
1766484275.477409,13577.000000000,1766484275.000000000,-15.356545208,-5.288166633,-6.554878106,0.358943021,0.259043522,0.261286338
1766484275.493167,13578.000000000,1766484275.000000000,-15.128477705,-5.977927498,-6.478658593,0.352833352,0.255977918,0.252009900
1766484275.510091,13579.000000000,1766484275.000000000,-15.280522707,-5.901287402,-6.250000055,0.349778518,0.260576324,0.248917754
1766484275.525609,13580.000000000,1766484275.000000000,-14.976432703,-5.594727017,-6.326219567,0.351305935,0.259043522,0.255102046
1766484275.541249,13581.000000000,1766484275.000000000,-15.660635212,-5.594727017,-6.250000055,0.349778518,0.259043522,0.258194192
1766484275.558013,13582.000000000,1766484275.000000000,-15.660635212,-5.901287402,-6.250000055,0.349778518,0.260576324,0.255102046
1766484275.573529,13583.000000000,1766484275.000000000,-15.280522707,-5.288166633,-6.402439080,0.352833352,0.260576324,0.255102046
1766484275.589299,13584.000000000,1766484275.000000000,-15.508590210,-4.904966152,-6.250000055,0.349778518,0.257510720,0.248917754
1766484275.605276,13585.000000000,1766484275.000000000,-15.660635212,-5.594727017,-6.554878106,0.352833352,0.259043522,0.239641316
1766484275.621960,13586.000000000,1766484275.000000000,-15.812680214,-5.824647306,-6.554878106,0.351305935,0.257510720,0.252009900
1766484275.637614,13587.000000000,1766484275.000000000,-15.508590210,-5.211526537,-6.554878106,0.348251101,0.262109126,0.267470630
1766484275.653496,13588.000000000,1766484275.000000000,-15.128477705,-5.288166633,-6.631097619,0.352833352,0.257510720,0.255102046
1766484275.670165,13589.000000000,1766484275.000000000,-15.356545208,-5.211526537,-6.250000055,0.354360769,0.255977918,0.258194192
1766484275.685673,13590.000000000,1766484275.000000000,-15.356545208,-5.364806729,-6.554878106,0.351305935,0.255977918,0.252009900
1766484275.701148,13591.000000000,1766484275.000000000,-15.280522707,-5.748007210,-6.402439080,0.352833352,0.260576324,0.261286338
1766484275.717908,13592.000000000,1766484275.000000000,-15.356545208,-5.748007210,-6.097561029,0.348251101,0.259043522,0.248917754
1766484275.733538,13593.000000000,1766484275.000000000,-15.356545208,-5.901287402,-6.402439080,0.354360769,0.259043522,0.255102046
1766484275.749220,13594.000000000,1766484275.000000000,-15.508590210,-5.594727017,-6.859756157,0.351305935,0.262109126,0.255102046
1766484275.766110,13595.000000000,1766484275.000000000,-15.508590210,-5.594727017,-6.554878106,0.351305935,0.262109126,0.267470630
1766484275.781662,13596.000000000,1766484275.000000000,-14.900410202,-5.824647306,-6.326219567,0.351305935,0.255977918,0.264378484
1766484275.797210,13597.000000000,1766484275.000000000,-15.508590210,-5.594727017,-6.402439080,0.349778518,0.254445116,0.258194192
1766484275.813989,13598.000000000,1766484275.000000000,-15.204500206,-5.364806729,-6.173780542,0.351305935,0.252912314,0.245825608
1766484275.829521,13599.000000000,1766484275.000000000,-15.508590210,-5.211526537,-6.250000055,0.354360769,0.260576324,0.258194192
1766484275.845318,13600.000000000,1766484275.000000000,-15.052455204,-6.207847786,-6.250000055,0.348251101,0.259043522,0.253555973
1766484275.861116,13601.000000000,1766484275.000000000,-15.508590210,-5.594727017,-6.021341516,0.351305935,0.259043522,0.255102046
1766484275.877900,13602.000000000,1766484275.000000000,-15.508590210,-5.824647306,-6.326219567,0.358943021,0.259043522,0.248917754
1766484275.893377,13603.000000000,1766484275.000000000,-15.508590210,-5.364806729,-6.250000055,0.351305935,0.257510720,0.258194192
1766484275.910035,13604.000000000,1766484275.000000000,-15.356545208,-4.751685960,-6.173780542,0.354360769,0.255977918,0.252009900
1766484275.925659,13605.000000000,1766484275.000000000,-15.660635212,-5.134886441,-5.868902490,0.351305935,0.262109126,0.261286338
1766484275.941267,13606.000000000,1766484275.000000000,-15.280522707,-5.594727017,-6.173780542,0.351305935,0.254445116,0.255102046
1766484275.958172,13607.000000000,1766484275.000000000,-15.812680214,-4.751685960,-6.478658593,0.354360769,0.257510720,0.259740265
1766484275.973868,13608.000000000,1766484275.000000000,-15.660635212,-4.981606248,-6.173780542,0.354360769,0.262109126,0.255102046
1766484275.989582,13609.000000000,1766484275.000000000,-15.508590210,-5.901287402,-6.326219567,0.354360769,0.259043522,0.255102046
1766484276.004944,13610.000000000,1766484276.000000000,-15.052455204,-5.058246344,-6.326219567,0.352833352,0.254445116,0.252009900
1766484276.021711,13611.000000000,1766484276.000000000,-15.508590210,-5.824647306,-6.326219567,0.351305935,0.260576324,0.252009900
1766484276.037506,13612.000000000,1766484276.000000000,-15.508590210,-5.824647306,-6.173780542,0.351305935,0.260576324,0.258194192
1766484276.052892,13613.000000000,1766484276.000000000,-15.508590210,-4.521765672,-6.478658593,0.354360769,0.259043522,0.256648119
1766484276.069601,13614.000000000,1766484276.000000000,-15.812680214,-4.981606248,-6.097561029,0.354360769,0.254445116,0.248917754
1766484276.085433,13615.000000000,1766484276.000000000,-15.204500206,-5.518086921,-6.402439080,0.352833352,0.259043522,0.258194192
1766484276.100965,13616.000000000,1766484276.000000000,-15.508590210,-5.594727017,-6.402439080,0.351305935,0.259043522,0.261286338
1766484276.117604,13617.000000000,1766484276.000000000,-15.508590210,-5.901287402,-5.945122003,0.351305935,0.260576324,0.245825608
1766484276.133497,13618.000000000,1766484276.000000000,-15.812680214,-6.054567594,-6.097561029,0.352833352,0.262109126,0.252009900
1766484276.149147,13619.000000000,1766484276.000000000,-15.508590210,-5.594727017,-6.631097619,0.352833352,0.265174730,0.252009900
1766484276.165945,13620.000000000,1766484276.000000000,-15.128477705,-6.437768075,-6.402439080,0.354360769,0.262109126,0.247371681
1766484276.181692,13621.000000000,1766484276.000000000,-15.356545208,-5.824647306,-6.250000055,0.351305935,0.255977918,0.264378484
1766484276.197362,13622.000000000,1766484276.000000000,-16.268815220,-5.748007210,-6.173780542,0.352833352,0.260576324,0.253555973
1766484276.212892,13623.000000000,1766484276.000000000,-15.356545208,-5.211526537,-6.250000055,0.354360769,0.255977918,0.252009900
1766484276.229597,13624.000000000,1766484276.000000000,-15.356545208,-5.671367113,-6.250000055,0.354360769,0.257510720,0.252009900
1766484276.245333,13625.000000000,1766484276.000000000,-15.660635212,-5.748007210,-6.402439080,0.352833352,0.260576324,0.255102046
1766484276.260833,13626.000000000,1766484276.000000000,-15.508590210,-5.824647306,-6.250000055,0.351305935,0.260576324,0.252009900
1766484276.277647,13627.000000000,1766484276.000000000,-15.508590210,-6.054567594,-6.402439080,0.351305935,0.259043522,0.261286338
1766484276.293324,13628.000000000,1766484276.000000000,-15.280522707,-5.364806729,-6.402439080,0.352833352,0.260576324,0.242733462
1766484276.308948,13629.000000000,1766484276.000000000,-15.356545208,-5.211526537,-6.402439080,0.354360769,0.257510720,0.264378484
1766484276.325625,13630.000000000,1766484276.000000000,-15.204500206,-5.058246344,-6.478658593,0.352833352,0.259043522,0.258194192
1766484276.341498,13631.000000000,1766484276.000000000,-14.976432703,-5.748007210,-6.935975670,0.348251101,0.259043522,0.261286338
1766484276.357074,13632.000000000,1766484276.000000000,-15.660635212,-5.748007210,-6.402439080,0.352833352,0.260576324,0.267470630
1766484276.373865,13633.000000000,1766484276.000000000,-15.356545208,-5.134886441,-6.250000055,0.351305935,0.259043522,0.255102046
1766484276.389408,13634.000000000,1766484276.000000000,-15.660635212,-5.901287402,-6.554878106,0.349778518,0.260576324,0.255102046
1766484276.404858,13635.000000000,1766484276.000000000,-15.356545208,-5.518086921,-6.554878106,0.352833352,0.262109126,0.252009900
1766484276.421734,13636.000000000,1766484276.000000000,-15.280522707,-5.518086921,-6.326219567,0.349778518,0.260576324,0.248917754
1766484276.437591,13637.000000000,1766484276.000000000,-15.280522707,-4.751685960,-6.554878106,0.343668850,0.260576324,0.267470630
1766484276.453128,13638.000000000,1766484276.000000000,-15.812680214,-5.211526537,-5.945122003,0.343668850,0.262109126,0.255102046
1766484276.469835,13639.000000000,1766484276.000000000,-15.128477705,-5.518086921,-5.487804926,0.332976930,0.268240333,0.252009900
1766484276.485589,13640.000000000,1766484276.000000000,-15.812680214,-5.671367113,-5.030487849,0.328394678,0.278969947,0.248917754
1766484276.500962,13641.000000000,1766484276.000000000,-14.824387701,-5.058246344,-4.344512233,0.331449513,0.275904343,0.250463827
1766484276.517600,13642.000000000,1766484276.000000000,-15.660635212,-5.058246344,-3.429878079,0.319230176,0.271305937,0.248917754
1766484276.533358,13643.000000000,1766484276.000000000,-15.432567709,-4.598405768,-3.048780514,0.296318919,0.291232362,0.236549170
1766484276.548752,13644.000000000,1766484276.000000000,-15.128477705,-5.058246344,-2.515243924,0.297846336,0.301961975,0.245825608
1766484276.565641,13645.000000000,1766484276.000000000,-14.216207692,-5.058246344,-2.286585386,0.279517331,0.317289994,0.247371681
1766484276.581256,13646.000000000,1766484276.000000000,-15.888702715,-4.751685960,-2.362804899,0.264243160,0.324954004,0.241187389
1766484276.596862,13647.000000000,1766484276.000000000,-15.128477705,-4.598405768,-2.362804899,0.264243160,0.315757192,0.231910951
1766484276.613641,13648.000000000,1766484276.000000000,-15.812680214,-4.751685960,-1.600609770,0.241331903,0.323421202,0.221088440
1766484276.629305,13649.000000000,1766484276.000000000,-15.128477705,-4.138565191,-1.829268309,0.247441572,0.329552409,0.230364878
1766484276.644834,13650.000000000,1766484276.000000000,-14.140185191,-4.598405768,-2.057926847,0.255078657,0.329552409,0.238095243
1766484276.661728,13651.000000000,1766484276.000000000,-15.204500206,-4.215205287,-1.981707334,0.252023823,0.328019608,0.236549170
1766484276.677519,13652.000000000,1766484276.000000000,-15.052455204,-3.908644903,-1.753048796,0.247441572,0.328019608,0.227272732
1766484276.693052,13653.000000000,1766484276.000000000,-15.660635212,-4.598405768,-1.829268309,0.248968989,0.326486806,0.239641316
1766484276.708656,13654.000000000,1766484276.000000000,-15.128477705,-4.061925095,-1.981707334,0.235222235,0.323421202,0.231910951
1766484276.725503,13655.000000000,1766484276.000000000,-14.824387701,-3.678724614,-1.753048796,0.230639983,0.334150815,0.235003097
1766484276.740964,13656.000000000,1766484276.000000000,-15.660635212,-4.061925095,-1.905487821,0.235222235,0.340282023,0.233457024
1766484276.757637,13657.000000000,1766484276.000000000,-14.368252695,-5.058246344,-1.295731719,0.227585149,0.335683617,0.238095243
1766484276.773305,13658.000000000,1766484276.000000000,-15.204500206,-4.368485479,-1.143292693,0.226057732,0.326486806,0.231910951
1766484276.788916,13659.000000000,1766484276.000000000,-15.052455204,-3.908644903,-1.295731719,0.218420647,0.321888400,0.228818805
1766484276.804534,13660.000000000,1766484276.000000000,-14.672342699,-3.908644903,-1.448170744,0.215365812,0.315757192,0.222634513
1766484276.821387,13661.000000000,1766484276.000000000,-14.672342699,-3.755364710,-1.371951231,0.224530315,0.331085211,0.225726659
1766484276.836799,13662.000000000,1766484276.000000000,-14.748365200,-3.985284999,-1.524390257,0.218420647,0.331085211,0.231910951
1766484276.852427,13663.000000000,1766484276.000000000,-14.748365200,-4.675045864,-1.371951231,0.235222235,0.324954004,0.235003097
1766484276.869247,13664.000000000,1766484276.000000000,-14.672342699,-4.981606248,-1.371951231,0.233694818,0.329552409,0.241187389
1766484276.884911,13665.000000000,1766484276.000000000,-14.748365200,-4.138565191,-1.676829283,0.232167401,0.326486806,0.231910951
1766484276.900592,13666.000000000,1766484276.000000000,-15.356545208,-3.525444422,-1.371951231,0.215365812,0.318822796,0.235003097
1766484276.917398,13667.000000000,1766484276.000000000,-14.596320198,-4.061925095,-1.219512206,0.227585149,0.328019608,0.252009900
1766484276.932925,13668.000000000,1766484276.000000000,-15.052455204,-3.985284999,-1.524390257,0.235222235,0.334150815,0.231910951
1766484276.948610,13669.000000000,1766484276.000000000,-15.204500206,-4.828326056,-1.295731719,0.238277069,0.334150815,0.247371681
1766484276.965523,13670.000000000,1766484276.000000000,-14.824387701,-4.368485479,-1.448170744,0.238277069,0.334150815,0.247371681
1766484276.981107,13671.000000000,1766484276.000000000,-15.204500206,-3.602084518,-1.448170744,0.227585149,0.331085211,0.233457024
1766484276.996784,13672.000000000,1766484276.000000000,-14.520297697,-4.291845383,-1.295731719,0.223002898,0.331085211,0.235003097
1766484277.012503,13673.000000000,1766484277.000000000,-14.976432703,-4.675045864,-1.219512206,0.230639983,0.337216419,0.235003097
1766484277.029218,13674.000000000,1766484277.000000000,-14.900410202,-3.295524133,-1.067073180,0.227585149,0.332618013,0.248917754
1766484277.044784,13675.000000000,1766484277.000000000,-14.900410202,-3.985284999,-1.067073180,0.238277069,0.335683617,0.236549170
1766484277.060503,13676.000000000,1766484277.000000000,-15.128477705,-4.138565191,-1.219512206,0.238277069,0.328019608,0.252009900
1766484277.077318,13677.000000000,1766484277.000000000,-14.900410202,-4.828326056,-0.914634154,0.221475481,0.331085211,0.244279535
1766484277.093130,13678.000000000,1766484277.000000000,-15.508590210,-4.215205287,-0.914634154,0.229112566,0.329552409,0.238095243
1766484277.108729,13679.000000000,1766484277.000000000,-15.052455204,-3.448804326,-1.448170744,0.230639983,0.328019608,0.245825608
1766484277.124484,13680.000000000,1766484277.000000000,-15.356545208,-4.291845383,-1.219512206,0.235222235,0.341814825,0.230364878
1766484277.141464,13681.000000000,1766484277.000000000,-14.824387701,-4.061925095,-1.524390257,0.233694818,0.346413230,0.242733462
1766484277.156956,13682.000000000,1766484277.000000000,-14.140185191,-3.908644903,-1.448170744,0.230639983,0.341814825,0.252009900
1766484277.172511,13683.000000000,1766484277.000000000,-14.824387701,-4.215205287,-1.219512206,0.238277069,0.334150815,0.239641316
1766484277.188462,13684.000000000,1766484277.000000000,-15.052455204,-4.368485479,-1.067073180,0.215365812,0.332618013,0.231910951
1766484277.205290,13685.000000000,1766484277.000000000,-15.204500206,-4.291845383,-1.219512206,0.218420647,0.329552409,0.228818805
1766484277.220918,13686.000000000,1766484277.000000000,-15.204500206,-4.215205287,-1.219512206,0.235222235,0.338749221,0.236549170
1766484277.236446,13687.000000000,1766484277.000000000,-15.052455204,-4.291845383,-1.295731719,0.227585149,0.340282023,0.255102046
1766484277.252983,13688.000000000,1766484277.000000000,-15.356545208,-4.291845383,-1.143292693,0.239804486,0.340282023,0.245825608
1766484277.269572,13689.000000000,1766484277.000000000,-15.204500206,-4.215205287,-1.295731719,0.238277069,0.344880429,0.239641316
1766484277.284912,13690.000000000,1766484277.000000000,-13.988140189,-3.755364710,-1.067073180,0.218420647,0.335683617,0.241187389
1766484277.301546,13691.000000000,1766484277.000000000,-15.204500206,-3.525444422,-1.219512206,0.233694818,0.320355598,0.222634513
1766484277.317210,13692.000000000,1766484277.000000000,-15.660635212,-3.295524133,-1.143292693,0.229112566,0.337216419,0.233457024
1766484277.332578,13693.000000000,1766484277.000000000,-15.356545208,-4.368485479,-1.219512206,0.232167401,0.341814825,0.248917754
1766484277.349044,13694.000000000,1766484277.000000000,-14.368252695,-4.061925095,-1.067073180,0.233694818,0.346413230,0.242733462
1766484277.364293,13695.000000000,1766484277.000000000,-15.204500206,-4.598405768,-1.295731719,0.239804486,0.338749221,0.228818805
1766484277.381201,13696.000000000,1766484277.000000000,-13.532005183,-4.061925095,-1.524390257,0.215365812,0.331085211,0.235003097
1766484277.396691,13697.000000000,1766484277.000000000,-15.204500206,-3.448804326,-0.838414641,0.226057732,0.337216419,0.233457024
1766484277.412323,13698.000000000,1766484277.000000000,-14.520297697,-3.678724614,-1.448170744,0.232167401,0.343347627,0.245825608
1766484277.428457,13699.000000000,1766484277.000000000,-14.748365200,-3.525444422,-1.295731719,0.229112566,0.338749221,0.242733462
1766484277.445161,13700.000000000,1766484277.000000000,-14.292230194,-4.368485479,-1.219512206,0.247441572,0.344880429,0.245825608
1766484277.460772,13701.000000000,1766484277.000000000,-15.128477705,-4.061925095,-1.295731719,0.241331903,0.341814825,0.252009900
1766484277.476522,13702.000000000,1766484277.000000000,-14.368252695,-3.372164230,-1.753048796,0.226057732,0.340282023,0.245825608
1766484277.493120,13703.000000000,1766484277.000000000,-14.824387701,-3.908644903,-1.295731719,0.232167401,0.328019608,0.228818805
1766484277.508903,13704.000000000,1766484277.000000000,-14.900410202,-4.828326056,-1.143292693,0.215365812,0.337216419,0.228818805
1766484277.524485,13705.000000000,1766484277.000000000,-14.748365200,-3.985284999,-0.685975616,0.230639983,0.344880429,0.233457024
1766484277.540333,13706.000000000,1766484277.000000000,-14.368252695,-4.215205287,-1.448170744,0.244386737,0.347946032,0.261286338
1766484277.556838,13707.000000000,1766484277.000000000,-14.216207692,-4.061925095,-1.143292693,0.223002898,0.335683617,0.238095243
1766484277.572639,13708.000000000,1766484277.000000000,-15.128477705,-5.058246344,-0.990853667,0.239804486,0.335683617,0.241187389
1766484277.589240,13709.000000000,1766484277.000000000,-15.128477705,-4.138565191,-1.295731719,0.232167401,0.337216419,0.239641316
1766484277.604765,13710.000000000,1766484277.000000000,-16.116770218,-4.291845383,-1.067073180,0.224530315,0.341814825,0.225726659
1766484277.620529,13711.000000000,1766484277.000000000,-16.116770218,-4.368485479,-1.295731719,0.233694818,0.344880429,0.231910951
1766484277.636231,13712.000000000,1766484277.000000000,-15.204500206,-4.675045864,-1.448170744,0.227585149,0.344880429,0.244279535
1766484277.653166,13713.000000000,1766484277.000000000,-15.508590210,-4.904966152,-1.295731719,0.244386737,0.341814825,0.245825608
1766484277.668723,13714.000000000,1766484277.000000000,-15.128477705,-3.678724614,-1.524390257,0.239804486,0.347946032,0.248917754
1766484277.684344,13715.000000000,1766484277.000000000,-15.356545208,-4.368485479,-1.067073180,0.221475481,0.334150815,0.244279535
1766484277.700237,13716.000000000,1766484277.000000000,-15.204500206,-4.061925095,-1.371951231,0.230639983,0.331085211,0.219542367
1766484277.716861,13717.000000000,1766484277.000000000,-14.900410202,-3.832004806,-1.371951231,0.230639983,0.335683617,0.242733462
1766484277.732443,13718.000000000,1766484277.000000000,-14.748365200,-4.291845383,-1.448170744,0.230639983,0.343347627,0.241187389
1766484277.748252,13719.000000000,1766484277.000000000,-15.508590210,-4.445125575,-1.295731719,0.245914155,0.344880429,0.242733462
1766484277.765071,13720.000000000,1766484277.000000000,-15.128477705,-4.215205287,-1.219512206,0.227585149,0.341814825,0.231910951
1766484277.780470,13721.000000000,1766484277.000000000,-15.660635212,-4.368485479,-1.371951231,0.232167401,0.338749221,0.236549170
1766484277.797045,13722.000000000,1766484277.000000000,-14.900410202,-4.521765672,-1.448170744,0.227585149,0.335683617,0.244279535
1766484277.812504,13723.000000000,1766484277.000000000,-15.356545208,-3.832004806,-1.067073180,0.233694818,0.334150815,0.245825608
1766484277.828191,13724.000000000,1766484277.000000000,-15.204500206,-3.832004806,-1.295731719,0.235222235,0.338749221,0.248917754
1766484277.845049,13725.000000000,1766484277.000000000,-14.520297697,-4.598405768,-1.448170744,0.242859320,0.344880429,0.242733462
1766484277.860482,13726.000000000,1766484277.000000000,-15.356545208,-3.832004806,-1.371951231,0.230639983,0.346413230,0.236549170
1766484277.876205,13727.000000000,1766484277.000000000,-15.052455204,-3.832004806,-1.219512206,0.224530315,0.338749221,0.233457024
1766484277.892950,13728.000000000,1766484277.000000000,-15.204500206,-4.368485479,-1.371951231,0.238277069,0.332618013,0.235003097
1766484277.908503,13729.000000000,1766484277.000000000,-15.660635212,-4.291845383,-1.371951231,0.226057732,0.338749221,0.228818805
1766484277.924230,13730.000000000,1766484277.000000000,-15.508590210,-4.215205287,-1.676829283,0.232167401,0.346413230,0.239641316
1766484277.941255,13731.000000000,1766484277.000000000,-14.596320198,-4.368485479,-1.448170744,0.242859320,0.346413230,0.239641316
1766484277.957042,13732.000000000,1766484277.000000000,-14.444275196,-3.678724614,-1.600609770,0.221475481,0.343347627,0.231910951
1766484277.972625,13733.000000000,1766484277.000000000,-15.508590210,-3.678724614,-1.371951231,0.238277069,0.341814825,0.239641316
1766484277.988271,13734.000000000,1766484277.000000000,-14.976432703,-4.368485479,-1.067073180,0.227585149,0.335683617,0.228818805
1766484278.005068,13735.000000000,1766484278.000000000,-15.508590210,-3.525444422,-1.143292693,0.229112566,0.334150815,0.236549170
1766484278.020627,13736.000000000,1766484278.000000000,-15.508590210,-4.061925095,-1.371951231,0.236749652,0.334150815,0.239641316
1766484278.036298,13737.000000000,1766484278.000000000,-15.508590210,-3.832004806,-1.143292693,0.233694818,0.341814825,0.233457024
1766484278.053208,13738.000000000,1766484278.000000000,-14.748365200,-4.598405768,-1.295731719,0.233694818,0.343347627,0.235003097
1766484278.068723,13739.000000000,1766484278.000000000,-15.660635212,-4.598405768,-0.609756103,0.227585149,0.341814825,0.245825608
1766484278.084333,13740.000000000,1766484278.000000000,-15.508590210,-4.445125575,-0.762195129,0.232167401,0.334150815,0.222634513
1766484278.100208,13741.000000000,1766484278.000000000,-15.356545208,-3.602084518,-0.838414641,0.221475481,0.329552409,0.219542367
1766484278.116944,13742.000000000,1766484278.000000000,-14.900410202,-4.138565191,-0.838414641,0.226057732,0.328019608,0.222634513
1766484278.132322,13743.000000000,1766484278.000000000,-15.356545208,-4.598405768,-0.990853667,0.239804486,0.341814825,0.235003097
1766484278.148103,13744.000000000,1766484278.000000000,-14.900410202,-4.368485479,-0.990853667,0.235222235,0.347946032,0.239641316
1766484278.165007,13745.000000000,1766484278.000000000,-15.508590210,-4.138565191,-1.219512206,0.233694818,0.340282023,0.236549170
1766484278.180621,13746.000000000,1766484278.000000000,-14.672342699,-4.368485479,-1.219512206,0.227585149,0.343347627,0.210265929
1766484278.196226,13747.000000000,1766484278.000000000,-15.204500206,-3.678724614,-0.762195129,0.219948064,0.332618013,0.216450221
1766484278.213221,13748.000000000,1766484278.000000000,-15.204500206,-4.138565191,-0.838414641,0.227585149,0.331085211,0.225726659
1766484278.228651,13749.000000000,1766484278.000000000,-14.292230194,-4.445125575,-0.990853667,0.232167401,0.338749221,0.228818805
1766484278.244318,13750.000000000,1766484278.000000000,-14.216207692,-5.441446825,-1.371951231,0.238277069,0.343347627,0.235003097
1766484278.260064,13751.000000000,1766484278.000000000,-14.900410202,-4.368485479,-1.371951231,0.235222235,0.341814825,0.228818805
1766484278.276878,13752.000000000,1766484278.000000000,-15.204500206,-3.832004806,-1.295731719,0.218420647,0.335683617,0.225726659
1766484278.292370,13753.000000000,1766484278.000000000,-14.824387701,-3.832004806,-1.753048796,0.230639983,0.334150815,0.228818805
1766484278.308156,13754.000000000,1766484278.000000000,-15.356545208,-4.368485479,-1.295731719,0.227585149,0.337216419,0.222634513
1766484278.324990,13755.000000000,1766484278.000000000,-15.128477705,-3.678724614,-1.676829283,0.239804486,0.347946032,0.255102046
1766484278.340734,13756.000000000,1766484278.000000000,-14.672342699,-3.678724614,-1.295731719,0.239804486,0.347946032,0.242733462
1766484278.356428,13757.000000000,1766484278.000000000,-15.052455204,-4.138565191,-1.448170744,0.223002898,0.346413230,0.231910951
1766484278.371985,13758.000000000,1766484278.000000000,-15.356545208,-4.368485479,-1.067073180,0.233694818,0.338749221,0.233457024
1766484278.388768,13759.000000000,1766484278.000000000,-15.660635212,-3.678724614,-1.067073180,0.232167401,0.335683617,0.233457024
1766484278.404452,13760.000000000,1766484278.000000000,-15.660635212,-3.832004806,-0.762195129,0.224530315,0.331085211,0.219542367
1766484278.420088,13761.000000000,1766484278.000000000,-15.128477705,-5.058246344,-1.219512206,0.242859320,0.335683617,0.235003097
1766484278.436579,13762.000000000,1766484278.000000000,-15.204500206,-4.215205287,-1.371951231,0.233694818,0.346413230,0.224180586
1766484278.452252,13763.000000000,1766484278.000000000,-15.128477705,-3.065603845,-1.219512206,0.227585149,0.341814825,0.245825608
1766484278.468918,13764.000000000,1766484278.000000000,-15.052455204,-4.138565191,-1.219512206,0.233694818,0.340282023,0.242733462
1766484278.484570,13765.000000000,1766484278.000000000,-15.052455204,-3.832004806,-1.295731719,0.233694818,0.328019608,0.239641316
1766484278.500234,13766.000000000,1766484278.000000000,-15.356545208,-4.138565191,-1.219512206,0.227585149,0.324954004,0.225726659
1766484278.516947,13767.000000000,1766484278.000000000,-14.824387701,-4.521765672,-1.295731719,0.236749652,0.340282023,0.238095243
1766484278.532598,13768.000000000,1766484278.000000000,-15.204500206,-3.678724614,-1.067073180,0.227585149,0.344880429,0.233457024
1766484278.548355,13769.000000000,1766484278.000000000,-14.900410202,-4.061925095,-0.990853667,0.229112566,0.341814825,0.242733462
1766484278.563867,13770.000000000,1766484278.000000000,-15.204500206,-4.445125575,-1.371951231,0.238277069,0.343347627,0.228818805
1766484278.580678,13771.000000000,1766484278.000000000,-14.976432703,-4.138565191,-0.533536590,0.221475481,0.335683617,0.235003097
1766484278.596482,13772.000000000,1766484278.000000000,-15.508590210,-4.138565191,-0.914634154,0.221475481,0.326486806,0.222634513
1766484278.612101,13773.000000000,1766484278.000000000,-15.356545208,-4.291845383,-0.914634154,0.236749652,0.331085211,0.228818805
1766484278.628931,13774.000000000,1766484278.000000000,-14.520297697,-3.755364710,-1.143292693,0.229112566,0.343347627,0.252009900
1766484278.644508,13775.000000000,1766484278.000000000,-14.672342699,-3.448804326,-1.219512206,0.232167401,0.347946032,0.242733462
1766484278.660305,13776.000000000,1766484278.000000000,-15.204500206,-4.445125575,-1.067073180,0.238277069,0.346413230,0.236549170
1766484278.676007,13777.000000000,1766484278.000000000,-15.128477705,-3.678724614,-1.067073180,0.226057732,0.334150815,0.242733462
1766484278.692642,13778.000000000,1766484278.000000000,-15.812680214,-3.985284999,-1.143292693,0.230639983,0.334150815,0.217996294
1766484278.708190,13779.000000000,1766484278.000000000,-15.660635212,-3.832004806,-0.838414641,0.229112566,0.335683617,0.227272732
1766484278.723993,13780.000000000,1766484278.000000000,-14.520297697,-3.908644903,-1.067073180,0.232167401,0.344880429,0.236549170
1766484278.740770,13781.000000000,1766484278.000000000,-14.596320198,-4.445125575,-0.990853667,0.238277069,0.340282023,0.222634513
1766484278.756285,13782.000000000,1766484278.000000000,-15.508590210,-4.138565191,-1.067073180,0.233694818,0.340282023,0.230364878
1766484278.771967,13783.000000000,1766484278.000000000,-15.356545208,-4.215205287,-1.143292693,0.238277069,0.334150815,0.233457024
1766484278.788728,13784.000000000,1766484278.000000000,-14.900410202,-3.372164230,-1.219512206,0.229112566,0.329552409,0.227272732
1766484278.804188,13785.000000000,1766484278.000000000,-15.356545208,-3.832004806,-1.448170744,0.233694818,0.324954004,0.231910951
1766484278.820692,13786.000000000,1766484278.000000000,-15.128477705,-4.215205287,-0.990853667,0.238277069,0.341814825,0.233457024
1766484278.836664,13787.000000000,1766484278.000000000,-14.520297697,-3.908644903,-1.143292693,0.233694818,0.351011636,0.239641316
1766484278.852228,13788.000000000,1766484278.000000000,-15.356545208,-3.525444422,-1.295731719,0.238277069,0.347946032,0.236549170
1766484278.867872,13789.000000000,1766484278.000000000,-15.204500206,-4.138565191,-1.067073180,0.239804486,0.338749221,0.236549170
1766484278.884686,13790.000000000,1766484278.000000000,-14.520297697,-3.908644903,-0.990853667,0.232167401,0.331085211,0.228818805
1766484278.900473,13791.000000000,1766484278.000000000,-14.444275196,-3.985284999,-1.524390257,0.235222235,0.329552409,0.231910951
1766484278.915982,13792.000000000,1766484278.000000000,-14.900410202,-4.368485479,-0.990853667,0.232167401,0.341814825,0.242733462
1766484278.932374,13793.000000000,1766484278.000000000,-15.356545208,-4.291845383,-0.990853667,0.230639983,0.347946032,0.230364878
1766484278.947950,13794.000000000,1766484278.000000000,-14.748365200,-3.985284999,-1.219512206,0.244386737,0.344880429,0.239641316
1766484278.964707,13795.000000000,1766484278.000000000,-15.356545208,-3.832004806,-0.838414641,0.244386737,0.347946032,0.236549170
1766484278.980232,13796.000000000,1766484278.000000000,-14.444275196,-3.755364710,-0.990853667,0.232167401,0.343347627,0.227272732
1766484278.995811,13797.000000000,1766484278.000000000,-15.508590210,-4.138565191,-1.219512206,0.239804486,0.334150815,0.230364878
1766484279.012388,13798.000000000,1766484279.000000000,-14.900410202,-3.142243941,-1.448170744,0.239804486,0.341814825,0.236549170
1766484279.027833,13799.000000000,1766484279.000000000,-13.760072686,-3.372164230,-1.448170744,0.242859320,0.347946032,0.239641316
1766484279.044282,13800.000000000,1766484279.000000000,-14.368252695,-3.985284999,-0.990853667,0.238277069,0.358675646,0.255102046
1766484279.059783,13801.000000000,1766484279.000000000,-15.432567709,-4.061925095,-0.762195129,0.242859320,0.354077240,0.242733462
1766484279.076517,13802.000000000,1766484279.000000000,-15.128477705,-4.828326056,-0.762195129,0.229112566,0.346413230,0.231910951
1766484279.091945,13803.000000000,1766484279.000000000,-15.812680214,-3.832004806,-1.219512206,0.233694818,0.344880429,0.231910951
1766484279.108572,13804.000000000,1766484279.000000000,-14.368252695,-3.525444422,-1.143292693,0.236749652,0.354077240,0.245825608
1766484279.124191,13805.000000000,1766484279.000000000,-14.824387701,-4.138565191,-1.143292693,0.233694818,0.358675646,0.248917754
1766484279.140496,13806.000000000,1766484279.000000000,-14.824387701,-4.828326056,-1.295731719,0.255078657,0.358675646,0.248917754
1766484279.155801,13807.000000000,1766484279.000000000,-15.128477705,-3.678724614,-0.990853667,0.239804486,0.347946032,0.236549170
1766484279.172592,13808.000000000,1766484279.000000000,-15.204500206,-4.445125575,-0.990853667,0.232167401,0.347946032,0.242733462
1766484279.188160,13809.000000000,1766484279.000000000,-15.204500206,-4.215205287,-1.143292693,0.238277069,0.344880429,0.233457024
1766484279.204728,13810.000000000,1766484279.000000000,-15.508590210,-3.908644903,-1.143292693,0.239804486,0.346413230,0.227272732
1766484279.220220,13811.000000000,1766484279.000000000,-15.128477705,-3.525444422,-1.067073180,0.244386737,0.357142844,0.253555973
1766484279.235707,13812.000000000,1766484279.000000000,-14.824387701,-4.521765672,-1.448170744,0.244386737,0.360208448,0.239641316
1766484279.252251,13813.000000000,1766484279.000000000,-15.052455204,-4.061925095,-1.371951231,0.241331903,0.354077240,0.245825608
1766484279.268653,13814.000000000,1766484279.000000000,-14.748365200,-3.755364710,-1.295731719,0.238277069,0.344880429,0.233457024
1766484279.284374,13815.000000000,1766484279.000000000,-14.900410202,-4.061925095,-1.295731719,0.241331903,0.347946032,0.239641316
1766484279.299899,13816.000000000,1766484279.000000000,-15.204500206,-3.525444422,-0.914634154,0.239804486,0.347946032,0.221088440
1766484279.316368,13817.000000000,1766484279.000000000,-14.824387701,-3.142243941,-1.219512206,0.233694818,0.358675646,0.248917754
1766484279.331970,13818.000000000,1766484279.000000000,-15.736657713,-4.061925095,-1.371951231,0.241331903,0.357142844,0.256648119
1766484279.348344,13819.000000000,1766484279.000000000,-14.444275196,-3.525444422,-1.600609770,0.244386737,0.351011636,0.252009900
1766484279.363596,13820.000000000,1766484279.000000000,-14.748365200,-4.061925095,-1.143292693,0.244386737,0.357142844,0.239641316
1766484279.380166,13821.000000000,1766484279.000000000,-14.672342699,-4.138565191,-1.219512206,0.242859320,0.347946032,0.236549170
1766484279.395642,13822.000000000,1766484279.000000000,-15.052455204,-4.445125575,-1.295731719,0.239804486,0.346413230,0.239641316
1766484279.412288,13823.000000000,1766484279.000000000,-14.824387701,-4.061925095,-1.371951231,0.233694818,0.346413230,0.248917754
1766484279.428020,13824.000000000,1766484279.000000000,-14.292230194,-4.368485479,-0.685975616,0.235222235,0.357142844,0.245825608
1766484279.444601,13825.000000000,1766484279.000000000,-14.216207692,-3.755364710,-1.219512206,0.245914155,0.361741249,0.245825608
1766484279.460144,13826.000000000,1766484279.000000000,-13.988140189,-4.445125575,-1.295731719,0.248968989,0.357142844,0.242733462
1766484279.475601,13827.000000000,1766484279.000000000,-15.204500206,-4.291845383,-1.143292693,0.232167401,0.347946032,0.227272732
1766484279.492333,13828.000000000,1766484279.000000000,-14.900410202,-4.138565191,-1.219512206,0.242859320,0.341814825,0.236549170
1766484279.507772,13829.000000000,1766484279.000000000,-14.900410202,-3.832004806,-1.448170744,0.238277069,0.351011636,0.233457024
1766484279.524404,13830.000000000,1766484279.000000000,-14.596320198,-4.138565191,-1.600609770,0.241331903,0.354077240,0.252009900
1766484279.540082,13831.000000000,1766484279.000000000,-14.368252695,-4.291845383,-1.143292693,0.252023823,0.360208448,0.245825608
1766484279.555554,13832.000000000,1766484279.000000000,-14.672342699,-3.832004806,-1.219512206,0.241331903,0.355610042,0.242733462
1766484279.572215,13833.000000000,1766484279.000000000,-14.216207692,-4.138565191,-0.990853667,0.232167401,0.347946032,0.225726659
1766484279.587641,13834.000000000,1766484279.000000000,-15.052455204,-4.521765672,-0.990853667,0.235222235,0.346413230,0.219542367
1766484279.604372,13835.000000000,1766484279.000000000,-15.204500206,-3.525444422,-1.219512206,0.236749652,0.347946032,0.239641316
1766484279.619931,13836.000000000,1766484279.000000000,-14.520297697,-3.372164230,-1.676829283,0.248968989,0.357142844,0.236549170
1766484279.635654,13837.000000000,1766484279.000000000,-14.824387701,-3.985284999,-1.143292693,0.247441572,0.360208448,0.227272732
1766484279.651544,13838.000000000,1766484279.000000000,-14.520297697,-3.295524133,-1.143292693,0.238277069,0.351011636,0.239641316
1766484279.668210,13839.000000000,1766484279.000000000,-14.292230194,-4.061925095,-1.295731719,0.236749652,0.354077240,0.239641316
1766484279.683667,13840.000000000,1766484279.000000000,-14.444275196,-4.138565191,-1.067073180,0.247441572,0.347946032,0.230364878
1766484279.700453,13841.000000000,1766484279.000000000,-14.748365200,-3.985284999,-0.838414641,0.230639983,0.357142844,0.245825608
1766484279.715831,13842.000000000,1766484279.000000000,-15.052455204,-3.985284999,-0.762195129,0.252023823,0.354077240,0.242733462
1766484279.732387,13843.000000000,1766484279.000000000,-15.128477705,-3.525444422,-1.295731719,0.245914155,0.360208448,0.242733462
1766484279.747739,13844.000000000,1766484279.000000000,-15.052455204,-3.678724614,-1.371951231,0.241331903,0.354077240,0.233457024
1766484279.764519,13845.000000000,1766484279.000000000,-14.520297697,-3.602084518,-1.295731719,0.242859320,0.357142844,0.248917754
1766484279.779962,13846.000000000,1766484279.000000000,-14.748365200,-4.368485479,-1.219512206,0.242859320,0.354077240,0.239641316
1766484279.795426,13847.000000000,1766484279.000000000,-14.976432703,-3.985284999,-1.600609770,0.233694818,0.351011636,0.233457024
1766484279.812078,13848.000000000,1766484279.000000000,-14.976432703,-4.598405768,-0.685975616,0.244386737,0.347946032,0.245825608
1766484279.827489,13849.000000000,1766484279.000000000,-15.128477705,-3.525444422,-1.067073180,0.232167401,0.360208448,0.242733462
1766484279.844359,13850.000000000,1766484279.000000000,-14.596320198,-4.061925095,-0.990853667,0.244386737,0.354077240,0.239641316
1766484279.860111,13851.000000000,1766484279.000000000,-15.204500206,-3.525444422,-1.067073180,0.258133491,0.357142844,0.247371681
1766484279.875554,13852.000000000,1766484279.000000000,-15.128477705,-3.832004806,-1.448170744,0.235222235,0.351011636,0.242733462
1766484279.892099,13853.000000000,1766484279.000000000,-14.596320198,-3.908644903,-1.143292693,0.233694818,0.354077240,0.233457024
1766484279.907629,13854.000000000,1766484279.000000000,-15.280522707,-3.908644903,-0.990853667,0.232167401,0.354077240,0.236549170
1766484279.924266,13855.000000000,1766484279.000000000,-14.748365200,-4.138565191,-1.448170744,0.241331903,0.357142844,0.233457024
1766484279.939608,13856.000000000,1766484279.000000000,-14.216207692,-4.061925095,-1.371951231,0.256606074,0.360208448,0.248917754
1766484279.955481,13857.000000000,1766484279.000000000,-14.748365200,-3.908644903,-1.219512206,0.247441572,0.357142844,0.239641316
1766484279.971441,13858.000000000,1766484279.000000000,-15.812680214,-4.138565191,-1.067073180,0.241331903,0.347946032,0.238095243
1766484279.987995,13859.000000000,1766484279.000000000,-15.356545208,-4.215205287,-1.371951231,0.239804486,0.341814825,0.224180586
1766484280.003521,13860.000000000,1766484280.000000000,-15.432567709,-4.138565191,-1.371951231,0.241331903,0.351011636,0.239641316
1766484280.020409,13861.000000000,1766484280.000000000,-15.280522707,-4.215205287,-1.371951231,0.242859320,0.367872457,0.248917754
1766484280.036000,13862.000000000,1766484280.000000000,-14.976432703,-3.908644903,-1.219512206,0.248968989,0.370938061,0.250463827
1766484280.051657,13863.000000000,1766484280.000000000,-14.824387701,-4.291845383,-1.371951231,0.236749652,0.354077240,0.228818805
1766484280.067344,13864.000000000,1766484280.000000000,-15.432567709,-3.755364710,-0.685975616,0.244386737,0.354077240,0.248917754
1766484280.084293,13865.000000000,1766484280.000000000,-15.052455204,-3.602084518,-1.067073180,0.241331903,0.354077240,0.239641316
1766484280.099859,13866.000000000,1766484280.000000000,-15.128477705,-3.985284999,-0.914634154,0.239804486,0.351011636,0.233457024
1766484280.115493,13867.000000000,1766484280.000000000,-15.128477705,-4.061925095,-1.219512206,0.244386737,0.357142844,0.239641316
1766484280.131401,13868.000000000,1766484280.000000000,-14.824387701,-3.832004806,-1.067073180,0.241331903,0.358675646,0.255102046
1766484280.148171,13869.000000000,1766484280.000000000,-14.368252695,-3.985284999,-0.914634154,0.247441572,0.357142844,0.233457024
1766484280.163776,13870.000000000,1766484280.000000000,-15.888702715,-3.985284999,-1.067073180,0.252023823,0.358675646,0.261286338
1766484280.179475,13871.000000000,1766484280.000000000,-15.432567709,-3.602084518,-0.990853667,0.244386737,0.363274051,0.239641316
1766484280.196376,13872.000000000,1766484280.000000000,-15.508590210,-3.755364710,-1.067073180,0.245914155,0.346413230,0.239641316
1766484280.211854,13873.000000000,1766484280.000000000,-15.052455204,-4.368485479,-1.067073180,0.242859320,0.358675646,0.239641316
1766484280.227353,13874.000000000,1766484280.000000000,-14.672342699,-4.138565191,-0.838414641,0.242859320,0.360208448,0.242733462
1766484280.244190,13875.000000000,1766484280.000000000,-14.064162690,-4.291845383,-0.533536590,0.244386737,0.361741249,0.242733462
1766484280.259894,13876.000000000,1766484280.000000000,-15.432567709,-3.985284999,-1.067073180,0.252023823,0.361741249,0.248917754
1766484280.275253,13877.000000000,1766484280.000000000,-14.520297697,-3.678724614,-1.067073180,0.241331903,0.360208448,0.239641316
1766484280.292026,13878.000000000,1766484280.000000000,-14.976432703,-3.602084518,-1.067073180,0.241331903,0.351011636,0.233457024
1766484280.307676,13879.000000000,1766484280.000000000,-14.976432703,-3.602084518,-1.067073180,0.241331903,0.351011636,0.233457024
1766484280.323286,13880.000000000,1766484280.000000000,-14.672342699,-4.215205287,-1.295731719,0.245914155,0.361741249,0.239641316
1766484280.340202,13881.000000000,1766484280.000000000,-14.140185191,-3.755364710,-0.990853667,0.258133491,0.364806853,0.242733462
1766484280.355734,13882.000000000,1766484280.000000000,-14.748365200,-4.061925095,-0.990853667,0.250496406,0.361741249,0.252009900
1766484280.371538,13883.000000000,1766484280.000000000,-15.128477705,-3.832004806,-0.381097564,0.236749652,0.360208448,0.236549170
1766484280.388093,13884.000000000,1766484280.000000000,-15.660635212,-3.678724614,-0.990853667,0.239804486,0.347946032,0.230364878
1766484280.403611,13885.000000000,1766484280.000000000,-14.596320198,-4.061925095,-1.143292693,0.244386737,0.354077240,0.233457024
1766484280.419266,13886.000000000,1766484280.000000000,-14.520297697,-3.602084518,-1.143292693,0.241331903,0.363274051,0.245825608
1766484280.436108,13887.000000000,1766484280.000000000,-14.672342699,-4.521765672,-1.295731719,0.250496406,0.369405259,0.230364878
1766484280.451613,13888.000000000,1766484280.000000000,-14.520297697,-3.678724614,-1.067073180,0.261188326,0.361741249,0.236549170
1766484280.467321,13889.000000000,1766484280.000000000,-14.900410202,-3.525444422,-0.838414641,0.239804486,0.355610042,0.233457024
1766484280.483933,13890.000000000,1766484280.000000000,-15.128477705,-3.832004806,-0.762195129,0.248968989,0.351011636,0.224180586
1766484280.499511,13891.000000000,1766484280.000000000,-14.672342699,-3.908644903,-0.762195129,0.241331903,0.355610042,0.236549170
1766484280.515236,13892.000000000,1766484280.000000000,-14.900410202,-3.678724614,-0.914634154,0.247441572,0.361741249,0.242733462
1766484280.531776,13893.000000000,1766484280.000000000,-14.444275196,-3.755364710,-1.067073180,0.253551240,0.367872457,0.236549170
1766484280.548133,13894.000000000,1766484280.000000000,-14.368252695,-3.602084518,-0.685975616,0.250496406,0.364806853,0.245825608
1766484280.563515,13895.000000000,1766484280.000000000,-14.900410202,-3.602084518,-1.067073180,0.252023823,0.361741249,0.230364878
1766484280.579446,13896.000000000,1766484280.000000000,-15.128477705,-4.368485479,-0.838414641,0.255078657,0.355610042,0.224180586
1766484280.596065,13897.000000000,1766484280.000000000,-15.280522707,-3.448804326,-0.914634154,0.242859320,0.351011636,0.233457024
1766484280.611386,13898.000000000,1766484280.000000000,-14.292230194,-3.832004806,-0.762195129,0.244386737,0.358675646,0.242733462
1766484280.628137,13899.000000000,1766484280.000000000,-14.672342699,-2.835683557,-0.685975616,0.252023823,0.366339655,0.247371681
1766484280.643651,13900.000000000,1766484280.000000000,-14.596320198,-2.912323653,-0.533536590,0.252023823,0.366339655,0.228818805
1766484280.659305,13901.000000000,1766484280.000000000,-14.596320198,-4.445125575,-1.448170744,0.255078657,0.366339655,0.230364878
1766484280.676189,13902.000000000,1766484280.000000000,-14.824387701,-3.448804326,-1.067073180,0.247441572,0.360208448,0.233457024
1766484280.691873,13903.000000000,1766484280.000000000,-14.900410202,-3.448804326,-1.067073180,0.252023823,0.355610042,0.239641316
1766484280.707100,13904.000000000,1766484280.000000000,-15.128477705,-3.602084518,-0.914634154,0.245914155,0.360208448,0.230364878
1766484280.724104,13905.000000000,1766484280.000000000,-14.444275196,-3.448804326,-0.685975616,0.255078657,0.361741249,0.244279535
1766484280.739656,13906.000000000,1766484280.000000000,-14.976432703,-4.061925095,-0.762195129,0.255078657,0.375536467,0.250463827
1766484280.755370,13907.000000000,1766484280.000000000,-14.520297697,-3.602084518,-1.295731719,0.258133491,0.374003665,0.241187389
1766484280.772226,13908.000000000,1766484280.000000000,-13.912117688,-3.908644903,-0.914634154,0.242859320,0.355610042,0.216450221
1766484280.787569,13909.000000000,1766484280.000000000,-15.432567709,-3.602084518,-0.762195129,0.252023823,0.361741249,0.230364878
1766484280.803216,13910.000000000,1766484280.000000000,-14.292230194,-3.755364710,-1.067073180,0.248968989,0.364806853,0.227272732
1766484280.819965,13911.000000000,1766484280.000000000,-14.900410202,-4.138565191,-1.219512206,0.250496406,0.375536467,0.236549170
1766484280.835590,13912.000000000,1766484280.000000000,-15.128477705,-3.755364710,-0.914634154,0.264243160,0.377069269,0.247371681
1766484280.851197,13913.000000000,1766484280.000000000,-14.292230194,-3.908644903,-1.143292693,0.252023823,0.370938061,0.227272732
1766484280.867879,13914.000000000,1766484280.000000000,-15.280522707,-3.448804326,-0.609756103,0.250496406,0.366339655,0.250463827
1766484280.883483,13915.000000000,1766484280.000000000,-14.672342699,-3.602084518,-0.762195129,0.261188326,0.366339655,0.222634513
1766484280.899078,13916.000000000,1766484280.000000000,-15.280522707,-3.448804326,-0.609756103,0.244386737,0.361741249,0.231910951
1766484280.915971,13917.000000000,1766484280.000000000,-14.596320198,-3.448804326,-0.609756103,0.261188326,0.369405259,0.231910951
1766484280.931658,13918.000000000,1766484280.000000000,-14.900410202,-3.602084518,-0.990853667,0.265770577,0.378602070,0.235003097
1766484280.947408,13919.000000000,1766484280.000000000,-15.052455204,-3.755364710,-0.762195129,0.261188326,0.375536467,0.238095243
1766484280.962940,13920.000000000,1766484280.000000000,-14.368252695,-3.295524133,-0.533536590,0.247441572,0.370938061,0.224180586
1766484280.979542,13921.000000000,1766484280.000000000,-13.988140189,-3.832004806,-0.304878051,0.258133491,0.361741249,0.219542367
1766484280.995225,13922.000000000,1766484280.000000000,-15.280522707,-3.525444422,-0.381097564,0.255078657,0.358675646,0.225726659
1766484281.011575,13923.000000000,1766484281.000000000,-14.368252695,-4.445125575,-0.533536590,0.255078657,0.372470863,0.242733462
1766484281.027277,13924.000000000,1766484281.000000000,-14.596320198,-3.525444422,-0.228658539,0.255078657,0.378602070,0.231910951
1766484281.043086,13925.000000000,1766484281.000000000,-14.596320198,-3.985284999,-0.304878051,0.255078657,0.364806853,0.224180586
1766484281.059575,13926.000000000,1766484281.000000000,-14.292230194,-3.525444422,-0.457317077,0.267297994,0.375536467,0.235003097
1766484281.075234,13927.000000000,1766484281.000000000,-15.280522707,-4.215205287,-0.228658539,0.255078657,0.369405259,0.227272732
1766484281.090779,13928.000000000,1766484281.000000000,-15.052455204,-3.678724614,-0.152439026,0.244386737,0.366339655,0.216450221
1766484281.107766,13929.000000000,1766484281.000000000,-14.976432703,-3.065603845,-0.457317077,0.259660909,0.366339655,0.225726659
1766484281.123497,13930.000000000,1766484281.000000000,-14.748365200,-2.682403364,-0.533536590,0.256606074,0.374003665,0.231910951
1766484281.139096,13931.000000000,1766484281.000000000,-15.128477705,-4.061925095,-0.304878051,0.259660909,0.383200476,0.231910951
1766484281.155751,13932.000000000,1766484281.000000000,-14.520297697,-3.832004806,-0.381097564,0.270352828,0.375536467,0.225726659
1766484281.171645,13933.000000000,1766484281.000000000,-14.672342699,-3.295524133,-0.533536590,0.267297994,0.374003665,0.238095243
1766484281.187336,13934.000000000,1766484281.000000000,-14.216207692,-3.678724614,-0.152439026,0.256606074,0.360208448,0.207173783
1766484281.203875,13935.000000000,1766484281.000000000,-14.596320198,-4.521765672,-0.076219513,0.259660909,0.369405259,0.224180586
1766484281.219601,13936.000000000,1766484281.000000000,-14.520297697,-3.525444422,0.076219513,0.255078657,0.375536467,0.238095243
1766484281.235391,13937.000000000,1766484281.000000000,-15.204500206,-4.291845383,-0.228658539,0.277989914,0.380134872,0.235003097
1766484281.251885,13938.000000000,1766484281.000000000,-15.128477705,-3.218884037,0.076219513,0.264243160,0.370938061,0.222634513
1766484281.267426,13939.000000000,1766484281.000000000,-14.824387701,-3.525444422,0.304878051,0.255078657,0.370938061,0.231910951
1766484281.283243,13940.000000000,1766484281.000000000,-15.128477705,-3.525444422,0.228658539,0.261188326,0.366339655,0.216450221
1766484281.299752,13941.000000000,1766484281.000000000,-15.356545208,-3.142243941,-0.076219513,0.264243160,0.361741249,0.235003097
1766484281.315671,13942.000000000,1766484281.000000000,-14.900410202,-3.065603845,-0.076219513,0.267297994,0.375536467,0.222634513
1766484281.331523,13943.000000000,1766484281.000000000,-14.900410202,-3.908644903,-0.076219513,0.270352828,0.378602070,0.222634513
1766484281.347201,13944.000000000,1766484281.000000000,-14.976432703,-3.142243941,0.000000000,0.259660909,0.380134872,0.225726659
1766484281.363646,13945.000000000,1766484281.000000000,-15.356545208,-3.448804326,-0.076219513,0.273407663,0.372470863,0.216450221
1766484281.379201,13946.000000000,1766484281.000000000,-14.596320198,-3.065603845,-0.076219513,0.259660909,0.369405259,0.231910951
1766484281.395830,13947.000000000,1766484281.000000000,-14.976432703,-2.912323653,-0.152439026,0.264243160,0.366339655,0.231910951
1766484281.411208,13948.000000000,1766484281.000000000,-13.988140189,-3.602084518,0.304878051,0.270352828,0.372470863,0.222634513
1766484281.426803,13949.000000000,1766484281.000000000,-14.292230194,-2.835683557,-0.152439026,0.271880245,0.374003665,0.228818805
1766484281.443696,13950.000000000,1766484281.000000000,-14.596320198,-3.525444422,0.000000000,0.261188326,0.377069269,0.222634513
1766484281.459428,13951.000000000,1766484281.000000000,-15.052455204,-3.065603845,0.000000000,0.267297994,0.381667674,0.228818805
1766484281.475222,13952.000000000,1766484281.000000000,-15.128477705,-3.218884037,0.076219513,0.267297994,0.377069269,0.228818805
1766484281.491856,13953.000000000,1766484281.000000000,-15.128477705,-3.372164230,0.152439026,0.264243160,0.366339655,0.210265929
1766484281.507312,13954.000000000,1766484281.000000000,-15.204500206,-2.988963749,0.076219513,0.267297994,0.367872457,0.231910951
1766484281.522810,13955.000000000,1766484281.000000000,-15.128477705,-3.525444422,0.000000000,0.267297994,0.378602070,0.225726659
1766484281.539677,13956.000000000,1766484281.000000000,-14.368252695,-3.372164230,-0.076219513,0.271880245,0.387798882,0.222634513
1766484281.555439,13957.000000000,1766484281.000000000,-15.128477705,-3.218884037,0.000000000,0.287154417,0.378602070,0.231910951
1766484281.571191,13958.000000000,1766484281.000000000,-15.052455204,-2.452483076,-0.076219513,0.264243160,0.377069269,0.222634513
1766484281.587812,13959.000000000,1766484281.000000000,-14.824387701,-3.218884037,0.609756103,0.267297994,0.369405259,0.216450221
1766484281.603467,13960.000000000,1766484281.000000000,-14.520297697,-3.218884037,0.076219513,0.273407663,0.374003665,0.219542367
1766484281.618978,13961.000000000,1766484281.000000000,-14.824387701,-2.988963749,-0.076219513,0.261188326,0.375536467,0.225726659
1766484281.635765,13962.000000000,1766484281.000000000,-14.444275196,-2.912323653,-0.304878051,0.276462497,0.386266080,0.230364878
1766484281.651419,13963.000000000,1766484281.000000000,-14.064162690,-3.295524133,0.152439026,0.285626999,0.381667674,0.222634513
1766484281.667171,13964.000000000,1766484281.000000000,-14.672342699,-2.299202884,0.152439026,0.273407663,0.377069269,0.221088440
1766484281.683806,13965.000000000,1766484281.000000000,-15.660635212,-3.142243941,0.685975616,0.264243160,0.367872457,0.219542367
1766484281.699598,13966.000000000,1766484281.000000000,-14.976432703,-2.988963749,0.000000000,0.264243160,0.372470863,0.210265929
1766484281.715366,13967.000000000,1766484281.000000000,-15.204500206,-3.065603845,0.228658539,0.284099582,0.380134872,0.230364878
1766484281.730748,13968.000000000,1766484281.000000000,-13.988140189,-3.142243941,0.381097564,0.277989914,0.384733278,0.219542367
1766484281.747742,13969.000000000,1766484281.000000000,-14.216207692,-2.759043461,0.152439026,0.281044748,0.380134872,0.216450221
1766484281.763520,13970.000000000,1766484281.000000000,-14.520297697,-2.912323653,0.381097564,0.270352828,0.374003665,0.219542367
1766484281.779308,13971.000000000,1766484281.000000000,-14.520297697,-2.835683557,0.685975616,0.273407663,0.374003665,0.213358075
1766484281.794800,13972.000000000,1766484281.000000000,-14.140185191,-2.299202884,0.381097564,0.281044748,0.375536467,0.219542367
1766484281.811538,13973.000000000,1766484281.000000000,-14.596320198,-2.529123172,0.533536590,0.276462497,0.383200476,0.221088440
1766484281.827303,13974.000000000,1766484281.000000000,-14.748365200,-2.145922692,0.000000000,0.279517331,0.387798882,0.213358075
1766484281.842914,13975.000000000,1766484281.000000000,-14.900410202,-2.452483076,0.304878051,0.288681834,0.380134872,0.208719856
1766484281.859566,13976.000000000,1766484281.000000000,-14.824387701,-2.912323653,0.609756103,0.277989914,0.383200476,0.216450221
1766484281.875296,13977.000000000,1766484281.000000000,-14.976432703,-2.682403364,0.533536590,0.282572165,0.380134872,0.216450221
1766484281.890824,13978.000000000,1766484281.000000000,-15.052455204,-2.682403364,0.457317077,0.284099582,0.375536467,0.219542367
1766484281.907536,13979.000000000,1766484281.000000000,-13.760072686,-2.452483076,0.685975616,0.282572165,0.374003665,0.219542367
1766484281.923201,13980.000000000,1766484281.000000000,-13.455982682,-1.916002403,0.838414641,0.279517331,0.389331684,0.221088440
1766484281.938679,13981.000000000,1766484281.000000000,-14.444275196,-2.912323653,0.685975616,0.284099582,0.384733278,0.216450221
1766484281.955670,13982.000000000,1766484281.000000000,-14.140185191,-2.299202884,0.304878051,0.293264085,0.383200476,0.219542367
1766484281.971457,13983.000000000,1766484281.000000000,-14.444275196,-2.988963749,0.685975616,0.274935080,0.380134872,0.200989490
1766484281.987087,13984.000000000,1766484281.000000000,-14.444275196,-2.605763268,0.914634154,0.279517331,0.377069269,0.204081637
1766484282.003663,13985.000000000,1766484282.000000000,-15.052455204,-3.142243941,0.609756103,0.284099582,0.375536467,0.204081637
1766484282.019104,13986.000000000,1766484282.000000000,-14.520297697,-2.452483076,0.685975616,0.277989914,0.386266080,0.219542367
1766484282.034638,13987.000000000,1766484282.000000000,-14.520297697,-2.222562788,0.609756103,0.296318919,0.390864486,0.219542367
1766484282.051425,13988.000000000,1766484282.000000000,-13.455982682,-2.605763268,0.990853667,0.291736668,0.384733278,0.225726659
1766484282.066940,13989.000000000,1766484282.000000000,-14.292230194,-1.839362307,0.914634154,0.273407663,0.380134872,0.210265929
1766484282.082586,13990.000000000,1766484282.000000000,-14.216207692,-2.912323653,0.914634154,0.290209251,0.378602070,0.199443417
1766484282.099328,13991.000000000,1766484282.000000000,-14.748365200,-2.912323653,0.914634154,0.277989914,0.378602070,0.210265929
1766484282.114867,13992.000000000,1766484282.000000000,-14.368252695,-2.759043461,0.838414641,0.282572165,0.389331684,0.210265929
1766484282.131479,13993.000000000,1766484282.000000000,-13.684050185,-2.529123172,0.685975616,0.307010839,0.396995693,0.211812002
1766484282.147148,13994.000000000,1766484282.000000000,-14.140185191,-3.142243941,0.762195129,0.297846336,0.389331684,0.211812002
1766484282.162692,13995.000000000,1766484282.000000000,-14.520297697,-1.992642499,1.143292693,0.277989914,0.386266080,0.207173783
1766484282.178564,13996.000000000,1766484282.000000000,-14.824387701,-2.605763268,1.371951231,0.287154417,0.381667674,0.193259125
1766484282.195406,13997.000000000,1766484282.000000000,-13.379960181,-2.988963749,0.838414641,0.294791502,0.381667674,0.211812002
1766484282.211149,13998.000000000,1766484282.000000000,-14.368252695,-1.916002403,1.295731719,0.285626999,0.387798882,0.207173783
1766484282.226539,13999.000000000,1766484282.000000000,-14.140185191,-2.605763268,0.990853667,0.299373753,0.393930089,0.219542367
1766484282.243294,14000.000000000,1766484282.000000000,-14.596320198,-2.375842980,0.990853667,0.291736668,0.389331684,0.217996294
1766484282.258726,14001.000000000,1766484282.000000000,-13.760072686,-1.686082115,1.295731719,0.285626999,0.384733278,0.204081637
1766484282.274444,14002.000000000,1766484282.000000000,-14.748365200,-2.222562788,1.143292693,0.300901171,0.390864486,0.227272732
1766484282.291280,14003.000000000,1766484282.000000000,-14.292230194,-1.916002403,1.524390257,0.285626999,0.374003665,0.207173783
1766484282.306794,14004.000000000,1766484282.000000000,-14.140185191,-1.839362307,1.219512206,0.294791502,0.389331684,0.205627710
1766484282.322445,14005.000000000,1766484282.000000000,-14.140185191,-2.682403364,1.524390257,0.302428588,0.393930089,0.211812002
1766484282.338906,14006.000000000,1766484282.000000000,-15.508590210,-2.375842980,1.295731719,0.287154417,0.396995693,0.208719856
1766484282.354552,14007.000000000,1766484282.000000000,-14.292230194,-2.605763268,1.067073180,0.299373753,0.386266080,0.196351271
1766484282.371391,14008.000000000,1766484282.000000000,-14.748365200,-2.069282595,1.371951231,0.300901171,0.390864486,0.217996294
1766484282.386971,14009.000000000,1766484282.000000000,-14.140185191,-2.452483076,1.371951231,0.291736668,0.389331684,0.199443417
1766484282.402467,14010.000000000,1766484282.000000000,-15.128477705,-1.686082115,1.600609770,0.293264085,0.383200476,0.193259125
1766484282.418908,14011.000000000,1766484282.000000000,-14.140185191,-1.916002403,1.676829283,0.293264085,0.393930089,0.202535564
1766484282.434595,14012.000000000,1766484282.000000000,-14.292230194,-2.835683557,1.905487821,0.307010839,0.396995693,0.202535564
1766484282.451294,14013.000000000,1766484282.000000000,-14.140185191,-2.375842980,1.829268309,0.307010839,0.390864486,0.208719856
1766484282.466827,14014.000000000,1766484282.000000000,-13.836095187,-2.222562788,1.371951231,0.291736668,0.393930089,0.219542367
1766484282.482502,14015.000000000,1766484282.000000000,-14.596320198,-2.835683557,1.600609770,0.299373753,0.380134872,0.187074833
1766484282.499217,14016.000000000,1766484282.000000000,-14.596320198,-2.529123172,1.676829283,0.294791502,0.387798882,0.202535564
1766484282.514567,14017.000000000,1766484282.000000000,-13.684050185,-1.916002403,1.448170744,0.299373753,0.396995693,0.199443417
1766484282.531300,14018.000000000,1766484282.000000000,-14.292230194,-2.222562788,1.753048796,0.316175342,0.398528495,0.211812002
1766484282.546822,14019.000000000,1766484282.000000000,-14.444275196,-2.375842980,1.524390257,0.310065673,0.396995693,0.196351271
1766484282.562386,14020.000000000,1766484282.000000000,-14.748365200,-1.686082115,1.676829283,0.305483422,0.390864486,0.208719856
1766484282.579346,14021.000000000,1766484282.000000000,-13.912117688,-1.762722211,1.753048796,0.297846336,0.393930089,0.205627710
1766484282.594770,14022.000000000,1766484282.000000000,-13.836095187,-1.762722211,1.676829283,0.305483422,0.393930089,0.183982687
1766484282.611261,14023.000000000,1766484282.000000000,-13.988140189,-1.762722211,1.524390257,0.313120507,0.396995693,0.208719856
1766484282.626590,14024.000000000,1766484282.000000000,-14.368252695,-2.682403364,1.905487821,0.323812427,0.393930089,0.199443417
1766484282.643231,14025.000000000,1766484282.000000000,-13.988140189,-1.916002403,1.981707334,0.281044748,0.384733278,0.194805198
1766484282.658956,14026.000000000,1766484282.000000000,-14.064162690,-2.222562788,1.905487821,0.320757593,0.389331684,0.194805198
1766484282.674499,14027.000000000,1766484282.000000000,-14.292230194,-1.762722211,1.829268309,0.303956005,0.393930089,0.191713052
1766484282.691370,14028.000000000,1766484282.000000000,-14.596320198,-2.145922692,1.905487821,0.310065673,0.389331684,0.193259125
1766484282.706731,14029.000000000,1766484282.000000000,-13.988140189,-1.839362307,1.829268309,0.319230176,0.400061297,0.197897344
1766484282.723184,14030.000000000,1766484282.000000000,-14.292230194,-1.686082115,1.905487821,0.299373753,0.396995693,0.197897344
1766484282.738679,14031.000000000,1766484282.000000000,-13.836095187,-1.762722211,1.676829283,0.310065673,0.396995693,0.208719856
1766484282.754186,14032.000000000,1766484282.000000000,-14.292230194,-2.759043461,1.829268309,0.302428588,0.387798882,0.180890541
1766484282.770972,14033.000000000,1766484282.000000000,-13.988140189,-2.299202884,1.829268309,0.308538256,0.396995693,0.205627710
1766484282.786495,14034.000000000,1766484282.000000000,-14.216207692,-2.452483076,1.829268309,0.303956005,0.390864486,0.193259125
1766484282.803189,14035.000000000,1766484282.000000000,-13.608027684,-2.069282595,1.676829283,0.302428588,0.393930089,0.196351271
1766484282.818756,14036.000000000,1766484282.000000000,-14.748365200,-1.149601442,1.676829283,0.302428588,0.396995693,0.202535564
1766484282.834488,14037.000000000,1766484282.000000000,-13.455982682,-2.375842980,1.600609770,0.299373753,0.390864486,0.199443417
1766484282.851191,14038.000000000,1766484282.000000000,-14.140185191,-2.682403364,1.600609770,0.310065673,0.393930089,0.208719856
1766484282.866584,14039.000000000,1766484282.000000000,-14.368252695,-1.916002403,1.600609770,0.299373753,0.398528495,0.211812002
1766484282.883323,14040.000000000,1766484282.000000000,-14.596320198,-2.222562788,1.371951231,0.310065673,0.393930089,0.214904148
1766484282.898855,14041.000000000,1766484282.000000000,-14.368252695,-2.452483076,1.676829283,0.303956005,0.393930089,0.193259125
1766484282.914293,14042.000000000,1766484282.000000000,-14.444275196,-2.299202884,1.448170744,0.300901171,0.396995693,0.202535564
1766484282.930800,14043.000000000,1766484282.000000000,-14.292230194,-1.149601442,1.829268309,0.307010839,0.398528495,0.205627710
1766484282.946515,14044.000000000,1766484282.000000000,-13.760072686,-1.456161826,1.829268309,0.307010839,0.384733278,0.202535564
1766484282.963165,14045.000000000,1766484282.000000000,-14.596320198,-1.916002403,1.981707334,0.307010839,0.393930089,0.202535564
1766484282.978629,14046.000000000,1766484282.000000000,-14.596320198,-1.686082115,1.981707334,0.305483422,0.398528495,0.221088440
1766484282.994415,14047.000000000,1766484282.000000000,-13.836095187,-2.299202884,1.753048796,0.308538256,0.390864486,0.211812002
1766484283.011214,14048.000000000,1766484283.000000000,-14.292230194,-1.686082115,1.905487821,0.307010839,0.396995693,0.205627710
1766484283.026577,14049.000000000,1766484283.000000000,-13.988140189,-1.992642499,1.295731719,0.305483422,0.393930089,0.199443417
1766484283.042064,14050.000000000,1766484283.000000000,-13.836095187,-2.452483076,1.753048796,0.305483422,0.390864486,0.193259125
1766484283.058875,14051.000000000,1766484283.000000000,-14.292230194,-2.529123172,1.753048796,0.300901171,0.390864486,0.205627710
1766484283.074476,14052.000000000,1766484283.000000000,-15.128477705,-2.069282595,1.448170744,0.303956005,0.393930089,0.208719856
1766484283.090288,14053.000000000,1766484283.000000000,-13.912117688,-2.069282595,1.295731719,0.303956005,0.393930089,0.199443417
1766484283.107057,14054.000000000,1766484283.000000000,-13.988140189,-2.375842980,1.448170744,0.300901171,0.396995693,0.202535564
1766484283.122446,14055.000000000,1766484283.000000000,-13.912117688,-1.609442019,1.676829283,0.307010839,0.390864486,0.199443417
1766484283.139023,14056.000000000,1766484283.000000000,-13.151892678,-2.069282595,1.295731719,0.307010839,0.393930089,0.205627710
1766484283.154412,14057.000000000,1766484283.000000000,-14.672342699,-2.375842980,1.676829283,0.303956005,0.396995693,0.211812002
1766484283.171041,14058.000000000,1766484283.000000000,-14.140185191,-2.682403364,1.753048796,0.297846336,0.389331684,0.193259125
1766484283.186504,14059.000000000,1766484283.000000000,-13.988140189,-2.145922692,1.753048796,0.307010839,0.390864486,0.205627710
1766484283.202150,14060.000000000,1766484283.000000000,-13.836095187,-2.988963749,1.448170744,0.302428588,0.396995693,0.196351271
1766484283.218932,14061.000000000,1766484283.000000000,-13.988140189,-1.532801923,1.676829283,0.302428588,0.390864486,0.208719856
1766484283.234437,14062.000000000,1766484283.000000000,-13.379960181,-0.996321250,1.600609770,0.305483422,0.390864486,0.211812002
1766484283.250983,14063.000000000,1766484283.000000000,-14.596320198,-1.686082115,1.676829283,0.305483422,0.386266080,0.202535564
1766484283.266449,14064.000000000,1766484283.000000000,-15.128477705,-1.686082115,1.981707334,0.307010839,0.396995693,0.205627710
1766484283.283276,14065.000000000,1766484283.000000000,-14.292230194,-2.452483076,1.676829283,0.305483422,0.390864486,0.199443417
1766484283.298697,14066.000000000,1766484283.000000000,-14.064162690,-1.762722211,1.829268309,0.303956005,0.393930089,0.205627710
1766484283.314415,14067.000000000,1766484283.000000000,-14.140185191,-2.759043461,1.829268309,0.300901171,0.390864486,0.196351271
1766484283.331084,14068.000000000,1766484283.000000000,-14.140185191,-2.452483076,1.829268309,0.305483422,0.389331684,0.199443417
1766484283.346725,14069.000000000,1766484283.000000000,-13.836095187,-1.762722211,1.676829283,0.305483422,0.393930089,0.197897344
1766484283.362394,14070.000000000,1766484283.000000000,-13.836095187,-2.069282595,1.371951231,0.308538256,0.393930089,0.196351271
1766484283.379356,14071.000000000,1766484283.000000000,-14.216207692,-2.682403364,1.753048796,0.305483422,0.390864486,0.208719856
1766484283.394836,14072.000000000,1766484283.000000000,-14.596320198,-1.456161826,1.600609770,0.299373753,0.393930089,0.205627710
1766484283.410364,14073.000000000,1766484283.000000000,-14.216207692,-2.299202884,1.829268309,0.302428588,0.396995693,0.193259125
1766484283.425969,14074.000000000,1766484283.000000000,-14.292230194,-2.452483076,1.371951231,0.310065673,0.387798882,0.205627710
1766484283.442454,14075.000000000,1766484283.000000000,-13.836095187,-2.299202884,1.676829283,0.302428588,0.393930089,0.208719856
1766484283.458007,14076.000000000,1766484283.000000000,-13.836095187,-2.682403364,1.829268309,0.299373753,0.396995693,0.208719856
1766484283.474686,14077.000000000,1766484283.000000000,-14.064162690,-2.375842980,1.600609770,0.299373753,0.393930089,0.199443417
1766484283.490289,14078.000000000,1766484283.000000000,-14.444275196,-2.299202884,1.143292693,0.300901171,0.396995693,0.214904148
1766484283.506977,14079.000000000,1766484283.000000000,-14.140185191,-2.069282595,1.371951231,0.308538256,0.390864486,0.208719856
1766484283.522512,14080.000000000,1766484283.000000000,-14.292230194,-1.992642499,1.600609770,0.291736668,0.390864486,0.211812002
1766484283.538052,14081.000000000,1766484283.000000000,-14.064162690,-2.682403364,1.753048796,0.316175342,0.393930089,0.205627710
1766484283.554553,14082.000000000,1766484283.000000000,-14.292230194,-1.609442019,1.143292693,0.287154417,0.390864486,0.199443417
1766484283.570205,14083.000000000,1766484283.000000000,-13.532005183,-2.912323653,1.143292693,0.313120507,0.386266080,0.211812002
1766484283.586782,14084.000000000,1766484283.000000000,-14.140185191,-1.302881634,1.067073180,0.288681834,0.383200476,0.211812002
1766484283.602146,14085.000000000,1766484283.000000000,-14.824387701,-3.142243941,0.990853667,0.303956005,0.393930089,0.214904148
1766484283.618651,14086.000000000,1766484283.000000000,-13.988140189,-2.069282595,0.914634154,0.297846336,0.396995693,0.208719856
1766484283.634326,14087.000000000,1766484283.000000000,-14.748365200,-2.835683557,0.914634154,0.311593090,0.387798882,0.199443417
1766484283.650798,14088.000000000,1766484283.000000000,-15.204500206,-2.222562788,0.838414641,0.281044748,0.393930089,0.204081637
1766484283.665922,14089.000000000,1766484283.000000000,-14.444275196,-2.835683557,0.685975616,0.299373753,0.390864486,0.211812002
1766484283.682544,14090.000000000,1766484283.000000000,-15.052455204,-3.142243941,1.295731719,0.303956005,0.387798882,0.208719856
1766484283.698023,14091.000000000,1766484283.000000000,-13.760072686,-1.916002403,0.990853667,0.279517331,0.386266080,0.210265929
1766484283.714205,14092.000000000,1766484283.000000000,-14.368252695,-2.988963749,0.685975616,0.314647924,0.389331684,0.202535564
1766484283.730855,14093.000000000,1766484283.000000000,-14.064162690,-1.532801923,1.143292693,0.284099582,0.386266080,0.204081637
1766484283.746273,14094.000000000,1766484283.000000000,-14.748365200,-3.602084518,0.533536590,0.303956005,0.381667674,0.208719856
1766484283.762716,14095.000000000,1766484283.000000000,-14.444275196,-1.686082115,0.685975616,0.279517331,0.390864486,0.219542367
1766484283.778013,14096.000000000,1766484283.000000000,-14.672342699,-3.372164230,0.990853667,0.310065673,0.384733278,0.222634513
1766484283.794264,14097.000000000,1766484283.000000000,-14.140185191,-2.222562788,1.143292693,0.271880245,0.393930089,0.216450221
1766484283.810770,14098.000000000,1766484283.000000000,-14.444275196,-2.682403364,0.685975616,0.300901171,0.384733278,0.214904148
1766484283.827048,14099.000000000,1766484283.000000000,-14.140185191,-2.299202884,0.609756103,0.300901171,0.390864486,0.214904148
1766484283.842418,14100.000000000,1766484283.000000000,-14.368252695,-2.759043461,1.067073180,0.282572165,0.375536467,0.216450221
1766484283.858042,14101.000000000,1766484283.000000000,-14.976432703,-2.605763268,0.838414641,0.299373753,0.390864486,0.208719856
1766484283.874538,14102.000000000,1766484283.000000000,-14.064162690,-2.375842980,0.838414641,0.285626999,0.380134872,0.219542367
1766484283.889998,14103.000000000,1766484283.000000000,-15.204500206,-3.295524133,0.533536590,0.305483422,0.389331684,0.214904148
1766484283.906442,14104.000000000,1766484283.000000000,-14.444275196,-2.222562788,0.533536590,0.264243160,0.384733278,0.207173783
1766484283.921742,14105.000000000,1766484283.000000000,-14.900410202,-2.835683557,0.685975616,0.310065673,0.390864486,0.230364878
1766484283.938158,14106.000000000,1766484283.000000000,-14.368252695,-2.299202884,0.914634154,0.276462497,0.387798882,0.213358075
1766484283.954686,14107.000000000,1766484283.000000000,-14.444275196,-3.142243941,0.533536590,0.296318919,0.378602070,0.208719856
1766484283.970074,14108.000000000,1766484283.000000000,-14.368252695,-2.605763268,0.838414641,0.285626999,0.389331684,0.216450221
1766484283.986453,14109.000000000,1766484283.000000000,-14.672342699,-2.452483076,0.914634154,0.294791502,0.377069269,0.214904148
1766484284.001658,14110.000000000,1766484284.000000000,-13.836095187,-2.682403364,0.304878051,0.290209251,0.387798882,0.222634513
1766484284.018099,14111.000000000,1766484284.000000000,-14.444275196,-2.605763268,0.533536590,0.285626999,0.378602070,0.216450221
1766484284.034420,14112.000000000,1766484284.000000000,-14.064162690,-3.602084518,0.381097564,0.302428588,0.381667674,0.208719856
1766484284.049581,14113.000000000,1766484284.000000000,-15.052455204,-2.452483076,0.076219513,0.264243160,0.375536467,0.216450221
1766484284.065919,14114.000000000,1766484284.000000000,-15.052455204,-2.682403364,0.381097564,0.308538256,0.389331684,0.222634513
1766484284.082303,14115.000000000,1766484284.000000000,-14.824387701,-2.605763268,0.762195129,0.273407663,0.383200476,0.213358075
1766484284.097736,14116.000000000,1766484284.000000000,-14.292230194,-2.452483076,0.304878051,0.294791502,0.381667674,0.225726659
1766484284.114695,14117.000000000,1766484284.000000000,-14.216207692,-2.529123172,0.304878051,0.273407663,0.380134872,0.216450221
1766484284.130075,14118.000000000,1766484284.000000000,-14.064162690,-3.985284999,0.457317077,0.293264085,0.381667674,0.221088440
1766484284.145669,14119.000000000,1766484284.000000000,-13.684050185,-3.295524133,0.533536590,0.279517331,0.383200476,0.213358075
1766484284.162675,14120.000000000,1766484284.000000000,-14.824387701,-2.759043461,0.304878051,0.281044748,0.383200476,0.224180586
1766484284.178237,14121.000000000,1766484284.000000000,-14.444275196,-3.525444422,0.152439026,0.297846336,0.386266080,0.217996294
1766484284.193619,14122.000000000,1766484284.000000000,-14.900410202,-3.142243941,0.609756103,0.267297994,0.377069269,0.222634513
1766484284.210589,14123.000000000,1766484284.000000000,-14.064162690,-2.759043461,0.304878051,0.299373753,0.381667674,0.228818805
1766484284.226299,14124.000000000,1766484284.000000000,-14.748365200,-2.988963749,0.609756103,0.264243160,0.378602070,0.216450221
1766484284.241858,14125.000000000,1766484284.000000000,-14.064162690,-3.525444422,0.228658539,0.302428588,0.381667674,0.214904148
1766484284.258230,14126.000000000,1766484284.000000000,-14.748365200,-2.222562788,0.762195129,0.258133491,0.378602070,0.219542367
1766484284.273455,14127.000000000,1766484284.000000000,-14.444275196,-3.755364710,0.076219513,0.293264085,0.380134872,0.211812002
1766484284.290172,14128.000000000,1766484284.000000000,-14.292230194,-2.988963749,-0.076219513,0.273407663,0.380134872,0.228818805
1766484284.306747,14129.000000000,1766484284.000000000,-14.520297697,-3.142243941,0.152439026,0.282572165,0.380134872,0.231910951
1766484284.321835,14130.000000000,1766484284.000000000,-14.976432703,-2.375842980,-0.457317077,0.290209251,0.386266080,0.228818805
1766484284.338417,14131.000000000,1766484284.000000000,-15.204500206,-2.835683557,0.000000000,0.281044748,0.380134872,0.219542367
1766484284.353799,14132.000000000,1766484284.000000000,-14.672342699,-3.602084518,-0.228658539,0.288681834,0.384733278,0.227272732
1766484284.370083,14133.000000000,1766484284.000000000,-14.520297697,-2.375842980,0.152439026,0.264243160,0.372470863,0.242733462
1766484284.386409,14134.000000000,1766484284.000000000,-14.520297697,-3.908644903,-0.152439026,0.303956005,0.375536467,0.217996294
1766484284.401860,14135.000000000,1766484284.000000000,-14.900410202,-2.835683557,-0.228658539,0.258133491,0.378602070,0.228818805
1766484284.418098,14136.000000000,1766484284.000000000,-14.368252695,-3.295524133,0.000000000,0.291736668,0.366339655,0.225726659
1766484284.434323,14137.000000000,1766484284.000000000,-13.760072686,-2.375842980,-0.076219513,0.279517331,0.386266080,0.219542367
1766484284.449803,14138.000000000,1766484284.000000000,-14.368252695,-2.835683557,-0.228658539,0.271880245,0.378602070,0.216450221
1766484284.466168,14139.000000000,1766484284.000000000,-13.227915179,-2.988963749,-0.838414641,0.287154417,0.380134872,0.227272732
1766484284.482291,14140.000000000,1766484284.000000000,-14.444275196,-3.448804326,0.000000000,0.271880245,0.372470863,0.222634513
1766484284.497601,14141.000000000,1766484284.000000000,-14.748365200,-2.682403364,-0.381097564,0.285626999,0.381667674,0.239641316
1766484284.513935,14142.000000000,1766484284.000000000,-14.596320198,-2.529123172,-0.381097564,0.258133491,0.369405259,0.236549170
1766484284.530182,14143.000000000,1766484284.000000000,-14.444275196,-3.448804326,-0.609756103,0.294791502,0.381667674,0.208719856
1766484284.545413,14144.000000000,1766484284.000000000,-14.596320198,-3.448804326,-0.228658539,0.258133491,0.381667674,0.227272732
1766484284.561735,14145.000000000,1766484284.000000000,-14.444275196,-2.835683557,-0.533536590,0.291736668,0.380134872,0.225726659
1766484284.578158,14146.000000000,1766484284.000000000,-15.356545208,-3.142243941,-0.685975616,0.268825411,0.383200476,0.227272732
1766484284.593432,14147.000000000,1766484284.000000000,-14.976432703,-3.602084518,-0.685975616,0.274935080,0.375536467,0.219542367
1766484284.609653,14148.000000000,1766484284.000000000,-14.748365200,-3.755364710,-0.381097564,0.268825411,0.377069269,0.224180586
1766484284.626026,14149.000000000,1766484284.000000000,-14.444275196,-3.142243941,-0.304878051,0.268825411,0.372470863,0.233457024
1766484284.642411,14150.000000000,1766484284.000000000,-14.596320198,-3.755364710,-0.533536590,0.285626999,0.378602070,0.213358075
1766484284.657467,14151.000000000,1766484284.000000000,-14.596320198,-2.988963749,-0.533536590,0.258133491,0.378602070,0.230364878
1766484284.674119,14152.000000000,1766484284.000000000,-14.140185191,-3.448804326,-0.685975616,0.284099582,0.374003665,0.224180586
1766484284.689332,14153.000000000,1766484284.000000000,-14.292230194,-3.448804326,-0.381097564,0.258133491,0.381667674,0.219542367
1766484284.705583,14154.000000000,1766484284.000000000,-14.444275196,-3.755364710,-0.685975616,0.290209251,0.374003665,0.233457024
1766484284.721972,14155.000000000,1766484284.000000000,-14.672342699,-2.988963749,-0.533536590,0.255078657,0.375536467,0.216450221
1766484284.737267,14156.000000000,1766484284.000000000,-13.836095187,-3.295524133,-0.762195129,0.297846336,0.370938061,0.211812002
1766484284.753695,14157.000000000,1766484284.000000000,-14.596320198,-3.142243941,-0.457317077,0.264243160,0.375536467,0.244279535
1766484284.770121,14158.000000000,1766484284.000000000,-14.216207692,-3.448804326,-0.076219513,0.268825411,0.370938061,0.235003097
1766484284.785720,14159.000000000,1766484284.000000000,-15.052455204,-3.295524133,-1.067073180,0.284099582,0.381667674,0.233457024
1766484284.802437,14160.000000000,1766484284.000000000,-14.520297697,-3.295524133,-0.381097564,0.255078657,0.369405259,0.224180586
1766484284.818458,14161.000000000,1766484284.000000000,-15.052455204,-4.215205287,-0.762195129,0.279517331,0.377069269,0.227272732
1766484284.833917,14162.000000000,1766484284.000000000,-14.140185191,-3.908644903,-0.533536590,0.262715743,0.374003665,0.230364878
1766484284.850094,14163.000000000,1766484284.000000000,-14.596320198,-4.445125575,-0.914634154,0.277989914,0.372470863,0.233457024
1766484284.865293,14164.000000000,1766484284.000000000,-15.052455204,-3.142243941,-0.533536590,0.253551240,0.364806853,0.219542367
1766484284.881775,14165.000000000,1766484284.000000000,-15.128477705,-4.291845383,-0.838414641,0.284099582,0.372470863,0.227272732
1766484284.898132,14166.000000000,1766484284.000000000,-14.596320198,-3.602084518,-0.762195129,0.265770577,0.370938061,0.233457024
1766484284.913342,14167.000000000,1766484284.000000000,-14.444275196,-3.142243941,-0.762195129,0.268825411,0.366339655,0.242733462
1766484284.929764,14168.000000000,1766484284.000000000,-14.596320198,-3.908644903,-0.990853667,0.265770577,0.378602070,0.236549170
1766484284.946164,14169.000000000,1766484284.000000000,-14.748365200,-3.448804326,-0.457317077,0.261188326,0.369405259,0.233457024
1766484284.961402,14170.000000000,1766484284.000000000,-15.508590210,-4.138565191,-0.533536590,0.273407663,0.372470863,0.233457024
1766484284.977885,14171.000000000,1766484284.000000000,-14.748365200,-3.448804326,-0.609756103,0.258133491,0.367872457,0.242733462
1766484284.993519,14172.000000000,1766484284.000000000,-14.976432703,-4.061925095,-1.067073180,0.276462497,0.375536467,0.231910951
1766484285.010184,14173.000000000,1766484285.000000000,-14.672342699,-3.142243941,-0.457317077,0.255078657,0.374003665,0.238095243
1766484285.025784,14174.000000000,1766484285.000000000,-14.824387701,-4.215205287,-0.990853667,0.281044748,0.370938061,0.241187389
1766484285.041377,14175.000000000,1766484285.000000000,-15.128477705,-3.755364710,-0.533536590,0.255078657,0.374003665,0.244279535
1766484285.058403,14176.000000000,1766484285.000000000,-14.672342699,-4.291845383,-0.609756103,0.267297994,0.366339655,0.228818805
1766484285.073977,14177.000000000,1766484285.000000000,-14.976432703,-4.291845383,-0.533536590,0.265770577,0.366339655,0.238095243
1766484285.089971,14178.000000000,1766484285.000000000,-15.204500206,-3.602084518,-0.304878051,0.258133491,0.366339655,0.239641316
1766484285.106132,14179.000000000,1766484285.000000000,-15.356545208,-3.602084518,-0.685975616,0.268825411,0.374003665,0.233457024
1766484285.121623,14180.000000000,1766484285.000000000,-15.128477705,-3.755364710,-0.685975616,0.262715743,0.372470863,0.233457024
1766484285.138316,14181.000000000,1766484285.000000000,-15.204500206,-3.142243941,-0.914634154,0.268825411,0.374003665,0.230364878
1766484285.153755,14182.000000000,1766484285.000000000,-14.444275196,-3.755364710,-1.067073180,0.265770577,0.374003665,0.239641316
1766484285.170238,14183.000000000,1766484285.000000000,-14.444275196,-3.602084518,-0.990853667,0.271880245,0.372470863,0.248917754
1766484285.185597,14184.000000000,1766484285.000000000,-14.900410202,-3.448804326,-0.533536590,0.271880245,0.366339655,0.244279535
1766484285.202166,14185.000000000,1766484285.000000000,-14.672342699,-3.755364710,-0.914634154,0.264243160,0.366339655,0.241187389
1766484285.217747,14186.000000000,1766484285.000000000,-14.672342699,-3.755364710,-0.685975616,0.271880245,0.372470863,0.241187389
1766484285.233968,14187.000000000,1766484285.000000000,-15.356545208,-3.755364710,-0.838414641,0.265770577,0.377069269,0.238095243
1766484285.249420,14188.000000000,1766484285.000000000,-15.204500206,-3.755364710,-0.533536590,0.265770577,0.374003665,0.231910951
1766484285.265696,14189.000000000,1766484285.000000000,-15.356545208,-3.908644903,-0.685975616,0.267297994,0.372470863,0.231910951
1766484285.281991,14190.000000000,1766484285.000000000,-14.292230194,-3.908644903,-0.685975616,0.268825411,0.375536467,0.247371681
1766484285.297222,14191.000000000,1766484285.000000000,-14.520297697,-3.985284999,-0.762195129,0.267297994,0.369405259,0.235003097
1766484285.313640,14192.000000000,1766484285.000000000,-14.672342699,-3.678724614,-0.685975616,0.267297994,0.366339655,0.235003097
1766484285.329256,14193.000000000,1766484285.000000000,-14.444275196,-2.988963749,-0.381097564,0.267297994,0.370938061,0.238095243
1766484285.346068,14194.000000000,1766484285.000000000,-15.356545208,-4.291845383,-0.457317077,0.270352828,0.372470863,0.231910951
1766484285.361619,14195.000000000,1766484285.000000000,-14.824387701,-4.138565191,-0.457317077,0.267297994,0.369405259,0.235003097
1766484285.378457,14196.000000000,1766484285.000000000,-14.976432703,-3.525444422,-0.304878051,0.270352828,0.374003665,0.235003097
1766484285.393900,14197.000000000,1766484285.000000000,-14.292230194,-3.295524133,-0.609756103,0.270352828,0.367872457,0.231910951
1766484285.409380,14198.000000000,1766484285.000000000,-14.216207692,-3.525444422,-0.609756103,0.267297994,0.372470863,0.235003097
1766484285.425171,14199.000000000,1766484285.000000000,-14.596320198,-3.602084518,-0.685975616,0.270352828,0.370938061,0.238095243
1766484285.441569,14200.000000000,1766484285.000000000,-14.444275196,-3.602084518,-0.076219513,0.264243160,0.370938061,0.238095243
1766484285.457139,14201.000000000,1766484285.000000000,-14.824387701,-3.218884037,-0.304878051,0.267297994,0.369405259,0.241187389
1766484285.473827,14202.000000000,1766484285.000000000,-14.824387701,-4.138565191,-0.457317077,0.267297994,0.370938061,0.235003097
1766484285.489163,14203.000000000,1766484285.000000000,-15.204500206,-3.985284999,-0.381097564,0.267297994,0.375536467,0.228818805
1766484285.506312,14204.000000000,1766484285.000000000,-15.356545208,-3.372164230,-0.609756103,0.270352828,0.367872457,0.235003097
1766484285.522197,14205.000000000,1766484285.000000000,-14.824387701,-3.295524133,-0.533536590,0.267297994,0.377069269,0.231910951
1766484285.537349,14206.000000000,1766484285.000000000,-14.140185191,-3.602084518,-0.533536590,0.270352828,0.369405259,0.250463827
1766484285.553658,14207.000000000,1766484285.000000000,-14.672342699,-3.448804326,-0.685975616,0.271880245,0.374003665,0.238095243
1766484285.568829,14208.000000000,1766484285.000000000,-14.672342699,-3.372164230,-0.609756103,0.270352828,0.372470863,0.247371681
1766484285.585081,14209.000000000,1766484285.000000000,-14.520297697,-2.835683557,-0.304878051,0.264243160,0.374003665,0.253555973
1766484285.601536,14210.000000000,1766484285.000000000,-15.052455204,-4.598405768,-0.304878051,0.270352828,0.370938061,0.230364878
1766484285.617927,14211.000000000,1766484285.000000000,-14.976432703,-4.291845383,-0.381097564,0.264243160,0.374003665,0.235003097
1766484285.633989,14212.000000000,1766484285.000000000,-14.900410202,-3.525444422,-0.609756103,0.264243160,0.372470863,0.244279535
1766484285.649267,14213.000000000,1766484285.000000000,-14.748365200,-3.372164230,-0.457317077,0.261188326,0.374003665,0.231910951
1766484285.665476,14214.000000000,1766484285.000000000,-14.444275196,-3.985284999,-0.533536590,0.271880245,0.366339655,0.231910951
1766484285.681982,14215.000000000,1766484285.000000000,-14.140185191,-3.832004806,-0.304878051,0.270352828,0.367872457,0.247371681
1766484285.697105,14216.000000000,1766484285.000000000,-14.596320198,-3.372164230,-0.457317077,0.261188326,0.369405259,0.238095243
1766484285.713492,14217.000000000,1766484285.000000000,-14.444275196,-3.372164230,-0.381097564,0.264243160,0.369405259,0.235003097
1766484285.729830,14218.000000000,1766484285.000000000,-14.900410202,-4.291845383,-0.609756103,0.270352828,0.372470863,0.231910951
1766484285.745002,14219.000000000,1766484285.000000000,-14.748365200,-3.908644903,-0.381097564,0.270352828,0.375536467,0.228818805
1766484285.761377,14220.000000000,1766484285.000000000,-14.748365200,-3.602084518,-0.533536590,0.261188326,0.372470863,0.235003097
1766484285.777676,14221.000000000,1766484285.000000000,-15.204500206,-3.755364710,-0.228658539,0.267297994,0.374003665,0.231910951
1766484285.792917,14222.000000000,1766484285.000000000,-14.748365200,-3.985284999,-0.457317077,0.271880245,0.374003665,0.225726659
1766484285.809361,14223.000000000,1766484285.000000000,-14.900410202,-3.295524133,-0.152439026,0.270352828,0.370938061,0.238095243
1766484285.825647,14224.000000000,1766484285.000000000,-15.204500206,-3.295524133,-0.381097564,0.267297994,0.374003665,0.231910951
1766484285.840783,14225.000000000,1766484285.000000000,-14.596320198,-3.832004806,-0.152439026,0.270352828,0.367872457,0.247371681
1766484285.857065,14226.000000000,1766484285.000000000,-14.976432703,-3.678724614,-0.533536590,0.267297994,0.374003665,0.228818805
1766484285.873458,14227.000000000,1766484285.000000000,-14.900410202,-3.678724614,-0.533536590,0.267297994,0.370938061,0.235003097
1766484285.889660,14228.000000000,1766484285.000000000,-14.292230194,-3.832004806,-0.457317077,0.264243160,0.366339655,0.227272732
1766484285.905143,14229.000000000,1766484285.000000000,-15.356545208,-3.985284999,-0.609756103,0.267297994,0.375536467,0.241187389
1766484285.921322,14230.000000000,1766484285.000000000,-14.596320198,-2.759043461,-0.381097564,0.271880245,0.370938061,0.241187389
1766484285.937695,14231.000000000,1766484285.000000000,-14.596320198,-3.602084518,-0.457317077,0.270352828,0.369405259,0.244279535
1766484285.952872,14232.000000000,1766484285.000000000,-14.292230194,-3.372164230,-0.381097564,0.270352828,0.372470863,0.247371681
1766484285.969266,14233.000000000,1766484285.000000000,-14.444275196,-3.065603845,-0.381097564,0.270352828,0.369405259,0.235003097
1766484285.985669,14234.000000000,1766484285.000000000,-14.748365200,-3.142243941,-0.152439026,0.270352828,0.372470863,0.231910951
1766484286.001449,14235.000000000,1766484286.000000000,-14.976432703,-3.832004806,-0.685975616,0.264243160,0.374003665,0.228818805
1766484286.017909,14236.000000000,1766484286.000000000,-14.900410202,-3.448804326,-0.457317077,0.267297994,0.372470863,0.231910951
1766484286.032928,14237.000000000,1766484286.000000000,-14.900410202,-3.755364710,-0.228658539,0.264243160,0.369405259,0.241187389
1766484286.049350,14238.000000000,1766484286.000000000,-14.900410202,-3.372164230,-0.228658539,0.270352828,0.375536467,0.241187389
1766484286.065908,14239.000000000,1766484286.000000000,-15.356545208,-3.908644903,-0.228658539,0.267297994,0.372470863,0.238095243
1766484286.081111,14240.000000000,1766484286.000000000,-14.748365200,-3.755364710,-0.304878051,0.267297994,0.374003665,0.238095243
1766484286.097567,14241.000000000,1766484286.000000000,-14.520297697,-3.678724614,-0.457317077,0.267297994,0.374003665,0.228818805
1766484286.112969,14242.000000000,1766484286.000000000,-14.976432703,-3.295524133,-0.304878051,0.264243160,0.374003665,0.241187389
1766484286.129396,14243.000000000,1766484286.000000000,-14.672342699,-3.755364710,-0.685975616,0.267297994,0.374003665,0.225726659
1766484286.144808,14244.000000000,1766484286.000000000,-15.508590210,-4.061925095,-0.304878051,0.264243160,0.375536467,0.225726659
1766484286.161736,14245.000000000,1766484286.000000000,-15.204500206,-3.602084518,-0.457317077,0.270352828,0.374003665,0.231910951
1766484286.177629,14246.000000000,1766484286.000000000,-14.216207692,-3.448804326,-0.228658539,0.271880245,0.374003665,0.238095243
1766484286.193269,14247.000000000,1766484286.000000000,-14.596320198,-3.602084518,-0.533536590,0.270352828,0.369405259,0.244279535
1766484286.208920,14248.000000000,1766484286.000000000,-15.356545208,-3.908644903,-0.152439026,0.267297994,0.370938061,0.244279535
1766484286.225600,14249.000000000,1766484286.000000000,-14.596320198,-3.755364710,-0.533536590,0.267297994,0.370938061,0.238095243
1766484286.241249,14250.000000000,1766484286.000000000,-14.976432703,-3.065603845,-0.762195129,0.270352828,0.374003665,0.235003097
1766484286.256857,14251.000000000,1766484286.000000000,-15.052455204,-4.215205287,-0.533536590,0.267297994,0.370938061,0.224180586
1766484286.273714,14252.000000000,1766484286.000000000,-14.596320198,-3.755364710,-0.533536590,0.267297994,0.370938061,0.238095243
1766484286.289463,14253.000000000,1766484286.000000000,-14.976432703,-3.832004806,-0.457317077,0.264243160,0.374003665,0.228818805
1766484286.305074,14254.000000000,1766484286.000000000,-14.520297697,-3.985284999,-0.381097564,0.267297994,0.367872457,0.221088440
1766484286.321748,14255.000000000,1766484286.000000000,-14.824387701,-4.138565191,-0.457317077,0.267297994,0.369405259,0.235003097
1766484286.337524,14256.000000000,1766484286.000000000,-14.216207692,-3.525444422,-0.304878051,0.267297994,0.370938061,0.247371681
1766484286.353173,14257.000000000,1766484286.000000000,-14.900410202,-3.908644903,-0.381097564,0.267297994,0.370938061,0.231910951
1766484286.368737,14258.000000000,1766484286.000000000,-14.368252695,-3.678724614,-0.304878051,0.267297994,0.369405259,0.241187389
1766484286.385493,14259.000000000,1766484286.000000000,-15.356545208,-3.908644903,-0.304878051,0.267297994,0.372470863,0.238095243
1766484286.401093,14260.000000000,1766484286.000000000,-15.052455204,-3.755364710,-0.381097564,0.267297994,0.370938061,0.225726659
1766484286.416598,14261.000000000,1766484286.000000000,-14.976432703,-3.372164230,-0.609756103,0.264243160,0.374003665,0.228818805
1766484286.433382,14262.000000000,1766484286.000000000,-14.292230194,-4.521765672,-0.457317077,0.264243160,0.367872457,0.236549170
1766484286.448706,14263.000000000,1766484286.000000000,-14.368252695,-3.448804326,-0.533536590,0.267297994,0.364806853,0.241187389
1766484286.465189,14264.000000000,1766484286.000000000,-14.444275196,-3.372164230,-0.533536590,0.267297994,0.372470863,0.250463827
1766484286.481654,14265.000000000,1766484286.000000000,-14.292230194,-2.835683557,-0.152439026,0.270352828,0.367872457,0.244279535
