{
  "mode": "absolute",
  "x": 651.9981079101562,
  "y": 48.01716232299805,
  "z": 598.0042724609375,
  "rx": 179.9997100830078,
  "ry": 0.0005068947793915869,
  "rz": 135.0006103515625
}