{
  "mode": "absolute",
  "x": 523.9963989257812,
  "y": -69.99967193603516,
  "z": 400.0006408691406,
  "rx": 179.9998779296875,
  "ry": -0.0016840415773913262,
  "rz": 132.99928283691406
}